Daer	ADV(type=pron)	daarna	mw_131
na	ADV(type=pron)	daarna	mw_131
sach	VRB(finiteness=fin,tense=past)	zien	
ic	PD(type=pers,position=free)	ik	
sinte	NOU-P	Sint-Franciscus	mw_506680
franciscus	NOU-P	Sint-Franciscus	mw_506680
Die	PD(type=d-p,position=free)	die	
wel	ADV(type=reg)	wel	
betoende	VRB(finiteness=fin,tense=past)	betonen	
dat	CONJ(type=sub)	dat	
hi	PD(type=pers,position=free)	hij	
der	PD(type=d-p,subtype=art,position=prenom)	de	
luider	NOU-C(number=pl)	lieden	
vrient	NOU-C(number=sg)	vriend	
was	VRB(finiteness=fin,tense=past)	zijn	
Want	CONJ(type=coor)	want	
alsoe	ADV(type=reg)	alzo	
my	PD(type=pers,position=free)	ik	
dochte	VRB(finiteness=fin,tense=past)	dunken	
habitacien	NOU-C(number=pl)	habitatie	
ende	CONJ(type=coor)	en	
woninghen	NOU-C(number=pl)	woning	
.	PC	.	

Daer	ADV(type=reg)	daar	
was	VRB(finiteness=fin,tense=past)	zijn	
alle	PD(type=indef,subtype=oth,position=prenom)	al	
blijschap	NOU-C(number=sg)	blijdschap	
sonder	ADP(type=pre)	zonder	
rouwe	NOU-C(number=sg)	rouw	
.	PC	.	

Daer	ADV(type=reg)	daar	
had	VRB(finiteness=fin,tense=past)	hebben	
elkerlijc	PD(type=indef,position=free)	elkerlijk	
meer	PD(type=indef,position=free)	meer	
van	ADP(type=pre)	van	
alle	PD(type=indef,subtype=oth,position=prenom)	al	
begeerten	NOU-C(number=pl)	begeerte	
dan	CONJ(type=sub)	dan	
yemont	PD(type=indef,position=free)	iemand	
soude	VRB(finiteness=fin,tense=past)	zullen	
konnen	VRB(finiteness=inf)	kunnen	
begeren	VRB(finiteness=inf)	begeren	
.	PC	.	

Maer	CONJ(type=coor)	maar	
een	PD(type=indef,subtype=art,position=prenom)	een	
dinc	NOU-C(number=sg)	ding	
wantroeste	VRB(finiteness=fin,tense=past)	wantroosten	
mi	PD(type=pers,position=free)	ik	
seer	AA(degree=pos,position=free)	zeer	
Dat	PD(type=d-p,position=free)	dat	
was	VRB(finiteness=fin,tense=past)	zijn	
dat	CONJ(type=sub)	dat	
elckerlijc	PD(type=indef,position=free)	elkerlijk	
niet	ADV(type=reg)	niet	
daer	ADV(type=pron)	daarin	mw_153
in	ADV(type=pron)	daarin	mw_153
en	ADV(type=reg)	ne	
mocht	VRB(finiteness=fin,tense=past)	mogen	
comen	VRB(finiteness=inf)	komen	
tot	ADP(type=pre)	tot	
sijnen	PD(type=poss,position=prenom)	zijn	
begheren	NOU-C(number=sg)	begeren	
mits	ADP(type=pre)	mits	
den	PD(type=d-p,subtype=art,position=prenom)	de	
inghanc	NOU-C(number=sg)	ingang	
die	PD(type=d-p,position=free)	die	
soe	ADV(type=reg)	zozeer	mw_543
zeer	ADV(type=reg)	zozeer	mw_543
nauwe	AA(degree=pos,position=free)	nauw	
ghewacht	VRB(finiteness=pastpart)	wachten	
was	VRB(finiteness=fin,tense=past)	zijn	
.	PC	.	

want	CONJ(type=coor)	want	
cherubin	NOU-C(number=sg)	cherubijn	
was	VRB(finiteness=fin,tense=past)	zijn	
de	PD(type=d-p,subtype=art,position=prenom)	de	
portier	NOU-C(number=sg)	portier	
Die	PD(type=d-p,position=free)	die	
een	PD(type=indef,subtype=art,position=prenom)	een	
vyerich	AA(degree=pos,position=prenom)	vurig	
zwaert	NOU-C(number=sg)	zwaard	
in	ADP(type=pre)	in	
sijnre	PD(type=poss,position=prenom)	zijn	
hant	NOU-C(number=sg)	hand	
hielt	VRB(finiteness=fin,tense=past)	houden	
zeer	AA(degree=pos,position=free)	zeer	
snijdende	VRB(finiteness=prespart)	snijden	
aen	ADP(type=pre)	aan	
beiden	PD(type=indef,subtype=oth,position=prenom)	beide	
zijden	NOU-C(number=pl)	zijde	
Dies	ADV(type=reg)	dies	
conste	VRB(finiteness=fin,tense=past)	kunnen	
hi	PD(type=pers,position=free)	hij	
hem	PD(type=refl,position=free)	hem	
wel	ADV(type=reg)	wel	
behelpen	VRB(finiteness=inf)	behelpen	
.	PC	.	

want	CONJ(type=sub)	want	
hi	PD(type=pers,position=free)	hij	
soe	ADV(type=reg)	zo	
wel	ADV(type=reg)	wel	
schermen	VRB(finiteness=inf)	schermen	
const	VRB(finiteness=fin,tense=past)	kunnen	
dat	CONJ(type=sub)	dat	
hem	PD(type=pers,position=free)	hij	
niemant	PD(type=indef,position=free)	niemand	
voerbi	VRB(finiteness=inf)	voorbijlijden	mw_438
lijden	VRB(finiteness=inf)	voorbijlijden	mw_438
mocht	VRB(finiteness=fin,tense=past)	mogen	
sonder	ADP(type=pre)	zonder	
doot	AA(degree=pos,position=free)	dood	
of	CONJ(type=coor)	of	
ghewont	VRB(finiteness=pastpart)	wonden	
te	ADP(type=pre)	te	
wesen	VRB(finiteness=inf)	wezen	
.	PC	.	

De	PD(type=d-p,subtype=art,position=prenom)	de	
prince	NOU-C(number=sg)	prins	
van	ADP(type=pre)	van	
dier	PD(type=d-p,subtype=oth,position=prenom)	die	
stat	NOU-C(number=sg)	stad	
geboren	AA(degree=pos,position=free)	geboren	
om	CONJ(type=sub)	omdat	mw_196
dat	CONJ(type=sub)	omdat	mw_196
hi	PD(type=pers,position=free)	hij	
[	PC	[	
]	PC	]	
menschelichede	NOU-C(number=sg)	menselijkheid	
angenomen	VRB(finiteness=pastpart)	aannemen	
had	VRB(finiteness=fin,tense=past)	hebben	
ende	CONJ(type=coor)	en	
doer	ADP(type=pre)	door	
die	PD(type=d-p,subtype=art,position=prenom)	de	
stadt	NOU-C(number=sg)	stad	
geleden	VRB(finiteness=pastpart)	lijden	
was	VRB(finiteness=fin,tense=past)	zijn	
.	PC	.	

ontfinc	VRB(finiteness=fin,tense=past)	ontvangen	
hi	PD(type=pers,position=free)	hij	
de	PD(type=d-p,subtype=art,position=prenom)	de	
doot	NOU-C(number=sg)	dood	
gesteken	VRB(finiteness=pastpart)	steken	
mit	ADP(type=pre)	met	
eenre	PD(type=indef,subtype=art,position=prenom)	een	
glauie	NOU-C(number=sg)	glavie	
in	ADP(type=pre)	in	
sijn	PD(type=poss,position=prenom)	zijn	
zide	NOU-C(number=sg)	zijde	
ende	CONJ(type=coor)	en	
liet	VRB(finiteness=fin,tense=past)	laten	
sijn	PD(type=poss,position=prenom)	zijn	
bloet	NOU-C(number=sg)	bloed	
daer	ADV(type=reg)	daar	
te	ADP(type=pre)	te	
tolle	NOU-C(number=sg)	tol	
Nochtan	ADV(type=reg)	nochtan	
en	ADV(type=reg)	ne	
was	VRB(finiteness=fin,tense=past)	zijn	
hi	PD(type=pers,position=free)	hij	
daer	ADV(type=reg)	daar	
gheen	PD(type=indef,subtype=oth,position=prenom)	geen	
tolle	NOU-C(number=sg)	tol	
schuldich	AA(degree=pos,position=free)	schuldig	
Al	ADV(type=reg)	al	
desghelijcs	ADV(type=reg)	desgelijks	
so	ADV(type=reg)	zo	
deden	VRB(finiteness=fin,tense=past)	doen	
alle	PD(type=indef,position=free)	al	
sijn	PD(type=poss,position=prenom)	zijn	
ridders	NOU-C(number=pl)	ridder	
ende	CONJ(type=coor)	en	
soudeniers	NOU-C(number=pl)	soudenier	
al	CONJ(type=sub)	al	
droncken	VRB(finiteness=fin,tense=past)	drinken	
zij	PD(type=pers,position=free)	zij	
wt	ADP(type=pre)	uit	
sijnre	PD(type=poss,position=prenom)	zijn	
kelcken	NOU-C(number=pl)	kelk	
Ende	CONJ(type=coor)	en	
ter	ADP(type=pre)+PD(type=d-p,subtype=art,position=prenom)	te+de	
passagen	NOU-C(number=sg)	passage	
ontfinghen	VRB(finiteness=fin,tense=past)	ontvangen	
zij	PD(type=pers,position=free)	zij	
de	PD(type=d-p,subtype=art,position=prenom)	de	
doot	NOU-C(number=sg)	dood	
Bouen	ADV(type=reg)	boven	
ter	ADP(type=pre)+PD(type=d-p,subtype=art,position=prenom)	te+de	
cartelen	NOU-C(number=sg)	karteel	
van	ADP(type=pre)	van	
der	PD(type=d-p,subtype=art,position=prenom)	de	
poorten	NOU-C(number=sg)	poort	
daer	ADV(type=reg)	daar	
de	PD(type=d-p,subtype=art,position=prenom)	de	
portier	NOU-C(number=sg)	portier	
niement	PD(type=indef,position=free)	niemand	
en	ADV(type=reg)	ne	
verdraghet	VRB(finiteness=fin,tense=pres)	verdragen	
So	ADV(type=reg)	zo	
sach	VRB(finiteness=fin,tense=past)	zien	
ic	PD(type=pers,position=free)	ik	
hanghen	VRB(finiteness=inf)	hangen	
wimpelen	NOU-C(number=pl)	wimpel	
gheuerwet	VRB(finiteness=pastpart)	verven	
met	ADP(type=pre)	met	
roeden	AA(degree=pos,position=prenom)	rood	
bloede	NOU-C(number=sg)	bloed	
Als	CONJ(type=sub)	als	
ic	PD(type=pers,position=free)	ik	
al	PD(type=indef,position=free)	al	
dit	PD(type=d-p,position=free)	dit	
merckende	VRB(finiteness=prespart)	merken	
wart	VRB(finiteness=fin,tense=past)	worden	
ende	CONJ(type=coor)	en	
wel	ADV(type=reg)	wel	
sach	VRB(finiteness=fin,tense=past)	zien	
datmen	CONJ(type=sub)+PD(type=pers,position=free)	dat+men	
mit	ADP(type=pre)	met	
fortse	NOU-C(number=sg)	fors	
daer	ADV(type=pron)	daarin	mw_155
in	ADV(type=pron)	daarin	mw_155
most	VRB(finiteness=fin,tense=past)	moeten	
comen	VRB(finiteness=inf)	komen	
op	CONJ(type=sub)+ADV(type=reg)	opdat+er	mw_212
datter	CONJ(type=sub)+ADV(type=reg)	opdat+er	mw_212
ghen	PD(type=indef,subtype=oth,position=prenom)	geen	
ander	PD(type=indef,subtype=oth,position=prenom)	ander	
inganc	NOU-C(number=sg)	ingang	
en	ADV(type=reg)	ne	
waer	VRB(finiteness=fin,tense=past)	zijn	
alst	CONJ(type=sub)+PD(type=pers,position=free)	als+het	
en	ADV(type=reg)	ne	
was	VRB(finiteness=fin,tense=past)	zijn	
.	PC	.	

Want	CONJ(type=coor)	want	
elckerlijc	PD(type=indef,position=free)	elkerlijk	
was	VRB(finiteness=fin,tense=past)	zijn	
versaecht	VRB(finiteness=pastpart)	versagen	
als	CONJ(type=sub)	als	
hi	PD(type=pers,position=free)	hij	
cherubinne	NOU-C(number=sg)	cherubijn	
sach	VRB(finiteness=fin,tense=past)	zien	
Daer	ADV(type=pron)	daarom	mw_134
om	ADV(type=pron)	daarom	mw_134
dochte	VRB(finiteness=fin,tense=past)	dunken	
my	PD(type=pers,position=free)	ik	
dat	CONJ(type=sub)	dat	
hi	PD(type=pers,position=free)	hij	
voertmeer	ADV(type=reg)	voortmeer	
sijn	PD(type=poss,position=prenom)	zijn	
vuerich	AA(degree=pos,position=prenom)	vurig	
swaert	NOU-C(number=sg)	zwaard	
wel	ADV(type=reg)	wel	
besteden	VRB(finiteness=inf)	besteden	
mocht	VRB(finiteness=fin,tense=past)	mogen	
Mar	CONJ(type=coor)	maar	
recht	AA(degree=pos,position=free)	recht	
als	CONJ(type=sub)	als	
ic	PD(type=pers,position=free)	ik	
mijn	PD(type=poss,position=prenom)	mijn	
ogen	NOU-C(number=pl)	oog	
op	ADV(type=reg)	opwaart	mw_515
wart	ADV(type=reg)	opwaart	mw_515
sloech	VRB(finiteness=fin,tense=past)	slaan	
ende	CONJ(type=coor)	en	
opwaerts	ADV(type=reg)	opwaarts	
sach	VRB(finiteness=fin,tense=past)	zien	
So	ADV(type=reg)	zo	
sach	VRB(finiteness=fin,tense=past)	zien	
ic	PD(type=pers,position=free)	ik	
daer	ADV(type=reg)	daar	
een	PD(type=indef,subtype=art,position=prenom)	een	
seer	AA(degree=pos,position=free)	zeer	
groet	AA(degree=pos,position=prenom)	groot	
wonder	NOU-C(number=sg)	wonder	
dat	PD(type=d-p,position=free)	dat	
mi	PD(type=pers,position=free)	ik	
alte	ADV(type=reg)+ADV(type=reg)	al+te	
seer	AA(degree=pos,position=free)	zeer	
verwonderde	VRB(finiteness=fin,tense=past)	verwonderen	
Want	CONJ(type=coor)	want	
daer	ADV(type=reg)	daar	
sach	VRB(finiteness=fin,tense=past)	zien	
ic	PD(type=pers,position=free)	ik	
sinte	NOU-P	Sint-Augustijn	mw_261159
augustijn	NOU-P	Sint-Augustijn	mw_261159
sittende	VRB(finiteness=prespart)	zitten	
hoghe	AA(degree=pos,position=free)	hoog	
ten	ADP(type=pre)+PD(type=d-p,subtype=art,position=prenom)	te+de	
cartelen	NOU-C(number=sg)	karteel	
vander	ADP(type=pre)+PD(type=d-p,subtype=art,position=prenom)	van+de	
muere	NOU-C(number=sg)	muur	
ende	CONJ(type=coor)	en	
hy	PD(type=pers,position=free)	hij	
scheen	VRB(finiteness=fin,tense=past)	schijnen	
wesende	VRB(finiteness=prespart)	wezen	
een	PD(type=indef,subtype=art,position=prenom)	een	
vogelaer	NOU-C(number=sg)	vogelaar	
of	CONJ(type=coor)	of	
een	PD(type=indef,subtype=art,position=prenom)	een	
azere	NOU-C(number=sg)	azer	
van	ADP(type=pre)	van	
vogelen	NOU-C(number=pl)	vogel	
Mit	ADP(type=pre)	met	
hem	PD(type=pers,position=free)	hij	
so	ADV(type=reg)	zo	
waren	VRB(finiteness=fin,tense=past)	zijn	
veel	PD(type=indef,subtype=oth,position=prenom)	veel	
ander	PD(type=indef,subtype=oth,position=prenom)	ander	
luyden	NOU-C(number=pl)	lieden	
meesters	NOU-C(number=pl)	meester	
ende	CONJ(type=coor)	en	
leraers	NOU-C(number=pl)	leraar	
die	PD(type=d-p,position=free)	die	
alle	PD(type=indef,position=free)	al	
holpen	VRB(finiteness=fin,tense=past)	helpen	
dat	PD(type=d-p,position=free)	dat	
aes	NOU-C(number=sg)	aas	
maken	VRB(finiteness=inf)	maken	
om	ADP(type=pre)	om	
de	PD(type=d-p,subtype=art,position=prenom)	de	
voghelen	NOU-C(number=pl)	vogel	
te	ADP(type=pre)	te	
asen	VRB(finiteness=inf)	azen	
ende	CONJ(type=coor)	en	
te	ADP(type=pre)	te	
voeden	VRB(finiteness=inf)	voeden	
Want	CONJ(type=coor)	want	
mitten	ADP(type=pre)+PD(type=d-p,subtype=art,position=prenom)	met+de	
aze	NOU-C(number=sg)	aas	
ende	CONJ(type=coor)	en	
ghesuyckerden	AA(degree=pos,position=prenom)	gesuikerd	
morselen	NOU-C(number=pl)	morseel	
die	PD(type=d-p,position=free)	die	
sij	PD(type=pers,position=free)	zij	
hielden	VRB(finiteness=fin,tense=past)	houden	
ende	CONJ(type=coor)	en	
die	PD(type=d-p,subtype=art,position=prenom)	de	
wytworpen	NOU-C(number=pl)	uitworp	
die	PD(type=d-p,position=free)	die	
de	PD(type=d-p,subtype=art,position=prenom)	de	
voghelen	NOU-C(number=pl)	vogel	
aten	VRB(finiteness=fin,tense=past)	eten	
veel	PD(type=indef,subtype=oth,position=prenom)	veel	
luyden	NOU-C(number=pl)	lieden	
worden	VRB(finiteness=fin,tense=pres)	worden	
voghelen	NOU-C(number=pl)	vogel	
ende	CONJ(type=coor)	en	
daer	ADV(type=pron)	daarna	mw_144
nae	ADV(type=pron)	daarna	mw_144
[	PC	[	
]	PC	]	
vlogen	VRB(finiteness=fin,tense=past)	vliegen	
zij	PD(type=pers,position=free)	zij	
inde	ADP(type=pre)+PD(type=d-p,subtype=art,position=prenom)	in+de	
stat	NOU-C(number=sg)	stad	
van	ADP(type=pre)	van	
bouen	ADV(type=reg)	boven	
Voert	ADV(type=reg)	voort	
sach	VRB(finiteness=fin,tense=past)	zien	
ic	PD(type=pers,position=free)	ik	
daer	ADV(type=reg)	daar	
veel	PD(type=indef,subtype=oth,position=prenom)	veel	
iacopinen	NOU-C(number=pl)	jacobijn	
canoniken	NOU-C(number=pl)	kanunnik	
ende	CONJ(type=coor)	en	
augustinen	NOU-C(number=pl)	augustijn	
ende	CONJ(type=coor)	en	
alle	PD(type=indef,position=free)	al	
ander	PD(type=indef,subtype=oth,position=prenom)	ander	
manieren	NOU-C(number=pl)	manier	
van	ADP(type=pre)	van	
volcke	NOU-C(number=sg)	volk	
die	PD(type=d-p,position=free)	die	
alle	PD(type=indef,subtype=oth,position=prenom)	al	
plumen	NOU-C(number=pl)	pluim	
vergaderden	VRB(finiteness=fin,tense=past)	vergaderen	
ende	CONJ(type=coor)	en	
maecten	VRB(finiteness=fin,tense=past)	maken	
daer	ADV(type=pron)	daaraf	mw_170
of	ADV(type=pron)	daaraf	mw_170
grote	AA(degree=pos,position=prenom)	groot	
vlercken	NOU-C(number=pl)	vlerk	
Daer	ADV(type=pron)	daarna	mw_132
na	ADV(type=pron)	daarna	mw_132
begonnen	VRB(finiteness=fin,tense=past)	beginnen	
si	PD(type=pers,position=free)	zij	
te	ADP(type=pre)	te	
vlieghen	VRB(finiteness=inf)	vliegen	
om	ADP(type=pre)	om	
van	ADP(type=pre)	van	
bouen	ADV(type=reg)	boven	
in	ADP(type=pre)	in	
dese	PD(type=d-p,subtype=oth,position=prenom)	deze	
stat	NOU-C(number=sg)	stad	
te	ADP(type=pre)	te	
vlieghen	VRB(finiteness=inf)	vliegen	
ende	CONJ(type=coor)	en	
alsoe	ADV(type=reg)	alzo	
daer	ADV(type=pron)	daarin	mw_156
in	ADV(type=pron)	daarin	mw_156
te	ADP(type=pre)	te	
comen	VRB(finiteness=inf)	komen	
sonder	ADP(type=pre)	zonder	
yet	ADV(type=reg)	iet	
veel	PD(type=indef,position=free)	veel	
te	ADP(type=pre)	te	
gheuen	VRB(finiteness=inf)	geven	
om	ADP(type=pre)	om	
cherubins	NOU-C(number=sg)	cherubijn	
dangier	NOU-C(number=sg)	dangier	

<houtsnede	RM+RM	<+houtsnede	

[	PC	[	
]	PC	]	
Als	CONJ(type=sub)	als	
aldus	ADV(type=reg)	aldus	
vrou	NOU-C(number=sg)	vrouw	
reden	NOU-P	Reden	
gesproken	VRB(finiteness=pastpart)	spreken	
had	VRB(finiteness=fin,tense=past)	hebben	
so	ADV(type=reg)	zo	
heeft	VRB(finiteness=fin,tense=pres)	hebben	
haer	PD(type=pers,position=free)	zij	
de	PD(type=d-p,subtype=art,position=prenom)	de	
vicarius	NOU-C(number=sg)	vicarius	
geantwoert	VRB(finiteness=pastpart)	antwoorden	
Ic	PD(type=pers,position=free)	ik	
bid	VRB(finiteness=fin,tense=pres)	bidden	
v	PD(type=pers,position=free)	gij	
vrouwe	NOU-C(number=sg)	vrouw	
dat	CONJ(type=sub)	dat	
ghij	PD(type=pers,position=free)	gij	
my	PD(type=pers,position=free)	ik	
segt	VRB(finiteness=fin,tense=pres)	zeggen	
waer	ADV(type=pron)	waarom	mw_510
om	ADV(type=pron)	waarom	mw_510
heb	VRB(finiteness=fin,tense=pres)	hebben	
ic	PD(type=pers,position=free)	ik	
dese	PD(type=d-p,subtype=oth,position=prenom)	deze	
hoernen	NOU-C(number=pl)	hoorn	
ant	ADP(type=pre)+PD(type=d-p,subtype=art,position=prenom)	aan+dat	
hoeft	NOU-C(number=sg)	hoofd	
ende	CONJ(type=coor)	en	
dese	PD(type=d-p,subtype=oth,position=prenom)	deze	
roede	NOU-C(number=sg)	roede	
die	PD(type=d-p,position=free)	die	
scharp	AA(degree=pos,position=free)	scherp	
is	VRB(finiteness=fin,tense=pres)	zijn	
ten	ADP(type=pre)+PD(type=d-p,subtype=art,position=prenom)	te+dat	
einde	NOU-C(number=sg)	einde	
Ist	VRB(finiteness=fin,tense=pres)+PD(type=pers,position=free)	zijn+het	
niet	ADV(type=reg)	niet	
om	ADP(type=pre)	om	
punicie	NOU-C(number=sg)	punitie	
ende	CONJ(type=coor)	en	
correxie	NOU-C(number=sg)	correctie	
te	ADP(type=pre)	te	
doen	VRB(finiteness=inf)	doen	
ouer	ADP(type=pre)	over	
de	PD(type=d-p,subtype=art,position=prenom)	de	
quade	NOU-C(number=sg)	kwaad	
Ic	PD(type=pers,position=free)	ik	
wane	VRB(finiteness=fin,tense=pres)	wanen	
dat	CONJ(type=sub)	dat	
ic	PD(type=pers,position=free)	ik	
bet	ADV(type=reg)	bet	
eer	ADV(type=reg)	eer	
schuldich	AA(degree=pos,position=free)	schuldig	
ben	VRB(finiteness=fin,tense=pres)	zijn	
de	PD(type=d-p,subtype=art,position=prenom)	de	
quade	NOU-C(number=sg)	kwaad	
metten	ADP(type=pre)+PD(type=d-p,subtype=art,position=prenom)	met+de	
hoernen	NOU-C(number=pl)	hoorn	
dan	CONJ(type=sub)	dan	
met	ADP(type=pre)	met	
der	PD(type=d-p,subtype=art,position=prenom)	de	
saluen	NOU-C(number=sg)	zalf	
te	ADP(type=pre)	te	
smeren	VRB(finiteness=inf)	smeren	
Lieue	AA(degree=pos,position=prenom)	lief	
vrient	NOU-C(number=sg)	vriend	
antwoerde	VRB(finiteness=fin,tense=past)	antwoorden	
reden	NOU-P	Reden	
Verstaet	VRB(finiteness=fin,tense=pres)	verstaan	
my	PD(type=pers,position=free)	ik	
noch	ADV(type=reg)	nog	
een	PD(type=indef,subtype=art,position=prenom)	een	
luttelkijn	NOU-C(number=sg)	lutteltje	
Ic	PD(type=pers,position=free)	ik	
bekenne	VRB(finiteness=fin,tense=pres)	bekennen	
wel	ADV(type=reg)	wel	
datstu	CONJ(type=sub)+PD(type=pers,position=free)	dat+du	
waer	NOU-C(number=sg)	waar	
gheseyt	VRB(finiteness=pastpart)	zeggen	
hebs	VRB(finiteness=fin,tense=pres)	hebben	
.	PC	.	

maer	CONJ(type=coor)	maar	
noch	ADV(type=reg)	nog	
en	ADV(type=reg)	ne	
hebstu	VRB(finiteness=fin,tense=pres)+PD(type=pers,position=free)	hebben+du	
niet	ADV(type=reg)	niet	
geleert	VRB(finiteness=pastpart)	leren	
die	PD(type=d-p,subtype=art,position=prenom)	de	
manier	NOU-C(number=sg)	manier	
die	PD(type=d-p,position=free)	die	
du	PD(type=pers,position=free)	du	
schuldich	AA(degree=pos,position=free)	schuldig	
zijs	VRB(finiteness=fin,tense=pres)	zijn	
te	ADP(type=pre)	te	
hebben	VRB(finiteness=inf)	hebben	
om	ADP(type=pre)	om	
te	ADP(type=pre)	te	
horten	VRB(finiteness=inf)	horten	
ende	CONJ(type=coor)	en	
te	ADP(type=pre)	te	
steken	VRB(finiteness=inf)	steken	
Inden	ADP(type=pre)+PD(type=d-p,subtype=art,position=prenom)	in+de	
eersten	NOU-C(number=sg)	eerste	
bistu	VRB(finiteness=fin,tense=pres)+PD(type=pers,position=free)	zijn+ du	
schuldich	AA(degree=pos,position=free)	schuldig	
soetelic	ADV(type=reg)	zoetelijk	
te	ADP(type=pre)	te	
waerschuwen	VRB(finiteness=inf)	waarschuwen	
den	PD(type=d-p,position=free)	die	
genen	PD(type=d-p,position=free)	gene	
die	PD(type=d-p,position=free)	die	
du	PD(type=pers,position=free)	du	
sies	VRB(finiteness=fin,tense=pres)	zien	
dolen	VRB(finiteness=inf)	dolen	
ende	CONJ(type=coor)	en	
misdoen	VRB(finiteness=inf)	misdoen	
.	PC	.	

Ende	CONJ(type=coor)	en	
dan	ADV(type=reg)	dan	
daer	ADV(type=pron)	daarna	mw_166
na	ADV(type=pron)	daarna	mw_166
vinstu	VRB(finiteness=fin,tense=pres)+PD(type=pers,position=free)	vinden+du	
hem	PD(type=pers,position=free)	hij	
ouerhorich	AA(degree=pos,position=free)	overhorig	
ende	CONJ(type=coor)	en	
niet	ADV(type=reg)	niet	
obedient	AA(degree=pos,position=free)	obediënt	
.	PC	.	

alsdan	ADV(type=reg)	alsdan	
hebstu	VRB(finiteness=fin,tense=pres)+PD(type=pers,position=free)	hebben+du	
oerlof	NOU-C(number=sg)	oorlof	
mitten	ADP(type=pre)+PD(type=d-p,subtype=art,position=prenom)	met+de	
hoernen	NOU-C(number=pl)	hoorn	
hem	PD(type=pers,position=free)	hij	
te	ADP(type=pre)	te	
horten	VRB(finiteness=inf)	horten	
Het	PD(type=pers,position=free)	het	
behoert	VRB(finiteness=fin,tense=pres)	behoren	
wel	ADV(type=reg)	wel	
tot	ADP(type=pre)	tot	
dijnre	PD(type=poss,position=prenom)	dijn	
officien	NOU-C(number=sg)	officie	
iusticie	NOU-C(number=sg)	justitie	
te	ADP(type=pre)	te	
doen	VRB(finiteness=inf)	doen	
ouer	ADP(type=pre)	over	
de	PD(type=d-p,subtype=art,position=prenom)	de	
quade	NOU-C(number=sg)	kwaad	
maer	CONJ(type=coor)	maar	
eerst	ADV(type=reg)	eerst	
moestu	VRB(finiteness=fin,tense=pres)+PD(type=pers,position=free)	moeten+du	
sacht	AA(degree=pos,position=free)	zacht	
ende	CONJ(type=coor)	en	
goedertieren	AA(degree=pos,position=free)	goedertieren	
zijn	VRB(finiteness=inf)	zijn	
eer	CONJ(type=sub)	eer	
du	PD(type=pers,position=free)	du	
strenge	AA(degree=pos,position=free)	streng	
zijs	VRB(finiteness=fin,tense=pres)	zijn	
of	CONJ(type=coor)	of	
pkels	VRB(finiteness=fin,tense=pres,WF=mis)	prikkelen	
Ende	CONJ(type=coor)	en	
noch	ADV(type=reg)	nog	
seg	VRB(finiteness=fin,tense=pres)	zeggen	
ic	PD(type=pers,position=free)	ik	
di	PD(type=pers,position=free)	du	
voert	ADV(type=reg)	voort	
en	ADV(type=reg)	ne	
wil	VRB(finiteness=fin,tense=pres)	willen	
niemont	PD(type=indef,position=free)	niemand	
steken	VRB(finiteness=inf)	steken	
bij	ADP(type=pre)	bij	
felhede	NOU-C(number=sg)	felheid	
of	CONJ(type=coor)	of	
strenghede	NOU-C(number=sg)	strengheid	
.	PC	.	

maer	CONJ(type=coor)	maar	
mit	ADP(type=pre)	met	
soete	AA(degree=pos,position=prenom)	zoet	
vermaninge	NOU-C(number=sg)	vermaning	
van	ADP(type=pre)	van	
medelijden	NOU-C(number=sg)	medelijden	
Want	CONJ(type=coor)	want	
alist	CONJ(type=sub)+VRB(finiteness=fin,tense=pres)+PD(type=pers,position=free)	al+zijn+het	
dattu	CONJ(type=sub)+PD(type=pers,position=free)	dat+du	
ghehoert	VRB(finiteness=pastpart)	horen	
bist	VRB(finiteness=fin,tense=pres)	zijn	
bij	ADP(type=pre)	bij	
iusticie	NOU-C(number=sg)	justitie	
Nochtan	ADV(type=reg)	nochtan	
bistu	VRB(finiteness=fin,tense=pres)+PD(type=pers,position=free)	zijn+ du	
schuldich	AA(degree=pos,position=free)	schuldig	
in	ADP(type=pre)	in	
dijn	PD(type=poss,position=prenom)	dijn	
hart	NOU-C(number=sg)	hart	
ontfermich	AA(degree=pos,position=free)	ontfermig	
te	ADP(type=pre)	te	
zijn	VRB(finiteness=inf)	zijn	
ouer	ADP(type=pre)	over	
die	PD(type=d-p,position=free)	die	
du	PD(type=pers,position=free)	du	
regierste	VRB(finiteness=fin,tense=pres)	regeren	
Gedenc	VRB(finiteness=fin,tense=pres)	gedenken	
datstu	CONJ(type=sub)+PD(type=pers,position=free)	dat+du	
gesmeert	VRB(finiteness=pastpart)	smeren	
waers	VRB(finiteness=fin,tense=past)	zijn	
eer	CONJ(type=sub)	eer	
du	PD(type=pers,position=free)	du	
waers	VRB(finiteness=fin,tense=past)	zijn	
ghehorent	AA(degree=pos,position=free)	gehoornd	
ende	CONJ(type=coor)	en	
stocke	NOU-C(number=sg)	stok	
of	CONJ(type=coor)	of	
roede	NOU-C(number=sg)	roede	
hads	VRB(finiteness=fin,tense=past)	hebben	
dit	PD(type=d-p,position=free)	dit	
zijstu	VRB(finiteness=fin,tense=pres)+PD(type=pers,position=free)	zijn+du	
sculdich	AA(degree=pos,position=free)	schuldig	
indachtich	AA(degree=pos,position=free)	indachtig	
te	ADP(type=pre)	te	
zijn	VRB(finiteness=inf)	zijn	
alstu	CONJ(type=sub)+PD(type=pers,position=free)	als+du	
yemont	PD(type=indef,position=free)	iemand	
corrigieren	VRB(finiteness=inf)	corrigeren	
wils	VRB(finiteness=fin,tense=pres)	willen	
.	PC	.	

Du	PD(type=pers,position=free)	du	
[	PC	[	
]	PC	]	
en	ADV(type=reg)	ne	
zijs	VRB(finiteness=fin,tense=pres)	zijn	
oec	ADV(type=reg)	ook	
niet	ADV(type=reg)	niet	
schuldich	AA(degree=pos,position=free)	schuldig	
te	ADP(type=pre)	te	
vergeten	VRB(finiteness=inf)	vergeten	
van	ADP(type=pre)	van	
wie	PD(type=w-p,position=free)	wie	
du	PD(type=pers,position=free)	du	
houds	VRB(finiteness=fin,tense=pres)	houden	
de	PD(type=d-p,subtype=art,position=prenom)	de	
vicarie	NOU-C(number=sg)	vicarie	
Dat	PD(type=d-p,position=free)	dat	
was	VRB(finiteness=fin,tense=past)	zijn	
de	PD(type=d-p,position=free)	degene	mw_220
ghene	PD(type=d-p,position=free)	degene	mw_220
die	PD(type=d-p,position=free)	die	
gehorent	AA(degree=pos,position=free)	gehoornd	
scheen	VRB(finiteness=fin,tense=past)	schijnen	
wesende	VRB(finiteness=prespart)	wezen	
ende	CONJ(type=coor)	en	
niet	ADV(type=reg)	niet	
en	ADV(type=reg)	ne	
was	VRB(finiteness=fin,tense=past)	zijn	
Ende	CONJ(type=coor)	en	
dat	PD(type=d-p,position=free)	dat	
is	VRB(finiteness=fin,tense=pres)	zijn	
moyses	NOU-P	Mozes	
die	PD(type=d-p,position=free)	die	
de	PD(type=d-p,subtype=art,position=prenom)	de	
kinder	NOU-C(number=pl)	kind	
van	ADP(type=pre)	van	
ysrahel	NOU-P	Israël	
leyde	VRB(finiteness=fin,tense=past)	leiden	
doer	ADP(type=pre)	door	
de	PD(type=d-p,subtype=art,position=prenom)	de	
zee	NOU-C(number=sg)	zee	
mitter	ADP(type=pre)+PD(type=d-p,subtype=art,position=prenom)	met+de	
roeden	NOU-C(number=sg)	roede	
die	PD(type=d-p,position=free)	die	
hem	PD(type=pers,position=free)	hij	
beuolen	VRB(finiteness=pastpart)	bevelen	
was	VRB(finiteness=fin,tense=past)	zijn	
Nu	ADV(type=reg)	nu	
verstaet	VRB(finiteness=fin,tense=pres)	verstaan	
wel	ADV(type=reg)	wel	
mijn	PD(type=poss,position=prenom)	mijn	
sermoen	NOU-C(number=sg)	sermoen	
ende	CONJ(type=coor)	en	
weest	VRB(finiteness=fin,tense=pres)	zijn	
ymmer	ADV(type=reg)	immer	
ontfarmhartich	AA(degree=pos,position=free)	ontfermhartig	
dreyght	VRB(finiteness=fin,tense=pres)	dreigen	
zeer	AA(degree=pos,position=free)	zeer	
maer	CONJ(type=coor)	maar	
misdoet	VRB(finiteness=fin,tense=pres)	misdoet	
niet	ADV(type=reg)	niet	
toent	VRB(finiteness=fin,tense=pres)	tonen	
v	PD(type=pers,position=free)	gij	
streng	AA(degree=pos,position=free)	streng	
maer	CONJ(type=coor)	maar	
zijt	VRB(finiteness=fin,tense=pres)	zijn	
goedertieren	AA(degree=pos,position=free)	goedertieren	
.	PC	.	

Al	CONJ(type=sub)	al	
is	VRB(finiteness=fin,tense=pres)	zijn	
v	PD(type=poss,position=prenom)	uw	
roede	NOU-C(number=sg)	roede	
scarp	AA(degree=pos,position=free)	scherp	
beneden	ADV(type=reg)	beneden	
aensiet	VRB(finiteness=fin,tense=pres)	aanzien	
weder	ADV(type=reg)	weder	
dat	CONJ(type=sub)	dat	
zij	PD(type=pers,position=free)	zij	
crom	AA(degree=pos,position=free)	krom	
is	VRB(finiteness=fin,tense=pres)	zijn	
ende	CONJ(type=coor)	en	
nederwaerts	ADV(type=reg)	nederwaarts	
buycht	VRB(finiteness=fin,tense=pres)	buigen	
.	PC	.	

Dat	PD(type=d-p,position=free)	dat	
beduyt	VRB(finiteness=fin,tense=pres)	beduiden	
Alstu	CONJ(type=sub)+PD(type=pers,position=free)	als+du	
yemont	PD(type=indef,position=free)	iemand	
corrigiers	VRB(finiteness=fin,tense=pres)	corrigeren	
dastu	CONJ(type=sub)+PD(type=pers,position=free)	dat+du	
dan	ADV(type=reg)	dan	
oetmoedich	AA(degree=pos,position=free)	ootmoedig	
ende	CONJ(type=coor)	en	
barmhartich	AA(degree=pos,position=free)	barmhartig	
sous	VRB(finiteness=fin,tense=past)	zullen	
zijn	VRB(finiteness=inf)	zijn	
Hier	ADV(type=pron)	hierom	mw_383
om	ADV(type=pron)	hierom	mw_383
is	VRB(finiteness=fin,tense=pres)	zijn	
dij	PD(type=pers,position=free)	du	
de	PD(type=d-p,subtype=art,position=prenom)	de	
roede	NOU-C(number=sg)	roede	
beuolen	VRB(finiteness=pastpart)	bevelen	
dijn	PD(type=poss,position=prenom)	dijn	
volc	NOU-C(number=sg)	volk	
te	ADP(type=pre)	te	
regieren	VRB(finiteness=inf)	regeren	
mit	ADP(type=pre)	met	
iusticie	NOU-C(number=sg)	justitie	
ghemenget	VRB(finiteness=pastpart)	mengen	
mit	ADP(type=pre)	met	
barmharticheyt	NOU-C(number=sg)	barmhartigheid	
ende	CONJ(type=coor)	en	
ouer	ADP(type=pre)	over	
dese	PD(type=d-p,subtype=oth,position=prenom)	deze	
zee	NOU-C(number=sg)	zee	
te	ADP(type=pre)	te	
leyden	VRB(finiteness=inf)	leiden	
de	PD(type=d-p,subtype=art,position=prenom)	de	
werelt	NOU-C(number=sg)	wereld	
.	PC	.	

:	PC	:	
,	PC	,	
.	PC	.	

,	PC	,	
vicarius	NOU-C(number=sg)	vicarius	
die	PD(type=d-p,position=free)	die	
een	PD(type=indef,subtype=art,position=prenom)	een	
geknielde	AA(degree=pos,position=prenom)	geknield	
man	NOU-C(number=sg)	man	
die	PD(type=d-p,position=free)	die	
de	PD(type=d-p,subtype=art,position=prenom)	de	
handen	NOU-C(number=pl)	hand	
gevouwen	VRB(finiteness=pastpart)	vouwen	
heeft	VRB(finiteness=fin,tense=pres)	hebben	
,	PC	,	
het	PD(type=d-p,subtype=art,position=prenom)	het	
hoofdhaar	NOU-C(number=sg)	hoofdhaar	
,	PC	,	

[	PC	[	
]	PC	]	
Als	CONJ(type=sub)	als	
reden	NOU-P	Reden	
my	PD(type=pers,position=free)	ik	
dus	ADV(type=reg)	dus	
ghepredict	VRB(finiteness=pastpart)	prediken	
hadde	VRB(finiteness=fin,tense=past)	hebben	
ende	CONJ(type=coor)	en	
het	PD(type=pers,position=free)	het	
al	PD(type=indef,position=free)	al	
bereet	VRB(finiteness=pastpart)	bereiden	
was	VRB(finiteness=fin,tense=past)	zijn	
ende	CONJ(type=coor)	en	
moyses	NOU-P	Mozes	
wilde	VRB(finiteness=fin,tense=past)	willen	
gaen	VRB(finiteness=inf)	gaan	
eten	VRB(finiteness=inf)	eten	
ende	CONJ(type=coor)	en	
begheerde	VRB(finiteness=fin,tense=past)	begeren	
ander	PD(type=indef,subtype=oth,position=prenom)	ander	
spijse	NOU-C(number=sg)	spijs	
te	ADP(type=pre)	te	
hebben	VRB(finiteness=inf)	hebben	
dan	CONJ(type=sub)	dan	
daer	ADV(type=reg)	daar	
ghereet	VRB(finiteness=pastpart)	reden	
was	VRB(finiteness=fin,tense=past)	zijn	
niet	ADV(type=reg)	niet	
dan	CONJ(type=sub)	dan	
alleen	AA(degree=pos,position=free)	alleen	
broet	NOU-C(number=sg)	brood	
ende	CONJ(type=coor)	en	
wijn	NOU-C(number=sg)	wijn	
daer	ADV(type=pron)	daarmede	mw_146
mede	ADV(type=pron)	daarmede	mw_146
hem	PD(type=refl,position=free)	hem	
niet	ADV(type=reg)	niet	
en	ADV(type=reg)	ne	
genoechde	VRB(finiteness=fin,tense=past)	genoegen	
want	CONJ(type=coor)	want	
hy	PD(type=pers,position=free)	hij	
wilde	VRB(finiteness=fin,tense=past)	willen	
bloet	NOU-C(number=sg)	bloed	
ende	CONJ(type=coor)	en	
vleysch	NOU-C(number=sg)	vlees	
mede	ADV(type=reg)	mede	
om	ADP(type=pre)	om	
te	ADP(type=pre)	te	
vermeeren	VRB(finiteness=inf)	vermeren	
doude	PD(type=d-p,subtype=art,position=prenom)+AA(degree=pos,position=prenom)	de+oud	
wet	NOU-C(number=sg)	wet	

Dvs	ADV(type=reg)	dus	
so	ADV(type=reg)	zo	
zijdi	VRB(finiteness=fin,tense=pres)+PD(type=pers,position=free)	zijn+gij	
schuldich	AA(degree=pos,position=free)	schuldig	
te	ADP(type=pre)	te	
weten	VRB(finiteness=inf)	weten	
dat	CONJ(type=sub)	dat	
gij	PD(type=pers,position=free)	gij	
sonder	ADP(type=pre)	zonder	
mi	PD(type=pers,position=free)	ik	
geen	PD(type=indef,subtype=oth,position=prenom)	geen	
macht	NOU-C(number=sg)	macht	
en	ADV(type=reg)	ne	
hebt	VRB(finiteness=fin,tense=pres)	hebben	
ende	CONJ(type=coor)	en	
wil	VRB(finiteness=fin,tense=pres)	willen	
dat	PD(type=d-p,position=free)	dat	
bewijsen	VRB(finiteness=inf)	bewijzen	
mit	ADP(type=pre)	met	
v	PD(type=pers,position=free)	gij	
selfs	PD(type=d-p,position=free)	zelf	
woerden	NOU-C(number=pl)	woord	
Ghij	PD(type=pers,position=free)	gij	
kent	VRB(finiteness=fin,tense=pres)	kennen	
wel	ADV(type=reg)	wel	
dat	CONJ(type=sub)	dat	
ic	PD(type=pers,position=free)	ik	
de	PD(type=d-p,subtype=art,position=prenom)	de	
zonne	NOU-C(number=sg)	zon	
ende	CONJ(type=coor)	en	
maen	NOU-C(number=sg)	maan	
ende	CONJ(type=coor)	en	
starren	NOU-C(number=pl)	ster	
doe	VRB(finiteness=fin,tense=pres)	doen	
verwandelen	VRB(finiteness=inf)	verwandelen	
ende	CONJ(type=coor)	en	
dat	CONJ(type=sub)	dat	
het	PD(type=d-p,subtype=art,position=prenom)	het	
regement	NOU-C(number=sg)	regiment	
vanden	ADP(type=pre)+PD(type=d-p,subtype=art,position=prenom)	van+de	
hemel	NOU-C(number=sg)	hemel	
my	PD(type=pers,position=free)	ik	
alleen	AA(degree=pos,position=free)	alleen	
toebehoert	VRB(finiteness=fin,tense=pres)	toebehoren	
.	PC	.	

Nu	ADV(type=reg)	nu	
segt	VRB(finiteness=fin,tense=pres)	zeggen	
mi	PD(type=pers,position=free)	ik	
dan	ADV(type=reg)	dan	
also	ADV(type=reg)	alzo	
moet	VRB(finiteness=fin,tense=pres)	moeten	
v	PD(type=pers,position=free)	gij	
god	NOU-P	God	
helpen	VRB(finiteness=inf)	helpen	
of	CONJ(type=sub)	of	
ic	PD(type=pers,position=free)	ik	
wat	PD(type=indef,position=free)	wat	
nyews	NOU-C(number=sg)	nieuwe	
begonne	VRB(finiteness=fin,tense=past)	beginnen	
ende	CONJ(type=coor)	en	
dat	CONJ(type=sub)	dat	
ic	PD(type=pers,position=free)	ik	
de	PD(type=d-p,subtype=art,position=prenom)	de	
zonne	NOU-C(number=sg)	zon	
vanden	ADP(type=pre)+PD(type=d-p,subtype=art,position=prenom)	van+de	
hemel	NOU-C(number=sg)	hemel	
name	VRB(finiteness=fin,tense=past)	nemen	
ende	CONJ(type=coor)	en	
icse	PD(type=pers,position=free)+PD(type=pers,position=free)	ik+zij	
so	ADV(type=reg)	zo	
berchde	VRB(finiteness=fin,tense=past)	bergen	
datse	CONJ(type=sub)+PD(type=pers,position=free)	dat+zij	
binnen	ADP(type=pre)	binnen	
.	PC	.	

C	NUM(type=card,position=prenom,representation=rom)	honderd	
.	PC	.	

iaren	NOU-C(number=pl)	jaar	
niet	ADV(type=reg)	niet	
gesien	VRB(finiteness=pastpart)	zien	
en	ADV(type=reg)	ne	
worde	VRB(finiteness=fin,tense=pres)	worden	
wat	PD(type=w-p,position=free)	wat	
scoender	AA(degree=comp,position=prenom)	schoon	
dingen	NOU-C(number=pl)	ding	
[	PC	[	
]	PC	]	
soude	VRB(finiteness=fin,tense=past)	zullen	
gij	PD(type=pers,position=free)	gij	
dan	ADV(type=reg)	dan	
doen	VRB(finiteness=inf)	doen	
hoe	ADV(type=reg)	hoe	
soudt	VRB(finiteness=fin,tense=past)	zullen	
ghi	PD(type=pers,position=free)	gij	
dan	ADV(type=reg)	dan	
vwe	PD(type=poss,position=prenom)	uw	
bomen	NOU-C(number=pl)	boom	
vercleden	VRB(finiteness=inf)	verkleden	
alle	PD(type=indef,subtype=oth,position=prenom)	al	
iare	NOU-C(number=sg)	jaar	
wat	PD(type=w-p,position=free)	wat	
soude	VRB(finiteness=fin,tense=past)	zullen	
ghy	PD(type=pers,position=free)	gij	
al	ADV(type=reg)	al	
generacien	NOU-C(number=pl)	generatie	
voertbrenghen	VRB(finiteness=inf)	voortbrengen	
binnen	ADP(type=pre)	binnen	
dese	PD(type=d-p,subtype=oth,position=prenom)	deze	
.	PC	.	

hondert	NUM(type=card,position=prenom,representation=let)	honderd	
iaren	NOU-C(number=pl)	jaar	
.	PC	.	

Aristotiles	NOU-P	Aristoteles	
die	PD(type=d-p,position=free)	die	
een	PD(type=indef,subtype=art,position=prenom)	een	
heyden	NOU-C(number=sg)	heiden	
was	VRB(finiteness=fin,tense=past)	zijn	
kende	VRB(finiteness=fin,tense=past)	kennen	
v	PD(type=pers,position=free)	gij	
wel	ADV(type=reg)	wel	
ende	CONJ(type=coor)	en	
hem	PD(type=pers,position=free)	hij	
maec	VRB(finiteness=fin,tense=pres)	maken	
ic	PD(type=pers,position=free)	ik	
mijn	PD(type=poss,position=prenom)	mijn	
aduocaet	NOU-C(number=sg)	advocaat	
in	ADP(type=pre)	in	
dit	PD(type=d-p,subtype=oth,position=prenom)	dit	
geschille	NOU-C(number=sg)	geschil	
want	CONJ(type=coor)	want	
hy	PD(type=pers,position=free)	hij	
seyt	VRB(finiteness=fin,tense=pres)	zeggen	
ende	CONJ(type=coor)	en	
prouft	VRB(finiteness=fin,tense=pres)	proeven	
oec	ADV(type=reg)	ook	
by	ADP(type=pre)	bij	
redenen	NOU-C(number=pl)	reden	
dat	CONJ(type=sub)	dat	
alle	PD(type=indef,subtype=oth,position=prenom)	al	
generacien	NOU-C(number=pl)	generatie	
gemaect	VRB(finiteness=pastpart)	maken	
zijn	VRB(finiteness=fin,tense=pres)	zijn	
by	ADP(type=pre)	bij	
mijnder	PD(type=poss,position=prenom)	mijn	
zonnen	NOU-C(number=sg)	zon	
daer	ADV(type=pron)	daaraf	mw_151
ic	PD(type=pers,position=free)	ik	
of	ADV(type=pron)	daaraf	mw_151
spreke	VRB(finiteness=fin,tense=pres)	spreken	
dus	ADV(type=reg)	dus	
had	VRB(finiteness=fin,tense=past)	hebben	
ic	PD(type=pers,position=free)	ik	
v	PD(type=pers,position=free)	gij	
die	PD(type=d-p,position=free)	die	
ontoghen	VRB(finiteness=pastpart)	onttijgen	
ghy	PD(type=pers,position=free)	gij	
en	ADV(type=reg)	ne	
soudt	VRB(finiteness=fin,tense=past)	zullen	
niet	ADV(type=reg)	niet	
hebben	VRB(finiteness=inf)	hebben	
connen	VRB(finiteness=inf)	kunnen	
gewercken	VRB(finiteness=inf)	gewerken	
ende	CONJ(type=coor)	en	
al	PD(type=indef,position=free)	al	
v	PD(type=poss,position=prenom)	uw	
macht	NOU-C(number=sg)	macht	
verloren	VRB(finiteness=pastpart)	verliezen	
hebben	VRB(finiteness=inf)	hebben	
Also	ADV(type=reg)	alzo	
ist	VRB(finiteness=fin,tense=pres)+PD(type=pers,position=free)	zijn+het	
oec	ADV(type=reg)	ook	
vanden	ADP(type=pre)+PD(type=d-p,subtype=art,position=prenom)	van+dat	
firmamente	NOU-C(number=sg)	firmament	
ende	CONJ(type=coor)	en	
planeten	NOU-C(number=pl)	planeet	
Oec	ADV(type=reg)	ook	
liet	VRB(finiteness=fin,tense=past)	laten	
ict	PD(type=pers,position=free)+PD(type=pers,position=free)	ik+het	
al	PD(type=indef,position=free)	al	
cesseren	VRB(finiteness=inf)	cesseren	
ende	CONJ(type=coor)	en	
stille	VRB(finiteness=inf)	stilstaan	mw_549
staen	VRB(finiteness=inf)	stilstaan	mw_549
ghy	PD(type=pers,position=free)	gij	
mocht	VRB(finiteness=fin,tense=past)	mogen	
wel	ADV(type=reg)	wel	
gaen	VRB(finiteness=inf)	gaan	
slapen	VRB(finiteness=inf)	slapen	
ende	CONJ(type=coor)	en	
rusten	VRB(finiteness=inf)	rusten	
v	PD(type=pers,position=free)	gij	
ende	CONJ(type=coor)	en	
vwe	PD(type=poss,position=prenom)	uw	
macht	NOU-C(number=sg)	macht	
waer	VRB(finiteness=fin,tense=past)	zijn	
al	ADV(type=reg)	al	
verloren	VRB(finiteness=pastpart)	verliezen	
ende	CONJ(type=coor)	en	
ter	VRB(finiteness=pastpart)	ternederleggen	mw_354
neder	VRB(finiteness=pastpart)	ternederleggen	mw_354
gheleyt	VRB(finiteness=pastpart)	ternederleggen	mw_354
ende	CONJ(type=coor)	en	
nochtan	ADV(type=reg)	nochtan	
al	PD(type=indef,position=free)	al	
v	PD(type=poss,position=prenom)	uw	
heerscapie	NOU-C(number=sg)	heerschappij	
soude	VRB(finiteness=fin,tense=past)	zullen	
mi	PD(type=pers,position=free)	ik	
zijn	VRB(finiteness=inf)	zijn	
ende	CONJ(type=coor)	en	
de	PD(type=d-p,subtype=art,position=prenom)	de	
koer	NOU-C(number=sg)	keur	
om	ADP(type=pre)	om	
te	ADP(type=pre)	te	
veranderen	VRB(finiteness=inf)	veranderen	
of	CONJ(type=coor)	of	
te	ADP(type=pre)	te	
laten	VRB(finiteness=inf)	laten	
staen	VRB(finiteness=inf)	staan	
alst	CONJ(type=sub)+PD(type=pers,position=free)	als+het	
my	PD(type=pers,position=free)	ik	
geliefde	VRB(finiteness=fin,tense=past)	gelieven	
Dus	ADV(type=reg)	dus	
so	ADV(type=reg)	zo	
en	ADV(type=reg)	ne	
sidi	VRB(finiteness=fin,tense=pres)+PD(type=pers,position=free)	zijn+gij	
niet	ADV(type=reg)	niet	
schuldich	AA(degree=pos,position=free)	schuldig	
teghens	ADP(type=pre)	tegens	
my	PD(type=pers,position=free)	ik	
te	ADP(type=pre)	te	
schelden	VRB(finiteness=inf)	schelden	
noch	CONJ(type=coor)	noch	
qualic	ADV(type=reg)	kwalijk	
te	ADP(type=pre)	te	
spreken	VRB(finiteness=inf)	spreken	
.	PC	.	

Want	CONJ(type=coor)	want	
also	ADV(type=reg)	alzo	
Ysayas	NOU-P	Jesaja	
seit	VRB(finiteness=fin,tense=pres)	zeggen	
Het	PD(type=pers,position=free)	het	
is	VRB(finiteness=fin,tense=pres)	zijn	
grote	AA(degree=pos,position=prenom)	groot	
spijt	NOU-C(number=sg)	spijt	
dat	CONJ(type=sub)	dat	
de	PD(type=d-p,subtype=art,position=prenom)	de	
bijle	NOU-C(number=sg)	bijl	
haer	PD(type=refl,position=free)	haar	
wil	VRB(finiteness=fin,tense=pres)	willen	
rechten	VRB(finiteness=inf)	rechten	
teghen	ADP(type=pre)	tegen	
den	PD(type=d-p,subtype=art,position=prenom)	de	
timmerman	NOU-C(number=sg)	timmerman	
Ende	CONJ(type=coor)	en	
de	PD(type=d-p,subtype=art,position=prenom)	de	
pot	NOU-C(number=sg)	pot	
de	PD(type=d-p,subtype=art,position=prenom)	de	
meester	NOU-C(number=sg)	meester	
wil	VRB(finiteness=fin,tense=pres)	willen	
begrijpen	VRB(finiteness=inf)	begrijpen	
van	ADP(type=pre)	van	
zijn	PD(type=poss,position=prenom)	zijn	
maecsele	NOU-C(number=sg)	maaksel	
So	ADV(type=reg)	zo	
waerdi	VRB(finiteness=fin,tense=past)+PD(type=pers,position=free)	zijn+gij	
dan	ADV(type=reg)	dan	
sculdich	AA(degree=pos,position=free)	schuldig	
te	ADP(type=pre)	te	
weeten	VRB(finiteness=inf)	weten	
had	VRB(finiteness=fin,tense=past)	inhebben	mw_402
ghy	PD(type=pers,position=free)	gij	
eenige	PD(type=indef,subtype=oth,position=prenom)	enig	
duecht	NOU-C(number=sg)	deugd	
in	VRB(finiteness=fin,tense=past)	inhebben	mw_402
dat	PD(type=d-p,position=free)	dat	
ghi	PD(type=pers,position=free)	gij	
my	PD(type=pers,position=free)	ik	
grote	AA(degree=pos,position=prenom)	groot	
schande	NOU-C(number=sg)	schande	
doet	VRB(finiteness=fin,tense=pres)	doen	
my	PD(type=pers,position=free)	ik	
dus	ADV(type=reg)	dus	
arguerende	VRB(finiteness=prespart)	argueren	
ende	CONJ(type=coor)	en	
blameert	VRB(finiteness=fin,tense=pres)	blameren	
mijn	PD(type=poss,position=prenom)	mijn	
wercken	NOU-C(number=pl)	werk	
Ende	CONJ(type=coor)	en	
sonder	ADP(type=pre)	zonder	
my	PD(type=pers,position=free)	ik	
en	ADV(type=reg)	ne	
hebdi	VRB(finiteness=fin,tense=pres)+PD(type=pers,position=free)	hebben+gij	
geen	PD(type=indef,subtype=oth,position=prenom)	geen	
macht	NOU-C(number=sg)	macht	
want	CONJ(type=coor)	want	
ghy	PD(type=pers,position=free)	gij	
en	ADV(type=reg)	ne	
zijt	VRB(finiteness=fin,tense=pres)	zijn	
niet	ADV(type=reg)	niet	
anders	ADV(type=reg)	anders	
dan	CONJ(type=sub)	dan	
mijn	PD(type=poss,position=prenom)	mijn	
instrument	NOU-C(number=sg)	instrument	
dat	PD(type=d-p,position=free)	dat	
ic	PD(type=pers,position=free)	ik	
hier	ADV(type=reg)	hier	
voertijts	ADV(type=reg)	voortijds	
makede	VRB(finiteness=fin,tense=past)	maken	
om	ADP(type=pre)	om	
my	PD(type=pers,position=free)	ik	
mede	ADV(type=reg)	mede	
te	ADP(type=pre)	te	
behelpen	VRB(finiteness=inf)	behelpen	
.	PC	.	

niet	ADV(type=reg)	niet	
dat	CONJ(type=sub)	dat	
ics	PD(type=pers,position=free)+PD(type=pers,position=free)	ik+het	
van	ADP(type=pre)	van	
node	NOU-C(number=sg)	nood	
had	VRB(finiteness=fin,tense=past)	hebben	
Want	CONJ(type=coor)	want	
altoes	ADV(type=reg)	altoos	
alst	CONJ(type=sub)+PD(type=pers,position=free)	als+het	
my	PD(type=pers,position=free)	ik	
gelieft	VRB(finiteness=fin,tense=pres)	gelieven	
ende	CONJ(type=coor)	en	
als	CONJ(type=sub)	als	
ic	PD(type=pers,position=free)	ik	
wille	VRB(finiteness=fin,tense=pres)	willen	
sal	VRB(finiteness=fin,tense=pres)	zullen	
ic	PD(type=pers,position=free)	ik	
[	PC	[	
]	PC	]	
dinghen	NOU-C(number=pl)	ding	
doen	VRB(finiteness=inf)	doen	
die	PD(type=d-p,position=free)	die	
noch	ADV(type=reg)	nog	
veel	ADV(type=reg)	veel	
wonderlicker	AA(degree=comp,position=free)	wonderlijk	
zijn	VRB(finiteness=fin,tense=pres)	zijn	
sonder	ADP(type=pre)	zonder	
v	PD(type=pers,position=free)	gij	
te	ADP(type=pre)	te	
vraghen	VRB(finiteness=inf)	vragen	
noch	CONJ(type=coor)	noch	
te	ADP(type=pre)	te	
spreken	VRB(finiteness=inf)	spreken	
als	CONJ(type=sub)	als	
den	PD(type=d-p,subtype=art,position=prenom)	de	
wijn	NOU-C(number=sg)	wijn	
in	ADP(type=pre)	in	
bloet	NOU-C(number=sg)	bloed	
et	ADP(type=pre,WF=mis)	te	
verkeren	VRB(finiteness=inf)	verkeren	
nede	CONJ(type=coor,WF=mis)	en	
dbroet	PD(type=d-p,subtype=art,position=prenom)+NOU-C(number=sg)	dat+brood	
in	ADP(type=pre)	in	
vleisch	NOU-C(number=sg)	vlees	
ia	ADV(type=reg)	ja	
swart	AA(degree=pos,position=prenom)	zwart	
broet	NOU-C(number=sg)	brood	
so	ADV(type=reg)	zowel	mw_542
wel	ADV(type=reg)	zowel	mw_542
als	CONJ(type=sub)	als	
wit	AA(degree=pos,position=prenom)	wit	
broet	NOU-C(number=sg)	brood	
indient	CONJ(type=sub)+PD(type=pers,position=free)	indien+het	
van	ADP(type=pre)	van	
node	NOU-C(number=sg)	nood	
waer	VRB(finiteness=fin,tense=past)	zijn	
Want	CONJ(type=coor)	want	
anders	ADV(type=reg)	anders	
en	ADV(type=reg)	ne	
waer	VRB(finiteness=fin,tense=past)	zijn	
ic	PD(type=pers,position=free)	ik	
gheen	PD(type=indef,subtype=oth,position=prenom)	geen	
meestersse	NOU-C(number=sg)	meesterse	
indien	CONJ(type=sub)	indien	
ic	PD(type=pers,position=free)	ik	
alle	PD(type=indef,subtype=oth,position=prenom)	al	
dinc	NOU-C(number=sg)	ding	
niet	ADV(type=reg)	niet	
doen	VRB(finiteness=inf)	doen	
en	ADV(type=reg)	ne	
mocht	VRB(finiteness=fin,tense=past)	mogen	
na	ADP(type=pre)	na	
mijnen	PD(type=poss,position=prenom)	mijn	
wille	NOU-C(number=sg)	wil	
Dus	ADV(type=reg)	dus	
eyntelic	ADV(type=reg)	eindelijk	
so	ADV(type=reg)	zo	
en	ADV(type=reg)	ne	
waer	VRB(finiteness=fin,tense=past)	zijn	
v	PD(type=pers,position=free)	gij	
dit	PD(type=d-p,position=free)	dit	
niet	ADV(type=reg)	niet	
schuldich	AA(degree=pos,position=free)	schuldig	
leet	AA(degree=pos,position=free)	leed	
te	ADP(type=pre)	te	
zijn	VRB(finiteness=inf)	zijn	
dat	PD(type=d-p,position=free)	dat	
ic	PD(type=pers,position=free)	ik	
doe	VRB(finiteness=fin,tense=pres)	doen	
het	PD(type=w-p,position=free)	hetwelk	mw_589
welc	PD(type=w-p,position=free)	hetwelk	mw_589
ghy	PD(type=pers,position=free)	gij	
selue	PD(type=d-p,position=free)	zelf	
niet	ADV(type=reg)	niet	
doen	VRB(finiteness=inf)	doen	
en	ADV(type=reg)	ne	
moecht	VRB(finiteness=fin,tense=pres)	mogen	
Gelijc	CONJ(type=sub)	gelijk	
Het	PD(type=d-p,subtype=art,position=prenom)	het	
bosch	NOU-C(number=sg)	bos	
daer	ADV(type=pron)	daarin	mw_188
in	ADV(type=pron)	daarin	mw_188
tvier	PD(type=d-p,subtype=art,position=prenom)+NOU-C(number=sg)	dat+vuur	
was	VRB(finiteness=fin,tense=past)	zijn	
dat	PD(type=d-p,position=free)	dat	
wachte	VRB(finiteness=fin,tense=pres)	wachten	
ic	PD(type=pers,position=free)	ik	
voer	ADP(type=pre)	voor	
verbranden	NOU-C(number=sg)	verbranden	
daer	ADV(type=pron)	daaraf	mw_145
of	ADV(type=pron)	daaraf	mw_145
ghy	PD(type=pers,position=free)	gij	
my	PD(type=pers,position=free)	ik	
schuldich	AA(degree=pos,position=free)	schuldig	
waert	VRB(finiteness=fin,tense=past)+PD(type=pers,position=free)	zijn+het	
eer	NOU-C(number=sg)	eer	
te	ADP(type=pre)	te	
spreken	VRB(finiteness=inf)	spreken	
dancken	VRB(finiteness=inf)	danken	
ende	CONJ(type=coor)	en	
niet	ADV(type=reg)	niet	
te	ADP(type=pre)	te	
schelden	VRB(finiteness=inf)	schelden	
van	ADP(type=pre)	van	
de	PD(type=d-p,subtype=art,position=prenom)	de	
twee	NUM(type=card,position=prenom,representation=let)	twee	
roeden	NOU-C(number=pl)	roede	
desgelijcs	ADV(type=reg)	desgelijks	
Ende	CONJ(type=coor)	en	
vande	ADP(type=pre)+PD(type=d-p,subtype=art,position=prenom)	van+de	
maecht	NOU-C(number=sg)	maagd	
die	PD(type=d-p,position=free)	die	
moeder	NOU-C(number=sg)	moeder	
was	VRB(finiteness=fin,tense=past)	zijn	
.	PC	.	

Mede	ADV(type=reg)	mede	
Het	PD(type=d-p,subtype=art,position=prenom)	het	
water	NOU-C(number=sg)	water	
dat	PD(type=d-p,position=free)	dat	
ic	PD(type=pers,position=free)	ik	
in	ADP(type=pre)	in	
wijn	NOU-C(number=sg)	wijn	
verkeerde	VRB(finiteness=fin,tense=past)	verkeren	
Ende	CONJ(type=coor)	en	
dit	PD(type=d-p,position=free)	dit	
al	PD(type=indef,position=free)	al	
sonder	ADP(type=pre)	zonder	
v	PD(type=pers,position=free)	gij	
vrou	NOU-C(number=sg)	vrouw	
natuer	NOU-C(number=sg)	natuur	
om	ADP(type=pre)	om	
welc	PD(type=w-p,position=free)	welk	
gi	PD(type=pers,position=free)	gij	
mi	PD(type=pers,position=free)	ik	
sculdih	AA(degree=pos,position=free,WF=mis)	schuldig	
zijt	VRB(finiteness=fin,tense=pres)	zijn	
te	ADP(type=pre)	te	
eeren	VRB(finiteness=inf)	eren	
ende	CONJ(type=coor)	en	
niet	ADV(type=reg)	niet	
gram	AA(degree=pos,position=free)	gram	
te	ADP(type=pre)	te	
zijn	VRB(finiteness=inf)	zijn	
want	CONJ(type=coor)	want	
het	PD(type=d-p,subtype=art,position=prenom)	het	
ioncwijf	NOU-C(number=sg)	jonkwijf	
is	VRB(finiteness=fin,tense=pres)	zijn	
haer	PD(type=refl,position=free)	haar	
sculdich	AA(degree=pos,position=free)	schuldig	
te	ADP(type=pre)	te	
verblijden	VRB(finiteness=inf)	verblijden	
in	ADP(type=pre)	in	
schone	AA(degree=pos,position=prenom)	schoon	
wercken	NOU-C(number=pl)	werk	
die	PD(type=d-p,position=free)	die	
haer	PD(type=poss,position=prenom)	haar	
meestersse	NOU-C(number=sg)	meesterse	
doet	VRB(finiteness=fin,tense=pres)	doen	
.	PC	.	

Jae	ADV(type=reg)	ja	
sonderlinghe	AA(degree=pos,position=free)	zonderling	
daer	ADV(type=pron)	daaraan	mw_189
zij	PD(type=pers,position=free)	zij	
niet	ADV(type=reg)	niet	
an	ADV(type=pron)	daaraan	mw_189
en	ADV(type=reg)	ne	
verliest	VRB(finiteness=fin,tense=pres)	verliezen	
ende	CONJ(type=coor)	en	
het	PD(type=d-p,subtype=art,position=prenom)	het	
gemeene	AA(degree=pos,position=prenom)	gemeen	
profijt	NOU-C(number=sg)	profijt	
te	ADV(type=reg)	te	
beter	AA(degree=comp,position=free)	beter	
is	VRB(finiteness=fin,tense=pres)	zijn	
Dus	ADV(type=reg)	dus	
zijt	VRB(finiteness=fin,tense=pres)	zijn	
te	AA(degree=pos,position=free)	tevreden	mw_583
vreden	AA(degree=pos,position=free)	tevreden	mw_583
of	CONJ(type=coor)	of	
en	ADV(type=reg)	ne	
zijt	VRB(finiteness=fin,tense=pres)	zijn	
ic	PD(type=pers,position=free)	ik	
sal	VRB(finiteness=fin,tense=pres)	zullen	
euen	ADV(type=reg)	evenwel	mw_316
wel	ADV(type=reg)	evenwel	mw_316
mijn	PD(type=poss,position=prenom)	mijn	
geliefte	NOU-C(number=sg)	geliefte	
doen	VRB(finiteness=inf)	doen	
dat	PD(type=d-p,position=free)	dat	
my	PD(type=pers,position=free)	ik	
goet	AA(degree=pos,position=free)	goed	
gedaen	VRB(finiteness=pastpart)	doen	
dincken	VRB(finiteness=inf)	dunken	
sal	VRB(finiteness=fin,tense=pres)	zullen	
gedaen	VRB(finiteness=pastpart)	doen	
te	ADP(type=pre)	te	
zijn	VRB(finiteness=inf)	zijn	

Soete	AA(degree=pos,position=prenom)	zoet	
vrient	NOU-C(number=sg)	vriend	
andtwoerde	VRB(finiteness=fin,tense=past)	antwoorden	
zij	PD(type=pers,position=free)	zij	
my	PD(type=pers,position=free)	ik	
laet	VRB(finiteness=fin,tense=pres)	laten	
dy	PD(type=pers,position=free)	du	
niet	ADV(type=reg)	niet	
verdrieten	VRB(finiteness=inf)	verdrieten	
al	CONJ(type=sub)	al	
houdic	VRB(finiteness=fin,tense=pres)+PD(type=pers,position=free)	houden+ik	
dy	PD(type=pers,position=free)	du	
langhe	AA(degree=pos,position=free)	lang	
om	ADP(type=pre)	om	
dijn	PD(type=poss,position=prenom)	dijn	
profijt	NOU-C(number=sg)	profijt	
Dit	PD(type=d-p,subtype=oth,position=prenom)	dit	
relief	NOU-C(number=sg)	relief	
dat	PD(type=d-p,position=free)	dat	
hier	ADV(type=reg)	hier	
ghegeuen	VRB(finiteness=pastpart)	geven	
is	VRB(finiteness=fin,tense=pres)	zijn	
op	ADP(type=pre)	op	
een	PD(type=indef,subtype=art,position=prenom)	een	
tijt	NOU-C(number=sg)	tijd	
ist	VRB(finiteness=fin,tense=pres)+PD(type=pers,position=free)	zijn+het	
geheeten	VRB(finiteness=pastpart)	heten	
vleysch	NOU-C(number=sg)	vlees	
ende	CONJ(type=coor)	en	
bloet	NOU-C(number=sg)	bloed	
op	ADP(type=pre)	op	
een	PD(type=indef,subtype=art,position=prenom)	een	
ander	PD(type=indef,subtype=oth,position=prenom)	ander	
tijt	NOU-C(number=sg)	tijd	
ist	VRB(finiteness=fin,tense=pres)+PD(type=pers,position=free)	zijn+het	
broet	NOU-C(number=sg)	brood	
ende	CONJ(type=coor)	en	
wijn	NOU-C(number=sg)	wijn	
ende	CONJ(type=coor)	en	
is	VRB(finiteness=fin,tense=pres)	zijn	
spijse	NOU-C(number=sg)	spijs	
om	ADP(type=pre)	om	
pelgryms	NOU-C(number=pl)	pelgrim	
In	ADP(type=pre)	in	
figuere	NOU-C(number=sg)	figuur	
ist	VRB(finiteness=fin,tense=pres)+PD(type=pers,position=free)	zijn+het	
broet	NOU-C(number=sg)	brood	
ende	CONJ(type=coor)	en	
wijn	NOU-C(number=sg)	wijn	
nochtan	ADV(type=reg)	nochtan	
ist	VRB(finiteness=fin,tense=pres)+PD(type=pers,position=free)	zijn+het	
warachtelic	AA(degree=pos,position=free)	waarachtelijk	
vleysch	NOU-C(number=sg)	vlees	
ende	CONJ(type=coor)	en	
bloet	NOU-C(number=sg)	bloed	
Ende	CONJ(type=coor)	en	
wert	VRB(finiteness=fin,tense=past)	worden	
soe	ADV(type=reg)	zo	
van	ADP(type=pre)	van	
moises	NOU-P	Mozes	
verandert	VRB(finiteness=pastpart)	veranderen	
wart	VRB(finiteness=fin,tense=past)	worden	
ende	CONJ(type=coor)	en	
bi	ADP(type=pre)	bij	
toedoen	NOU-C(number=sg)	toedoen	
van	ADP(type=pre)	van	
mi	PD(type=pers,position=free)	ik	
dies	CONJ(type=sub)	dies	
haer	PD(type=poss,position=prenom)	haar	
natuer	NOU-C(number=sg)	natuur	
seer	AA(degree=pos,position=free)	zeer	
belcht	VRB(finiteness=fin,tense=pres)	belgen	
Dus	ADV(type=reg)	dus	
ic	PD(type=pers,position=free)	ik	
waerschu	VRB(finiteness=fin,tense=pres)	waarschuwen	
di	PD(type=pers,position=free)	du	
dastu	CONJ(type=sub)+PD(type=pers,position=free)	dat+du	
anders	ADV(type=reg)	anders	
niet	ADV(type=reg)	niet	
en	ADV(type=reg)	ne	
gheloefs	VRB(finiteness=fin,tense=pres)	geloven	
ten	CONJ(type=sub)	tenzij	mw_103
zij	CONJ(type=sub)	tenzij	mw_103
aldus	ADV(type=reg)	aldus	
want	CONJ(type=coor)	want	
du	PD(type=pers,position=free)	du	
[	PC	[	
]	PC	]	
en	ADV(type=reg)	ne	
biste	VRB(finiteness=fin,tense=pres)	zijn	
dy	PD(type=pers,position=free)	du	
niet	ADV(type=reg)	niet	
schuldich	AA(degree=pos,position=free)	schuldig	
te	ADP(type=pre)	te	
houden	VRB(finiteness=inf)	houden	
ant	ADP(type=pre)+PD(type=d-p,subtype=art,position=prenom)	aan+dat	
si	NOU-C(number=sg,WF=mis)	zien	
ant	ADP(type=pre)+PD(type=d-p,subtype=art,position=prenom)	aan+dat	
smaken	NOU-C(number=sg)	smaken	
ant	ADP(type=pre)+PD(type=d-p,subtype=art,position=prenom)	aan+dat	
tasten	NOU-C(number=sg)	tasten	
noch	CONJ(type=coor)	noch	
ant	ADP(type=pre)+PD(type=d-p,subtype=art,position=prenom)	aan+dat	
geuoelen	NOU-C(number=sg)	gevoelen	
Want	CONJ(type=coor)	want	
dese	PD(type=d-p,subtype=oth,position=prenom)	deze	
vier	NUM(type=card,position=prenom,representation=let)	vier	
sinnen	NOU-C(number=pl)	zin	
zijn	VRB(finiteness=fin,tense=pres)	zijn	
hier	ADV(type=pron)	hierin	mw_385
in	ADV(type=pron)	hierin	mw_385
bedroghen	VRB(finiteness=pastpart)	bedriegen	
want	CONJ(type=coor)	want	
zij	PD(type=pers,position=free)	zij	
en	ADV(type=reg)	ne	
begrijpen	VRB(finiteness=fin,tense=pres)	begrijpen	
niet	ADV(type=reg)	niet	
dan	CONJ(type=sub)	dan	
puer	AA(degree=pos,position=prenom)	puur	
broet	NOU-C(number=sg)	brood	
ende	CONJ(type=coor)	en	
wijn	NOU-C(number=sg)	wijn	
Maer	CONJ(type=coor)	maar	
de	PD(type=d-p,subtype=art,position=prenom)	de	
sinne	NOU-C(number=sg)	zin	
vant	ADP(type=pre)+PD(type=d-p,subtype=art,position=prenom)	van+dat	
horen	NOU-C(number=sg)	horen	
die	PD(type=d-p,position=free)	die	
onderwijst	VRB(finiteness=fin,tense=pres)	onderwijzen	
het	PD(type=d-p,subtype=art,position=prenom)	het	
verstant	NOU-C(number=sg)	verstand	
waer	ADV(type=pron)	waarbij	mw_107
by	ADV(type=pron)	waarbij	mw_107
tbeuoelen	PD(type=d-p,subtype=art,position=prenom)+NOU-C(number=sg)	dat+bevoelen	
subtijlste	AA(degree=sup,position=free)	subtiel	
hier	ADV(type=pron)	hierin	mw_386
in	ADV(type=pron)	hierin	mw_386
kennisse	NOU-C(number=sg)	kennis	
heeft	VRB(finiteness=fin,tense=pres)	hebben	
Het	PD(type=w-p,position=free)	hetwelk	mw_590
welck	PD(type=w-p,position=free)	hetwelk	mw_590
wel	ADV(type=reg)	wel	
gefigureert	VRB(finiteness=pastpart)	figureren	
was	VRB(finiteness=fin,tense=past)	zijn	
in	ADP(type=pre)	in	
iacop	NOU-P	Jakob	
ende	CONJ(type=coor)	en	
in	ADP(type=pre)	in	
esau	NOU-P	Esau	
.	PC	.	

want	CONJ(type=coor)	want	
ysaac	NOU-P	Isaak	
meende	VRB(finiteness=fin,tense=past)	menen	
dat	CONJ(type=sub)	dat	
iacop	NOU-P	Jakob	
die	PD(type=d-p,position=free)	die	
hem	PD(type=pers,position=free)	hij	
teten	ADP(type=pre)+VRB(finiteness=inf)	te+eten	
gaf	VRB(finiteness=fin,tense=past)	geven	
esau	NOU-P	Esau	
wair	VRB(finiteness=fin,tense=past)	zijn	
geweest	VRB(finiteness=pastpart)	zijn	
want	CONJ(type=coor)	want	
de	PD(type=d-p,subtype=art,position=prenom)	de	
vier	NUM(type=card,position=prenom,representation=let)	vier	
sinnen	NOU-C(number=pl)	zin	
hadden	VRB(finiteness=fin,tense=past)	hebben	
hem	PD(type=pers,position=free)	hij	
bedroghen	VRB(finiteness=pastpart)	bedriegen	
gelijc	CONJ(type=sub)	gelijk	
du	PD(type=pers,position=free)	du	
beuinden	VRB(finiteness=inf)	bevinden	
suls	VRB(finiteness=fin,tense=pres)	zullen	
ouerlese	VRB(finiteness=fin,tense=pres)	overlezen	
Genesis	NOU-P	Genesis	
.	PC	.	

Maer	CONJ(type=coor)	maar	
niet	ADV(type=reg)	niet	
int	ADP(type=pre)+PD(type=d-p,subtype=art,position=prenom)	in+dat	
horen	NOU-C(number=sg)	horen	
want	CONJ(type=coor)	want	
daer	ADV(type=pron)	daarbij	mw_108
by	ADV(type=pron)	daarbij	mw_108
kende	VRB(finiteness=fin,tense=past)	kennen	
hy	PD(type=pers,position=free)	hij	
zijnen	PD(type=poss,position=prenom)	zijn	
soen	NOU-C(number=sg)	zoon	
iacop	NOU-P	Jakob	
Also	ADV(type=reg)	alzo	
seg	VRB(finiteness=fin,tense=pres)	zeggen	
ic	PD(type=pers,position=free)	ik	
di	PD(type=pers,position=free)	du	
Ist	VRB(finiteness=fin,tense=pres)+PD(type=pers,position=free)	zijn+het	
datstu	CONJ(type=sub)+PD(type=pers,position=free)	dat+du	
dy	PD(type=pers,position=free)	du	
verlaets	VRB(finiteness=fin,tense=pres)	verlaten	
op	ADP(type=pre)	op	
dese	PD(type=d-p,subtype=oth,position=prenom)	deze	
vier	NUM(type=card,position=prenom,representation=let)	vier	
sinnen	NOU-C(number=pl)	zin	
du	PD(type=pers,position=free)	du	
suls	VRB(finiteness=fin,tense=pres)	zullen	
van	ADP(type=pre)	van	
als	PD(type=indef,position=free)	al	
bedrogen	VRB(finiteness=pastpart)	bedriegen	
zijn	VRB(finiteness=inf)	zijn	
want	CONJ(type=coor)	want	
sottelic	ADV(type=reg)	zottelijk	
sulstu	VRB(finiteness=fin,tense=pres)+PD(type=pers,position=free)	zullen+du	
meenen	VRB(finiteness=inf)	menen	
dat	CONJ(type=sub)	dat	
vleysch	NOU-C(number=sg)	vlees	
broet	NOU-C(number=sg)	brood	
is	VRB(finiteness=fin,tense=pres)	zijn	
[	PC	[	
]	PC	]	
ende	CONJ(type=coor)	en	
dat	CONJ(type=sub)	dat	
bloet	NOU-C(number=sg)	bloed	
wijn	NOU-C(number=sg)	wijn	
is	VRB(finiteness=fin,tense=pres)	zijn	
want	CONJ(type=coor)	want	
de	PD(type=d-p,subtype=art,position=prenom)	de	
waerheyt	NOU-C(number=sg)	waarheid	
en	ADV(type=reg)	ne	
mach	VRB(finiteness=fin,tense=pres)	mogen	
by	ADP(type=pre)	bij	
dese	PD(type=d-p,subtype=oth,position=prenom)	deze	
vier	NUM(type=card,position=free,representation=let)	vier	
niet	ADV(type=reg)	niet	
begrepen	VRB(finiteness=pastpart)	begrijpen	
warden	VRB(finiteness=inf)	worden	
Ant	ADP(type=pre)+PD(type=d-p,subtype=art,position=prenom)	aan+dat	
horen	NOU-C(number=sg)	horen	
houdt	VRB(finiteness=fin,tense=pres)	houden	
v	PD(type=pers,position=free)	gij	
alleen	AA(degree=pos,position=free)	alleen	
ende	CONJ(type=coor)	en	
geloeft	VRB(finiteness=fin,tense=pres)	geloven	
ende	CONJ(type=coor)	en	
hebt	VRB(finiteness=fin,tense=pres)	hebben	
betrouwen	NOU-C(number=sg)	betrouwen	
Ende	CONJ(type=coor)	en	
du	PD(type=pers,position=free)	du	
suls	VRB(finiteness=fin,tense=pres)	zullen	
beuinden	VRB(finiteness=inf)	bevinden	
dat	CONJ(type=sub)	dat	
het	PD(type=pers,position=free)	het	
broet	NOU-C(number=sg)	brood	
noch	CONJ(type=coor)	noch	
wijn	NOU-C(number=sg)	wijn	
en	ADV(type=reg)	ne	
is	VRB(finiteness=fin,tense=pres)	zijn	
Maer	CONJ(type=coor)	maar	
dat	PD(type=d-p,subtype=oth,position=prenom)	datzelve	mw_202
selue	PD(type=d-p,subtype=oth,position=prenom)	datzelve	mw_202
vleysch	NOU-C(number=sg)	vlees	
dat	PD(type=d-p,position=free)	dat	
om	ADP(type=pre)	om	
di	PD(type=pers,position=free)	du	
ant	ADP(type=pre)+PD(type=d-p,subtype=art,position=prenom)	aan+dat	
cruce	NOU-C(number=sg)	kruis	
ghehangen	VRB(finiteness=pastpart)	hangen	
was	VRB(finiteness=fin,tense=past)	zijn	
Ende	CONJ(type=coor)	en	
wilstu	VRB(finiteness=fin,tense=pres)+PD(type=pers,position=free)	willen+ du	
dit	PD(type=d-p,subtype=oth,position=prenom)	dit	
broet	NOU-C(number=sg)	brood	
eten	VRB(finiteness=inf)	eten	
heylichlic	ADV(type=reg)	heiliglijk	
ende	CONJ(type=coor)	en	
deuotelic	ADV(type=reg)	devotelijk	
soe	ADV(type=reg)	zo	
segt	VRB(finiteness=fin,tense=pres)	zeggen	
dat	CONJ(type=sub)	dat	
het	PD(type=pers,position=free)	het	
is	VRB(finiteness=fin,tense=pres)	zijn	
dat	PD(type=d-p,subtype=oth,position=prenom)	dat	
broet	NOU-C(number=sg)	brood	
des	PD(type=d-p,subtype=art,position=prenom)	dat	
leuens	NOU-C(number=sg)	leven	
daer	ADV(type=pron)	daaraf	mw_501
of	ADV(type=pron)	daaraf	mw_501
al	PD(type=indef,position=free)	al	
de	PD(type=d-p,subtype=art,position=prenom)	de	
werelt	NOU-C(number=sg)	wereld	
voetsel	NOU-C(number=sg)	voedsel	
heeft	VRB(finiteness=fin,tense=pres)	hebben	
Dit	PD(type=d-p,position=free)	dit	
wilt	VRB(finiteness=fin,tense=pres)	willen	
houden	VRB(finiteness=inf)	houden	
in	ADP(type=pre)	in	
ghewoente	NOU-C(number=sg)	gewoonte	
aldus	ADV(type=reg)	aldus	
te	ADP(type=pre)	te	
noemen	VRB(finiteness=inf)	noemen	
Broet	NOU-C(number=sg)	brood	
heytet	VRB(finiteness=fin,tense=pres)+PD(type=pers,position=free)	heten+het	
dat	PD(type=d-p,position=free)	dat	
vanden	ADP(type=pre)+PD(type=d-p,subtype=art,position=prenom)	van+de	
hemel	NOU-C(number=sg)	hemel	
quam	VRB(finiteness=fin,tense=past)	komen	
om	ADP(type=pre)	om	
tvolc	PD(type=d-p,subtype=art,position=prenom)+NOU-C(number=sg)	dat+ volk	
te	ADP(type=pre)	te	
voeden	VRB(finiteness=inf)	voeden	
.	PC	.	

Ende	CONJ(type=coor)	en	
dat	CONJ(type=sub)	dat	
elc	PD(type=indef,subtype=oth,position=prenom)	elk	
goet	AA(degree=pos,position=prenom)	goed	
pelgrym	NOU-C(number=sg)	pelgrim	
dat	PD(type=d-p,position=free)	dat	
schuldich	AA(degree=pos,position=free)	schuldig	
is	VRB(finiteness=fin,tense=pres)	zijn	
te	ADP(type=pre)	te	
doen	VRB(finiteness=inf)	doen	
in	ADP(type=pre)	in	
zijn	PD(type=poss,position=prenom)	zijn	
male	NOU-C(number=sg)	maal	
Ic	PD(type=pers,position=free)	ik	
seg	VRB(finiteness=fin,tense=pres)	zeggen	
di	PD(type=pers,position=free)	du	
noch	ADV(type=reg)	nog	
en	ADV(type=reg)	ne	
ghef	VRB(finiteness=fin,tense=pres)	geven	
geen	PD(type=indef,subtype=oth,position=prenom)	geen	
goloue	NOU-C(number=sg,WF=mis)	geloof	
int	ADP(type=pre)+PD(type=d-p,subtype=art,position=prenom)	in+dat	
sien	NOU-C(number=sg)	zien	
maer	CONJ(type=coor)	maar	
alleen	AA(degree=pos,position=free)	alleen	
ant	ADP(type=pre)+PD(type=d-p,subtype=art,position=prenom)	aan+dat	
horen	NOU-C(number=sg)	horen	
Dus	ADV(type=reg)	dus	
so	ADV(type=reg)	zo	
moechsture	VRB(finiteness=fin,tense=pres)+PD(type=pers,position=free)+ADV(type=pron)	mogen+du+eraf	mw_472
wel	ADV(type=reg)	wel	
of	VRB(finiteness=fin,tense=pres)+PD(type=pers,position=free)+ADV(type=pron)	mogen+du+eraf	mw_472
keren	VRB(finiteness=inf)	keren	
na	CONJ(type=sub)	nadat	mw_199
dat	CONJ(type=sub)	nadat	mw_199
icker	PD(type=pers,position=free)+ADV(type=pron)	ik+eraf	mw_399
di	PD(type=pers,position=free)	du	
of	PD(type=pers,position=free)+ADV(type=pron)	ik+eraf	mw_399
seggen	VRB(finiteness=inf)	zeggen	
sal	VRB(finiteness=fin,tense=pres)	zullen	

Uanden	ADP(type=pre)+PD(type=d-p,subtype=art,position=prenom)	van+de	
hantscoen	NOU-C(number=pl)	handschoen	
so	ADV(type=reg)	zo	
seg	VRB(finiteness=fin,tense=pres)	zeggen	
ic	PD(type=pers,position=free)	ik	
dij	PD(type=pers,position=free)	du	
oeck	ADV(type=reg)	ook	
dattet	CONJ(type=sub)+PD(type=pers,position=free)	dat+het	
noot	NOU-C(number=sg)	nood	
is	VRB(finiteness=fin,tense=pres)	zijn	
datstuse	CONJ(type=sub)+PD(type=pers,position=free)+PD(type=pers,position=free)	dat+du+zij	
wel	ADV(type=reg)	wel	
bewaers	VRB(finiteness=fin,tense=pres)	bewaren	
want	CONJ(type=coor)	want	
waerstu	VRB(finiteness=fin,tense=past)+PD(type=pers,position=free)	zijn+du	
in	ADP(type=pre)	in	
de	PD(type=d-p,subtype=art,position=prenom)	de	
hant	NOU-C(number=sg)	hand	
gequest	VRB(finiteness=pastpart)	kwetsen	
du	PD(type=pers,position=free)	du	
souts	VRB(finiteness=fin,tense=past)	zullen	
luttel	PD(type=indef,position=free)	luttel	
connen	VRB(finiteness=inf)	kunnen	
gedoen	VRB(finiteness=inf)	gedoen	
mitten	ADP(type=pre)+PD(type=d-p,subtype=art,position=prenom)	met+de	
anderen	PD(type=indef,subtype=oth,position=prenom)	ander	
leden	NOU-C(number=pl)	lid	
De	PD(type=d-p,subtype=art,position=prenom)	de	
handen	NOU-C(number=pl)	hand	
die	PD(type=d-p,position=free)	die	
sculdich	AA(degree=pos,position=free)	schuldig	
sijn	VRB(finiteness=fin,tense=pres)	zijn	
gewapent	VRB(finiteness=pastpart)	wapenen	
te	ADP(type=pre)	te	
sijn	VRB(finiteness=inf)	zijn	
mitten	ADP(type=pre)+PD(type=d-p,subtype=art,position=prenom)	met+de	
hantscoen	NOU-C(number=pl)	handschoen	
dat	PD(type=d-p,position=free)	dat	
is	VRB(finiteness=fin,tense=pres)	zijn	
tastinge	NOU-C(number=sg)	tasting	
ende	CONJ(type=coor)	en	
pollucie	NOU-C(number=sg)	pollutie	
.	PC	.	

want	CONJ(type=coor)	want	
hoe	CONJ(type=sub)	hoewel	mw_390
wel	CONJ(type=sub)	hoewel	mw_390
dat	CONJ(type=sub)	dat	
[	PC	[	
]	PC	]	
men	PD(type=pers,position=free)	men	
ant	ADP(type=pre)+PD(type=d-p,subtype=art,position=prenom)	aan+dat	
geheel	AA(degree=pos,position=prenom)	geheel	
lichaem	NOU-C(number=sg)	lichaam	
tasten	NOU-C(number=sg)	tasten	
ende	CONJ(type=coor)	en	
geuoelen	NOU-C(number=sg)	gevoelen	
heeft	VRB(finiteness=fin,tense=pres)	hebben	
nochtans	ADV(type=reg)	nochtans	
inde	ADP(type=pre)+PD(type=d-p,subtype=art,position=prenom)	in+de	
handen	NOU-C(number=pl)	hand	
ist	VRB(finiteness=fin,tense=pres)+PD(type=d-p,subtype=art,position=prenom)	zijn+dat	
tasten	NOU-C(number=sg)	tasten	
principalic	ADV(type=reg)	principaallijk	
Ende	CONJ(type=coor)	en	
dair	ADV(type=pron)	daarbij	mw_76
bi	ADV(type=pron)	daarbij	mw_76
verstae	VRB(finiteness=fin,tense=pres)	verstaan	
ic	PD(type=pers,position=free)	ik	
het	PD(type=d-p,subtype=art,position=prenom)	het	
tasten	NOU-C(number=sg)	tasten	
principalic	ADV(type=reg)	principaallijk	
bijden	ADP(type=pre)+PD(type=d-p,subtype=art,position=prenom)	bij+de	
handen	NOU-C(number=pl)	hand	
De	PD(type=d-p,subtype=art,position=prenom)	de	
hantscoen	NOU-C(number=pl)	handschoen	
daer	ADV(type=pron)	daarmede	mw_458
mede	ADV(type=pron)	daarmede	mw_458
du	PD(type=pers,position=free)	du	
voer	ADP(type=pre)	voor	
dit	PD(type=d-p,subtype=oth,position=prenom)	dit	
tasten	NOU-C(number=sg)	tasten	
gewapent	VRB(finiteness=pastpart)	wapenen	
sult	VRB(finiteness=fin,tense=pres)	zullen	
sijn	VRB(finiteness=inf)	zijn	
die	PD(type=d-p,position=free)	die	
sijn	VRB(finiteness=fin,tense=pres)	zijn	
geseit	VRB(finiteness=pastpart)	zeggen	
te	ADP(type=pre)	te	
wesen	VRB(finiteness=inf)	wezen	
een	PD(type=indef,subtype=art,position=prenom)	een	
derden	NUM(type=ord,position=prenom,representation=let)	derde	
deel	NOU-C(number=sg)	deel	
van	ADP(type=pre)	van	
ghetempertheit	NOU-C(number=sg)	getemperdheid	
datmen	PD(type=d-p,position=free)+PD(type=pers,position=free)	dat+men	
noemt	VRB(finiteness=fin,tense=pres)	noemen	
continencia	NOU-C(number=sg)	continentia	
.	PC	.	

de	PD(type=w-p,position=free)	dewelke	mw_225
welcke	PD(type=w-p,position=free)	dewelke	mw_225
dubbelt	AA(degree=pos,position=prenom)	dubbel	
verstant	NOU-C(number=sg)	verstand	
in	VRB(finiteness=fin,tense=pres)	inhebben	mw_377
heeft	VRB(finiteness=fin,tense=pres)	inhebben	mw_377
als	CONJ(type=sub)	als	
inder	ADP(type=pre)+PD(type=d-p,subtype=art,position=prenom)	in+de	
daet	NOU-C(number=sg)	daad	
ende	CONJ(type=coor)	en	
inde	ADP(type=pre)+PD(type=d-p,subtype=art,position=prenom)	in+de	
wille	NOU-C(number=sg)	wil	
.	PC	.	

want	CONJ(type=coor)	want	
de	PD(type=d-p,subtype=art,position=prenom)	de	
daet	NOU-C(number=sg)	daad	
en	ADV(type=reg)	ne	
waer	VRB(finiteness=fin,tense=past)	zijn	
niet	ADV(type=reg)	niet	
genoech	PD(type=indef,position=free)	genoeg	
en	ADV(type=reg)	ne	
waerder	VRB(finiteness=fin,tense=past)+ADV(type=pron)	zijn+ermede	mw_437296
de	PD(type=d-p,subtype=art,position=prenom)	de	
wille	NOU-C(number=sg)	wil	
niet	ADV(type=reg)	niet	
mede	VRB(finiteness=fin,tense=past)+ADV(type=pron)	zijn+ermede	mw_437296
Een	PD(type=indef,subtype=art,position=prenom)	een	
man	NOU-C(number=sg)	man	
en	ADV(type=reg)	ne	
waer	VRB(finiteness=fin,tense=past)	zijn	
nimmermeer	ADV(type=reg)	nimmermeer	
wel	ADV(type=reg)	wel	
ghewapent	VRB(finiteness=pastpart)	wapenen	
mit	ADP(type=pre)	met	
een	PD(type=indef,subtype=art,position=prenom)	een	
hantscoen	NOU-C(number=sg)	handschoen	
dat	PD(type=d-p,position=free)	dat	
is	VRB(finiteness=fin,tense=pres)	zijn	
de	PD(type=d-p,subtype=art,position=prenom)	de	
wille	NOU-C(number=sg)	wil	
ende	CONJ(type=coor)	en	
de	PD(type=d-p,subtype=art,position=prenom)	de	
daet	NOU-C(number=sg)	daad	
behoren	VRB(finiteness=fin,tense=pres)	behoren	
te	ADV(type=reg)	tegader	mw_322
gader	ADV(type=reg)	tegader	mw_322
Dese	PD(type=d-p,subtype=oth,position=prenom)	deze	
continency	NOU-C(number=sg)	continentie	
aldus	ADV(type=reg)	aldus	
gedubbeleert	VRB(finiteness=pastpart)	dubbeleren	
wort	VRB(finiteness=fin,tense=pres)	worden	
van	ADP(type=pre)	van	
enigen	PD(type=indef,position=free)	enig	
genoemt	VRB(finiteness=pastpart)	noemen	
winnebroots	NOU-C(number=sg)	winnebrood	
want	CONJ(type=coor)	want	
bi	ADP(type=pre)	bij	
hem	PD(type=pers,position=free)	hij	
dats	PD(type=d-p,position=free)+VRB(finiteness=fin,tense=pres)	dat+zijn	
mitten	ADP(type=pre)+PD(type=d-p,subtype=art,position=prenom)	met+de	
hantscoen	NOU-C(number=sg)	handschoen	
wintmen	VRB(finiteness=fin,tense=pres)+PD(type=pers,position=free)	winnen+men	
broot	NOU-C(number=sg)	brood	
daer	ADV(type=pron)	daarbij	mw_77
bi	ADV(type=pron)	daarbij	mw_77
dat	CONJ(type=sub)	dat	
die	PD(type=d-p,subtype=art,position=prenom)	de	
menschelike	AA(degree=pos,position=prenom)	menselijk	
natuer	NOU-C(number=sg)	natuur	
bi	ADV(type=reg)	bij	
gheuoedt	VRB(finiteness=pastpart)	voeden	
wort	VRB(finiteness=fin,tense=pres)	worden	
ghelijc	CONJ(type=sub)	gelijk	
gefigureert	VRB(finiteness=pastpart)	figureren	
is	VRB(finiteness=fin,tense=pres)	zijn	
lange	AA(degree=pos,position=prenom)	lang	
tijt	NOU-C(number=sg)	tijd	
hier	ADV(type=reg)	hier	
te	ADV(type=reg)	tevoren	mw_580
voren	ADV(type=reg)	tevoren	mw_580
ghelijc	CONJ(type=sub)	gelijk	
alstu	CONJ(type=sub)+PD(type=pers,position=free)	als+du	
vinden	VRB(finiteness=inf)	vinden	
moechts	VRB(finiteness=fin,tense=pres)	mogen	
wilstu	VRB(finiteness=fin,tense=pres)+PD(type=pers,position=free)	willen+ du	
studeren	VRB(finiteness=inf)	studeren	
inder	ADP(type=pre)+PD(type=d-p,subtype=art,position=prenom)	in+de	
coningen	NOU-C(number=pl)	koning	
boec	NOU-C(number=sg)	boek	
Dese	PD(type=d-p,subtype=oth,position=prenom)	deze	
winnebroots	NOU-C(number=sg)	winnebrood	
hadde	VRB(finiteness=fin,tense=past)	hebben	
hier	ADV(type=reg)	hier	
voretijts	ADV(type=reg)	voortijds	
sinte	NOU-P	Sint-Bernard	mw_360272
barnaert	NOU-P	Sint-Bernard	mw_360272
.	PC	.	

als	CONJ(type=sub)	als	
twijf	PD(type=d-p,subtype=art,position=prenom)+NOU-C(number=sg)	dat+wijf	
by	ADP(type=pre)	bij	
hem	PD(type=pers,position=free)	hij	
al	ADV(type=reg)	al	
naect	AA(degree=pos,position=free)	naakt	
lach	VRB(finiteness=fin,tense=past)	liggen	
ende	CONJ(type=coor)	en	
ontcleet	VRB(finiteness=pastpart)	ontkleden	
maer	ADV(type=reg)	maar	
wat	PD(type=w-p,position=free)	wat	
dat	PD(type=d-p,position=free)	dat	
si	PD(type=pers,position=free)	zij	
hem	PD(type=pers,position=free)	hij	
vermaende	VRB(finiteness=fin,tense=past)	vermanen	
.	PC	.	

of	CONJ(type=coor)	of	
wat	PD(type=w-p,position=free)	wat	
si	PD(type=pers,position=free)	zij	
hem	PD(type=pers,position=free)	hij	
aen	VRB(finiteness=fin,tense=past)	aantasten	mw_3
taste	VRB(finiteness=fin,tense=past)	aantasten	mw_3
nye	ADV(type=reg)	nie	
en	ADV(type=reg)	ne	
wast	VRB(finiteness=fin,tense=past)+PD(type=pers,position=free)	zijn+het	
in	ADP(type=pre)	in	
hair	PD(type=poss,position=prenom)	haar	
moege	NOU-C(number=sg)	meug	
wat	PD(type=w-p,position=free)	wat	
si	PD(type=pers,position=free)	zij	
daer	ADV(type=pron)	daartoe	mw_185
toe	ADV(type=pron)	daartoe	mw_185
dede	VRB(finiteness=fin,tense=past)	doen	
om	ADP(type=pre)	om	
hem	PD(type=pers,position=free)	hij	
te	ADP(type=pre)	te	
doen	VRB(finiteness=inf)	doen	
keren	VRB(finiteness=inf)	keren	
tot	ADP(type=pre)	tot	
haer	PD(type=pers,position=free)	zij	
toe	ADV(type=reg)	toe	
.	PC	.	

want	CONJ(type=coor)	want	
alle	PD(type=indef,position=free)	al	
haer	PD(type=poss,position=prenom)	haar	
tasten	NOU-C(number=sg)	tasten	
ende	CONJ(type=coor)	en	
spreken	NOU-C(number=sg)	spreken	
en	ADV(type=reg)	ne	
geuoelde	VRB(finiteness=fin,tense=past)	gevoelen	
hi	PD(type=pers,position=free)	hij	
niet	ADV(type=reg)	niet	
alsoe	ADV(type=reg)	alzo	
was	VRB(finiteness=fin,tense=past)	zijn	
hi	PD(type=pers,position=free)	hij	
ghewapent	VRB(finiteness=pastpart)	wapenen	
mit	ADP(type=pre)	met	
desen	PD(type=d-p,subtype=oth,position=prenom)	deze	
tween	NUM(type=card,position=prenom,representation=let)	twee	
voerscreuen	AA(degree=pos,position=prenom)	voorschreven	
hantscoen	NOU-C(number=pl)	handschoen	
Doir	ADP(type=pre)	door	
twelc	PD(type=w-p,position=free)	hetwelk	
van	ADP(type=pre)	van	
noots	ADV(type=reg)	noodswege	mw_586
wegen	ADV(type=reg)	noodswege	mw_586
hem	PD(type=pers,position=free)	hij	
laten	VRB(finiteness=inf)	laten	
moest	VRB(finiteness=fin,tense=past)	moeten	
ende	CONJ(type=coor)	en	
van	ADP(type=pre)	van	
hem	PD(type=pers,position=free)	hij	
[	PC	[	
]	PC	]	
scheide	VRB(finiteness=fin,tense=past)	scheiden	
al	ADV(type=reg)	al	
bescaemt	VRB(finiteness=pastpart)	beschamen	
ende	CONJ(type=coor)	en	
sonder	ADP(type=pre)	zonder	
hem	PD(type=pers,position=free)	hij	
te	ADP(type=pre)	te	
quetsen	VRB(finiteness=inf)	kwetsen	
ghinc	VRB(finiteness=fin,tense=past)	gaan	
si	PD(type=pers,position=free)	zij	
van	ADP(type=pre)	van	
hem	PD(type=pers,position=free)	hij	
ende	CONJ(type=coor)	en	
dat	PD(type=d-p,position=free)	dat	
deden	VRB(finiteness=fin,tense=past)	doen	
die	PD(type=d-p,subtype=art,position=prenom)	de	
hantschoen	NOU-C(number=pl)	handschoen	
daer	ADV(type=pron)	daarmede	mw_147
mede	ADV(type=pron)	daarmede	mw_147
hi	PD(type=pers,position=free)	hij	
gewapent	VRB(finiteness=pastpart)	wapenen	
was	VRB(finiteness=fin,tense=past)	zijn	
.	PC	.	

Ende	CONJ(type=coor)	en	
daer	ADV(type=pron)	daarbij	mw_78
bi	ADV(type=pron)	daarbij	mw_78
radic	VRB(finiteness=fin,tense=pres)+PD(type=pers,position=free)	raden+ik	
dy	PD(type=pers,position=free)	du	
datstu	CONJ(type=sub)+PD(type=pers,position=free)	dat+du	
di	PD(type=pers,position=free)	du	
oec	ADV(type=reg)	ook	
daer	ADV(type=pron)	daarmede	mw_160
mede	ADV(type=pron)	daarmede	mw_160
wapens	VRB(finiteness=fin,tense=pres)	wapenen	
ende	CONJ(type=coor)	en	
daer	ADV(type=pron)	daarom	mw_176
om	ADV(type=pron)	daarom	mw_176
heb	VRB(finiteness=fin,tense=pres)	hebben	
icse	PD(type=pers,position=free)+PD(type=pers,position=free)	ik+zij	
di	PD(type=pers,position=free)	du	
gebracht	VRB(finiteness=pastpart)	brengen	

[	PC	[	
]	PC	]	
Als	CONJ(type=sub)	als	
ic	PD(type=pers,position=free)	ik	
my	PD(type=refl,position=free)	mij	
seluen	PD(type=d-p,position=free)	zelf	
gewapent	VRB(finiteness=pastpart)	wapenen	
vant	VRB(finiteness=fin,tense=past)	vinden	
ende	CONJ(type=coor)	en	
tgewichte	PD(type=d-p,subtype=art,position=prenom)+NOU-C(number=sg)	dat+gewicht	
op	ADP(type=pre)	op	
mijn	PD(type=poss,position=prenom)	mijn	
leden	NOU-C(number=pl)	lid	
beuoelde	VRB(finiteness=fin,tense=past)	bevoelen	
ende	CONJ(type=coor)	en	
datse	CONJ(type=sub)+PD(type=pers,position=free)	dat+zij	
my	PD(type=pers,position=free)	ik	
bezwaerden	VRB(finiteness=fin,tense=past)	bezwaren	
so	ADV(type=reg)	zo	
andwoerde	VRB(finiteness=fin,tense=past)	antwoorden	
ic	PD(type=pers,position=free)	ik	
gracien	NOU-C(number=sg)	gratie	
ende	CONJ(type=coor)	en	
seyde	VRB(finiteness=fin,tense=past)	zeggen	
O	INT	o	
vrouwe	NOU-C(number=sg)	vrouw	
ic	PD(type=pers,position=free)	ik	
bidde	VRB(finiteness=fin,tense=pres)	bidden	
v	PD(type=pers,position=free)	gij	
op	ADP(type=pre)	op	
ghenaden	NOU-C(number=sg)	genade	
al	CONJ(type=sub)	al	
ist	VRB(finiteness=fin,tense=pres)+PD(type=pers,position=free)	zijn+het	
dat	CONJ(type=sub)	dat	
ic	PD(type=pers,position=free)	ik	
v	PD(type=pers,position=free)	gij	
clage	VRB(finiteness=fin,tense=pres)	klagen	
dat	CONJ(type=sub)	dat	
ghi	PD(type=pers,position=free)	gij	
v	PD(type=pers,position=free)	gij	
niet	ADV(type=reg)	niet	
belghen	VRB(finiteness=inf)	belgen	
en	ADV(type=reg)	ne	
wilt	VRB(finiteness=fin,tense=pres)	willen	
want	CONJ(type=coor)	want	
dese	PD(type=d-p,subtype=oth,position=prenom)	deze	
wapenen	NOU-C(number=pl)	wapen	
beswaren	VRB(finiteness=fin,tense=pres)	bezwaren	
mi	PD(type=pers,position=free)	ik	
so	ADV(type=reg)	zo	
zeer	AA(degree=pos,position=free)	zeer	
dat	CONJ(type=sub)	dat	
ic	PD(type=pers,position=free)	ik	
qualic	ADV(type=reg)	kwalijk	
voert	VRB(finiteness=inf)	voortgaan	mw_325
gaen	VRB(finiteness=inf)	voortgaan	mw_325
mach	VRB(finiteness=fin,tense=pres)	mogen	
Ende	CONJ(type=coor)	en	
ic	PD(type=pers,position=free)	ik	
beducht	VRB(finiteness=fin,tense=pres)	beduchten	
my	PD(type=refl,position=free)	mij	
zeer	AA(degree=pos,position=free)	zeer	
hier	ADV(type=reg)	hier	
te	ADP(type=pre)	te	
moeten	VRB(finiteness=inf)	moeten	
bliuen	VRB(finiteness=inf)	blijven	
of	CONJ(type=sub)	of	
alle	PD(type=indef,position=free)	al	
de	PD(type=d-p,subtype=art,position=prenom)	de	
wapen	NOU-C(number=pl)	wapen	
weder	ADV(type=reg)	weder	
moeten	VRB(finiteness=inf)	moeten	
of	VRB(finiteness=inf)	afdoen	mw_282
doen	VRB(finiteness=inf)	afdoen	mw_282
Den	PD(type=d-p,subtype=art,position=prenom)	de	
helm	NOU-C(number=sg)	helm	
alder	AA(degree=sup,position=free)	allereerst	mw_29
eerst	AA(degree=sup,position=free)	allereerst	mw_29
die	PD(type=d-p,position=free)	die	
my	PD(type=pers,position=free)	ik	
al	AA(degree=pos,position=free)	algeheel	mw_353
gheheel	AA(degree=pos,position=free)	algeheel	mw_353
verdoeft	VRB(finiteness=fin,tense=pres)	verdoven	
ende	CONJ(type=coor)	en	
verblint	VRB(finiteness=fin,tense=pres)	verblinden	
dat	CONJ(type=sub)	dat	
ic	PD(type=pers,position=free)	ik	
niet	PD(type=indef,position=free)	niet	
en	ADV(type=reg)	ne	
sie	VRB(finiteness=fin,tense=pres)	zien	
noch	CONJ(type=coor)	noch	
en	ADV(type=reg)	ne	
hoer	VRB(finiteness=fin,tense=pres)	horen	
dat	PD(type=d-p,position=free)	dat	
mi	PD(type=pers,position=free)	ik	
onuerdragelic	AA(degree=pos,position=free)	onverdraaglijk	
is	VRB(finiteness=fin,tense=pres)	zijn	
Oec	ADV(type=reg)	ook	
mede	ADV(type=reg)	mede	
mijn	PD(type=poss,position=prenom)	mijn	
gorgiere	NOU-C(number=sg)	gorgier	
rampe	NOU-C(number=sg)	ramp	
moetse	VRB(finiteness=fin,tense=pres)+PD(type=pers,position=free)	moeten+zij	
hebben	VRB(finiteness=inf)	hebben	
nijpt	VRB(finiteness=fin,tense=pres)	nijpen	
my	PD(type=pers,position=free)	ik	
soe	ADV(type=reg)	zo	
dat	CONJ(type=sub)	dat	
my	PD(type=pers,position=free)	ik	
dunct	VRB(finiteness=fin,tense=pres)	dunken	
dat	CONJ(type=sub)	dat	
ic	PD(type=pers,position=free)	ik	
worge	VRB(finiteness=fin,tense=pres)	wurgen	
ende	CONJ(type=coor)	en	
qualic	ADV(type=reg)	kwalijk	
spreken	VRB(finiteness=inf)	spreken	
mach	VRB(finiteness=fin,tense=pres)	mogen	
of	CONJ(type=coor)	of	
yet	PD(type=indef,position=free)	iet	
nemen	VRB(finiteness=inf)	nemen	
mach	VRB(finiteness=fin,tense=pres)	mogen	
dat	PD(type=d-p,position=free)	dat	
mijn	PD(type=poss,position=prenom)	mijn	
lichaem	NOU-C(number=sg)	lichaam	
van	ADP(type=pre)	van	
node	NOU-C(number=sg)	nood	
is	VRB(finiteness=fin,tense=pres)	zijn	
De	PD(type=d-p,subtype=art,position=prenom)	de	
hantschoen	NOU-C(number=pl)	handschoen	
quetsen	VRB(finiteness=fin,tense=pres)	kwetsen	
my	PD(type=pers,position=free)	ik	
bouen	ADV(type=reg)	bovenmate	mw_92
mate	ADV(type=reg)	bovenmate	mw_92
opt	ADP(type=pre)+PD(type=d-p,subtype=art,position=prenom)	op+dat	
corte	NOU-C(number=sg)	kort	
al	ADV(type=reg)	alzo	mw_24
soe	ADV(type=reg)	alzo	mw_24
seg	VRB(finiteness=fin,tense=pres)	zeggen	
ic	PD(type=pers,position=free)	ik	
van	ADP(type=pre)	van	
alle	PD(type=indef,position=free)	al	
dander	PD(type=d-p,subtype=art,position=prenom)+NUM(type=ord,position=free,representation=let)	de+ander	
wapenen	NOU-C(number=pl)	wapen	
[	PC	[	
]	PC	]	
want	CONJ(type=coor)	want	
alle	PD(type=indef,position=free)	al	
quetsen	VRB(finiteness=fin,tense=pres)	kwetsen	
zij	PD(type=pers,position=free)	zij	
my	PD(type=pers,position=free)	ik	
so	ADV(type=reg)	zo	
seer	AA(degree=pos,position=free)	zeer	
dat	CONJ(type=sub)	dat	
ict	PD(type=pers,position=free)+PD(type=pers,position=free)	ik+het	
van	ADP(type=pre)	van	
pinen	NOU-C(number=sg)	pijn	
niet	ADV(type=reg)	niet	
vertellen	VRB(finiteness=inf)	vertellen	
en	ADV(type=reg)	ne	
mach	VRB(finiteness=fin,tense=pres)	mogen	
want	CONJ(type=coor)	want	
ic	PD(type=pers,position=free)	ik	
ben	VRB(finiteness=fin,tense=pres)	zijn	
begrepen	VRB(finiteness=pastpart)	begrijpen	
ghelijc	CONJ(type=sub)	gelijk	
dauid	NOU-P	David	
was	VRB(finiteness=fin,tense=past)	zijn	
die	PD(type=d-p,position=free)	die	
niet	ADV(type=reg)	niet	
gewoen	AA(degree=pos,position=free)	gewoon	
en	ADV(type=reg)	ne	
was	VRB(finiteness=fin,tense=past)	zijn	
wapen	NOU-C(number=sg)	wapen	
te	ADP(type=pre)	te	
draghen	VRB(finiteness=inf)	dragen	
want	CONJ(type=coor)	want	
hy	PD(type=pers,position=free)	hij	
was	VRB(finiteness=fin,tense=past)	zijn	
gewapent	VRB(finiteness=pastpart)	wapenen	
maer	CONJ(type=coor)	maar	
hy	PD(type=pers,position=free)	hij	
deedse	VRB(finiteness=fin,tense=past)+PD(type=pers,position=free)	uitdoen+zij	mw_99
wt	VRB(finiteness=fin,tense=past)+PD(type=pers,position=free)	uitdoen+zij	mw_99
weder	ADV(type=reg)	weder	
lichtelic	ADV(type=reg)	lichtelijk	
Dus	ADV(type=reg)	dus	
so	ADV(type=reg)	zo	
wil	VRB(finiteness=fin,tense=pres)	willen	
ic	PD(type=pers,position=free)	ik	
doen	VRB(finiteness=inf)	doen	
als	CONJ(type=sub)	als	
hij	PD(type=pers,position=free)	hij	
dede	VRB(finiteness=fin,tense=past)	doen	
ende	CONJ(type=coor)	en	
ontladen	VRB(finiteness=pastpart)	ontladen	
my	PD(type=refl,position=free)	mij	
van	ADP(type=pre)	van	
den	PD(type=d-p,subtype=art,position=prenom)	dat	
harnaschen	NOU-C(number=sg)	harnas	
ende	CONJ(type=coor)	en	
leggense	VRB(finiteness=inf)+PD(type=pers,position=free)	afleggen+zij	mw_427
of	VRB(finiteness=inf)+PD(type=pers,position=free)	afleggen+zij	mw_427
al	ADV(type=reg)	altezamen	mw_25
te	ADV(type=reg)	altezamen	mw_25
samen	ADV(type=reg)	altezamen	mw_25
ende	CONJ(type=coor)	en	
passeren	VRB(finiteness=inf)	passeren	
met	ADP(type=pre)	met	
mijn	PD(type=poss,position=prenom)	mijn	
palster	NOU-C(number=sg)	palster	
.	PC	.	

Het	PD(type=pers,position=free)	het	
is	VRB(finiteness=fin,tense=pres)	zijn	
beter	AA(degree=comp,position=free)	beter	
dat	CONJ(type=sub)	dat	
ic	PD(type=pers,position=free)	ik	
my	PD(type=refl,position=free)	mij	
ontlade	VRB(finiteness=fin,tense=pres)	ontladen	
dan	CONJ(type=sub)	dan	
dat	CONJ(type=sub)	dat	
ic	PD(type=pers,position=free)	ik	
hier	ADV(type=reg)	hier	
bleue	VRB(finiteness=fin,tense=past)	blijven	
want	CONJ(type=coor)	want	
ic	PD(type=pers,position=free)	ik	
en	ADV(type=reg)	ne	
soude	VRB(finiteness=fin,tense=past)	zullen	
niet	ADV(type=reg)	niet	
moghen	VRB(finiteness=inf)	mogen	
gaen	VRB(finiteness=inf)	gaan	
Dus	ADV(type=reg)	dus	
bid	VRB(finiteness=fin,tense=pres)	bidden	
ic	PD(type=pers,position=free)	ik	
v	PD(type=pers,position=free)	gij	
waerde	AA(degree=pos,position=prenom)	waard	
vrouwe	NOU-C(number=sg)	vrouw	
dat	CONJ(type=sub)	dat	
ghijt	PD(type=pers,position=free)+PD(type=pers,position=free)	gij+het	
in	ADP(type=pre)	in	
ghenen	PD(type=indef,subtype=oth,position=prenom)	geen	
ondanc	NOU-C(number=sg)	ondank	
nemen	VRB(finiteness=inf)	nemen	
en	ADV(type=reg)	ne	
wilt	VRB(finiteness=fin,tense=pres)	willen	

Dv	PD(type=pers,position=free)	du	
en	ADV(type=reg)	ne	
hebs	VRB(finiteness=fin,tense=pres)	hebben	
de	PD(type=d-p,subtype=art,position=prenom)	de	
cracht	NOU-C(number=sg)	kracht	
niet	ADV(type=reg)	niet	
seyde	VRB(finiteness=fin,tense=past)	zeggen	
si	PD(type=pers,position=free)	zij	
want	CONJ(type=coor)	want	
du	PD(type=pers,position=free)	du	
en	ADV(type=reg)	ne	
hebs	VRB(finiteness=fin,tense=pres)	hebben	
therte	PD(type=d-p,subtype=art,position=prenom)+NOU-C(number=sg)	dat+ hart	
niet	ADV(type=reg)	niet	
nochtans	ADV(type=reg)	nochtans	
hebstu	VRB(finiteness=fin,tense=pres)+PD(type=pers,position=free)	hebben+du	
de	PD(type=d-p,subtype=art,position=prenom)	de	
schouderen	NOU-C(number=pl)	schouder	
groot	AA(degree=pos,position=free)	groot	
genoech	ADV(type=reg)	genoeg	
ende	CONJ(type=coor)	en	
alle	PD(type=indef,position=free)	al	
de	PD(type=d-p,subtype=art,position=prenom)	de	
an	PD(type=indef,subtype=oth,position=prenom)	ander	mw_45
der	PD(type=indef,subtype=oth,position=prenom)	ander	mw_45
leden	NOU-C(number=pl)	lid	
.	PC	.	

du	PD(type=pers,position=free)	du	
souds	VRB(finiteness=fin,tense=past)	zullen	
sterck	AA(degree=pos,position=free)	sterk	
genoech	ADV(type=reg)	genoeg	
sijn	VRB(finiteness=inf)	zijn	
hadstu	VRB(finiteness=fin,tense=past)+PD(type=pers,position=free)	hebben+du	
tharte	PD(type=d-p,subtype=art,position=prenom)+NOU-C(number=sg)	dat+hart	
in	ADP(type=pre)	in	
di	PD(type=pers,position=free)	du	
want	CONJ(type=coor)	want	
van	ADP(type=pre)	van	
therte	PD(type=d-p,subtype=art,position=prenom)+NOU-C(number=sg)	dat+ hart	
coemt	VRB(finiteness=fin,tense=pres)	komen	
de	PD(type=d-p,subtype=art,position=prenom)	de	
sterchede	NOU-C(number=sg)	sterkheid	
vande	ADP(type=pre)+PD(type=d-p,subtype=art,position=prenom)	van+de	
man	NOU-C(number=sg)	man	
.	PC	.	

gelijc	CONJ(type=sub)	gelijk	
de	PD(type=d-p,subtype=art,position=prenom)	de	
appel	NOU-C(number=sg)	appel	
coemt	VRB(finiteness=fin,tense=pres)	komen	
vande	ADP(type=pre)+PD(type=d-p,subtype=art,position=prenom)	van+de	
appelboem	NOU-C(number=sg)	appelboom	
want	CONJ(type=coor)	want	
bi	ADP(type=pre)	bij	
een	PD(type=indef,subtype=art,position=prenom)	een	
cleyn	AA(degree=pos,position=prenom)	klein	
man	NOU-C(number=sg)	man	
sidi	VRB(finiteness=fin,tense=pres)+PD(type=pers,position=free)	zijn+gij	
een	PD(type=indef,subtype=art,position=prenom)	een	
ruese	NOU-C(number=sg)	reus	
gerekent	VRB(finiteness=pastpart)	rekenen	
ende	CONJ(type=coor)	en	
ghy	PD(type=pers,position=free)	gij	
wedersegt	VRB(finiteness=fin,tense=pres)	wederzeggen	
dese	PD(type=d-p,subtype=oth,position=prenom)	deze	
wapen	NOU-C(number=sg)	wapen	
te	ADP(type=pre)	te	
dragen	VRB(finiteness=inf)	dragen	
wat	PD(type=w-p,position=free)	wat	
soutstu	VRB(finiteness=fin,tense=past)+PD(type=pers,position=free)	zullen+du	
voir	ADP(type=pre)	voor	
een	PD(type=indef,subtype=art,position=prenom)	een	
ander	PD(type=indef,subtype=oth,position=prenom)	ander	
wapen	NOU-C(number=sg)	wapen	
draghen	VRB(finiteness=inf)	dragen	
du	PD(type=pers,position=free)	du	
alstuse	CONJ(type=sub)+PD(type=pers,position=free)+PD(type=pers,position=free)	als+du+zij	
voer	ADP(type=pre)	voor	
di	PD(type=pers,position=free)	du	
seluen	PD(type=d-p,position=free)	zelf	
niet	ADV(type=reg)	niet	
draghen	VRB(finiteness=inf)	dragen	
en	ADV(type=reg)	ne	
moechts	VRB(finiteness=fin,tense=pres)	mogen	
.	PC	.	

segt	VRB(finiteness=fin,tense=pres)	zeggen	
mi	PD(type=pers,position=free)	ik	
doch	ADV(type=reg)	doch	
wat	PD(type=w-p,position=free)	wat	
sulstu	VRB(finiteness=fin,tense=pres)+PD(type=pers,position=free)	zullen+du	
doen	VRB(finiteness=inf)	doen	
alstu	CONJ(type=sub)+PD(type=pers,position=free)	als+du	
dinen	PD(type=poss,position=prenom)	dijn	
wech	NOU-C(number=sg)	weg	
suls	VRB(finiteness=fin,tense=pres)	zullen	
gaen	VRB(finiteness=inf)	gaan	
ongewapent	AA(degree=pos,position=free)	ongewapend	
ende	CONJ(type=coor)	en	
du	PD(type=pers,position=free)	du	
verspiet	VRB(finiteness=pastpart)	verspieden	
ende	CONJ(type=coor)	en	
aen	VRB(finiteness=pastpart)	aanvechten	mw_4
geuochten	VRB(finiteness=pastpart)	aanvechten	mw_4
suls	VRB(finiteness=fin,tense=pres)	zullen	
worden	VRB(finiteness=inf)	worden	
van	ADP(type=pre)	van	
dinen	PD(type=poss,position=prenom)	dijn	
vyanden	NOU-C(number=pl)	vijand	
om	ADP(type=pre)	om	
dy	PD(type=pers,position=free)	du	
te	ADP(type=pre)	te	
doden	VRB(finiteness=inf)	doden	
.	PC	.	

Dan	ADV(type=reg)	dan	
sulstu	VRB(finiteness=fin,tense=pres)+PD(type=pers,position=free)	zullen+du	
roepen	VRB(finiteness=inf)	roepen	
elaes	INT	helaas	
en	ADV(type=reg)	ne	
sal	VRB(finiteness=fin,tense=pres)	zullen	
ic	PD(type=pers,position=free)	ik	
nymmermeer	ADV(type=reg)	nimmermeer	
mogen	VRB(finiteness=inf)	mogen	
vinden	VRB(finiteness=inf)	vinden	
gracie	NOU-C(number=sg)	gratie	
gods	NOU-P	God	
die	PD(type=d-p,position=free)	die	
mi	PD(type=pers,position=free)	ik	
weder	ADV(type=reg)	weder	
sal	VRB(finiteness=fin,tense=pres)	zullen	
willen	VRB(finiteness=inf)	willen	
wapenen	VRB(finiteness=inf)	wapenen	
.	PC	.	

Helaes	INT	helaas	
waer	ADV(type=pron)	waarom	mw_504
om	ADV(type=pron)	waarom	mw_504
bin	VRB(finiteness=fin,tense=pres)	zijn	
ic	PD(type=pers,position=free)	ik	
ontwapent	VRB(finiteness=pastpart)	ontwapenen	
waer	ADV(type=pron)	waarom	mw_509
om	ADV(type=pron)	waarom	mw_509
en	ADV(type=reg)	ne	
steldic	VRB(finiteness=fin,tense=past)+PD(type=pers,position=free)	stellen+ik	
mijn	PD(type=poss,position=prenom)	mijn	
geloue	NOU-C(number=sg)	geloof	
in	ADP(type=pre)	in	
gracie	NOU-P	Gratie	
niet	ADV(type=reg)	niet	
nv	ADV(type=reg)	nu	
bin	VRB(finiteness=fin,tense=pres)	zijn	
ic	PD(type=pers,position=free)	ik	
in	ADP(type=pre)	in	
als	PD(type=indef,position=free)	al	
bedroghen	VRB(finiteness=pastpart)	bedriegen	
Ende	CONJ(type=coor)	en	
alstu	CONJ(type=sub)+PD(type=pers,position=free)	als+du	
aldus	ADV(type=reg)	aldus	
geroepen	VRB(finiteness=pastpart)	roepen	
hebs	VRB(finiteness=fin,tense=pres)	hebben	
ende	CONJ(type=coor)	en	
ter	ADP(type=pre)+PD(type=d-p,subtype=art,position=prenom)	te+de	
doot	NOU-C(number=sg)	dood	
gewont	VRB(finiteness=pastpart)	wonden	
suls	VRB(finiteness=fin,tense=pres)	zullen	
sijn	VRB(finiteness=inf)	zijn	
waenstu	VRB(finiteness=fin,tense=pres)+PD(type=pers,position=free)	wanen+du	
mi	PD(type=pers,position=free)	ik	
dan	ADV(type=reg)	dan	
so	ADV(type=reg)	zo	
lichtelic	ADV(type=reg)	lichtelijk	
weder	VRB(finiteness=inf)	wederkrijgen	mw_129
te	ADP(type=pre)	te	
crighen	VRB(finiteness=inf)	wederkrijgen	mw_129
alstu	CONJ(type=sub)+PD(type=pers,position=free)	als+du	
my	PD(type=pers,position=free)	ik	
nv	ADV(type=reg)	nu	
niet	ADV(type=reg)	niet	
gelouen	VRB(finiteness=inf)	geloven	
en	ADV(type=reg)	ne	
wils	VRB(finiteness=fin,tense=pres)	willen	
om	ADP(type=pre)	om	
dijn	PD(type=poss,position=prenom)	dijn	
selfs	PD(type=d-p,position=free)	zelf	
profijt	NOU-C(number=sg)	profijt	
Ende	CONJ(type=coor)	en	
wat	PD(type=w-p,position=free)	wat	
soudicker	VRB(finiteness=fin,tense=past)+PD(type=pers,position=free)+ADV(type=reg)	zullen+ik+er	
dan	ADV(type=reg)	dan	
doen	VRB(finiteness=inf)	doen	
du	PD(type=pers,position=free)	du	
sijts	VRB(finiteness=fin,tense=pres)	zijn	
nv	ADV(type=reg)	nu	
sculdich	AA(degree=pos,position=free)	schuldig	
stercker	AA(degree=comp,position=free)	sterk	
te	ADP(type=pre)	te	
sijn	VRB(finiteness=inf)	zijn	
dan	CONJ(type=sub)	dan	
du	PD(type=pers,position=free)	du	
dan	ADV(type=reg)	dan	
suls	VRB(finiteness=fin,tense=pres)	zullen	
sijn	VRB(finiteness=inf)	zijn	
.	PC	.	

want	CONJ(type=coor)	want	
dan	ADV(type=reg)	dan	
sulstu	VRB(finiteness=fin,tense=pres)+PD(type=pers,position=free)	zullen+du	
ghecranct	VRB(finiteness=pastpart)	kranken	
sijn	VRB(finiteness=inf)	zijn	
vande	ADP(type=pre)+PD(type=d-p,subtype=art,position=prenom)	van+de	
wonden	NOU-C(number=pl)	wond	
dye	PD(type=d-p,position=free)	die	
du	PD(type=pers,position=free)	du	
ontfangen	VRB(finiteness=pastpart)	ontvangen	
suls	VRB(finiteness=fin,tense=pres)	zullen	
hebben	VRB(finiteness=inf)	hebben	
.	PC	.	

wat	PD(type=w-p,position=free)	wat	
soudic	VRB(finiteness=fin,tense=past)+PD(type=pers,position=free)	zullen +ik	
veel	ADV(type=reg)	veel	
pinen	VRB(finiteness=inf)	pijnen	
om	ADP(type=pre)	om	
niet	ADV(type=reg)	niet	
doen	VRB(finiteness=inf)	doen	
na	ADV(type=reg)	nadien	mw_277
dien	ADV(type=reg)	nadien	mw_277
datstu	CONJ(type=sub)+PD(type=pers,position=free)	dat+du	
nv	ADV(type=reg)	nu	
geen	PD(type=indef,subtype=oth,position=prenom)	geen	
wapen	NOU-C(number=sg)	wapen	
en	ADV(type=reg)	ne	
moechs	VRB(finiteness=fin,tense=pres)	mogen	
dragen	VRB(finiteness=inf)	dragen	
want	CONJ(type=coor)	want	
nv	ADV(type=reg)	nu	
ist	VRB(finiteness=fin,tense=pres)+PD(type=pers,position=free)	zijn+het	
tijt	NOU-C(number=sg)	tijd	
wapen	NOU-C(number=sg)	wapen	
te	ADP(type=pre)	te	
leren	VRB(finiteness=inf)	leren	
dragen	VRB(finiteness=inf)	dragen	
sonder	ADP(type=pre)	zonder	
langer	AA(degree=comp,position=free)	lang	
te	ADP(type=pre)	te	
beyden	VRB(finiteness=inf)	beiden	
.	PC	.	

Dus	ADV(type=reg)	dus	
wilstu	VRB(finiteness=fin,tense=pres)+PD(type=pers,position=free)	willen+ du	
my	PD(type=pers,position=free)	ik	
gelouen	VRB(finiteness=inf)	geloven	
du	PD(type=pers,position=free)	du	
suls	VRB(finiteness=fin,tense=pres)	zullen	
de	PD(type=d-p,subtype=art,position=prenom)	de	
wapen	NOU-C(number=pl)	wapen	
aen	VRB(finiteness=inf)	aanhouden	mw_5
houden	VRB(finiteness=inf)	aanhouden	mw_5
om	ADP(type=pre)	om	
di	PD(type=pers,position=free)	du	
daer	ADV(type=pron)	daarmede	mw_159
mede	ADV(type=pron)	daarmede	mw_159
te	ADP(type=pre)	te	
behelpen	VRB(finiteness=inf)	behelpen	
als	CONJ(type=sub)	als	
noot	NOU-C(number=sg)	nood	
wesen	VRB(finiteness=inf)	wezen	
sal	VRB(finiteness=fin,tense=pres)	zullen	
Ist	VRB(finiteness=fin,tense=pres)+PD(type=pers,position=free)	zijn+het	
[	PC	[	
]	PC	]	
dat	CONJ(type=sub)	dat	
si	PD(type=pers,position=free)	zij	
di	PD(type=pers,position=free)	du	
verwegen	VRB(finiteness=fin,tense=pres)	verwegen	
soe	ADV(type=reg)	zo	
gaet	VRB(finiteness=fin,tense=pres)	gaan	
al	ADV(type=reg)	al	
scoenkins	AA(degree=pos,position=free)	schoontjes	
want	CONJ(type=coor)	want	
al	ADV(type=reg)	al	
scoenkens	AA(degree=pos,position=free)	schoontjes	
gaet	VRB(finiteness=fin,tense=pres)	gaan	
men	PD(type=pers,position=free)	men	
wel	ADV(type=reg)	wel	
verre	AA(degree=pos,position=free)	ver	
Een	PD(type=indef,subtype=art,position=prenom)	een	
out	AA(degree=pos,position=prenom)	oud	
wijf	NOU-C(number=sg)	wijf	
een	ADV(type=reg)	eenpaarlijk	mw_299
paerlic	ADV(type=reg)	eenpaarlijk	mw_299
doer	VRB(finiteness=prespart)	doorgaan	mw_283
gaende	VRB(finiteness=prespart)	doorgaan	mw_283
voerdert	VRB(finiteness=fin,tense=pres)	vorderen	
somtijts	ADV(type=reg)	somtijds	
meer	ADV(type=reg)	meer	
dan	CONJ(type=sub)	dan	
een	PD(type=indef,subtype=art,position=prenom)	een	
ionc	AA(degree=pos,position=prenom)	jong	
man	NOU-C(number=sg)	man	
te	ADP(type=pre)	te	
paerde	NOU-C(number=sg)	paard	
die	PD(type=d-p,position=free)	die	
hem	PD(type=refl,position=free)	hem	
seer	AA(degree=pos,position=free)	zeer	
haest	VRB(finiteness=fin,tense=pres)	haasten	
want	CONJ(type=sub)	want	
hy	PD(type=pers,position=free)	hij	
dicwil	ADV(type=reg)	dikwijl	
getoeft	VRB(finiteness=pastpart)	toeven	
wort	VRB(finiteness=fin,tense=pres)	worden	

[	PC	[	
]	PC	]	
Doe	ADV(type=reg)	toen	
keerdic	VRB(finiteness=fin,tense=past,WF=mis)+PD(type=pers,position=free)	wederkeren+ik	mw_41325
werder	VRB(finiteness=fin,tense=past,WF=mis)+PD(type=pers,position=free)	wederkeren+ik	mw_41325
tot	ADP(type=pre)	tot	
gracie	NOU-P	Gratie	
haer	PD(type=pers,position=free)	zij	
danckende	VRB(finiteness=prespart)	danken	
ende	CONJ(type=coor)	en	
biddende	VRB(finiteness=prespart)	bidden	
dat	CONJ(type=sub)	dat	
si	PD(type=pers,position=free)	zij	
mi	PD(type=pers,position=free)	ik	
doch	ADV(type=reg)	doch	
ter	ADP(type=pre)+PD(type=d-p,subtype=art,position=prenom)	te+de	
noot	NOU-C(number=sg)	nood	
niet	ADV(type=reg)	niet	
begeuen	VRB(finiteness=inf)	begeven	
en	ADV(type=reg)	ne	
wilde	VRB(finiteness=fin,tense=past)	willen	
want	CONJ(type=sub)	want	
ic	PD(type=pers,position=free)	ik	
sonder	ADP(type=pre)	zonder	
haer	PD(type=pers,position=free)	zij	
niet	PD(type=indef,position=free)	niet	
gedoen	VRB(finiteness=inf)	gedoen	
en	ADV(type=reg)	ne	
mocht	VRB(finiteness=fin,tense=past)	mogen	
Vrient	NOU-C(number=sg)	vriend	
seide	VRB(finiteness=fin,tense=past)	zeggen	
si	PD(type=pers,position=free)	zij	
du	PD(type=pers,position=free)	du	
segts	VRB(finiteness=fin,tense=pres)	zeggen	
waer	NOU-C(number=sg)	waar	
want	CONJ(type=coor)	want	
sonder	ADP(type=pre)	zonder	
mi	PD(type=pers,position=free)	ik	
soustu	VRB(finiteness=fin,tense=past)+PD(type=pers,position=free)	zullen+du	
ser	AA(degree=pos,position=free)	zeer	
lichtelic	ADV(type=reg)	lichtelijk	
bescaemt	VRB(finiteness=pastpart)	beschamen	
worden	VRB(finiteness=inf)	worden	
Dus	ADV(type=reg)	dus	
dan	ADV(type=reg)	dan	
na	CONJ(type=sub)	nadat	mw_193
dat	CONJ(type=sub)	nadat	mw_193
dijn	PD(type=poss,position=prenom)	dijn	
bede	NOU-C(number=sg)	bede	
redelic	AA(degree=pos,position=free)	redelijk	
is	VRB(finiteness=fin,tense=pres)	zijn	
meenic	VRB(finiteness=fin,tense=pres)+PD(type=pers,position=free)	menen+ik	
als	CONJ(type=sub)	als	
nv	ADV(type=reg)	nu	
mit	ADP(type=pre)	met	
di	PD(type=pers,position=free)	du	
te	ADP(type=pre)	te	
gaen	VRB(finiteness=inf)	gaan	
ende	CONJ(type=coor)	en	
van	ADP(type=pre)	van	
di	PD(type=pers,position=free)	du	
te	ADP(type=pre)	te	
niet	ADV(type=reg)	niet	
sceyden	VRB(finiteness=inf)	scheiden	
het	PD(type=pers,position=free)	het	
en	ADV(type=reg)	ne	
come	VRB(finiteness=fin,tense=pres)	toekomen	mw_567
toe	VRB(finiteness=fin,tense=pres)	toekomen	mw_567
doir	ADP(type=pre)	door	
dine	PD(type=poss,position=prenom)	dijn	
sculde	NOU-C(number=sg)	schuld	
Vrouwe	NOU-C(number=sg)	vrouw	
seide	VRB(finiteness=fin,tense=past)	zeggen	
ic	PD(type=pers,position=free)	ik	
.	PC	.	

ic	PD(type=pers,position=free)	ik	
dancke	VRB(finiteness=fin,tense=pres)	danken	
v	PD(type=pers,position=free)	gij	
seer	AA(degree=pos,position=free)	zeer	
hogelic	ADV(type=reg)	hogelijk	
ende	CONJ(type=coor)	en	
wil	VRB(finiteness=fin,tense=pres)	willen	
mi	PD(type=refl,position=free)	mij	
gaen	VRB(finiteness=inf)	gaan	
stellen	VRB(finiteness=inf)	stellen	
te	ADP(type=pre)	te	
wege	NOU-C(number=sg)	weg	
als	CONJ(type=sub)	als	
ic	PD(type=pers,position=free)	ik	
alder	AA(degree=sup,position=free)	allereerst	mw_30
eerst	AA(degree=sup,position=free)	allereerst	mw_30
mach	VRB(finiteness=fin,tense=pres)	mogen	

Seker	AA(degree=pos,position=free)	zeker	
seyde	VRB(finiteness=fin,tense=past)	zeggen	
hij	PD(type=pers,position=free)	hij	
ic	PD(type=pers,position=free)	ik	
en	ADV(type=reg)	ne	
ben	VRB(finiteness=fin,tense=pres)	zijn	
geen	PD(type=indef,subtype=oth,position=prenom)	geen	
clerck	NOU-C(number=sg)	klerk	
leestse	VRB(finiteness=fin,tense=pres)+PD(type=pers,position=free)	lezen+zij	
selue	PD(type=d-p,position=free)	zelf	
gelieftet	VRB(finiteness=fin,tense=pres)+PD(type=pers,position=free)	gelieven+het	
v	PD(type=pers,position=free)	gij	
want	CONJ(type=coor)	want	
ic	PD(type=pers,position=free)	ik	
achtse	VRB(finiteness=fin,tense=pres)+PD(type=pers,position=free)	achten+zij	
seer	AA(degree=pos,position=free)	zeer	
weinich	PD(type=indef,position=free)	weinig	
Vrient	NOU-C(number=sg)	vriend	
[	PC	[	
]	PC	]	
seyde	VRB(finiteness=fin,tense=past)	zeggen	
zij	PD(type=pers,position=free)	zij	
Alle	PD(type=indef,position=free)	alleman	mw_453
man	PD(type=indef,position=free)	alleman	mw_453
en	ADV(type=reg)	ne	
is	VRB(finiteness=fin,tense=pres)	zijn	
van	ADP(type=pre)	van	
vwer	PD(type=poss,position=prenom)	uw	
opinien	NOU-C(number=sg)	opinie	
niet	ADV(type=reg)	niet	
maer	CONJ(type=coor)	maar	
daer	ADV(type=pron)	daarom	mw_177
om	ADV(type=pron)	daarom	mw_177
niet	ADV(type=reg)	niet	
gij	PD(type=pers,position=free)	gij	
sultse	VRB(finiteness=fin,tense=pres)+PD(type=pers,position=free)	zullen+zij	
nochtant	ADV(type=reg)	nochtan	
horen	VRB(finiteness=inf)	horen	
lesen	VRB(finiteness=inf)	lezen	
of	CONJ(type=sub)	of	
mijn	PD(type=poss,position=prenom)	mijn	
clerken	NOU-C(number=pl)	klerk	
en	ADV(type=reg)	ne	
sullen	VRB(finiteness=fin,tense=pres)	zullen	
my	PD(type=pers,position=free)	ik	
gebreken	VRB(finiteness=inf)	gebreken	
.	PC	.	

Doe	ADV(type=reg)	toen	
riep	VRB(finiteness=fin,tense=past)	roepen	
zij	PD(type=pers,position=free)	zij	
my	PD(type=pers,position=free)	ik	
ende	CONJ(type=coor)	en	
seyde	VRB(finiteness=fin,tense=past)	zeggen	
Coemt	VRB(finiteness=fin,tense=pres)	komen	
hier	ADV(type=reg)	hier	
ende	CONJ(type=coor)	en	
leest	VRB(finiteness=fin,tense=pres)	lezen	
voer	ADP(type=pre)	voor	
desen	PD(type=d-p,subtype=oth,position=prenom)	deze	
ioncker	NOU-C(number=sg)	jonker	
dese	PD(type=d-p,subtype=oth,position=prenom)	deze	
brief	NOU-C(number=sg)	brief	
op	CONJ(type=sub)	opdat	mw_198
dat	CONJ(type=sub)	opdat	mw_198
hy	PD(type=pers,position=free)	hij	
mi	PD(type=pers,position=free)	ik	
mach	VRB(finiteness=fin,tense=pres)	mogen	
andwoerden	VRB(finiteness=inf)	antwoorden	
als	CONJ(type=sub)	als	
hijse	PD(type=pers,position=free)+PD(type=pers,position=free)	hij+zij	
gehoert	VRB(finiteness=pastpart)	horen	
sal	VRB(finiteness=fin,tense=pres)	zullen	
hebben	VRB(finiteness=inf)	hebben	
Doe	ADV(type=reg)	toen	
nam	VRB(finiteness=fin,tense=past)	nemen	
ic	PD(type=pers,position=free)	ik	
den	PD(type=d-p,subtype=art,position=prenom)	de	
brief	NOU-C(number=sg)	brief	
ende	CONJ(type=coor)	en	
lasse	VRB(finiteness=fin,tense=past)+PD(type=pers,position=free)	lezen+zij	
dies	CONJ(type=sub)	dies	
de	PD(type=d-p,subtype=art,position=prenom)	de	
oude	AA(degree=pos,position=prenom)	oud	
kaerel	NOU-C(number=sg)	kerel	
niet	ADV(type=reg)	niet	
alte	ADV(type=reg)+ADV(type=reg)	al+te	
wel	ADV(type=reg)	wel	
te	AA(degree=pos,position=free)	tevreden	mw_584
vreden	AA(degree=pos,position=free)	tevreden	mw_584
en	ADV(type=reg)	ne	
was	VRB(finiteness=fin,tense=past)	zijn	
want	CONJ(type=coor)	want	
ter	ADV(type=reg)	terwijl	mw_558
wijle	ADV(type=reg)	terwijl	mw_558
dat	CONJ(type=sub)	dat	
ic	PD(type=pers,position=free)	ik	
las	VRB(finiteness=fin,tense=past)	lezen	
stont	VRB(finiteness=fin,tense=past)	staan	
hy	PD(type=pers,position=free)	hij	
altijt	ADV(type=reg)	altijd	
ende	CONJ(type=coor)	en	
beet	VRB(finiteness=fin,tense=past)	bijten	
op	ADP(type=pre)	op	
zijn	PD(type=poss,position=prenom)	zijn	
tanden	NOU-C(number=pl)	tand	
Ende	CONJ(type=coor)	en	
de	PD(type=d-p,subtype=art,position=prenom)	de	
teneur	NOU-C(number=sg)	teneur	
vanden	ADP(type=pre)+PD(type=d-p,subtype=art,position=prenom)	van+de	
brief	NOU-C(number=sg)	brief	
was	VRB(finiteness=fin,tense=past)	zijn	
dus	ADV(type=reg)	dus	
luidende	VRB(finiteness=prespart)	luiden	
Gracie	NOU-C(number=sg)	gratie	
gods	NOU-P	God	
Bij	ADP(type=pre)	bij	
wien	PD(type=w-p,position=free)	wie	
de	PD(type=d-p,subtype=art,position=prenom)	de	
coningen	NOU-C(number=pl)	koning	
hem	PD(type=refl,position=free)	hem	
seggen	VRB(finiteness=fin,tense=pres)	zeggen	
regnerende	VRB(finiteness=prespart)	regneren	
tot	ADP(type=pre)	tot	
onser	PD(type=poss,position=prenom)	ons	
geminder	AA(degree=pos,position=prenom)	gemind	
vrouwen	NOU-C(number=sg)	vrouw	
Reden	NOU-P	Reden	
in	ADP(type=pre)	in	
allen	PD(type=indef,subtype=oth,position=prenom)	al	
saeken	NOU-C(number=pl)	zaak	
getrouwe	AA(degree=pos,position=free)	getrouw	
geuonden	VRB(finiteness=pastpart)	vinden	
Saluyt	NOU-C(number=sg)	saluut	
van	ADP(type=pre)	van	
dat	PD(type=d-p,position=free)	dat	
wy	PD(type=pers,position=free)	wij	
dy	PD(type=pers,position=free)	du	
gebieden	VRB(finiteness=fin,tense=pres)	gebieden	
te	ADP(type=pre)	te	
doen	VRB(finiteness=inf)	doen	
volcomen	AA(degree=pos,position=prenom)	volkomen	
macht	NOU-C(number=sg)	macht	
Wij	PD(type=pers,position=free)	wij	
hebben	VRB(finiteness=fin,tense=pres)	hebben	
verstaen	VRB(finiteness=pastpart)	verstaan	
dattter	CONJ(type=sub,WF=mis)+ADV(type=reg,WF=mis)	dat+er	
een	PD(type=indef,subtype=art,position=prenom)	een	
vuyl	AA(degree=pos,position=prenom)	vuil	
lelic	AA(degree=pos,position=prenom)	lelijk	
kaerl	NOU-C(number=sg)	kerel	
is	VRB(finiteness=fin,tense=pres)	zijn	
geheten	VRB(finiteness=pastpart)	heten	
ruyd	AA(degree=pos,position=prenom)	ruid	
verstant	NOU-C(number=sg)	verstand	
die	PD(type=d-p,position=free)	die	
hem	PD(type=pers,position=free)	hij	
gemaect	VRB(finiteness=pastpart)	maken	
heeft	VRB(finiteness=fin,tense=pres)	hebben	
een	PD(type=indef,subtype=art,position=prenom)	een	
verspier	NOU-C(number=sg)	verspieder	
der	PD(type=d-p,subtype=art,position=prenom)	de	
weghen	NOU-C(number=pl)	weg	
ende	CONJ(type=coor)	en	
een	PD(type=indef,subtype=art,position=prenom)	een	
rouer	NOU-C(number=sg)	rover	
der	PD(type=d-p,subtype=art,position=prenom)	de	
pelgrymen	NOU-C(number=pl)	pelgrim	
ende	CONJ(type=coor)	en	
wilse	VRB(finiteness=fin,tense=pres)+PD(type=pers,position=free)	willen+zij	
berouen	VRB(finiteness=inf)	beroven	
van	ADP(type=pre)	van	
haer	PD(type=poss,position=prenom)	haar	
palster	NOU-C(number=sg)	palster	
ende	CONJ(type=coor)	en	
male	NOU-C(number=sg)	maal	
ende	CONJ(type=coor)	en	
haer	PD(type=pers,position=free)	zij	
verblasende	VRB(finiteness=prespart)	verblazen	
ende	CONJ(type=coor)	en	
dreygende	VRB(finiteness=prespart)	dreigen	
mit	ADP(type=pre)	met	
loghentale	NOU-C(number=sg)	leugentaal	
ende	CONJ(type=coor)	en	
bedroch	NOU-C(number=sg)	bedrog	
Ende	CONJ(type=coor)	en	
om	ADP(type=pre)	om	
te	ADV(type=reg)	te	
meer	PD(type=indef,subtype=oth,position=prenom)	meer	
ontsichs	NOU-C(number=sg)	ontzicht	
heeft	VRB(finiteness=fin,tense=pres)	hebben	
hi	PD(type=pers,position=free)	hij	
van	ADP(type=pre)	van	
houaerdichede	NOU-C(number=sg)	hovaardigheid	
ontleent	VRB(finiteness=pastpart)	ontlenen	
haer	PD(type=poss,position=prenom)	haar	
fellen	AA(degree=pos,position=prenom)	fel	
stoc	NOU-C(number=sg)	stok	
die	PD(type=d-p,position=free)	die	
genoemt	VRB(finiteness=pastpart)	noemen	
is	VRB(finiteness=fin,tense=pres)	zijn	
Obstinacie	NOU-P	Obstinatie	
of	CONJ(type=coor)	of	
eenwillige	AA(degree=pos,position=prenom)	eenwillig	
verstinicheyt	NOU-C(number=sg,WF=mis)	verstijvigheid	
die	PD(type=d-p,position=free)	die	
my	PD(type=pers,position=free)	ik	
noch	ADV(type=reg)	nog	
qualicker	ADV(type=reg)	kwalijk	
ghenoucht	VRB(finiteness=fin,tense=pres)	genoegen	
dan	CONJ(type=sub)	dan	
de	PD(type=d-p,subtype=art,position=prenom)	de	
oude	AA(degree=pos,position=prenom)	oud	
kaerl	NOU-C(number=sg)	kerel	
selue	PD(type=d-p,position=postnom)	zelf	
Waer	ADV(type=pron)	waarbij	mw_109
by	ADV(type=pron)	waarbij	mw_109
wy	PD(type=pers,position=free)	wij	
dij	PD(type=pers,position=free)	du	
ghebieden	VRB(finiteness=fin,tense=pres)	gebieden	
ende	CONJ(type=coor)	en	
machtigen	VRB(finiteness=fin,tense=pres)	machtigen	
datstu	CONJ(type=sub)+PD(type=pers,position=free)	dat+du	
dijn	PD(type=poss,position=prenom)	dijn	
wech	NOU-C(number=sg)	weg	
daerwaert	ADV(type=reg)	daarwaart	
maecs	VRB(finiteness=fin,tense=pres)	maken	
ghebiedende	VRB(finiteness=prespart)	gebieden	
ende	CONJ(type=coor)	en	
beuelende	VRB(finiteness=prespart)	bevelen	
seer	AA(degree=pos,position=free)	zeer	
scarpelic	ADV(type=reg)	scherpelijk	
op	ADP(type=pre)	op	
tgunt	PD(type=d-p,position=free)	datgene	
dat	PD(type=d-p,position=free)	dat	
hy	PD(type=pers,position=free)	hij	
teghens	ADP(type=pre)	tegens	
ons	PD(type=pers,position=free)	wij	
verbeuren	VRB(finiteness=inf)	verbeuren	
mach	VRB(finiteness=fin,tense=pres)	mogen	
Dat	CONJ(type=sub)	dat	
hy	PD(type=pers,position=free)	hij	
zijnen	PD(type=poss,position=prenom)	zijn	
[	PC	[	
]	PC	]	
stoc	NOU-C(number=sg)	stok	
neder	VRB(finiteness=fin,tense=pres)	nederleggen	mw_425
legge	VRB(finiteness=fin,tense=pres)	nederleggen	mw_425
ende	CONJ(type=coor)	en	
dat	CONJ(type=sub)	dat	
hi	PD(type=pers,position=free)	hij	
vant	ADP(type=pre)+PD(type=d-p,subtype=art,position=prenom)	van+dat	
ander	NUM(type=ord,position=free,representation=let)	ander	
oflaet	VRB(finiteness=fin,tense=pres)	aflaten	
ende	CONJ(type=coor)	en	
cesseer	VRB(finiteness=fin,tense=pres)	cesseren	
Ende	CONJ(type=coor)	en	
indien	CONJ(type=sub)	indien	
hijt	PD(type=pers,position=free)+PD(type=pers,position=free)	hij+het	
wederseyt	VRB(finiteness=fin,tense=pres)	wederzeggen	
ende	CONJ(type=coor)	en	
niet	ADV(type=reg)	niet	
obedieren	VRB(finiteness=inf)	obediëren	
en	ADV(type=reg)	ne	
wil	VRB(finiteness=fin,tense=pres)	willen	
.	PC	.	

so	ADV(type=reg)	zo	
dachuaert	VRB(finiteness=fin,tense=pres)	dagvaarden	
hem	PD(type=pers,position=free)	hij	
ter	ADP(type=pre)+PD(type=d-p,subtype=art,position=prenom)	te+de	
rekeninge	NOU-C(number=sg)	rekening	
ten	ADP(type=pre)+PD(type=d-p,subtype=art,position=prenom)	te+de	
laetsten	AA(degree=sup,position=prenom)	laat	
doemsdage	NOU-C(number=sg)	doemsdag	
ende	CONJ(type=coor)	en	
daer	ADV(type=pron)	daaraf	mw_171
of	ADV(type=pron)	daaraf	mw_171
soe	ADV(type=reg)	zo	
maken	VRB(finiteness=fin,tense=pres)	maken	
wy	PD(type=pers,position=free)	wij	
di	PD(type=pers,position=free)	du	
commissarijs	NOU-C(number=sg)	commissaris	
ende	CONJ(type=coor)	en	
gheuen	VRB(finiteness=fin,tense=pres)	geven	
dy	PD(type=pers,position=free)	du	
daer	ADV(type=pron)	daartoe	mw_187
toe	ADV(type=pron)	daartoe	mw_187
volcomen	AA(degree=pos,position=prenom)	volkomen	
macht	NOU-C(number=sg)	macht	
Ghegeuen	VRB(finiteness=pastpart)	geven	
In	ADP(type=pre)	in	
onse	PD(type=poss,position=prenom)	ons	
iaer	NOU-C(number=sg)	jaar	
xiiij	NUM(type=card,position=postnom,representation=rom)	1436	mw_102
.	PC	.	

c	NUM(type=card,position=postnom,representation=rom)	1436	mw_102
.	PC	.	

xxxvi	NUM(type=card,position=postnom,representation=rom)	1436	mw_102
.	PC	.	

Als	CONJ(type=sub)	als	
ic	PD(type=pers,position=free)	ik	
den	PD(type=d-p,subtype=art,position=prenom)	de	
brief	NOU-C(number=sg)	brief	
ghelesen	VRB(finiteness=pastpart)	lezen	
had	VRB(finiteness=fin,tense=past)	hebben	
nam	VRB(finiteness=fin,tense=past)	nemen	
reden	NOU-P	Reden	
weder	ADV(type=reg)	weder	
haer	PD(type=poss,position=prenom)	haar	
brief	NOU-C(number=sg)	brief	
ende	CONJ(type=coor)	en	
seyde	VRB(finiteness=fin,tense=past)	zeggen	
tot	ADP(type=pre)	tot	
den	PD(type=d-p,subtype=art,position=prenom)	de	
kaerle	NOU-C(number=sg)	kerel	
Nu	ADV(type=reg)	nu	
hebdy	VRB(finiteness=fin,tense=pres)+PD(type=pers,position=free)	hebben+gij	
gehoert	VRB(finiteness=pastpart)	horen	
mijn	PD(type=poss,position=prenom)	mijn	
macht	NOU-C(number=sg)	macht	
ende	CONJ(type=coor)	en	
waer	ADV(type=pron)	waarom	mw_512
omme	ADV(type=pron)	waarom	mw_512
dat	CONJ(type=sub)	dat	
ic	PD(type=pers,position=free)	ik	
hier	ADV(type=reg)	hier	
come	VRB(finiteness=fin,tense=pres)	komen	
Dus	ADV(type=reg)	dus	
so	ADV(type=reg)	zo	
andwoert	VRB(finiteness=fin,tense=pres)	antwoorden	
gelieftet	VRB(finiteness=fin,tense=pres)+PD(type=pers,position=free)	gelieven+het	
v	PD(type=pers,position=free)	gij	
op	CONJ(type=sub)	opdat	mw_194
dat	CONJ(type=sub)	opdat	mw_194
ghy	PD(type=pers,position=free)	gij	
hier	ADV(type=reg)	hier	
gehoert	VRB(finiteness=pastpart)	horen	
hebt	VRB(finiteness=fin,tense=pres)	hebben	
ende	CONJ(type=coor)	en	
dat	CONJ(type=sub)	dat	
ic	PD(type=pers,position=free)	ik	
v	PD(type=pers,position=free)	gij	
geuraecht	VRB(finiteness=pastpart)	vragen	
heb	VRB(finiteness=fin,tense=pres)	hebben	
Wie	PD(type=w-p,position=free)	wie	
sidi	VRB(finiteness=fin,tense=pres)+PD(type=pers,position=free)	zijn+gij	
seyde	VRB(finiteness=fin,tense=past)	zeggen	
de	PD(type=d-p,subtype=art,position=prenom)	de	
kaerle	NOU-C(number=sg)	kerel	
Ic	PD(type=pers,position=free)	ik	
ben	VRB(finiteness=fin,tense=pres)	zijn	
reden	NOU-P	Reden	
seyde	VRB(finiteness=fin,tense=past)	zeggen	
si	PD(type=pers,position=free)	zij	
ghy	PD(type=pers,position=free)	gij	
hebt	VRB(finiteness=fin,tense=pres)	hebben	
hier	ADV(type=reg)	hier	
mijn	PD(type=poss,position=prenom)	mijn	
name	NOU-C(number=sg)	naam	
hooren	VRB(finiteness=inf)	horen	
lesen	VRB(finiteness=inf)	lezen	
ende	CONJ(type=coor)	en	
wie	PD(type=w-p,position=free)	wie	
ic	PD(type=pers,position=free)	ik	
ben	VRB(finiteness=fin,tense=pres)	zijn	
.	PC	.	
Droem	VRB(finiteness=fin,tense=pres)	dromen	
dy	PD(type=pers,position=free)	du	
of	CONJ(type=coor)	of	
maecstu	VRB(finiteness=fin,tense=pres)+PD(type=pers,position=free)	maken+du	
castelen	NOU-C(number=pl)	kasteel	
in	ADP(type=pre)	in	
spaengien	NOU-P	Spanje	
Ic	PD(type=pers,position=free)	ik	
heb	VRB(finiteness=fin,tense=pres)	hebben	
wel	ADV(type=reg)	wel	
gehoert	VRB(finiteness=pastpart)	horen	
dat	CONJ(type=sub)	dat	
gij	PD(type=pers,position=free)	gij	
reden	NOU-P	Reden	
hiet	VRB(finiteness=fin,tense=pres)	heten	
maer	CONJ(type=coor)	maar	
om	CONJ(type=sub)	omdat	mw_192
dat	CONJ(type=sub)	omdat	mw_192
de	PD(type=d-p,subtype=art,position=prenom)	de	
name	NOU-C(number=sg)	naam	
so	ADV(type=reg)	zo	
lelic	AA(degree=pos,position=free)	lelijk	
is	VRB(finiteness=fin,tense=pres)	zijn	
heb	VRB(finiteness=fin,tense=pres)	hebben	
ict	PD(type=pers,position=free)+PD(type=pers,position=free)	ik+het	
v	PD(type=pers,position=free)	gij	
weder	ADV(type=reg)	weder	
geuraecht	VRB(finiteness=pastpart)	vragen	
waer	ADV(type=reg)	waar	
hebdi	VRB(finiteness=fin,tense=pres)+PD(type=pers,position=free)	hebben+gij	
dit	PD(type=d-p,position=free)	dit	
geuonden	VRB(finiteness=pastpart)	vinden	
seide	VRB(finiteness=fin,tense=past)	zeggen	
reden	NOU-P	Reden	
Ter	ADP(type=pre)+PD(type=d-p,subtype=art,position=prenom)	te+de	
molen	NOU-C(number=sg)	molen	
seide	VRB(finiteness=fin,tense=past)	zeggen	
hy	PD(type=pers,position=free)	hij	
ter	ADP(type=pre)+PD(type=d-p,subtype=art,position=prenom)	te+de	
molen	NOU-C(number=sg)	molen	
daer	ADV(type=reg)	daar	
ic	PD(type=pers,position=free)	ik	
gheweest	VRB(finiteness=pastpart)	zijn	
hebbe	VRB(finiteness=fin,tense=pres)	hebben	
der	ADV(type=reg)	daar	
voert	VRB(finiteness=fin,tense=pres)	voeren	
ghi	PD(type=pers,position=free)	gij	
valsche	AA(degree=pos,position=prenom)	vals	
mate	NOU-C(number=sg)	maat	
ende	CONJ(type=coor)	en	
steelt	VRB(finiteness=fin,tense=pres)	stelen	
den	PD(type=d-p,subtype=art,position=prenom)	de	
luyden	NOU-C(number=pl)	lieden	
haer	PD(type=poss,position=prenom)	haar	
coren	NOU-C(number=sg)	koren	

Als	CONJ(type=sub)	als	
ic	PD(type=pers,position=free)	ik	
my	PD(type=pers,position=free)	ik	
dus	ADV(type=reg)	dus	
ontghaen	VRB(finiteness=pastpart)	ontgaan	
sach	VRB(finiteness=fin,tense=past)	zien	
vanden	ADP(type=pre)+PD(type=d-p,subtype=art,position=prenom)	van+de	
karel	NOU-C(number=sg)	kerel	
beghan	VRB(finiteness=fin,tense=past)	beginnen	
ic	PD(type=pers,position=free)	ik	
reden	NOU-P	Reden	
te	ADP(type=pre)	te	
vraghen	VRB(finiteness=inf)	vragen	
seggende	VRB(finiteness=prespart)	zeggen	
.	PC	.	

Vrou	NOU-C(number=sg)	vrouw	
ic	PD(type=pers,position=free)	ik	
heb	VRB(finiteness=fin,tense=pres)	hebben	
geweest	VRB(finiteness=pastpart)	zijn	
ende	CONJ(type=coor)	en	
noch	ADV(type=reg)	nog	
ben	VRB(finiteness=fin,tense=pres)	zijn	
in	ADP(type=pre)	in	
groten	AA(degree=pos,position=prenom)	groot	
ghepeynse	NOU-C(number=sg)	gepeins	
waer	ADV(type=pron)	waarbij	mw_110
by	ADV(type=pron)	waarbij	mw_110
dat	CONJ(type=sub)	dat	
ic	PD(type=pers,position=free)	ik	
gheen	PD(type=indef,subtype=oth,position=prenom)	geen	
wapen	NOU-C(number=sg)	wapen	
draghen	VRB(finiteness=inf)	dragen	
en	ADV(type=reg)	ne	
mach	VRB(finiteness=fin,tense=pres)	mogen	
noch	CONJ(type=coor)	noch	
gedoghen	VRB(finiteness=inf)	gedogen	
ende	CONJ(type=coor)	en	
ic	PD(type=pers,position=free)	ik	
sie	VRB(finiteness=fin,tense=pres)	zien	
datse	CONJ(type=sub)+PD(type=pers,position=free)	dat+zij	
een	PD(type=indef,subtype=art,position=prenom)	een	
ioncwijf	NOU-C(number=sg)	jonkwijf	
draecht	VRB(finiteness=fin,tense=pres)	dragen	
dat	PD(type=d-p,position=free)	dat	
my	PD(type=pers,position=free)	ik	
grote	AA(degree=pos,position=prenom)	groot	
schande	NOU-C(number=sg)	schande	
is	VRB(finiteness=fin,tense=pres)	zijn	
dat	CONJ(type=sub)	dat	
icse	PD(type=pers,position=free)+PD(type=pers,position=free)	ik+zij	
so	ADV(type=reg)	zo	
wel	ADV(type=reg)	wel	
niet	ADV(type=reg)	niet	
dragen	VRB(finiteness=inf)	dragen	
en	ADV(type=reg)	ne	
mach	VRB(finiteness=fin,tense=pres)	mogen	
als	CONJ(type=sub)	als	
zij	PD(type=pers,position=free)	zij	
doet	VRB(finiteness=fin,tense=pres)	doen	
ende	CONJ(type=coor)	en	
ic	PD(type=pers,position=free)	ik	
soude	VRB(finiteness=fin,tense=past)	zullen	
mit	ADP(type=pre)	met	
recht	NOU-C(number=sg)	recht	
veel	ADV(type=reg)	veel	
starcker	AA(degree=comp,position=free)	sterk	
zijn	VRB(finiteness=inf)	zijn	
dan	CONJ(type=sub)	dan	
si	PD(type=pers,position=free)	zij	
is	VRB(finiteness=fin,tense=pres)	zijn	
Dus	ADV(type=reg)	dus	
bid	VRB(finiteness=fin,tense=pres)	bidden	
ic	PD(type=pers,position=free)	ik	
v	PD(type=pers,position=free)	gij	
dat	CONJ(type=sub)	dat	
ghij	PD(type=pers,position=free)	gij	
my	PD(type=pers,position=free)	ik	
seggen	VRB(finiteness=inf)	zeggen	
wilt	VRB(finiteness=fin,tense=pres)	willen	
ende	CONJ(type=coor)	en	
onderwijsen	VRB(finiteness=inf)	onderwijzen	
de	PD(type=d-p,subtype=art,position=prenom)	de	
reden	NOU-C(number=sg)	reden	
waer	ADV(type=pron)	waarbij	mw_111
by	ADV(type=pron)	waarbij	mw_111
dit	PD(type=d-p,position=free)	dit	
coemt	VRB(finiteness=fin,tense=pres)	komen	

Urouwe	NOU-C(number=sg)	vrouw	
seidic	VRB(finiteness=fin,tense=past)+PD(type=pers,position=free)	zeggen+ik	
wilt	VRB(finiteness=fin,tense=pres)	willen	
my	PD(type=pers,position=free)	ik	
zijnen	PD(type=poss,position=prenom)	zijn	
name	NOU-C(number=sg)	naam	
seggen	VRB(finiteness=inf)	zeggen	
want	CONJ(type=coor)	want	
ic	PD(type=pers,position=free)	ik	
souder	VRB(finiteness=fin,tense=past)+ADV(type=pron)	zullen+erover	mw_522
my	PD(type=refl,position=free)	mij	
ouer	VRB(finiteness=fin,tense=past)+ADV(type=pron)	zullen+erover	mw_522
willen	VRB(finiteness=inf)	willen	
wreeken	VRB(finiteness=inf)	wreken	
ende	CONJ(type=coor)	en	
doden	VRB(finiteness=inf)	doden	
hem	PD(type=pers,position=free)	hij	
O	INT	o	
seyde	VRB(finiteness=fin,tense=past)	zeggen	
reden	NOU-P	Reden	
du	PD(type=pers,position=free)	du	
en	ADV(type=reg)	ne	
hebs	VRB(finiteness=fin,tense=pres)	hebben	
genen	PD(type=indef,subtype=oth,position=prenom)	geen	
oerlof	NOU-C(number=sg)	oorlof	
hem	PD(type=pers,position=free)	hij	
te	ADP(type=pre)	te	
doden	VRB(finiteness=inf)	doden	
maer	CONJ(type=coor)	maar	
ghy	PD(type=pers,position=free)	gij	
moechten	VRB(finiteness=fin,tense=past)+PD(type=pers,position=free)	mogen+hij	
castien	VRB(finiteness=inf)	kastijden	
ende	CONJ(type=coor)	en	
zijn	PD(type=poss,position=prenom)	zijn	
quade	AA(degree=pos,position=prenom)	kwaad	
gewoenten	NOU-C(number=pl)	gewoonte	
ter	ADV(type=reg)	terneder	mw_485
neder	ADV(type=reg)	terneder	mw_485
doen	VRB(finiteness=inf)	doen	
mit	ADP(type=pre)	met	
arbeid	NOU-C(number=sg)	arbeid	
hem	PD(type=pers,position=free)	hij	
an	VRB(finiteness=inf)	aandoen	mw_46
te	ADP(type=pre)	te	
doen	VRB(finiteness=inf)	aandoen	mw_46
vasten	VRB(finiteness=inf)	vasten	
ende	CONJ(type=coor)	en	
ander	PD(type=indef,subtype=oth,position=prenom)	ander	
penitencie	NOU-C(number=sg)	penitentie	
sonder	ADP(type=pre)	zonder	
de	PD(type=w-p,position=free)	dewelke	mw_224
welcke	PD(type=w-p,position=free)	dewelke	mw_224
du	PD(type=pers,position=free)	du	
niet	ADV(type=reg)	niet	
en	ADV(type=reg)	ne	
moechs	VRB(finiteness=fin,tense=pres)	mogen	
ouer	ADP(type=pre)	over	
hem	PD(type=pers,position=free)	hij	
gewroken	VRB(finiteness=pastpart)	wreken	
zijn	VRB(finiteness=inf)	zijn	
want	CONJ(type=coor)	want	
alsostu	CONJ(type=sub)+PD(type=pers,position=free)	alzo+du	
eer	ADV(type=reg)	eer	
saechs	VRB(finiteness=fin,tense=past)	zien	
indien	CONJ(type=sub)	indien	
du	PD(type=pers,position=free)	du	
de	PD(type=d-p,subtype=art,position=prenom)	de	
saec	NOU-C(number=sg)	zaak	
verstaes	VRB(finiteness=fin,tense=pres)	verstaan	
penitencie	NOU-C(number=sg)	penitentie	
is	VRB(finiteness=fin,tense=pres)	zijn	
zijn	PD(type=poss,position=prenom)	zijn	
mestersse	NOU-C(number=sg)	meesterse	
ende	CONJ(type=coor)	en	
die	PD(type=d-p,position=free)	die	
hem	PD(type=pers,position=free)	hij	
castijt	VRB(finiteness=fin,tense=pres)	kastijden	
geeft	VRB(finiteness=fin,tense=pres)	geven	
hem	PD(type=pers,position=free)	hij	
haer	PD(type=pers,position=free)	zij	
zij	PD(type=pers,position=free)	zij	
sal	VRB(finiteness=fin,tense=pres)	zullen	
hem	PD(type=pers,position=free)	hij	
castien	VRB(finiteness=inf)	kastijden	
ende	CONJ(type=coor)	en	
slaen	VRB(finiteness=inf)	slaan	
mit	ADP(type=pre)	met	
haer	PD(type=poss,position=prenom)	haar	
roede	NOU-C(number=sg)	roede	
dat	CONJ(type=sub)	dat	
hy	PD(type=pers,position=free)	hij	
dij	PD(type=pers,position=free)	du	
voert	ADV(type=reg)	voortmeer	mw_461
meer	ADV(type=reg)	voortmeer	mw_461
een	PD(type=indef,subtype=art,position=prenom)	een	
goed	AA(degree=pos,position=prenom)	goed	
dienaer	NOU-C(number=sg)	dienaar	
sal	VRB(finiteness=fin,tense=pres)	zullen	
zijn	VRB(finiteness=inf)	zijn	
ende	CONJ(type=coor)	en	
dat	CONJ(type=sub)	dat	
zijstu	VRB(finiteness=fin,tense=pres)+PD(type=pers,position=free)	zijn+du	
schuldiger	AA(degree=comp,position=free)	schuldig	
te	ADP(type=pre)	te	
begeren	VRB(finiteness=inf)	begeren	
dan	CONJ(type=sub)	dan	
zijn	PD(type=poss,position=prenom)	zijn	
doot	NOU-C(number=sg)	dood	
.	PC	.	

want	CONJ(type=coor)	want	
hy	PD(type=pers,position=free)	hij	
is	VRB(finiteness=fin,tense=pres)	zijn	
dij	PD(type=pers,position=free)	du	
gegeuen	VRB(finiteness=pastpart)	geven	
om	ADP(type=pre)	om	
hem	PD(type=pers,position=free)	hij	
tot	ADP(type=pre)	tot	
salichede	NOU-C(number=sg)	zaligheid	
te	ADP(type=pre)	te	
brenghen	VRB(finiteness=inf)	brengen	
het	PD(type=pers,position=free)	het	
is	VRB(finiteness=fin,tense=pres)	zijn	
dijn	PD(type=poss,position=prenom)	dijn	
selfs	PD(type=d-p,position=free)	zelf	
lichaem	NOU-C(number=sg)	lichaam	
ende	CONJ(type=coor)	en	
anders	ADV(type=reg)	anders	
en	ADV(type=reg)	ne	
can	VRB(finiteness=fin,tense=pres)	kunnen	
ict	PD(type=pers,position=free)+PD(type=pers,position=free)	ik+het	
dy	PD(type=pers,position=free)	du	
niet	ADV(type=reg)	niet	
genoemen	VRB(finiteness=inf)	genoemen	
.	PC	.	

Vrouwe	NOU-C(number=sg)	vrouw	
seydic	VRB(finiteness=fin,tense=past)+PD(type=pers,position=free)	zeggen+ik	
wat	PD(type=w-p,position=free)	wat	
segdi	VRB(finiteness=fin,tense=pres)+PD(type=pers,position=free)	zeggen+gij	
Droem	VRB(finiteness=fin,tense=pres)	dromen	
ic	PD(type=pers,position=free)	ik	
of	CONJ(type=coor)	of	
droemt	VRB(finiteness=fin,tense=pres)	dromen	
ghy	PD(type=pers,position=free)	gij	
Mijn	PD(type=poss,position=prenom)	mijn	
lichaem	NOU-C(number=sg)	lichaam	
ende	CONJ(type=coor)	en	
mijn	PD(type=poss,position=prenom)	mijn	
vleysch	NOU-C(number=sg)	vlees	
heet	VRB(finiteness=fin,tense=pres)	heten	
gij	PD(type=pers,position=free)	gij	
dat	PD(type=d-p,position=free)	dat	
anders	ADV(type=reg)	anders	
dan	CONJ(type=sub)	dan	
my	PD(type=pers,position=free)	ik	
nochtant	ADV(type=reg)	nochtan	
zie	VRB(finiteness=fin,tense=pres)	zien	
ghij	PD(type=pers,position=free)	gij	
dat	CONJ(type=sub)	dat	
ic	PD(type=pers,position=free)	ik	
alleen	AA(degree=pos,position=free)	alleen	
bij	ADP(type=pre)	bij	
v	PD(type=pers,position=free)	gij	
ben	VRB(finiteness=fin,tense=pres)	zijn	
noch	CONJ(type=coor)	noch	
datter	CONJ(type=sub)+ADV(type=reg)	dat+er	
niemont	PD(type=indef,position=free)	niemand	
en	ADV(type=reg)	ne	
is	VRB(finiteness=fin,tense=pres)	zijn	
dan	CONJ(type=sub)	dan	
wij	PD(type=pers,position=free)	wij	
twee	NUM(type=card,position=free,representation=let)	twee	
alleen	AA(degree=pos,position=free)	alleen	
Ic	PD(type=pers,position=free)	ik	
en	ADV(type=reg)	ne	
weet	VRB(finiteness=fin,tense=pres)	weten	
wattet	PD(type=w-p,position=free)+PD(type=pers,position=free)	wat+het	
bediet	VRB(finiteness=fin,tense=pres)	beduiden	
het	PD(type=pers,position=free)	het	
en	ADV(type=reg)	ne	
zij	VRB(finiteness=fin,tense=pres)	zijn	
sothede	NOU-C(number=sg)	zotheid	
Neen	ADV(type=reg)	nee	
also	ADV(type=reg)	alzo	
niet	ADV(type=reg)	niet	
seyde	VRB(finiteness=fin,tense=past)	zeggen	
reden	NOU-P	Reden	
want	CONJ(type=coor)	want	
wt	ADP(type=pre)	uit	
mijn	PD(type=poss,position=prenom)	mijn	
mont	NOU-C(number=sg)	mond	
en	ADV(type=reg)	ne	
quam	VRB(finiteness=fin,tense=past)	komen	
nye	ADV(type=reg)	nie	
logentale	NOU-C(number=sg)	leugentaal	
noch	CONJ(type=coor)	noch	
sothede	NOU-C(number=sg)	zotheid	
of	CONJ(type=coor)	of	
dat	PD(type=d-p,position=free)	dat	
men	PD(type=pers,position=free)	men	
drome	NOU-C(number=sg)	droom	
heeten	VRB(finiteness=inf)	heten	
mocht	VRB(finiteness=fin,tense=past)	mogen	
Mar	CONJ(type=coor)	maar	
segt	VRB(finiteness=fin,tense=pres)	zeggen	
my	PD(type=pers,position=free)	ik	
doch	ADV(type=reg)	doch	
bij	ADP(type=pre)	bij	
dijn	PD(type=poss,position=prenom)	dijn	
trouve	NOU-C(number=sg)	trouw	
ofstu	CONJ(type=sub)+PD(type=pers,position=free)	of+du	
waers	VRB(finiteness=fin,tense=past)	zijn	
in	ADP(type=pre)	in	
een	PD(type=indef,subtype=art,position=prenom)	een	
stede	NOU-C(number=sg)	stede	
daerstu	ADV(type=reg)+PD(type=pers,position=free)	daar+du	
van	ADP(type=pre)	van	
als	PD(type=indef,position=free)	al	
dijn	PD(type=poss,position=prenom)	dijn	
begheren	NOU-C(number=sg)	begeren	
hads	VRB(finiteness=fin,tense=past)	hebben	
van	ADP(type=pre)	van	
wel	ADV(type=reg)	wel	
teten	ADP(type=pre)+VRB(finiteness=inf)	te+eten	
drincken	VRB(finiteness=inf)	drinken	
sacht	AA(degree=pos,position=free)	zacht	
te	ADP(type=pre)	te	
slapen	VRB(finiteness=inf)	slapen	
ende	CONJ(type=coor)	en	
rusten	VRB(finiteness=inf)	rusten	
.	PC	.	

soudstu	VRB(finiteness=fin,tense=past)+PD(type=pers,position=free)	zullen+du	
daer	ADV(type=reg)	daar	
wel	ADV(type=reg)	wel	
altoes	ADV(type=reg)	altoos	
willen	VRB(finiteness=inf)	willen	
blijuen	VRB(finiteness=inf)	blijven	
.	PC	.	

seker	AA(degree=pos,position=free)	zeker	
vrou	NOU-C(number=sg)	vrouw	
seydic	VRB(finiteness=fin,tense=past)+PD(type=pers,position=free)	zeggen+ik	
iae	ADV(type=reg)	ja	
ic	PD(type=pers,position=free)	ik	
Jae	ADV(type=reg)	ja	
gy	PD(type=pers,position=free)	gij	
seytse	VRB(finiteness=fin,tense=pres)+PD(type=pers,position=free)	zeggen+zij	
wat	PD(type=w-p,position=free)	wat	
sechstu	VRB(finiteness=fin,tense=pres)+PD(type=pers,position=free)	zeggen+du	
.	PC	.	

dan	ADV(type=reg)	dan	
soustu	VRB(finiteness=fin,tense=past)+PD(type=pers,position=free)	zullen+du	
achter	VRB(finiteness=inf)	achterlaten	mw_2
moeten	VRB(finiteness=inf)	moeten	
laten	VRB(finiteness=inf)	achterlaten	mw_2
dijn	PD(type=poss,position=prenom)	dijn	
pelgrymage	NOU-C(number=sg)	pelgrimage	
.	PC	.	

Vrou	NOU-C(number=sg)	vrouw	
seyde	VRB(finiteness=fin,tense=past)	zeggen	
ic	PD(type=pers,position=free)	ik	
.	PC	.	

ic	PD(type=pers,position=free)	ik	
en	ADV(type=reg)	ne	
soude	VRB(finiteness=fin,tense=past)	zullen	
want	CONJ(type=coor)	want	
ic	PD(type=pers,position=free)	ik	
souder	VRB(finiteness=fin,tense=past)+ADV(type=reg)	zullen+er	
noch	ADV(type=reg)	nogal	mw_496
al	ADV(type=reg)	nogal	mw_496
in	ADP(type=pre)	in	
tijts	NOU-C(number=sg)	tijd	
genouch	PD(type=indef,position=postnom)	genoeg	
comen	VRB(finiteness=inf)	komen	
alst	CONJ(type=sub)+PD(type=pers,position=free)	als+het	
paste	VRB(finiteness=fin,tense=past)	passen	
In	ADP(type=pre)	in	
tijts	NOU-C(number=sg)	tijd	
genouch	PD(type=indef,position=postnom)	genoeg	
seyde	VRB(finiteness=fin,tense=past)	zeggen	
zij	PD(type=pers,position=free)	zij	
ketijf	NOU-C(number=sg)	katijf	
het	PD(type=pers,position=free)	het	
en	ADV(type=reg)	ne	
is	VRB(finiteness=fin,tense=pres)	zijn	
mensch	NOU-C(number=sg)	mens	
inde	ADP(type=pre)+PD(type=d-p,subtype=art,position=prenom)	in+de	
werelt	NOU-C(number=sg)	wereld	
so	ADV(type=reg)	zo	
seer	AA(degree=pos,position=free)	zeer	
gaende	VRB(finiteness=prespart)	gaan	
noch	CONJ(type=coor)	noch	
lopende	VRB(finiteness=prespart)	lopen	
diere	PD(type=d-p,position=free)+ADV(type=reg)	die+er	
te	ADP(type=pre)	te	
tijde	NOU-C(number=sg)	tijd	
mach	VRB(finiteness=fin,tense=pres)	mogen	
comen	VRB(finiteness=inf)	komen	
.	PC	.	

Ende	CONJ(type=coor)	en	
ofstu	CONJ(type=sub)+PD(type=pers,position=free)	of+du	
na	ADP(type=pre)	na	
veel	PD(type=indef,subtype=oth,position=prenom)	veel	
weelden	NOU-C(number=pl)	weelde	
mit	ADP(type=pre)	met	
arbeyd	NOU-C(number=sg)	arbeid	
ende	CONJ(type=coor)	en	
pijne	NOU-C(number=sg)	pijn	
daer	ADV(type=reg)	daar	
geraken	VRB(finiteness=inf)	geraken	
soudstu	VRB(finiteness=fin,tense=past)+PD(type=pers,position=free)	zullen+du	
oec	ADV(type=reg)	ook	
op	ADP(type=pre)	op	
wege	NOU-C(number=sg)	weg	
slaen	VRB(finiteness=inf)	slaan	
Daer	ADV(type=pron)	daarop	mw_133
op	ADV(type=pron)	daarop	mw_133
en	ADV(type=reg)	ne	
wist	VRB(finiteness=fin,tense=past)	weten	
ic	PD(type=pers,position=free)	ik	
wat	PD(type=indef,position=free)	wat	
andwoerden	VRB(finiteness=inf)	antwoorden	
dan	CONJ(type=sub)	dan	
dat	CONJ(type=sub)	dat	
ic	PD(type=pers,position=free)	ik	
wel	ADV(type=reg)	wel	
bliuen	VRB(finiteness=inf)	blijven	
wilde	VRB(finiteness=fin,tense=past)	willen	
oec	ADV(type=reg)	ook	
wilde	VRB(finiteness=fin,tense=past)	willen	
ic	PD(type=pers,position=free)	ik	
wel	ADV(type=reg)	wel	
gaen	VRB(finiteness=inf)	gaan	
O	INT	o	
seide	VRB(finiteness=fin,tense=past)	zeggen	
reden	NOU-P	Reden	
so	ADV(type=reg)	zo	
hebstu	VRB(finiteness=fin,tense=pres)+PD(type=pers,position=free)	hebben+du	
dubbelt	AA(degree=pos,position=prenom)	dubbel	
gepeyns	NOU-C(number=sg)	gepeins	
ende	CONJ(type=coor)	en	
dubbelde	AA(degree=pos,position=prenom)	dubbel	
wille	NOU-C(number=sg)	wil	
Deen	PD(type=d-p,subtype=art,position=prenom)+NUM(type=card,position=free,representation=let)	de+een	
wil	VRB(finiteness=fin,tense=pres)	willen	
gaen	VRB(finiteness=inf)	gaan	
ende	CONJ(type=coor)	en	
dander	PD(type=d-p,subtype=art,position=prenom)+NUM(type=ord,position=free,representation=let)	de+ander	
wil	VRB(finiteness=fin,tense=pres)	willen	
blijuen	VRB(finiteness=inf)	blijven	
.	PC	.	

deen	PD(type=d-p,subtype=art,position=prenom)+NUM(type=card,position=free,representation=let)	de+een	
wil	VRB(finiteness=fin,tense=pres)	willen	
rusten	VRB(finiteness=inf)	rusten	
dander	PD(type=d-p,subtype=art,position=prenom)+NUM(type=ord,position=free,representation=let)	de+ander	
wil	VRB(finiteness=fin,tense=pres)	willen	
wercken	VRB(finiteness=inf)	werken	
Dat	PD(type=d-p,position=free)	dat	
deen	PD(type=d-p,subtype=art,position=prenom)+NUM(type=card,position=free,representation=let)	de+een	
wil	VRB(finiteness=fin,tense=pres)	willen	
dat	PD(type=d-p,position=free)	dat	
en	ADV(type=reg)	ne	
wil	VRB(finiteness=fin,tense=pres)	willen	
dander	PD(type=d-p,subtype=art,position=prenom)+NUM(type=ord,position=free,representation=let)	de+ander	
niet	ADV(type=reg)	niet	
geheel	AA(degree=pos,position=free)	geheel	
contrari	AA(degree=pos,position=free)	contrarie	
zijn	VRB(finiteness=fin,tense=pres)	zijn	
si	PD(type=pers,position=free)	zij	
deen	PD(type=d-p,subtype=art,position=prenom)+NUM(type=card,position=free,representation=let)	de+een	
den	PD(type=d-p,subtype=art,position=prenom)	de	
anderen	NUM(type=ord,position=free,representation=let)	ander	
Vrouwe	NOU-C(number=sg)	vrouw	
seidic	VRB(finiteness=fin,tense=past)+PD(type=pers,position=free)	zeggen+ik	
seeker	AA(degree=pos,position=free)	zeker	
also	ADV(type=reg)	alzo	
ghi	PD(type=pers,position=free)	gij	
segt	VRB(finiteness=fin,tense=pres)	zeggen	
beuoel	VRB(finiteness=fin,tense=pres)	bevoelen	
ict	PD(type=pers,position=free)+PD(type=pers,position=free)	ik+het	
in	ADP(type=pre)	in	
my	PD(type=pers,position=free)	ik	
Dus	ADV(type=reg)	dus	
en	ADV(type=reg)	ne	
bistu	VRB(finiteness=fin,tense=pres)+PD(type=pers,position=free)	zijn+ du	
niet	ADV(type=reg)	niet	
alleen	AA(degree=pos,position=free)	alleen	
.	PC	.	

maer	CONJ(type=coor)	maar	
du	PD(type=pers,position=free)	du	
ende	CONJ(type=coor)	en	
dijn	PD(type=poss,position=prenom)	dijn	
lichaem	NOU-C(number=sg)	lichaam	
dat	PD(type=d-p,position=free)	dat	
zijn	VRB(finiteness=fin,tense=pres)	zijn	
twee	NUM(type=card,position=free,representation=let)	twee	
want	CONJ(type=coor)	want	
twee	NUM(type=card,position=free,representation=let)	twee	
willen	NOU-C(number=pl)	wil	
en	ADV(type=reg)	ne	
mogen	VRB(finiteness=fin,tense=pres)	mogen	
van	ADP(type=pre)	van	
geen	PD(type=indef,subtype=oth,position=prenom)	geen	
een	PD(type=indef,subtype=art,position=prenom)	een	
dinc	NOU-C(number=sg)	ding	
comen	VRB(finiteness=inf)	komen	

O	INT	o	
vrient	NOU-C(number=sg)	vriend	
seyde	VRB(finiteness=fin,tense=past)	zeggen	
si	PD(type=pers,position=free)	zij	
hebstu	VRB(finiteness=fin,tense=pres)+PD(type=pers,position=free)	hebben+du	
gracie	NOU-C(number=sg)	gratie	
goeds	NOU-P	God	
in	ADP(type=pre)	in	
dinen	PD(type=poss,position=prenom)	dijn	
wech	NOU-C(number=sg)	weg	
hets	PD(type=pers,position=free)+VRB(finiteness=fin,tense=pres)	het+zijn	
dy	PD(type=pers,position=free)	du	
genoech	PD(type=indef,position=free)	genoeg	
du	PD(type=pers,position=free)	du	
en	ADV(type=reg)	ne	
moechs	VRB(finiteness=fin,tense=pres)	mogen	
nymmermeer	ADV(type=reg)	nimmermeer	
beter	AA(degree=comp,position=prenom)	beter	
vriendinne	NOU-C(number=sg)	vriendin	
hebben	VRB(finiteness=inf)	hebben	
Niet	ADV(type=reg)	niet	
dat	CONJ(type=sub)	dat	
ic	PD(type=pers,position=free)	ik	
my	PD(type=refl,position=free)	mij	
excuseren	VRB(finiteness=inf)	excuseren	
of	CONJ(type=coor)	of	
ontsculdighen	VRB(finiteness=inf)	ontschuldigen	
wil	VRB(finiteness=fin,tense=pres)	willen	
ic	PD(type=pers,position=free)	ik	
en	ADV(type=reg)	ne	
sal	VRB(finiteness=fin,tense=pres)	zullen	
gaerne	ADV(type=reg)	gaarne	
mit	ADP(type=pre)	met	
dy	PD(type=pers,position=free)	du	
gaen	VRB(finiteness=inf)	gaan	
al	ADV(type=reg)	alzo	mw_26
so	ADV(type=reg)	alzo	mw_26
lange	AA(degree=pos,position=free)	lang	
alstu	CONJ(type=sub)+PD(type=pers,position=free)	als+du	
wils	VRB(finiteness=fin,tense=pres)	willen	
Maer	CONJ(type=coor)	maar	
ic	PD(type=pers,position=free)	ik	
seg	VRB(finiteness=fin,tense=pres)	zeggen	
dy	PD(type=pers,position=free)	du	
dat	CONJ(type=sub)	dat	
tusschen	ADP(type=pre)	tussen	
ons	PD(type=pers,position=free)	wij	
tween	NUM(type=card,position=free,representation=let)	twee	
sullen	VRB(finiteness=fin,tense=pres)	zullen	
somtijt	ADV(type=reg)	somtijd	
sulcke	PD(type=d-p,subtype=oth,position=prenom)	zulk	
wolcken	NOU-C(number=pl)	wolk	
zijn	VRB(finiteness=inf)	zijn	
of	CONJ(type=coor)	of	
donckerhede	NOU-C(number=sg)	donkerheid	
daer	ADV(type=pron)	daarmede	mw_158
mede	ADV(type=pron)	daarmede	mw_158
ic	PD(type=pers,position=free)	ik	
van	ADP(type=pre)	van	
dy	PD(type=pers,position=free)	du	
verholen	VRB(finiteness=pastpart)	verhelen	
ende	CONJ(type=coor)	en	
bedect	VRB(finiteness=pastpart)	bedekken	
sal	VRB(finiteness=fin,tense=pres)	zullen	
zijn	VRB(finiteness=inf)	zijn	
Ende	CONJ(type=coor)	en	
somtijt	ADV(type=reg)	somtijd	
sulstu	VRB(finiteness=fin,tense=pres)+PD(type=pers,position=free)	zullen+du	
my	PD(type=pers,position=free)	ik	
donckerlic	ADV(type=reg)	donkerlijk	
sien	VRB(finiteness=inf)	zien	
ende	CONJ(type=coor)	en	
somtijts	ADV(type=reg)	somtijds	
niet	ADV(type=reg)	niet	
middallen	ADV(type=reg)	medallen	
Somtijt	ADV(type=reg)	somtijd	
sulstu	VRB(finiteness=fin,tense=pres)+PD(type=pers,position=free)	zullen+du	
my	PD(type=pers,position=free)	ik	
claerlic	ADV(type=reg)	klaarlijk	
ende	CONJ(type=coor)	en	
wel	ADV(type=reg)	wel	
sien	VRB(finiteness=inf)	zien	
nadien	ADV(type=reg)	nadien	
datstu	CONJ(type=sub)+PD(type=pers,position=free)	dat+du	
den	PD(type=d-p,subtype=art,position=prenom)	de	
rechten	AA(degree=pos,position=prenom)	recht	
wech	NOU-C(number=sg)	weg	
suls	VRB(finiteness=fin,tense=pres)	zullen	
houden	VRB(finiteness=inf)	houden	
Maer	CONJ(type=coor)	maar	
ist	VRB(finiteness=fin,tense=pres)+PD(type=pers,position=free)	zijn+het	
dat	CONJ(type=sub)	dat	
du	PD(type=pers,position=free)	du	
mijnder	PD(type=pers,position=free)	ik	
van	ADP(type=pre)	van	
node	NOU-C(number=sg)	nood	
hebs	VRB(finiteness=fin,tense=pres)	hebben	
so	ADV(type=reg)	zo	
soect	VRB(finiteness=fin,tense=pres)	zoeken	
my	PD(type=pers,position=free)	ik	
ontrent	ADP(type=pre)	omtrent	
dy	PD(type=pers,position=free)	du	
want	CONJ(type=coor)	want	
soucstu	VRB(finiteness=fin,tense=pres)+PD(type=pers,position=free)	zoeken+du	
my	PD(type=pers,position=free)	ik	
naer	ADV(type=reg)	naarstelijk	mw_294
stelic	ADV(type=reg)	naarstelijk	mw_294
du	PD(type=pers,position=free)	du	
suls	VRB(finiteness=fin,tense=pres)	zullen	
my	PD(type=pers,position=free)	ik	
altoes	ADV(type=reg)	altoos	
bereet	AA(degree=pos,position=free)	bereid	
vinden	VRB(finiteness=inf)	vinden	
Nu	ADV(type=reg)	nu	
gaet	VRB(finiteness=fin,tense=pres)	gaan	
terstont	ADV(type=reg)	terstond	
ende	CONJ(type=coor)	en	
en	ADV(type=reg)	ne	
wil	VRB(finiteness=fin,tense=pres)	willen	
niet	ADV(type=reg)	niet	
toeuen	VRB(finiteness=inf)	toeven	
ende	CONJ(type=coor)	en	
neemt	VRB(finiteness=fin,tense=pres)	nemen	
goeden	AA(degree=pos,position=prenom)	goed	
wech	NOU-C(number=sg)	weg	
ende	CONJ(type=coor)	en	
en	ADV(type=reg)	ne	
gheloeft	VRB(finiteness=fin,tense=pres)	geloven	
den	PD(type=d-p,position=free)	die	
ghenen	PD(type=d-p,position=free)	gene	
niet	ADV(type=reg)	niet	
die	PD(type=d-p,position=free)	die	
dy	PD(type=pers,position=free)	du	
onghetrou	AA(degree=pos,position=free)	ongetrouw	
is	VRB(finiteness=fin,tense=pres)	zijn	

Nv	ADV(type=reg)	nu	
sal	VRB(finiteness=fin,tense=pres)	zullen	
ic	PD(type=pers,position=free)	ik	
v	PD(type=pers,position=free)	gij	
segghen	VRB(finiteness=inf)	zeggen	
hoedt	ADV(type=reg)+PD(type=pers,position=free)	hoe+het	
my	PD(type=pers,position=free)	ik	
quam	VRB(finiteness=fin,tense=past)	komen	
daer	ADV(type=pron)	daaraf	mw_161
my	PD(type=pers,position=free)	ik	
so	ADV(type=reg)	zo	
grotelic	ADV(type=reg)	grotelijk	
of	ADV(type=pron)	daaraf	mw_161
misuiel	VRB(finiteness=fin,tense=past)	misvallen	
Want	CONJ(type=coor)	want	
als	CONJ(type=sub)	als	
ic	PD(type=pers,position=free)	ik	
aldus	ADV(type=reg)	aldus	
ghinc	VRB(finiteness=fin,tense=past)	gaan	
souckende	VRB(finiteness=prespart)	zoeken	
in	ADP(type=pre)	in	
mynen	PD(type=poss,position=prenom)	mijn	
wech	NOU-C(number=sg)	weg	
een	PD(type=indef,subtype=art,position=prenom)	een	
gat	NOU-C(number=sg)	gat	
inde	ADP(type=pre)+PD(type=d-p,subtype=art,position=prenom)	in+de	
hage	NOU-C(number=sg)	haag	
.	PC	.	

Soe	ADV(type=reg)	zo	
ward	VRB(finiteness=fin,tense=past)	worden	
ic	PD(type=pers,position=free)	ik	
siende	VRB(finiteness=prespart)	zien	
coerden	NOU-C(number=pl)	koord	
ende	CONJ(type=coor)	en	
stricken	NOU-C(number=pl)	strik	
die	PD(type=d-p,position=free)	die	
my	PD(type=pers,position=free)	ik	
ghestrict	VRB(finiteness=pastpart)	strikken	
hadden	VRB(finiteness=fin,tense=past)	hebben	
eer	CONJ(type=sub)	eer	
dat	CONJ(type=sub)	dat	
icse	PD(type=pers,position=free)+PD(type=pers,position=free)	ik+zij	
gewaer	AA(degree=pos,position=free)	gewaar	
wardt	VRB(finiteness=fin,tense=past)	worden	
onuersienlic	ADV(type=reg)	onverzienlijk	
daer	ADV(type=pron)	daaraf	mw_152
ic	PD(type=pers,position=free)	ik	
so	ADV(type=reg)	zo	
verbaest	VRB(finiteness=pastpart)	verbazen	
of	ADV(type=pron)	daaraf	mw_152
was	VRB(finiteness=fin,tense=past)	zijn	
ende	CONJ(type=coor)	en	
onstelt	VRB(finiteness=pastpart)	ontstellen	
dat	CONJ(type=sub)	dat	
ic	PD(type=pers,position=free)	ik	
mijn	PD(type=poss,position=prenom)	mijn	
spreken	NOU-C(number=sg)	spreken	
tot	ADP(type=pre)	tot	
reden	NOU-P	Reden	
of	VRB(finiteness=fin,tense=past)	aflaten	mw_436
liet	VRB(finiteness=fin,tense=past)	aflaten	mw_436
ende	CONJ(type=coor)	en	
gracien	NOU-C(number=sg)	gratie	
gods	NOU-P	God	
al	ADV(type=reg)	al	
vergat	VRB(finiteness=fin,tense=past)	vergeten	
.	PC	.	

Vant	ADP(type=pre)+PD(type=d-p,subtype=art,position=prenom)	van+dat	
gat	NOU-C(number=sg)	gat	
te	ADP(type=pre)	te	
soucken	VRB(finiteness=inf)	zoeken	
inde	ADP(type=pre)+PD(type=d-p,subtype=art,position=prenom)	in+de	
hage	NOU-C(number=sg)	haag	
liet	VRB(finiteness=fin,tense=past)	aflaten	mw_437
ic	PD(type=pers,position=free)	ik	
al	ADV(type=reg)	al	
of	VRB(finiteness=fin,tense=past)	aflaten	mw_437
.	PC	.	

Ic	PD(type=pers,position=free)	ik	
had	VRB(finiteness=fin,tense=past)	hebben	
genouch	PD(type=indef,position=free)	genoeg	
te	ADP(type=pre)	te	
peynsen	VRB(finiteness=inf)	peinzen	
hoe	ADV(type=reg)	hoe	
ic	PD(type=pers,position=free)	ik	
de	PD(type=d-p,subtype=art,position=prenom)	de	
stricken	NOU-C(number=pl)	strik	
tontcnopen	ADP(type=pre)+VRB(finiteness=inf)	te+ontknopen	
ende	CONJ(type=coor)	en	
myn	PD(type=pers,position=free)	ik	
seluen	PD(type=d-p,position=free)	zelf	
te	ADP(type=pre)	te	
lossen	VRB(finiteness=inf)	lossen	
ic	PD(type=pers,position=free)	ik	
en	ADV(type=reg)	ne	
mochtse	VRB(finiteness=fin,tense=past)+PD(type=pers,position=free)	mogen+zij	
niet	ADV(type=reg)	niet	
wel	ADV(type=reg)	wel	
breken	VRB(finiteness=inf)	breken	
want	CONJ(type=coor)	want	
ic	PD(type=pers,position=free)	ik	
en	ADV(type=reg)	ne	
had	VRB(finiteness=fin,tense=past)	hebben	
sampsons	NOU-P	Samson	
cracht	NOU-C(number=sg)	kracht	
niet	ADV(type=reg)	niet	
Een	PD(type=indef,subtype=art,position=prenom)	een	
vreeselic	AA(degree=pos,position=prenom)	vreselijk	
ende	CONJ(type=coor)	en	
mismaecte	AA(degree=pos,position=prenom)	mismaakt	
ou	AA(degree=pos,position=prenom)	oud	
queen	NOU-C(number=sg)	kween	
die	PD(type=d-p,position=free)	die	
volgde	VRB(finiteness=fin,tense=past)	volgen	
die	PD(type=d-p,position=free)	die	
de	PD(type=d-p,subtype=art,position=prenom)	de	
stricken	NOU-C(number=pl)	strik	
in	ADP(type=pre)	in	
haer	PD(type=poss,position=prenom)	haar	
hant	NOU-C(number=sg)	hand	
hielt	VRB(finiteness=fin,tense=past)	houden	
Ende	CONJ(type=coor)	en	
als	CONJ(type=sub)	als	
ic	PD(type=pers,position=free)	ik	
mi	PD(type=refl,position=free)	mij	
om	VRB(finiteness=fin,tense=past)	omkeren	mw_410
keerde	VRB(finiteness=fin,tense=past)	omkeren	mw_410
ende	CONJ(type=coor)	en	
icse	PD(type=pers,position=free)+PD(type=pers,position=free)	ik+zij	
wel	ADV(type=reg)	wel	
besach	VRB(finiteness=fin,tense=past)	bezien	
.	PC	.	

veel	ADV(type=reg)	veel	
meer	ADV(type=reg)	meer	
veruaerde	VRB(finiteness=fin,tense=past)	vervaren	
ic	PD(type=pers,position=free)	ik	
my	PD(type=refl,position=free)	mij	
dan	CONJ(type=sub)	dan	
te	ADV(type=reg)	tevoren	mw_581
voren	ADV(type=reg)	tevoren	mw_581
want	CONJ(type=coor)	want	
ic	PD(type=pers,position=free)	ik	
sachse	VRB(finiteness=fin,tense=past)+PD(type=pers,position=free)	zien+zij	
al	ADV(type=reg)	al	
beschimmelt	VRB(finiteness=pastpart)	beschimmelen	
vies	AA(degree=pos,position=free)	vies	
ende	CONJ(type=coor)	en	
lelic	AA(degree=pos,position=free)	lelijk	
swart	AA(degree=pos,position=free)	zwart	
ende	CONJ(type=coor)	en	
vuyl	AA(degree=pos,position=free)	vuil	
ende	CONJ(type=coor)	en	
drouch	VRB(finiteness=fin,tense=past)	dragen	
de	PD(type=d-p,subtype=art,position=prenom)	de	
bile	NOU-C(number=sg)	bijl	
eens	PD(type=indef,subtype=art,position=prenom)	een	
vleyschouwers	NOU-C(number=sg)	vleeshouwer	
of	CONJ(type=sub)	of	
zij	PD(type=pers,position=free)	zij	
varcken	NOU-C(number=sg)	varken	
had	VRB(finiteness=fin,tense=past)	hebben	
wilen	VRB(finiteness=inf,WF=mis)	willen	
slaen	VRB(finiteness=inf)	slaan	
ende	CONJ(type=coor)	en	
op	ADP(type=pre)	op	
haer	PD(type=poss,position=prenom)	haar	
hals	NOU-C(number=sg)	hals	
so	ADV(type=reg)	zo	
drouch	VRB(finiteness=fin,tense=past)	dragen	
si	PD(type=pers,position=free)	zij	
een	PD(type=indef,subtype=art,position=prenom)	een	
pac	NOU-C(number=sg)	pak	
van	ADP(type=pre)	van	
coerden	NOU-C(number=pl)	koord	
.	PC	.	

Ic	PD(type=pers,position=free)	ik	
meende	VRB(finiteness=fin,tense=past)	menen	
als	CONJ(type=sub)	als	
icse	PD(type=pers,position=free)+PD(type=pers,position=free)	ik+zij	
dus	ADV(type=reg)	dus	
sach	VRB(finiteness=fin,tense=past)	zien	
na	ADP(type=pre)	na	
de	PD(type=d-p,subtype=art,position=prenom)	de	
manieren	NOU-C(number=sg)	manier	
dat	CONJ(type=sub)	dat	
zij	PD(type=pers,position=free)	zij	
een	PD(type=indef,subtype=art,position=prenom)	een	
iaechster	NOU-C(number=sg)	jaagster	
waer	VRB(finiteness=fin,tense=past)	zijn	
geweest	VRB(finiteness=pastpart)	zijn	
om	ADP(type=pre)	om	
woluen	NOU-C(number=pl)	wolf	
te	ADP(type=pre)	te	
vangen	VRB(finiteness=inf)	vangen	
want	CONJ(type=coor)	want	
sulcke	PD(type=d-p,subtype=oth,position=prenom)	zulk	
packen	NOU-C(number=pl)	pak	
plagen	VRB(finiteness=fin,tense=past)	plegen	
de	PD(type=d-p,subtype=art,position=prenom)	de	
wolf	NOU-C(number=pl)	wolfjager	mw_42
iagers	NOU-C(number=pl)	wolfjager	mw_42
te	ADP(type=pre)	te	
draghen	VRB(finiteness=inf)	dragen	
als	CONJ(type=sub)	als	
si	PD(type=pers,position=free)	zij	
iaghen	VRB(finiteness=inf)	jagen	
wilden	VRB(finiteness=fin,tense=past)	willen	

Sijn	PD(type=poss,position=prenom)	zijn	
blaesbalch	NOU-C(number=sg)	blaasbalg	
heet	VRB(finiteness=fin,tense=pres)	heten	
ydel	AA(degree=pos,position=prenom)	ijdel	
glorie	NOU-C(number=sg)	glorie	
ende	CONJ(type=coor)	en	
is	VRB(finiteness=fin,tense=pres)	zijn	
ghemaect	VRB(finiteness=pastpart)	maken	
om	ADP(type=pre)	om	
dode	AA(degree=pos,position=prenom)	dood	
colen	NOU-C(number=pl)	kool	
leuende	VRB(finiteness=prespart)	leven	
te	ADP(type=pre)	te	
maecken	VRB(finiteness=inf)	maken	
en	ADV(type=reg)	ne	
verwaende	AA(degree=pos,position=prenom)	verwaand	
sotten	NOU-C(number=pl)	zot	
die	PD(type=d-p,position=free)	die	
onreyn	AA(degree=pos,position=free)	onrein	
ende	CONJ(type=coor)	en	
vuyl	AA(degree=pos,position=free)	vuil	
zijn	VRB(finiteness=fin,tense=pres)	zijn	
van	ADP(type=pre)	van	
oude	AA(degree=pos,position=prenom)	oud	
sonden	NOU-C(number=pl)	zonde	
te	ADP(type=pre)	te	
doen	VRB(finiteness=inf)	doen	
menen	VRB(finiteness=fin,tense=pres)	menen	
datse	CONJ(type=sub)+PD(type=pers,position=free)	dat+zij	
allen	PD(type=indef,position=free)	al	
anderen	PD(type=indef,position=free)	ander	
beter	AA(degree=comp,position=free)	beter	
zijn	VRB(finiteness=fin,tense=pres)	zijn	
Gelijc	CONJ(type=sub)	gelijk	
dat	CONJ(type=sub)	dat	
de	PD(type=d-p,subtype=art,position=prenom)	de	
wint	NOU-C(number=sg)	wind	
doet	VRB(finiteness=fin,tense=pres)	doen	
vallen	VRB(finiteness=inf)	vallen	
de	PD(type=d-p,subtype=art,position=prenom)	de	
vruchten	NOU-C(number=pl)	vrucht	
vande	ADP(type=pre)+PD(type=d-p,subtype=art,position=prenom)	van+de	
bomen	NOU-C(number=pl)	boom	
Also	ADV(type=reg)	alzo	
de	PD(type=d-p,subtype=art,position=prenom)	de	
wint	NOU-C(number=sg)	wind	
van	ADP(type=pre)	van	
dese	PD(type=d-p,subtype=oth,position=prenom)	deze	
blaesbalch	NOU-C(number=sg)	blaasbalg	
leyt	VRB(finiteness=fin,tense=pres)	ternederleggen	mw_431
ter	VRB(finiteness=fin,tense=pres)	ternederleggen	mw_431
neder	VRB(finiteness=fin,tense=pres)	ternederleggen	mw_431
alle	PD(type=indef,subtype=oth,position=prenom)	al	
deuchden	NOU-C(number=pl)	deugd	
Ja	ADV(type=reg)	ja	
al	PD(type=indef,position=free)	al	
dat	PD(type=d-p,position=free)	dat	
hi	PD(type=pers,position=free)	hij	
gecrijggen	VRB(finiteness=inf)	gekrijgen	
can	VRB(finiteness=fin,tense=pres)	kunnen	
ende	CONJ(type=coor)	en	
geen	PD(type=indef,subtype=oth,position=prenom)	geen	
deucht	NOU-C(number=sg)	deugd	
en	ADV(type=reg)	ne	
macher	VRB(finiteness=fin,tense=pres)+ADV(type=pron)	mogen+ervoor	mw_451
voer	VRB(finiteness=fin,tense=pres)+ADV(type=pron)	mogen+ervoor	mw_451
staende	VRB(finiteness=prespart)	staan	
bliuen	VRB(finiteness=inf)	blijven	
Hi	PD(type=pers,position=free)	hij	
verswelcht	VRB(finiteness=fin,tense=pres)	verzwelgen	
de	PD(type=d-p,subtype=art,position=prenom)	de	
grote	AA(degree=pos,position=prenom)	groot	
vogelen	NOU-C(number=pl)	vogel	
hi	PD(type=pers,position=free)	hij	
beroeftse	VRB(finiteness=fin,tense=pres)+PD(type=pers,position=free)	beroven+zij	
vande	ADP(type=pre)+PD(type=d-p,subtype=art,position=prenom)	van+de	
substancie	NOU-C(number=sg)	substantie	
haers	PD(type=poss,position=prenom)	haar	
leuens	NOU-C(number=sg)	leven	
.	PC	.	

Hebstu	VRB(finiteness=fin,tense=pres)+PD(type=pers,position=free)	hebben+du	
niet	ADV(type=reg)	niet	
gehoert	VRB(finiteness=pastpart)	horen	
vanden	ADP(type=pre)+PD(type=d-p,subtype=art,position=prenom)	van+de	
rauen	NOU-C(number=sg)	raaf	
die	PD(type=d-p,position=free)	die	
een	PD(type=indef,subtype=art,position=prenom)	een	
case	NOU-C(number=sg)	kaas	
in	ADP(type=pre)	in	
zijn	PD(type=poss,position=prenom)	zijn	
bec	NOU-C(number=sg)	bek	
had	VRB(finiteness=fin,tense=past)	hebben	
ende	CONJ(type=coor)	en	
de	PD(type=d-p,subtype=art,position=prenom)	de	
vos	NOU-C(number=sg)	vos	
quam	VRB(finiteness=fin,tense=past)	komen	
tot	ADP(type=pre)	tot	
hem	PD(type=pers,position=free)	hij	
ende	CONJ(type=coor)	en	
seyde	VRB(finiteness=fin,tense=past)	zeggen	
Lieue	AA(degree=pos,position=prenom)	lief	
rauen	NOU-C(number=sg)	raaf	
ic	PD(type=pers,position=free)	ik	
bidde	VRB(finiteness=fin,tense=pres)	bidden	
dy	PD(type=pers,position=free)	du	
singe	VRB(finiteness=fin,tense=pres)	zingen	
mi	PD(type=pers,position=free)	ik	
doch	ADV(type=reg)	doch	
een	PD(type=indef,subtype=art,position=prenom)	een	
liedekijn	NOU-C(number=sg)	liedje	
want	CONJ(type=coor)	want	
mi	PD(type=pers,position=free)	ik	
verlangt	VRB(finiteness=fin,tense=pres)	verlangen	
seer	AA(degree=pos,position=free)	zeer	
v	PD(type=poss,position=prenom)	uw	
keelkijn	NOU-C(number=sg)	keeltje	
te	ADP(type=pre)	te	
horen	VRB(finiteness=inf)	horen	
dat	PD(type=d-p,position=free)	dat	
zoeter	AA(degree=comp,position=free)	zoet	
is	VRB(finiteness=fin,tense=pres)	zijn	
dan	CONJ(type=sub)	dan	
orghelspel	NOU-C(number=sg)	orgelspel	
.	PC	.	

Van	ADP(type=pre)	van	
welcken	PD(type=w-p,position=prenom)	welk	
sanc	NOU-C(number=sg)	zang	
hi	PD(type=pers,position=free)	hij	
vernam	VRB(finiteness=fin,tense=past)	vernemen	
sulcken	PD(type=d-p,subtype=oth,position=prenom)	zulk	
wint	NOU-C(number=sg)	wind	
dat	CONJ(type=sub)	dat	
hy	PD(type=pers,position=free)	hij	
de	PD(type=d-p,subtype=art,position=prenom)	de	
case	NOU-C(number=sg)	kaas	
liet	VRB(finiteness=fin,tense=past)	laten	
vallen	VRB(finiteness=inf)	vallen	
ende	CONJ(type=coor)	en	
began	VRB(finiteness=fin,tense=past)	beginnen	
te	ADP(type=pre)	te	
singen	VRB(finiteness=inf)	zingen	
want	CONJ(type=coor)	want	
het	PD(type=d-p,subtype=art,position=prenom)	het	
hert	NOU-C(number=sg)	hart	
was	VRB(finiteness=fin,tense=past)	zijn	
hem	PD(type=refl,position=free)	hem	
open	AA(degree=pos,position=free)	open	
meenende	VRB(finiteness=prespart)	menen	
dat	CONJ(type=sub)	dat	
de	PD(type=d-p,subtype=art,position=prenom)	de	
vos	NOU-C(number=sg)	vos	
hem	PD(type=pers,position=free)	hij	
de	PD(type=d-p,subtype=art,position=prenom)	de	
warachticheit	NOU-C(number=sg)	waarachtigheid	
geseyt	VRB(finiteness=pastpart)	zeggen	
had	VRB(finiteness=fin,tense=past)	hebben	
maer	CONJ(type=coor)	maar	
hy	PD(type=pers,position=free)	hij	
en	ADV(type=reg)	ne	
meende	VRB(finiteness=fin,tense=past)	menen	
de	PD(type=d-p,subtype=art,position=prenom)	de	
sanc	NOU-C(number=sg)	zang	
vanden	ADP(type=pre)+PD(type=d-p,subtype=art,position=prenom)	van+de	
rauen	NOU-C(number=sg)	raaf	
niet	ADV(type=reg)	niet	
maer	CONJ(type=coor)	maar	
hi	PD(type=pers,position=free)	hij	
meende	VRB(finiteness=fin,tense=past)	menen	
alleen	AA(degree=pos,position=free)	alleen	
de	PD(type=d-p,subtype=art,position=prenom)	de	
case	NOU-C(number=sg)	kaas	
die	PD(type=d-p,position=free)	die	
hi	PD(type=pers,position=free)	hij	
nam	VRB(finiteness=fin,tense=past)	nemen	
ende	CONJ(type=coor)	en	
droechse	VRB(finiteness=fin,tense=past)+PD(type=pers,position=free)	wegdragen+zij	mw_292
wech	VRB(finiteness=fin,tense=past)+PD(type=pers,position=free)	wegdragen+zij	mw_292
ende	CONJ(type=coor)	en	
versubtijlde	VRB(finiteness=fin,tense=past)	versubtielen	
so	ADV(type=reg)	zo	
den	PD(type=d-p,subtype=art,position=prenom)	de	
rauen	NOU-C(number=sg)	raaf	
Bij	ADP(type=pre)	bij	
desen	PD(type=d-p,subtype=oth,position=prenom)	deze	
exempel	NOU-C(number=sg)	exempel	
moechstu	VRB(finiteness=fin,tense=pres)+PD(type=pers,position=free)	mogen+du	
claerlick	ADV(type=reg)	klaarlijk	
sien	VRB(finiteness=inf)	zien	
dat	CONJ(type=sub)	dat	
de	PD(type=d-p,subtype=art,position=prenom)	de	
wint	NOU-C(number=sg)	wind	
van	ADP(type=pre)	van	
desen	PD(type=d-p,subtype=oth,position=prenom)	deze	
blaesbalch	NOU-C(number=sg)	blaasbalg	
den	PD(type=d-p,position=free)	die	
ghenen	PD(type=d-p,position=free)	gene	
die	PD(type=d-p,position=free)	die	
best	AA(degree=sup,position=free)	best	
gepluymt	AA(degree=pos,position=free)	gepluimd	
zijn	VRB(finiteness=fin,tense=pres)	zijn	
ter	VRB(finiteness=inf)	ternederleggen	mw_426
neder	VRB(finiteness=inf)	ternederleggen	mw_426
leggen	VRB(finiteness=inf)	ternederleggen	mw_426
doet	VRB(finiteness=fin,tense=pres)	doen	
al	PD(type=indef,position=free)	al	
dat	PD(type=d-p,position=free)	dat	
si	PD(type=pers,position=free)	zij	
hebben	VRB(finiteness=fin,tense=pres)	hebben	
Dats	PD(type=d-p,position=free)+VRB(finiteness=fin,tense=pres)	dat+zijn	
te	ADP(type=pre)	te	
seggen	VRB(finiteness=inf)	zeggen	
Als	CONJ(type=sub)	als	
ic	PD(type=pers,position=free)	ik	
yemont	PD(type=indef,position=free)	iemand	
sie	VRB(finiteness=fin,tense=pres)	zien	
die	PD(type=d-p,position=free)	die	
eenighe	PD(type=indef,subtype=oth,position=prenom)	enig	
deucht	NOU-C(number=sg)	deugd	
in	ADP(type=pre)	in	
hem	PD(type=pers,position=free)	hij	
heeft	VRB(finiteness=fin,tense=pres)	hebben	
mit	ADP(type=pre)	met	
desen	PD(type=d-p,subtype=oth,position=prenom)	deze	
blaesbalch	NOU-C(number=sg)	blaasbalg	
bedwinge	VRB(finiteness=fin,tense=pres)	bedwingen	
ic	PD(type=pers,position=free)	ik	
hem	PD(type=pers,position=free)	hij	
dat	CONJ(type=sub)	dat	
hi	PD(type=pers,position=free)	hij	
zijn	PD(type=poss,position=prenom)	zijn	
waen	NOU-C(number=sg)	waan	
verliest	VRB(finiteness=fin,tense=pres)	verliezen	
ende	CONJ(type=coor)	en	
ter	VRB(finiteness=fin,tense=pres)	ternedervallen	mw_487
neder	VRB(finiteness=fin,tense=pres)	ternedervallen	mw_487
valt	VRB(finiteness=fin,tense=pres)	ternedervallen	mw_487
De	PD(type=d-p,subtype=art,position=prenom)	de	
wint	NOU-C(number=sg)	wind	
wan	ADP(type=pre,WF=mis)	van	
desen	PD(type=d-p,subtype=oth,position=prenom)	deze	
blaesbalge	NOU-C(number=sg)	blaasbalg	
en	ADV(type=reg)	ne	
soude	VRB(finiteness=fin,tense=past)	zullen	
nimmermeer	ADV(type=reg)	nimmermeer	
assch	NOU-C(number=sg)	as	
nach	CONJ(type=coor)	noch	
[	PC	[	
]	PC	]	
stof	NOU-C(number=sg)	stof	
wech	VRB(finiteness=inf)	wegblazen	mw_81
blasen	VRB(finiteness=inf)	wegblazen	mw_81
.	PC	.	

mer	CONJ(type=coor)	maar	
wel	ADV(type=reg)	wel	
den	PD(type=d-p,subtype=art,position=prenom)	de	
sterffeliken	AA(degree=pos,position=prenom)	sterfelijk	
mensch	NOU-C(number=sg)	mens	
die	PD(type=d-p,position=free)	die	
stof	NOU-C(number=sg)	stof	
ende	CONJ(type=coor)	en	
assche	NOU-C(number=sg)	as	
na	VRB(finiteness=pastpart)	nablazen	mw_331
geblasen	VRB(finiteness=pastpart)	nablazen	mw_331
is	VRB(finiteness=fin,tense=pres)	zijn	
mit	ADP(type=pre)	met	
een	PD(type=indef,subtype=art,position=prenom)	een	
luttel	NOU-C(number=sg)	luttel	
wints	NOU-C(number=sg)	wind	
so	ADV(type=reg)	zo	
ist	VRB(finiteness=fin,tense=pres)+PD(type=pers,position=free)	zijn+het	
gespreet	VRB(finiteness=pastpart)	spreiden	
ende	CONJ(type=coor)	en	
te	ADP(type=pre)	te	
quist	NOU-C(number=sg)	kwist	
gemaect	VRB(finiteness=pastpart)	maken	
Dese	PD(type=d-p,subtype=oth,position=prenom)	deze	
blaesbalch	NOU-C(number=sg)	blaasbalg	
doet	VRB(finiteness=fin,tense=pres)	doen	
enigen	PD(type=indef,position=free)	enig	
pijpen	VRB(finiteness=inf)	pijpen	
ende	CONJ(type=coor)	en	
trompen	VRB(finiteness=inf)	trompen	
dat	PD(type=d-p,position=free)	dat	
zijn	VRB(finiteness=fin,tense=pres)	zijn	
die	PD(type=d-p,position=free)	die	
ydel	AA(degree=pos,position=free)	ijdel	
van	ADP(type=pre)	van	
deuchden	NOU-C(number=pl)	deugd	
zijn	VRB(finiteness=fin,tense=pres)	zijn	
ende	CONJ(type=coor)	en	
geen	PD(type=indef,subtype=oth,position=prenom)	geen	
zinne	NOU-C(number=sg)	zin	
en	ADV(type=reg)	ne	
hebben	VRB(finiteness=fin,tense=pres)	hebben	
mit	ADP(type=pre)	met	
desen	PD(type=d-p,subtype=oth,position=prenom)	deze	
blaesbalge	NOU-C(number=sg)	blaasbalg	
can	VRB(finiteness=fin,tense=pres)	kunnen	
ik	PD(type=pers,position=free)	ik	
wel	ADV(type=reg)	wel	
weder	ADV(type=reg)	weder	
wint	NOU-C(number=sg)	wind	
an	VRB(finiteness=inf)	aantrekken	mw_47
mi	PD(type=pers,position=free)	ik	
trecken	VRB(finiteness=inf)	aantrekken	mw_47
Want	CONJ(type=coor)	want	
als	CONJ(type=sub)	als	
my	PD(type=pers,position=free)	ik	
yemont	PD(type=indef,position=free)	iemand	
gaet	VRB(finiteness=fin,tense=pres)	gaan	
blasende	VRB(finiteness=prespart)	blazen	
int	ADP(type=pre)+PD(type=d-p,subtype=art,position=prenom)	in+dat	
ore	NOU-C(number=sg)	oor	
seggende	VRB(finiteness=prespart)	zeggen	
dat	CONJ(type=sub)	dat	
ic	PD(type=pers,position=free)	ik	
schoen	AA(degree=pos,position=free)	schoon	
ben	VRB(finiteness=fin,tense=pres)	zijn	
ende	CONJ(type=coor)	en	
machtich	AA(degree=pos,position=free)	machtig	
milde	AA(degree=pos,position=free)	mild	
ende	CONJ(type=coor)	en	
vroet	AA(degree=pos,position=free)	vroed	
Dan	ADV(type=reg)	dan	
trec	VRB(finiteness=fin,tense=pres)	trekken	
ic	PD(type=pers,position=free)	ik	
die	PD(type=d-p,subtype=art,position=prenom)	de	
wint	NOU-C(number=sg)	wind	
tot	ADP(type=pre)	tot	
mi	PD(type=pers,position=free)	ik	
waerts	ADV(type=reg)	waarts	
ende	CONJ(type=coor)	en	
make	VRB(finiteness=fin,tense=pres)	maken	
hem	PD(type=pers,position=free)	hij	
plaets	NOU-C(number=sg)	plaats	
in	ADP(type=pre)	in	
mijn	PD(type=poss,position=prenom)	mijn	
buyc	NOU-C(number=sg)	buik	
daer	ADV(type=pron)	daaraf	mw_150
ic	PD(type=pers,position=free)	ik	
dus	ADV(type=reg)	dus	
grof	AA(degree=pos,position=free)	grof	
ende	CONJ(type=coor)	en	
gheswollen	VRB(finiteness=pastpart)	zwellen	
of	ADV(type=pron)	daaraf	mw_150
ben	VRB(finiteness=fin,tense=pres)	zijn	
also	CONJ(type=sub)	alzo	
du	PD(type=pers,position=free)	du	
sien	VRB(finiteness=inf)	zien	

moechs	VRB(finiteness=fin,tense=pres)	mogen	
Ic	PD(type=pers,position=free)	ik	
hebt	VRB(finiteness=fin,tense=pres)	hebben	
di	PD(type=pers,position=free)	du	
nv	ADV(type=reg)	nu	
anderwarf	ADV(type=reg)	anderwerf	
gheseyt	VRB(finiteness=pastpart)	zeggen	
[	PC	[	
]	PC	]	
die	PD(type=d-p,subtype=art,position=prenom)	de	
wint	NOU-C(number=sg)	wind	
doet	VRB(finiteness=fin,tense=pres)	doen	
mi	PD(type=pers,position=free)	ik	
op	VRB(finiteness=inf)	opheffen	mw_379
heffen	VRB(finiteness=inf)	opheffen	mw_379
mijnen	PD(type=poss,position=prenom)	mijn	
staert	NOU-C(number=sg)	staart	
ende	CONJ(type=coor)	en	
draeyen	VRB(finiteness=inf)	draaien	
gelijc	CONJ(type=sub)	gelijk	
een	PD(type=indef,subtype=art,position=prenom)	een	
paewe	NOU-C(number=sg)	pauw	
om	CONJ(type=sub)+PD(type=pers,position=free)	omdat+men	mw_211
datmen	CONJ(type=sub)+PD(type=pers,position=free)	omdat+men	mw_211
mach	VRB(finiteness=fin,tense=pres)	mogen	
sien	VRB(finiteness=inf)	zien	
mijn	PD(type=poss,position=prenom)	mijn	
confusie	NOU-C(number=sg)	confusie	
ende	CONJ(type=coor)	en	
scande	NOU-C(number=sg)	schande	
.	PC	.	

Dese	PD(type=d-p,subtype=oth,position=prenom)	deze	
windt	NOU-C(number=sg)	wind	
doet	VRB(finiteness=fin,tense=pres)	doen	
mi	PD(type=pers,position=free)	ik	
so	ADV(type=reg)	zo	
swellen	VRB(finiteness=inf)	zwellen	
waert	VRB(finiteness=fin,tense=past)+PD(type=pers,position=free)	zijn+het	
dat	CONJ(type=sub)	dat	
icker	PD(type=pers,position=free)+ADV(type=pron)	ik+eraf	mw_401
niet	ADV(type=reg)	niet	
of	PD(type=pers,position=free)+ADV(type=pron)	ik+eraf	mw_401
geydelt	VRB(finiteness=pastpart)	ijdelen	
en	ADV(type=reg)	ne	
waer	VRB(finiteness=fin,tense=past)	zijn	
ic	PD(type=pers,position=free)	ik	
soude	VRB(finiteness=fin,tense=past)	zullen	
terstont	ADV(type=reg)	terstond	
splijten	VRB(finiteness=inf)	splijten	
of	CONJ(type=coor)	of	
van	ADP(type=pre)	van	
rouwe	NOU-C(number=sg)	rouw	
steruen	VRB(finiteness=inf)	sterven	
waer	ADV(type=pron)	waarbij	mw_79
bij	ADV(type=pron)	waarbij	mw_79
in	ADP(type=pre)	in	
maniere	NOU-C(number=sg)	manier	
van	ADP(type=pre)	van	
versuchten	NOU-C(number=sg)	verzuchten	
so	ADV(type=reg)	zo	
heb	VRB(finiteness=fin,tense=pres)	hebben	
ic	PD(type=pers,position=free)	ik	
een	PD(type=indef,subtype=art,position=prenom)	een	
sonderling	AA(degree=pos,position=prenom)	zonderling	
horenkijn	NOU-C(number=sg)	hoorntje	
daer	ADV(type=pron)	daarmede	mw_149
ic	PD(type=pers,position=free)	ik	
den	PD(type=d-p,subtype=art,position=prenom)	de	
wint	NOU-C(number=sg)	wind	
mede	ADV(type=pron)	daarmede	mw_149
wt	VRB(finiteness=fin,tense=pres)	uitwerpen	mw_100
werp	VRB(finiteness=fin,tense=pres)	uitwerpen	mw_100
Dit	PD(type=d-p,subtype=oth,position=prenom)	dit	
horenkijn	NOU-C(number=sg)	hoorntje	
heet	VRB(finiteness=fin,tense=pres)	heten	
Beroemen	NOU-P	Beroemen	
het	PD(type=pers,position=free)	het	
ist	VRB(finiteness=fin,tense=pres)+PD(type=pers,position=free)	zijn+het	
daer	ADV(type=pron)	daarmede	mw_148
ic	PD(type=pers,position=free)	ik	
alle	PD(type=indef,position=free)	al	
de	PD(type=d-p,subtype=art,position=prenom)	de	
beesten	NOU-C(number=pl)	beest	
vande	ADP(type=pre)+PD(type=d-p,subtype=art,position=prenom)	van+de	
lande	NOU-C(number=sg)	land	
mede	ADV(type=pron)	daarmede	mw_148
veruare	VRB(finiteness=fin,tense=pres)	vervaren	
Ic	PD(type=pers,position=free)	ik	
hebber	VRB(finiteness=fin,tense=pres)+ADV(type=pron)	hebben+ermede	mw_376
dicwile	ADV(type=reg)	dikwijl	
mede	VRB(finiteness=fin,tense=pres)+ADV(type=pron)	hebben+ermede	mw_376
gheblasen	VRB(finiteness=pastpart)	blazen	
dat	CONJ(type=sub)	dat	
ic	PD(type=pers,position=free)	ik	
nochtan	ADV(type=reg)	nochtan	
niet	PD(type=indef,position=free)	niet	
en	ADV(type=reg)	ne	
ving	VRB(finiteness=fin,tense=past)	vangen	
want	CONJ(type=coor)	want	
ic	PD(type=pers,position=free)	ik	
beroeme	VRB(finiteness=fin,tense=pres)	beroemen	
mi	PD(type=refl,position=free)	mij	
dic	AA(degree=pos,position=free)	dik	
van	ADP(type=pre)	van	
dingen	NOU-C(number=pl)	ding	
die	PD(type=d-p,position=free)	die	
ic	PD(type=pers,position=free)	ik	
niet	ADV(type=reg)	niet	
en	ADV(type=reg)	ne	
heb	VRB(finiteness=fin,tense=pres)	hebben	
ende	CONJ(type=coor)	en	
ic	PD(type=pers,position=free)	ik	
seg	VRB(finiteness=fin,tense=pres)	zeggen	
dat	CONJ(type=sub)	dat	
ic	PD(type=pers,position=free)	ik	
dinghen	NOU-C(number=pl)	ding	
gedaen	VRB(finiteness=pastpart)	doen	
heb	VRB(finiteness=fin,tense=pres)	hebben	
die	PD(type=d-p,position=free)	die	
ic	PD(type=pers,position=free)	ik	
nie	ADV(type=reg)	nie	
en	ADV(type=reg)	ne	
peynsde	VRB(finiteness=fin,tense=past)	peinzen	
Ic	PD(type=pers,position=free)	ik	
seg	VRB(finiteness=fin,tense=pres)	zeggen	
dat	CONJ(type=sub)	dat	
ic	PD(type=pers,position=free)	ik	
van	ADP(type=pre)	van	
groten	AA(degree=pos,position=prenom)	groot	
geslachten	NOU-C(number=sg)	geslacht	
ben	VRB(finiteness=fin,tense=pres)	zijn	
geboren	AA(degree=pos,position=free)	geboren	
ven	ADP(type=pre,WF=mis)	van	
een	PD(type=indef,subtype=art,position=prenom)	een	
groeten	AA(degree=pos,position=prenom)	groot	
huise	NOU-C(number=sg)	huis	
Ende	CONJ(type=coor)	en	
veel	PD(type=indef,subtype=oth,position=prenom)	veel	
ander	PD(type=indef,subtype=oth,position=prenom)	ander	
blasingen	NOU-C(number=pl)	blazing	
dat	PD(type=d-p,position=free)	dat	
niet	PD(type=indef,position=free)	niet	
en	ADV(type=reg)	ne	
is	VRB(finiteness=fin,tense=pres)	zijn	
dan	CONJ(type=sub)	dan	
wint	NOU-C(number=sg)	wind	
Ic	PD(type=pers,position=free)	ik	
blaser	VRB(finiteness=fin,tense=pres)+ADV(type=pron)	blazen+ermede	mw_82
oec	ADV(type=reg)	ook	
mede	VRB(finiteness=fin,tense=pres)+ADV(type=pron)	blazen+ermede	mw_82
als	CONJ(type=sub)	als	
ic	PD(type=pers,position=free)	ik	
een	PD(type=indef,subtype=art,position=prenom)	een	
proye	NOU-C(number=sg)	prooi	
geuangen	VRB(finiteness=pastpart)	vangen	
heb	VRB(finiteness=fin,tense=pres)	hebben	
der	PD(type=d-p,subtype=art,position=prenom)	de	
pijnen	NOU-C(number=sg)	pijn	
waerdich	AA(degree=pos,position=free)	waardig	
om	ADP(type=pre)	om	
eer	NOU-C(number=sg)	eer	
daer	ADV(type=pron)	daaraf	mw_172
of	ADV(type=pron)	daaraf	mw_172
te	ADP(type=pre)	te	
hebben	VRB(finiteness=inf)	hebben	
dat	PD(type=d-p,position=free)	dat	
en	ADV(type=reg)	ne	
mach	VRB(finiteness=fin,tense=pres)	mogen	
ic	PD(type=pers,position=free)	ik	
dan	ADV(type=reg)	dan	
niet	ADV(type=reg)	niet	
helen	VRB(finiteness=inf)	helen	
of	CONJ(type=sub)	of	
ic	PD(type=pers,position=free)	ik	
en	ADV(type=reg)	ne	
most	VRB(finiteness=fin,tense=past)	moeten	
splijten	VRB(finiteness=inf)	splijten	
Ic	PD(type=pers,position=free)	ik	
seg	VRB(finiteness=fin,tense=pres)	zeggen	
en	ADV(type=reg)	ne	
hebdi	VRB(finiteness=fin,tense=pres)+PD(type=pers,position=free)	hebben+gij	
niet	ADV(type=reg)	niet	
gesien	VRB(finiteness=pastpart)	zien	
of	CONJ(type=coor)	of	
gehoert	VRB(finiteness=pastpart)	horen	
dat	CONJ(type=sub)	dat	
ic	PD(type=pers,position=free)	ik	
gedaen	VRB(finiteness=pastpart)	doen	
heb	VRB(finiteness=fin,tense=pres)	hebben	
wat	PD(type=w-p,position=free)	wat	
dunct	VRB(finiteness=fin,tense=pres)	dunken	
v	PD(type=pers,position=free)	gij	
en	ADV(type=reg)	ne	
ist	VRB(finiteness=fin,tense=pres)+PD(type=pers,position=free)	zijn+het	
niet	ADV(type=reg)	niet	
wel	ADV(type=reg)	wel	
gedaen	VRB(finiteness=pastpart)	doen	
meendi	VRB(finiteness=fin,tense=pres)+PD(type=pers,position=free)	menen+gij	
dat	CONJ(type=sub)	dat	
ic	PD(type=pers,position=free)	ik	
doen	VRB(finiteness=inf)	doen	
soude	VRB(finiteness=fin,tense=past)	zullen	
als	CONJ(type=sub)	als	
pieter	NOU-P	Pieter	
of	CONJ(type=coor)	of	
pouwels	NOU-P	Paulus	
Na	ADV(type=reg)	nadien	mw_278
dien	ADV(type=reg)	nadien	mw_278
dat	CONJ(type=sub)	dat	
icker	PD(type=pers,position=free)+ADV(type=pron)	ik+ertoe	mw_400
mi	PD(type=refl,position=free)	mij	
toe	PD(type=pers,position=free)+ADV(type=pron)	ik+ertoe	mw_400
ghegeuen	VRB(finiteness=pastpart)	geven	
heb	VRB(finiteness=fin,tense=pres)	hebben	
en	ADV(type=reg)	ne	
salt	VRB(finiteness=fin,tense=pres)+PD(type=pers,position=free)	zullen+het	
niemont	PD(type=indef,position=free)	niemand	
so	ADV(type=reg)	zo	
wel	ADV(type=reg)	wel	
doen	VRB(finiteness=inf)	doen	
oec	ADV(type=reg)	ook	
wat	PD(type=w-p,position=free)	wat	
het	PD(type=pers,position=free)	het	
is	VRB(finiteness=fin,tense=pres)	zijn	
ic	PD(type=pers,position=free)	ik	
en	ADV(type=reg)	ne	
soudt	VRB(finiteness=fin,tense=past)	zullen	
veel	ADV(type=reg)	veel	
bet	ADV(type=reg)	bet	
connen	VRB(finiteness=inf)	kunnen	
doen	VRB(finiteness=inf)	doen	

Doe	ADV(type=reg)	toen	
al	CONJ(type=sub)	al	
si	PD(type=pers,position=free)	zij	
my	PD(type=pers,position=free)	ik	
genaecte	VRB(finiteness=fin,tense=past)	genaken	
om	ADP(type=pre)	om	
doot	AA(degree=pos,position=free)	dood	
te	ADP(type=pre)	te	
slane	VRB(finiteness=inf)	slaan	
dandre	PD(type=d-p,subtype=art,position=prenom)+NUM(type=ord,position=free,representation=let)	de+ander	
die	PD(type=d-p,position=free)	die	
bi	ADP(type=pre)	bij	
hair	PD(type=pers,position=free)	zij	
sat	VRB(finiteness=fin,tense=past)	zitten	
seyde	VRB(finiteness=fin,tense=past)	zeggen	
suster	NOU-C(number=sg)	zuster	
ic	PD(type=pers,position=free)	ik	
bits	VRB(finiteness=fin,tense=pres)+PD(type=d-p,position=free)	bidden+dat	
di	PD(type=pers,position=free)	du	
en	ADV(type=reg)	ne	
sijt	VRB(finiteness=fin,tense=pres)	zijn	
niet	ADV(type=reg)	niet	
haestich	AA(degree=pos,position=free)	haastig	
gedoecht	VRB(finiteness=fin,tense=pres)	gedogen	
dat	CONJ(type=sub)	dat	
hi	PD(type=pers,position=free)	hij	
leue	VRB(finiteness=fin,tense=pres)	leven	
totter	ADP(type=pre)+PD(type=d-p,subtype=art,position=prenom)	tot+de	
tijt	NOU-C(number=sg)	tijd	
dat	CONJ(type=sub)	dat	
hi	PD(type=pers,position=free)	hij	
weet	VRB(finiteness=fin,tense=pres)	weten	
minen	PD(type=poss,position=prenom)	mijn	
name	NOU-C(number=sg)	naam	
ende	CONJ(type=coor)	en	
daer	ADV(type=pron)	daarna	mw_164
na	ADV(type=pron)	daarna	mw_164
onder	ADP(type=pre)	onder	
ons	PD(type=pers,position=free)	wij	
beeden	PD(type=indef,position=free)	beide	
sullen	VRB(finiteness=fin,tense=pres)	zullen	
wijen	PD(type=pers,position=free)+PD(type=pers,position=free)	wij+hij	
te	ADV(type=reg)	tegader	mw_323
gader	ADV(type=reg)	tegader	mw_323
beuechten	VRB(finiteness=inf)	bevechten	
want	CONJ(type=coor)	want	
van	ADP(type=pre)	van	
rouwe	NOU-C(number=sg)	rouw	
soudic	VRB(finiteness=fin,tense=past)+PD(type=pers,position=free)	zullen +ik	
steruen	VRB(finiteness=inf)	sterven	
en	ADV(type=reg)	ne	
dedicker	VRB(finiteness=fin,tense=past)+PD(type=pers,position=free)+ADV(type=pron)	doen+ik+ertoe	mw_565
toe	VRB(finiteness=fin,tense=past)+PD(type=pers,position=free)+ADV(type=pron)	doen+ik+ertoe	mw_565
niet	ADV(type=reg)	niet	
soe	ADV(type=reg)	zoveel	mw_544
veel	ADV(type=reg)	zoveel	mw_544
als	CONJ(type=sub)	als	
ghi	PD(type=pers,position=free)	gij	

[	PC	[	
]	PC	]	
Recht	AA(degree=pos,position=free)	recht	
als	CONJ(type=sub)	als	
ick	PD(type=pers,position=free)	ik	
in	ADP(type=pre)	in	
desen	PD(type=d-p,subtype=oth,position=prenom)	deze	
punte	NOU-C(number=sg)	punt	
was	VRB(finiteness=fin,tense=past)	zijn	
ende	CONJ(type=coor)	en	
dat	CONJ(type=sub)	dat	
ick	PD(type=pers,position=free)	ik	
niet	PD(type=indef,position=free)	niet	
en	ADV(type=reg)	ne	
ontbeide	VRB(finiteness=fin,tense=past)	ontbeiden	
dan	CONJ(type=sub)	dan	
dye	PD(type=d-p,subtype=art,position=prenom)	de	
doot	NOU-C(number=sg)	dood	
sach	VRB(finiteness=fin,tense=past)	zien	
ic	PD(type=pers,position=free)	ik	
memorien	NOU-P	Memorie	
bi	ADP(type=pre)	bij	
mi	PD(type=pers,position=free)	ik	
die	PD(type=d-p,position=free)	die	
mi	PD(type=pers,position=free)	ik	
seide	VRB(finiteness=fin,tense=past)	zeggen	
waer	ADV(type=pron)	waarom	mw_508
om	ADV(type=pron)	waarom	mw_508
en	ADV(type=reg)	ne	
doetstu	VRB(finiteness=fin,tense=pres)+PD(type=pers,position=free)	aandoen+du	mw_48
an	VRB(finiteness=fin,tense=pres)+PD(type=pers,position=free)	aandoen+du	mw_48
dine	PD(type=poss,position=prenom)	dijn	
wapene	NOU-C(number=pl)	wapen	
niet	ADV(type=reg)	niet	
du	PD(type=pers,position=free)	du	
en	ADV(type=reg)	ne	
mogeste	VRB(finiteness=fin,tense=pres)	mogen	
di	PD(type=pers,position=free)	du	
niet	ADV(type=reg)	niet	
excuseren	VRB(finiteness=inf)	excuseren	
.	PC	.	

want	CONJ(type=coor)	want	
ic	PD(type=pers,position=free)	ik	
bin	VRB(finiteness=fin,tense=pres)	zijn	
hier	ADV(type=reg)	hier	
al	ADV(type=reg)	al	
gereet	AA(degree=pos,position=free)	gereed	
ende	CONJ(type=coor)	en	
alstu	CONJ(type=sub)+PD(type=pers,position=free)	als+du	
dine	PD(type=poss,position=prenom)	dijn	
wapene	NOU-C(number=pl)	wapen	
hebben	VRB(finiteness=inf)	hebben	
wils	VRB(finiteness=fin,tense=pres)	willen	
ick	PD(type=pers,position=free)	ik	
hebse	VRB(finiteness=fin,tense=pres)+PD(type=pers,position=free)	hebben+zij	
hier	ADV(type=reg)	hier	
bi	ADP(type=pre)	bij	
v	PD(type=pers,position=free)	gij	
sietse	VRB(finiteness=fin,tense=pres)+PD(type=pers,position=free)	zien+zij	
hier	ADV(type=reg)	hier	
doetse	VRB(finiteness=fin,tense=pres)+PD(type=pers,position=free)	aandoen+zij	mw_49
an	VRB(finiteness=fin,tense=pres)+PD(type=pers,position=free)	aandoen+zij	mw_49
gelijc	CONJ(type=sub)	gelijk	
als	CONJ(type=sub)	als	
di	PD(type=pers,position=free)	du	
gracie	NOU-C(number=sg)	gratie	
gods	NOU-P	God	
beuolen	VRB(finiteness=pastpart)	bevelen	
heeft	VRB(finiteness=fin,tense=pres)	hebben	
ende	CONJ(type=coor)	en	
en	ADV(type=reg)	ne	
maect	VRB(finiteness=fin,tense=pres)	maken	
hier	ADV(type=reg)	hier	
niet	ADV(type=reg)	niet	
dijn	PD(type=poss,position=prenom)	dijn	
bedde	NOU-C(number=sg)	bed	
want	CONJ(type=coor)	want	
du	PD(type=pers,position=free)	du	
souts	VRB(finiteness=fin,tense=past)	zullen	
scande	NOU-C(number=sg)	schande	
hebben	VRB(finiteness=inf)	hebben	
beydstu	VRB(finiteness=fin,tense=pres)+PD(type=pers,position=free)	beiden+du	
langer	AA(degree=comp,position=free)	lang	
het	PD(type=pers,position=free)	het	
is	VRB(finiteness=fin,tense=pres)	zijn	
grote	AA(degree=pos,position=prenom)	groot	
scande	NOU-C(number=sg)	schande	
om	ADP(type=pre)	om	
di	PD(type=pers,position=free)	du	
dattu	CONJ(type=sub)+PD(type=pers,position=free)	dat+du	
soe	ADV(type=reg)	zo	
lange	AA(degree=pos,position=free)	lang	
gebeit	VRB(finiteness=pastpart)	beiden	
hebs	VRB(finiteness=fin,tense=pres)	hebben	
ende	CONJ(type=coor)	en	
dattu	CONJ(type=sub)+PD(type=pers,position=free)	dat+du	
geen	PD(type=indef,subtype=oth,position=prenom)	geen	
profijt	NOU-C(number=sg)	profijt	
dair	ADV(type=pron)	daaraf	mw_20
af	ADV(type=pron)	daaraf	mw_20
en	ADV(type=reg)	ne	
hebs	VRB(finiteness=fin,tense=pres)	hebben	
hadstuse	VRB(finiteness=fin,tense=past)+PD(type=pers,position=free)+PD(type=pers,position=free)	hebben+du+zij	
ouer	ADV(type=reg)	overlang	mw_420
lanc	ADV(type=reg)	overlang	mw_420
an	VRB(finiteness=pastpart)	aanhebben	mw_50
gehad	VRB(finiteness=pastpart)	aanhebben	mw_50
so	ADV(type=reg)	zo	
en	ADV(type=reg)	ne	
waerstu	VRB(finiteness=fin,tense=past)+PD(type=pers,position=free)	zijn+du	
nv	ADV(type=reg)	nu	
niet	ADV(type=reg)	niet	
geleuert	VRB(finiteness=pastpart)	leveren	
desen	PD(type=d-p,subtype=oth,position=prenom)	deze	
quenen	NOU-C(number=pl)	kween	
die	PD(type=d-p,position=free)	die	
di	PD(type=pers,position=free)	du	
soe	PD(type=indef,position=free)	zoveel	mw_545
veel	PD(type=indef,position=free)	zoveel	mw_545
drucx	NOU-C(number=sg)	druk	
ghedaen	VRB(finiteness=pastpart)	doen	
hebben	VRB(finiteness=fin,tense=pres)	hebben	
en	CONJ(type=coor)	en	
gearresteert	VRB(finiteness=pastpart)	arresteren	
geuelt	VRB(finiteness=pastpart)	vellen	
ende	CONJ(type=coor)	en	
gequest	VRB(finiteness=pastpart)	kwetsen	
ende	CONJ(type=coor)	en	
soe	ADV(type=reg)	zo	
iammerlic	ADV(type=reg)	jammerlijk	
gebonden	VRB(finiteness=pastpart)	binden	
ende	CONJ(type=coor)	en	
gewont	VRB(finiteness=pastpart)	wonden	
hebben	VRB(finiteness=fin,tense=pres)	hebben	
Als	CONJ(type=sub)	als	
ic	PD(type=pers,position=free)	ik	
hoorde	VRB(finiteness=fin,tense=past)	horen	
dat	CONJ(type=sub)	dat	
mijn	PD(type=poss,position=prenom)	mijn	
ioncwijf	NOU-C(number=sg)	jonkwijf	
my	PD(type=pers,position=free)	ik	
toe	VRB(finiteness=fin,tense=past)	toespreken	mw_548
sprac	VRB(finiteness=fin,tense=past)	toespreken	mw_548
ende	CONJ(type=coor)	en	
mi	PD(type=pers,position=free)	ik	
so	ADV(type=reg)	zo	
versprac	VRB(finiteness=fin,tense=past)	verspreken	
soe	ADV(type=reg)	zo	
was	VRB(finiteness=fin,tense=past)	zijn	
ic	PD(type=pers,position=free)	ik	
droeue	AA(degree=pos,position=free)	droef	
ende	CONJ(type=coor)	en	
nam	VRB(finiteness=fin,tense=past)	nemen	
minen	PD(type=poss,position=prenom)	mijn	
palster	NOU-C(number=sg)	palster	
ende	CONJ(type=coor)	en	
stont	VRB(finiteness=fin,tense=past)	opstaan	mw_516
op	VRB(finiteness=fin,tense=past)	opstaan	mw_516
cranckelic	AA(degree=pos,position=free)	krankelijk	
wast	VRB(finiteness=fin,tense=past)+PD(type=pers,position=free)	zijn+het	
met	ADP(type=pre)	met	
mi	PD(type=pers,position=free)	ik	
gestelt	VRB(finiteness=pastpart)	stellen	
want	CONJ(type=coor)	want	
ic	PD(type=pers,position=free)	ik	
en	ADV(type=reg)	ne	
was	VRB(finiteness=fin,tense=past)	zijn	
niet	ADV(type=reg)	niet	
starc	AA(degree=pos,position=free)	sterk	
alsoe	CONJ(type=sub)	alzo	
ic	PD(type=pers,position=free)	ik	
lange	AA(degree=pos,position=free)	lang	
gelegen	VRB(finiteness=pastpart)	liggen	
hadde	VRB(finiteness=fin,tense=past)	hebben	
mijne	PD(type=poss,position=prenom)	mijn	
wapenen	NOU-C(number=pl)	wapen	
wildic	VRB(finiteness=fin,tense=past)+PD(type=pers,position=free)	willen+ik	
an	VRB(finiteness=inf)	aandoen	mw_51
doen	VRB(finiteness=inf)	aandoen	mw_51
mar	CONJ(type=coor)	maar	
ic	PD(type=pers,position=free)	ik	
en	ADV(type=reg)	ne	
hads	VRB(finiteness=fin,tense=past)+PD(type=d-p,position=free)	hebben+dat	
die	PD(type=d-p,subtype=art,position=prenom)	de	
tijt	NOU-C(number=sg)	tijd	
niet	ADV(type=reg)	niet	
.	PC	.	

Ledicheit	NOU-C(number=sg)	ledigheid	
setter	VRB(finiteness=fin,tense=past)+ADV(type=pron)	zetten+ervoor	mw_540
haer	PD(type=refl,position=free)	haar	
voer	VRB(finiteness=fin,tense=past)+ADV(type=pron)	zetten+ervoor	mw_540
ende	CONJ(type=coor)	en	
seide	VRB(finiteness=fin,tense=past)	zeggen	
my	PD(type=pers,position=free)	ik	
al	ADV(type=reg)	al	
dreygende	VRB(finiteness=prespart)	dreigen	
.	PC	.	

waert	VRB(finiteness=fin,tense=past)+PD(type=pers,position=free)	zijn+het	
dat	CONJ(type=sub)	dat	
ic	PD(type=pers,position=free)	ik	
die	PD(type=d-p,subtype=oth,position=prenom)	die	
wapene	NOU-C(number=pl)	wapen	
genaecte	VRB(finiteness=fin,tense=past)	genaken	
voervoets	ADV(type=reg)	voorvoets	
soude	VRB(finiteness=fin,tense=past)	zullen	
si	PD(type=pers,position=free)	zij	
mi	PD(type=pers,position=free)	ik	
slaen	VRB(finiteness=inf)	slaan	
mit	ADP(type=pre)	met	
haer	PD(type=poss,position=prenom)	haar	
bijle	NOU-C(number=sg)	bijl	
.	PC	.	

ic	PD(type=pers,position=free)	ik	
veruaerde	VRB(finiteness=fin,tense=past)	vervaren	
my	PD(type=refl,position=free)	mij	
van	ADP(type=pre)	van	
haer	PD(type=pers,position=free)	zij	
ende	CONJ(type=coor)	en	
ic	PD(type=pers,position=free)	ik	
en	ADV(type=reg)	ne	
wapende	VRB(finiteness=fin,tense=past)	wapenen	
my	PD(type=refl,position=free)	mij	
niet	ADV(type=reg)	niet	
hair	PD(type=poss,position=prenom)	haar	
spel	NOU-C(number=sg)	spel	
haddic	VRB(finiteness=fin,tense=past)+PD(type=pers,position=free)	hebben+ik	
ouer	ADV(type=reg)	overlang	mw_421
lanc	ADV(type=reg)	overlang	mw_421
gesien	VRB(finiteness=pastpart)	zien	
ic	PD(type=pers,position=free)	ik	
bleef	VRB(finiteness=fin,tense=past)	blijven	
ontwapent	VRB(finiteness=pastpart)	ontwapenen	
als	CONJ(type=sub)	als	
te	ADV(type=reg)	tevoren	mw_582
voren	ADV(type=reg)	tevoren	mw_582
ende	CONJ(type=coor)	en	
ic	PD(type=pers,position=free)	ik	
was	VRB(finiteness=fin,tense=past)	zijn	
moede	AA(degree=pos,position=free)	moede	
ende	CONJ(type=coor)	en	
verwonnen	VRB(finiteness=pastpart)	verwinnen	

Als	CONJ(type=sub)	als	
ic	PD(type=pers,position=free)	ik	
aldus	ADV(type=reg)	aldus	
hadde	VRB(finiteness=fin,tense=past)	hebben	
ghedaen	VRB(finiteness=pastpart)	doen	
mijn	PD(type=poss,position=prenom)	mijn	
ghebet	NOU-C(number=sg)	gebed	
tot	ADP(type=pre)	tot	
hare	PD(type=pers,position=free)	zij	
die	PD(type=d-p,position=free)	die	
dispenserigge	NOU-C(number=sg)	dispenseregge	
is	VRB(finiteness=fin,tense=pres)	zijn	
van	ADP(type=pre)	van	
gracien	NOU-C(number=sg)	gratie	
.	PC	.	

ic	PD(type=pers,position=free)	ik	
hief	VRB(finiteness=fin,tense=past)	opheffen	mw_518
mijne	PD(type=poss,position=prenom)	mijn	
handen	NOU-C(number=pl)	hand	
op	VRB(finiteness=fin,tense=past)	opheffen	mw_518
ende	CONJ(type=coor)	en	
trac	VRB(finiteness=fin,tense=past)	trekken	
mijnen	PD(type=poss,position=prenom)	mijn	
palster	NOU-C(number=sg)	palster	
te	ADP(type=pre)	te	
my	PD(type=pers,position=free)	ik	
waert	ADV(type=reg)	waart	
gracie	NOU-P	Gratie	
die	PD(type=d-p,position=free)	die	
boeten	VRB(finiteness=fin,tense=past)+PD(type=pers,position=free)	bieden+hij	
my	PD(type=pers,position=free)	ik	
alsoe	CONJ(type=sub)	alzo	
ic	PD(type=pers,position=free)	ik	
v	PD(type=pers,position=free)	gij	
seyde	VRB(finiteness=fin,tense=past)	zeggen	
bi	ADP(type=pre)	bij	
hare	PD(type=poss,position=prenom)	haar	
doghet	NOU-C(number=sg)	deugd	
Als	CONJ(type=sub)	als	
ickene	PD(type=pers,position=free)+PD(type=pers,position=free)	ik+hij	
hielt	VRB(finiteness=fin,tense=past)	houden	
seyde	VRB(finiteness=fin,tense=past)	zeggen	
ic	PD(type=pers,position=free)	ik	
tot	ADP(type=pre)	tot	
gracien	NOU-P	Gratie	
Nu	ADV(type=reg)	nu	
vrouwe	NOU-C(number=sg)	vrouw	
seide	VRB(finiteness=fin,tense=past)	zeggen	
ic	PD(type=pers,position=free)	ik	
recht	AA(degree=pos,position=free)	recht	
dunct	VRB(finiteness=fin,tense=pres)	dunken	
mi	PD(type=pers,position=free)	ik	
wilt	VRB(finiteness=fin,tense=pres)	willen	
ghi	PD(type=pers,position=free)	gij	
mi	PD(type=pers,position=free)	ik	
helpen	VRB(finiteness=inf)	helpen	
stappans	ADV(type=reg)	stappans	
waer	ADV(type=reg)	waar	
ic	PD(type=pers,position=free)	ik	
op	VRB(finiteness=pastpart)	oprichten	mw_356
gherecht	VRB(finiteness=pastpart)	oprichten	mw_356
ende	CONJ(type=coor)	en	
te	ADV(type=reg)	thans	mw_372
hans	ADV(type=reg)	thans	mw_372
ghenesen	VRB(finiteness=pastpart)	genezen	
.	PC	.	

wilt	VRB(finiteness=fin,tense=pres)	willen	
ghi	PD(type=pers,position=free)	gij	
my	PD(type=pers,position=free)	ik	
smeren	VRB(finiteness=inf)	smeren	
mit	ADP(type=pre)	met	
uwer	PD(type=poss,position=prenom)	uw	
salue	NOU-C(number=sg)	zalf	
.	PC	.	

want	CONJ(type=coor)	want	
ic	PD(type=pers,position=free)	ik	
weet	VRB(finiteness=fin,tense=pres)	weten	
wel	ADV(type=reg)	wel	
dat	CONJ(type=sub)	dat	
mijn	PD(type=poss,position=prenom)	mijn	
carboncle	NOU-C(number=sg)	karbonkel	
soe	ADV(type=reg)	zowel	mw_546
wel	ADV(type=reg)	zowel	mw_546
ontsloten	VRB(finiteness=pastpart)	ontsluiten	
heeft	VRB(finiteness=fin,tense=pres)	hebben	
alst	CONJ(type=sub)+PD(type=d-p,subtype=art,position=prenom)	als+dat	
slot	NOU-C(number=sg)	slot	
dat	PD(type=d-p,position=free)	dat	
liberalichede	NOU-P	Liberaligheid	
v	PD(type=pers,position=free)	gij	
ghegeuen	VRB(finiteness=pastpart)	geven	
is	VRB(finiteness=fin,tense=pres)	zijn	
te	ADP(type=pre)	te	
helpene	VRB(finiteness=inf)	helpen	
wien	PD(type=w-p,position=free)	wie	
dat	CONJ(type=sub)	dat	
ghi	PD(type=pers,position=free)	gij	
wilt	VRB(finiteness=fin,tense=pres)	willen	
hoe	CONJ(type=sub)	hoezeer	mw_871310
seere	CONJ(type=sub)	hoezeer	mw_871310
si	PD(type=pers,position=free)	zij	
ghewont	VRB(finiteness=pastpart)	wonden	
sijn	VRB(finiteness=fin,tense=pres)	zijn	
Sy	PD(type=pers,position=free)	zij	
wille	VRB(finiteness=fin,tense=pres)	willen	
dat	CONJ(type=sub)	dat	
ghi	PD(type=pers,position=free)	gij	
elcken	PD(type=indef,position=free)	elk	
ghedeelich	AA(degree=pos,position=free)	gedelig	
sijt	VRB(finiteness=fin,tense=pres)	zijn	
ende	CONJ(type=coor)	en	
behulpich	AA(degree=pos,position=free)	behulpig	
dat	CONJ(type=sub)	dat	
nyement	PD(type=indef,position=free)	niemand	
uwes	PD(type=pers,position=free)	gij	
ghebreke	NOU-C(number=sg)	gebrek	
en	ADV(type=reg)	ne	
hebbe	VRB(finiteness=fin,tense=pres)	hebben	
Soe	ADV(type=reg)	zo	
dan	ADV(type=reg)	dan	
en	ADV(type=reg)	ne	
hebbe	VRB(finiteness=fin,tense=pres)	hebben	
ic	PD(type=pers,position=free)	ik	
gheen	PD(type=indef,subtype=oth,position=prenom)	geen	
succoers	NOU-C(number=sg)	secours	
noch	CONJ(type=coor)	noch	
hulpe	NOU-C(number=sg)	hulp	
van	ADP(type=pre)	van	
v	PD(type=pers,position=free)	gij	
het	PD(type=pers,position=free)	het	
en	ADV(type=reg)	ne	
houdt	VRB(finiteness=fin,tense=pres)	houden	
niet	ADV(type=reg)	niet	
an	ADP(type=pre)	aan	
hare	PD(type=pers,position=free)	zij	
maer	CONJ(type=coor)	maar	
an	ADP(type=pre)	aan	
v.	PD(type=pers,position=free)	gij	
helpt	VRB(finiteness=fin,tense=pres)	helpen	
mi	PD(type=pers,position=free)	ik	
si	PD(type=pers,position=free)	zij	
sal	VRB(finiteness=fin,tense=pres)	zullen	
my	PD(type=pers,position=free)	ik	
helpen	VRB(finiteness=inf)	helpen	
des	PD(type=d-p,position=free)	dat	
heb	VRB(finiteness=fin,tense=pres)	hebben	
ic	PD(type=pers,position=free)	ik	
hope	NOU-C(number=sg)	hoop	
.	PC	.	

Doe	ADV(type=reg)	toen	
boet	VRB(finiteness=fin,tense=past)	bieden	
my	PD(type=pers,position=free)	ik	
gracye	NOU-P	Gratie	
die	PD(type=d-p,subtype=art,position=prenom)	de	
hant	NOU-C(number=sg)	hand	
ende	CONJ(type=coor)	en	
seyde	VRB(finiteness=fin,tense=past)	zeggen	
.	PC	.	

na	ADV(type=reg)	nadien	mw_279
dien	ADV(type=reg)	nadien	mw_279
dattu	CONJ(type=sub)+PD(type=pers,position=free)	dat+du	
hebs	VRB(finiteness=fin,tense=pres)	hebben	
op	ADP(type=pre)	op	
my	PD(type=pers,position=free)	ik	
soe	ADV(type=reg)	zo	
groot	AA(degree=pos,position=prenom)	groot	
betrouwen	NOU-C(number=sg)	betrouwen	
ic	PD(type=pers,position=free)	ik	
sal	VRB(finiteness=fin,tense=pres)	zullen	
dy	PD(type=pers,position=free)	du	
helpen	VRB(finiteness=inf)	helpen	
gift	VRB(finiteness=fin,tense=pres)	geven	
haer	PD(type=pers,position=free)	zij	
dijn	PD(type=poss,position=prenom)	dijn	
hant	NOU-C(number=sg)	hand	
standt	VRB(finiteness=fin,tense=pres)	opstaan	mw_519
op	VRB(finiteness=fin,tense=pres)	opstaan	mw_519
leent	VRB(finiteness=fin,tense=pres)	leunen	
op	ADP(type=pre)	op	
dijnen	PD(type=poss,position=prenom)	dijn	
palster	NOU-C(number=sg)	palster	
nairstelic	ADV(type=reg)	naarstelijk	
sonder	ADP(type=pre)	zonder	
veynsen	NOU-C(number=sg)	veinzen	
.	PC	.	

want	CONJ(type=coor)	want	
om	ADP(type=pre)	om	
niet	PD(type=indef,position=free)	niet	
bietstu	VRB(finiteness=fin,tense=pres)+PD(type=pers,position=free)	bieden+du	
my	PD(type=pers,position=free)	ik	
dijn	PD(type=poss,position=prenom)	dijn	
hant	NOU-C(number=sg)	hand	
helpstu	VRB(finiteness=fin,tense=pres)+PD(type=pers,position=free)	helpen+du	
niet	ADV(type=reg)	niet	
dy	PD(type=pers,position=free)	du	
seluen	PD(type=d-p,position=free)	zelf	
op	VRB(finiteness=inf)	opstaan	mw_517
stane	VRB(finiteness=inf)	opstaan	mw_517
te	ADP(type=pre)	te	
Ter	ADV(type=reg)	terstond	mw_551
stont	ADV(type=reg)	terstond	mw_551
bode	VRB(finiteness=fin,tense=past)	bieden	
ick	PD(type=pers,position=free)	ik	
gracie	NOU-P	Gratie	
mijn	PD(type=poss,position=prenom)	mijn	
hant	NOU-C(number=sg)	hand	
ende	CONJ(type=coor)	en	
hielt	VRB(finiteness=fin,tense=past)	vasthouden	mw_382
vaste	VRB(finiteness=fin,tense=past)	vasthouden	mw_382
[	PC	[	
]	PC	]	
my	PD(type=refl,position=free)	mij	
aen	ADP(type=pre)	aan	
den	PD(type=d-p,subtype=art,position=prenom)	de	
palster	NOU-C(number=sg)	palster	
zoe	ADV(type=reg)	zo	
pijndic	VRB(finiteness=fin,tense=past)+PD(type=pers,position=free)	pijnen+ik	
ende	CONJ(type=coor)	en	
soe	ADV(type=reg)	zozeer	mw_547
seere	ADV(type=reg)	zozeer	mw_547
halp	VRB(finiteness=fin,tense=past)	helpen	
si	PD(type=pers,position=free)	zij	
mi	PD(type=pers,position=free)	ik	
dat	CONJ(type=sub)	dat	
den	PD(type=d-p,subtype=art,position=prenom)	de	
quaden	AA(degree=pos,position=prenom)	kwaad	
queenen	NOU-C(number=sg)	kween	
leedt	AA(degree=pos,position=free)	leed	
was	VRB(finiteness=fin,tense=past)	zijn	
Elc	PD(type=indef,position=free)	elk	
te	ADP(type=pre)	te	
haren	PD(type=poss,position=prenom)	haar	
lachtere	NOU-C(number=sg)	lachter	
schiet	VRB(finiteness=fin,tense=pres)	scheiden	
van	ADP(type=pre)	van	
my	PD(type=pers,position=free)	ik	
ende	CONJ(type=coor)	en	
[	PC	[	
]	PC	]	
ghinghen	VRB(finiteness=fin,tense=past)	weggaan	mw_358
wech	VRB(finiteness=fin,tense=past)	weggaan	mw_358
.	PC	.	

maer	CONJ(type=coor)	maar	
doch	ADV(type=reg)	doch	
sijndert	ADV(type=reg)	sedert	
sach	VRB(finiteness=fin,tense=past)	weerzien	mw_585
icse	PD(type=pers,position=free)+PD(type=pers,position=free)	ik+zij	
weder	VRB(finiteness=fin,tense=past)	weerzien	mw_585
ende	CONJ(type=coor)	en	
daden	VRB(finiteness=fin,tense=past)	doen	
my	PD(type=pers,position=free)	ik	
seert	ADP(type=pre)	sedert	
dier	PD(type=d-p,subtype=oth,position=prenom)	die	
tijt	NOU-C(number=sg)	tijd	
menich	PD(type=indef,subtype=oth,position=prenom)	menig	
leet	NOU-C(number=sg)	leed	
al	CONJ(type=sub)	al	
seyde	VRB(finiteness=fin,tense=past)	zeggen	
ic	PD(type=pers,position=free)	ik	
alle	PD(type=indef,subtype=oth,position=prenom)	al	
dage	NOU-C(number=pl)	dag	
ic	PD(type=pers,position=free)	ik	
en	ADV(type=reg)	ne	
soude	VRB(finiteness=fin,tense=past)	zullen	
niet	ADV(type=reg)	niet	
liegen	VRB(finiteness=inf)	liegen	



