Zoo	ADV(type=reg)	zo	
hebben	VRB(finiteness=fin,tense=pres)	hebben	
wij	PD(type=pers,position=free)	wij	
enkele	PD(type=indef,subtype=oth,position=prenom)	enkel	
lichtstralen	NOU-C(number=pl)	lichtstraal	
opgevangen	VRB(finiteness=pastpart)	opvangen	
,	PC	,	
maar	CONJ(type=coor)	maar	
ook	ADV(type=reg)	ook	
nog	ADV(type=reg)	nog	
vrij	AA(degree=pos,position=free)	vrij	
wat	PD(type=indef,subtype=oth,position=prenom)	wat	
duisternis	NOU-C(number=sg)	duisternis	
gezien	VRB(finiteness=pastpart)	zien	
,	PC	,	
en	CONJ(type=coor)	en	
al	CONJ(type=sub)	al	
deert	VRB(finiteness=fin,tense=pres)	deren	
het	PD(type=pers,position=free)	het	
ons	PD(type=pers,position=free)	wij	
welligt	ADV(type=reg)	wellicht	
,	PC	,	
dat	CONJ(type=sub)	dat	
wij	PD(type=pers,position=free)	wij	
de	PD(type=d-p,subtype=art,position=prenom)	de	
sage	NOU-C(number=sg)	sage	
van	ADP(type=pre)	van	
den	PD(type=d-p,subtype=art,position=prenom)	de	
ridderlijken	AA(degree=pos,position=prenom)	ridderlijk	
Sivaert	NOU-P	Sivaert	
en	CONJ(type=coor)	en	
de	PD(type=d-p,subtype=art,position=prenom)	de	
schoone	AA(degree=pos,position=prenom)	schoon	
Tetburge	NOU-P	Tetburge	
niet	ADV(type=reg)	niet	
meer	ADV(type=reg)	meer	
met	ADP(type=pre)	met	
haar	PD(type=poss,position=prenom)	haar	
'	PC	'	
dichterlijken	AA(degree=pos,position=prenom)	dichterlijk	
glans	NOU-C(number=sg)	glans	
die	PD(type=d-p,subtype=oth,position=prenom)	die	
grijze	AA(degree=pos,position=prenom)	grijs	
puinen	NOU-C(number=pl)	puin	
zien	VRB(finiteness=inf)	zien	
verlichten	VRB(finiteness=inf)	verlichten	
,	PC	,	
al	CONJ(type=sub)	al	
treden	VRB(finiteness=fin,tense=pres)	aftreden	mw_123
een	PD(type=indef,subtype=art,position=prenom)	een	
aantal	NOU-C(number=sg)	aantal	
kloeke	AA(degree=pos,position=prenom)	kloek	
helden	NOU-C(number=pl)	held	
en	CONJ(type=coor)	en	
hoogedele	AA(degree=pos,position=prenom)	hoogedel	
vrouwen	NOU-C(number=pl)	vrouw	
van	ADP(type=pre)	van	
het	PD(type=d-p,subtype=art,position=prenom)	het	
tooneel	NOU-C(number=sg)	toneel	
der	PD(type=d-p,subtype=art,position=prenom)	de	
geschiedenis	NOU-C(number=sg)	geschiedenis	
af	VRB(finiteness=fin,tense=pres)	aftreden	mw_123
,	PC	,	
uw	PD(type=poss,position=prenom)	uw	
gids	NOU-C(number=sg)	gids	
kan	VRB(finiteness=fin,tense=pres)	kunnen	
er	ADV(type=pron)	eraan	mw_88
niets	PD(type=indef,position=free)	niets	
aan	ADV(type=pron)	eraan	mw_88
veranderen	VRB(finiteness=inf)	veranderen	
.	PC	.	

Brederode	NOU-P	Brederode	
telt	VRB(finiteness=fin,tense=pres)	tellen	
nu	ADV(type=reg)	nu	
ook	ADV(type=reg)	ook	
althans	ADV(type=reg)	althans	
één	NUM(type=card,position=prenom,representation=let)	een	
beleg	NOU-C(number=sg)	beleg	
en	CONJ(type=coor)	en	
één	NUM(type=card,position=prenom,representation=let)	een	
verwoesting	NOU-C(number=sg)	verwoesting	
minder	PD(type=indef,position=free)	minder	
,	PC	,	
dan	CONJ(type=sub)	dan	
waarop	ADV(type=pron)	waarop	
het	PD(type=pers,position=free)	het	
volgens	ADP(type=pre)	volgens	
de	PD(type=d-p,subtype=art,position=prenom)	de	
kronijken	NOU-C(number=pl)	kroniek	
regt	NOU-C(number=sg)	recht	
zou	VRB(finiteness=fin,tense=past)	zullen	
hebben	VRB(finiteness=inf)	hebben	
.	PC	.	

Dat	CONJ(type=sub)	dat	
Lodewijk	NOU-P	Lodewijk	
van	NOU-P	Van Loon	mw_38
Loon	NOU-P	Van Loon	mw_38
het	PD(type=d-p,subtype=art,position=prenom)	het	
slot	NOU-C(number=sg)	slot	
in	ADP(type=pre)	in	
1204	NUM(type=card,position=free,representation=dig)	1204	
heeft	VRB(finiteness=fin,tense=pres)	hebben	
verdelgd	VRB(finiteness=pastpart)	verdelgen	
,	PC	,	
wordt	VRB(finiteness=fin,tense=pres)	worden	
in	ADP(type=pre)	in	
gelijke	AA(degree=pos,position=prenom)	gelijk	
mate	NOU-C(number=sg)	maat	
onwaarschijnlijk	AA(degree=pos,position=free)	onwaarschijnlijk	
,	PC	,	
als	CONJ(type=sub)	als	
het	PD(type=pers,position=free)	het	
minder	ADV(type=reg)	minder	
bewijsbaar	AA(degree=pos,position=free)	bewijsbaar	
is	VRB(finiteness=fin,tense=pres)	zijn	
,	PC	,	
dat	CONJ(type=sub)	dat	
er	ADV(type=reg)	er	
in	ADP(type=pre)	in	
dien	PD(type=d-p,subtype=oth,position=prenom)	die	
tijd	NOU-C(number=sg)	tijd	
een	PD(type=indef,subtype=art,position=prenom)	een	
Brederode	NOU-P	Brederode	
bestond	VRB(finiteness=fin,tense=past)	bestaan	
.	PC	.	

Nu	ADV(type=reg)	nu	
maar	ADV(type=reg)	maar	
weêr	ADV(type=reg)	weder	
verder	AA(degree=comp,position=free)	ver	
,	PC	,	
de	PD(type=d-p,subtype=art,position=prenom)	de	
schaduwlooze	AA(degree=pos,position=prenom)	schaduwloos	
velden	NOU-C(number=pl)	veld	
weêr	ADV(type=reg)	weder	
in	ADP(type=post)	in	
.	PC	.	

Het	PD(type=pers,position=free)	het	
zal	VRB(finiteness=fin,tense=pres)	zullen	
een	PD(type=indef,subtype=art,position=prenom)	een	
'	PC	'	
geruimen	AA(degree=pos,position=prenom)	geruim	
tijd	NOU-C(number=sg)	tijd	
duren	VRB(finiteness=inf)	duren	
,	PC	,	
eer	CONJ(type=sub)	eer	
wij	PD(type=pers,position=free)	wij	
weêr	ADV(type=reg)	weder	
lommer	NOU-C(number=sg)	lommer	
ontmoeten	VRB(finiteness=fin,tense=pres)	ontmoeten	
,	PC	,	
sints	CONJ(type=sub)	sinds	
de	PD(type=d-p,subtype=art,position=prenom)	de	
hooge	AA(degree=pos,position=prenom)	hoog	
populieren	NOU-C(number=pl)	populier	
in	ADP(type=pre)	in	
het	PD(type=d-p,subtype=art,position=prenom)	het	
stuk	NOU-C(number=sg)	stuk	
lands	NOU-C(number=sg)	land	
daarginds	ADV(type=reg)	daarginds	
ons	PD(type=pers,position=free)	wij	
het	PD(type=d-p,subtype=art,position=prenom)	het	
afscheid	NOU-C(number=sg)	afscheid	
hebben	VRB(finiteness=fin,tense=pres)	hebben	
toegewuifd	VRB(finiteness=pastpart)	toewuiven	
!	PC	!	

Wij	PD(type=pers,position=free)	wij	
zijn	VRB(finiteness=fin,tense=pres)	zijn	
hier	ADV(type=reg)	hier	
in	ADP(type=pre)	in	
het	PD(type=d-p,subtype=art,position=prenom)	het	
oude	AA(degree=pos,position=prenom)	oud	
graafschap	NOU-C(number=sg)	graafschap	
Daelhem	NOU-P	Dalhem	
,	PC	,	
of	CONJ(type=coor)	of	
eigenlijk	AA(degree=pos,position=free)	eigenlijk	
hier	ADV(type=reg)	hier	
nog	ADV(type=reg)	nog	
niet	ADV(type=reg)	niet	
.	PC	.	

Wij	PD(type=pers,position=free)	wij	
zijn	VRB(finiteness=fin,tense=pres)	zijn	
hier	ADV(type=reg)	hier	
in	ADP(type=pre)	in	
Keer	NOU-P	Keer	
;	PC	;	
de	PD(type=d-p,subtype=art,position=prenom)	de	
kerk	NOU-C(number=sg)	kerk	
tegenover	ADP(type=pre)	tegenover	
de	PD(type=d-p,subtype=art,position=prenom)	de	
herberg	NOU-C(number=sg)	herberg	
staat	VRB(finiteness=fin,tense=pres)	staan	
in	ADP(type=pre)	in	
Cadier	NOU-P	Cadier	
.	PC	.	

-	PC	-	
Cadier	NOU-P	Cadier	
heette	VRB(finiteness=fin,tense=past)	heten	
van	ADV(type=reg)	vanouds	mw_37
ouds	ADV(type=reg)	vanouds	mw_37
de	PD(type=d-p,subtype=art,position=prenom)	de	
strook	NOU-C(number=sg)	strook	
huizen	NOU-C(number=pl)	huis	
,	PC	,	
die	PD(type=d-p,position=free)	die	
aan	ADP(type=pre)	aan	
dien	PD(type=d-p,subtype=oth,position=prenom)	die	
kant	NOU-C(number=sg)	kant	
van	ADP(type=pre)	van	
den	PD(type=d-p,subtype=art,position=prenom)	de	
weg	NOU-C(number=sg)	weg	
liggen	VRB(finiteness=fin,tense=pres)	liggen	
.	PC	.	

Wat	PD(type=w-p,position=free)	wat	
aan	ADP(type=pre)	aan	
deze	PD(type=d-p,subtype=oth,position=prenom)	deze	
zijde	NOU-C(number=sg)	zijde	
ligt	VRB(finiteness=fin,tense=pres)	liggen	
,	PC	,	
is	VRB(finiteness=fin,tense=pres)	zijn	
Keer	NOU-P	Keer	
.	PC	.	

't	PD(type=pers,position=free)	het	
Waren	VRB(finiteness=fin,tense=past)	zijn	
twee	NUM(type=card,position=prenom,representation=let)	twee	
dorpen	NOU-C(number=pl)	dorp	
,	PC	,	
aan	ADP(type=pre)	aan	
verschillende	AA(degree=pos,position=prenom)	verschillend	
Heeren	NOU-C(number=pl)	heer	
behoorende	VRB(finiteness=prespart)	behoren	
.	PC	.	

Keer	NOU-P	Keer	
was	VRB(finiteness=fin,tense=past)	zijn	
een	PD(type=indef,subtype=art,position=prenom)	een	
onderdeel	NOU-C(number=sg)	onderdeel	
van	ADP(type=pre)	van	
de	PD(type=d-p,subtype=art,position=prenom)	de	
rijksheerlijkheid	NOU-C(number=sg)	rijksheerlijkheid	
Heer	NOU-P	Heer	
,	PC	,	
die	PD(type=d-p,position=free)	die	
aan	ADP(type=pre)	aan	
het	PD(type=d-p,subtype=art,position=prenom)	het	
Kapittel	NOU-C(number=sg)	kapittel	
van	ADP(type=pre)	van	
St.	NOU-P(WF=abbr)	Sint-Servaas	mw_246
Servaas	NOU-P(WF=abbr)	Sint-Servaas	mw_246
te	ADP(type=pre)	te	
Maastricht	NOU-P	Maastricht	
onderhoorig	AA(degree=pos,position=free)	onderhorig	
was	VRB(finiteness=fin,tense=past)	zijn	
.	PC	.	

Cadier	NOU-P	Cadier	
was	VRB(finiteness=fin,tense=past)	zijn	
eene	PD(type=indef,subtype=art,position=prenom)	een	
bezitting	NOU-C(number=sg)	bezitting	
van	ADP(type=pre)	van	
de	PD(type=d-p,subtype=art,position=prenom)	de	
graven	NOU-C(number=pl)	graaf	
van	ADP(type=pre)	van	
Daelhem	NOU-P	Dalhem	
,	PC	,	
wier	PD(type=w-p,position=free)	wie	
voormalig	AA(degree=pos,position=prenom)	voormalig	
grondgebied	NOU-C(number=sg)	grondgebied	
met	ADP(type=pre)	met	
hunne	PD(type=poss,position=prenom)	hun	
hoofdstad	NOU-C(number=sg)	hoofdstad	
thans	ADV(type=reg)	thans	
grootendeels	ADV(type=reg)	grotendeels	
Belgisch	AA(degree=pos,position=free)	Belgisch	
is	VRB(finiteness=fin,tense=pres)	zijn	
.	PC	.	

In	ADP(type=pre)	in	
den	PD(type=d-p,subtype=art,position=prenom)	de	
tijd	NOU-C(number=sg)	tijd	
der	PD(type=d-p,subtype=art,position=prenom)	de	
republiek	NOU-C(number=sg)	republiek	
was	VRB(finiteness=fin,tense=past)	zijn	
Cadier	NOU-P	Cadier	
een	PD(type=indef,subtype=art,position=prenom)	een	
afgezonderd	AA(degree=pos,position=prenom)	afgezonderd	
stukje	NOU-C(number=sg)	stukje	
van	ADP(type=pre)	van	
Staats-Daelhem	AA(degree=pos,position=prenom)+NOU-P	staats+Dalhem	
.	PC	.	

De	PD(type=d-p,subtype=art,position=prenom)	de	
Staten	NOU-C(number=pl)	staat	
hadden	VRB(finiteness=fin,tense=past)	hebben	
hier	ADV(type=reg)	hier	
hun	PD(type=poss,position=prenom)	hun	
'	PC	'	
schout	NOU-C(number=sg)	schout	
met	ADP(type=pre)	met	
schepenen	NOU-C(number=pl)	schepen	
en	CONJ(type=coor)	en	
secretaris	NOU-C(number=sg)	secretaris	
,	PC	,	
terwijl	CONJ(type=sub)	terwijl	
het	PD(type=d-p,subtype=art,position=prenom)	het	
Kapittel	NOU-C(number=sg)	kapittel	
aan	ADP(type=pre)	aan	
dezen	PD(type=d-p,subtype=oth,position=prenom)	deze	
kant	NOU-C(number=sg)	kant	
van	ADP(type=pre)	van	
den	PD(type=d-p,subtype=art,position=prenom)	de	
weg	NOU-C(number=sg)	weg	
den	PD(type=d-p,subtype=art,position=prenom)	de	
regtsdwang	NOU-C(number=sg)	rechtsdwang	
uitoefende	VRB(finiteness=fin,tense=past)	uitoefenen	
.	PC	.	

De	PD(type=d-p,subtype=art,position=prenom)	de	
bank	NOU-C(number=sg)	bank	
van	ADP(type=pre)	van	
Cadier	NOU-P	Cadier	
,	PC	,	
eene	NUM(type=card,position=free,representation=let)	een	
der	PD(type=d-p,subtype=art,position=prenom)	de	
vier	NUM(type=card,position=free,representation=let)	vier	
in	ADP(type=pre)	in	
Staatsch-Daelhem	AA(degree=pos,position=prenom)+NOU-P	staats+Dalhem	
,	PC	,	
droeg	VRB(finiteness=fin,tense=past)	bijdragen	mw_158
tot	ADP(type=pre)	tot	
de	PD(type=d-p,subtype=art,position=prenom)	de	
zestien	NUM(type=card,position=prenom,representation=let)	zestienduizend	mw_19
duizend	NUM(type=card,position=prenom,representation=let)	zestienduizend	mw_19
gulden	NOU-C(number=sg)	gulden	
,	PC	,	
die	PD(type=d-p,position=free)	die	
het	PD(type=d-p,subtype=art,position=prenom)	het	
land	NOU-C(number=sg)	land	
van	ADP(type=pre)	van	
Daelhem	NOU-P	Dalhem	
moest	VRB(finiteness=fin,tense=past)	moeten	
opbrengen	VRB(finiteness=inf)	opbrengen	
,	PC	,	
583	NUM(type=card,position=prenom,representation=dig)	583	
gulden	NOU-C(number=sg)	gulden	
,	PC	,	
1	NUM(type=card,position=prenom,representation=dig)	een	
stuiver	NOU-C(number=sg)	stuiver	
,	PC	,	
4	NUM(type=card,position=prenom,representation=dig)	vier	
duiten	NOU-C(number=pl)	duit	
bij	VRB(finiteness=fin,tense=past)	bijdragen	mw_158
.	PC	.	

Toen	CONJ(type=sub)	toen	
beide	PD(type=indef,subtype=oth,position=prenom)	beide	
dorpen	NOU-C(number=pl)	dorp	
nog	ADV(type=reg)	nog	
gescheiden	VRB(finiteness=pastpart)	scheiden	
waren	VRB(finiteness=fin,tense=past)	zijn	
,	PC	,	
behoorden	VRB(finiteness=fin,tense=past)	behoren	
de	PD(type=d-p,subtype=art,position=prenom)	de	
ingezetenen	NOU-C(number=pl)	ingezetene	
van	ADP(type=pre)	van	
Keer	NOU-P	Keer	
onder	ADP(type=pre)	onder	
de	PD(type=d-p,subtype=art,position=prenom)	de	
parochie	NOU-C(number=sg)	parochie	
van	ADP(type=pre)	van	
Heer	NOU-P	Heer	
,	PC	,	
wier	PD(type=w-p,position=free)	wie	
kerk	NOU-C(number=sg)	kerk	
op	ADP(type=pre)	op	
een	PD(type=indef,subtype=art,position=prenom)	een	
half	AA(degree=pos,position=prenom)	half	
uur	NOU-C(number=sg)	uur	
afstand	NOU-C(number=sg)	afstand	
ligt	VRB(finiteness=fin,tense=pres)	liggen	
,	PC	,	
maar	CONJ(type=coor)	maar	
sints	ADP(type=pre)	sinds	
1828	NUM(type=card,position=free,representation=dig)	1828	
maken	VRB(finiteness=fin,tense=pres)	uitmaken	mw_232
zij	PD(type=pers,position=free)	zij	
burgerlijk	AA(degree=pos,position=free)	burgerlijk	
en	CONJ(type=coor)	en	
kerkelijk	AA(degree=pos,position=free)	kerkelijk	
ééne	NUM(type=card,position=prenom,representation=let)	een	
gemeente	NOU-C(number=sg)	gemeente	
uit	VRB(finiteness=fin,tense=pres)	uitmaken	mw_232
,	PC	,	
hoewel	CONJ(type=sub)	hoewel	
zij	PD(type=pers,position=free)	zij	
den	PD(type=d-p,subtype=art,position=prenom)	de	
dubbelen	AA(degree=pos,position=prenom)	dubbel	
naam	NOU-C(number=sg)	naam	
hebben	VRB(finiteness=fin,tense=pres)	hebben	
behouden	VRB(finiteness=pastpart)	behouden	
.	PC	.	

Van	ADP(type=pre)	van	
het	PD(type=d-p,subtype=art,position=prenom)	het	
oude	AA(degree=pos,position=prenom)	oud	
graafschap	NOU-C(number=sg)	graafschap	
Daelhem	NOU-P	Dalhem	
,	PC	,	
een	NUM(type=card,position=free,representation=let)	een	
der	PD(type=d-p,subtype=art,position=prenom)	de	
drie	NUM(type=card,position=prenom,representation=let)	drie	
landen	NOU-C(number=pl)	land	
van	ADP(type=pre)	van	
Overmaze	NOU-P	Overmaze	
,	PC	,	
liggen	VRB(finiteness=fin,tense=pres)	liggen	
,	PC	,	
behalve	ADP(type=pre)	behalve	
Cadier	NOU-P	Cadier	
,	PC	,	
alleen	AA(degree=pos,position=free)	alleen	
nog	ADV(type=reg)	nog	
de	PD(type=d-p,subtype=art,position=prenom)	de	
dorpen	NOU-C(number=pl)	dorp	
Mheer	NOU-P	Mheer	
,	PC	,	
Noorbeek	NOU-P	Noorbeek	
en	CONJ(type=coor)	en	
Oost	NOU-P	Oost	
bij	ADP(type=pre)	bij	
Eijsden	NOU-P	Eijsden	
in	ADP(type=pre)	in	
Nederlandsch	AA(degree=pos,position=prenom)	Nederlands	
Limburg	NOU-P	Limburg	
.	PC	.	

Wie	PD(type=w-p,position=free)	wie	
van	ADP(type=pre)	van	
hier	ADV(type=reg)	hier	
naar	ADP(type=pre)	naar	
Maastricht	NOU-P	Maastricht	
wil	VRB(finiteness=fin,tense=pres)	willen	
gaan	VRB(finiteness=inf)	gaan	
,	PC	,	
kan	VRB(finiteness=fin,tense=pres)	kunnen	
langs	ADP(type=pre)	langs	
den	PD(type=d-p,subtype=art,position=prenom)	de	
steenweg	NOU-C(number=sg)	steenweg	
in	ADP(type=pre)	in	
een	PD(type=indef,subtype=art,position=prenom)	een	
goed	AA(degree=pos,position=prenom)	goed	
uur	NOU-C(number=sg)	uur	
de	PD(type=d-p,subtype=art,position=prenom)	de	
voorstad	NOU-C(number=sg)	voorstad	
Wijk	NOU-P	Wijk	
bereiken	VRB(finiteness=inf)	bereiken	
.	PC	.	

Hij	PD(type=pers,position=free)	hij	
komt	VRB(finiteness=fin,tense=pres)	doorkomen	mw_214
dan	ADV(type=reg)	dan	
het	PD(type=d-p,subtype=art,position=prenom)	het	
dorp	NOU-C(number=sg)	dorp	
Heer	NOU-P	Heer	
door	VRB(finiteness=fin,tense=pres)	doorkomen	mw_214
,	PC	,	
welks	PD(type=w-p,position=free)	welk	
verspreide	AA(degree=pos,position=prenom)	verspreiden	
huizen	NOU-C(number=pl)	huis	
in	ADP(type=pre)	in	
de	PD(type=d-p,subtype=art,position=prenom)	de	
vlakte	NOU-C(number=sg)	vlakte	
liggen	VRB(finiteness=fin,tense=pres)	liggen	
,	PC	,	
en	CONJ(type=coor)	en	
kan	VRB(finiteness=fin,tense=pres)	kunnen	
dus	ADV(type=reg)	dus	
,	PC	,	
als	CONJ(type=sub)	als	
hij	PD(type=pers,position=free)	hij	
van	ADP(type=pre)	van	
den	PD(type=d-p,subtype=art,position=prenom)	de	
Keerberg	NOU-P	Keerberg	
is	VRB(finiteness=fin,tense=pres)	zijn	
afgedaald	VRB(finiteness=pastpart)	afdalen	
,	PC	,	
‘	PC	‘	
zijn	PD(type=poss,position=prenom)	zijn	
’	PC	’	
bergtogt	NOU-C(number=sg)	bergtocht	
voor	ADP(type=pre)	voor	
geëindigd	AA(degree=pos,position=free)	geëindigd	
houden	VRB(finiteness=inf)	houden	
.	PC	.	

Ik	PD(type=pers,position=free)	ik	
noodig	VRB(finiteness=fin,tense=pres)	uitnodigen	mw_231
ú	PD(type=pers,position=free)	u	
echter	ADV(type=reg)	echter	
uit	VRB(finiteness=fin,tense=pres)	uitnodigen	mw_231
,	PC	,	
onze	PD(type=poss,position=prenom)	ons	
wandeling	NOU-C(number=sg)	wandeling	
nog	ADV(type=reg)	nog	
niet	ADV(type=reg)	niet	
te	ADP(type=pre)	te	
besluiten	VRB(finiteness=inf)	besluiten	
.	PC	.	

De	PD(type=d-p,subtype=art,position=prenom)	de	
zomerdag	NOU-C(number=sg)	zomerdag	
is	VRB(finiteness=fin,tense=pres)	zijn	
nog	ADV(type=reg)	nog	
lang	AA(degree=pos,position=free)	lang	
,	PC	,	
en	CONJ(type=coor)	en	
belooft	VRB(finiteness=fin,tense=pres)	beloven	
de	PD(type=d-p,subtype=art,position=prenom)	de	
uitgestrekte	AA(degree=pos,position=prenom)	uitgestrekt	
bergstreek	NOU-C(number=sg)	bergstreek	
,	PC	,	
die	PD(type=d-p,position=free)	die	
wij	PD(type=pers,position=free)	wij	
ten	ADP(type=pre)+PD(type=d-p,subtype=art,position=prenom)	te+het	
Zuiden	NOU-C(number=sg)	zuiden	
van	ADP(type=pre)	van	
Cadier	NOU-P	Cadier	
overzien	VRB(finiteness=fin,tense=pres)	overzien	
,	PC	,	
ook	ADV(type=reg)	ook	
niet	ADV(type=reg)	niet	
veel	PD(type=indef,subtype=oth,position=prenom)	veel	
lommer	NOU-C(number=sg)	lommer	
,	PC	,	
ook	ADV(type=reg)	ook	
de	PD(type=d-p,subtype=art,position=prenom)	de	
steenweg	NOU-C(number=sg)	steenweg	
,	PC	,	
tusschen	ADP(type=pre)	tussen	
de	PD(type=d-p,subtype=art,position=prenom)	de	
vervelende	AA(degree=pos,position=prenom)	vervelend	
boompjes	NOU-C(number=pl)	boompje	
,	PC	,	
geeft	VRB(finiteness=fin,tense=pres)	geven	
niet	ADV(type=reg)	niet	
veel	ADV(type=reg)	veel	
meer	PD(type=indef,subtype=oth,position=prenom)	meer	
schaduw	NOU-C(number=sg)	schaduw	
te	ADP(type=pre)	te	
verwachten	VRB(finiteness=inf)	verwachten	
.	PC	.	

Bovendien	ADV(type=reg)	bovendien	
,	PC	,	
zulk	PD(type=d-p,position=free)	zulk	
een	PD(type=indef,subtype=art,position=prenom)	een	
groote	AA(degree=pos,position=prenom)	groot	
weg	NOU-C(number=sg)	weg	
is	VRB(finiteness=fin,tense=pres)	zijn	
in	ADP(type=pre)	in	
den	PD(type=d-p,subtype=art,position=prenom)	de	
regel	NOU-C(number=sg)	regel	
uitermate	ADV(type=reg)	uitermate	
eentoonig	AA(degree=pos,position=free)	eentonig	
,	PC	,	
en	CONJ(type=coor)	en	
op	ADP(type=pre)	op	
de	PD(type=d-p,subtype=art,position=prenom)	de	
heuvelen	NOU-C(number=pl)	heuvel	
hebben	VRB(finiteness=fin,tense=pres)	hebben	
wij	PD(type=pers,position=free)	wij	
vrij	AA(degree=pos,position=free)	vrij	
wat	ADV(type=reg)	wat	
meer	PD(type=indef,subtype=oth,position=prenom)	meer	
afwisseling	NOU-C(number=sg)	afwisseling	
te	ADP(type=pre)	te	
hopen	VRB(finiteness=inf)	hopen	
.	PC	.	

Wij	PD(type=pers,position=free)	wij	
gaan	VRB(finiteness=fin,tense=pres)	gaan	
dus	ADV(type=reg)	dus	
Zuidwestelijk	AA(degree=pos,position=free)	zuidwestelijk	
,	PC	,	
naar	ADP(type=pre)	naar	
Gronsveld	NOU-P	Gronsveld	
.	PC	.	

Van	ADV(type=reg)	vandaar	mw_59
daar	ADV(type=reg)	vandaar	mw_59
kunnen	VRB(finiteness=fin,tense=pres)	kunnen	
wij	PD(type=pers,position=free)	wij	
,	PC	,	
desverkiezende	ADV(type=reg)	desverkiezende	
,	PC	,	
naar	ADP(type=pre)	naar	
de	PD(type=d-p,subtype=art,position=prenom)	de	
hoofdstad	NOU-C(number=sg)	hoofdstad	
sporen	VRB(finiteness=fin,tense=pres)	sporen	
.	PC	.	

Immers	ADV(type=reg)	immers	
,	PC	,	
wat	PD(type=excl,position=free)	wat	
al	ADV(type=reg)	al	
palen	NOU-C(number=pl)	paal	
moesten	VRB(finiteness=fin,tense=past)	moeten	
worden	VRB(finiteness=inf)	worden	
ingeheid	VRB(finiteness=pastpart)	inheien	
,	PC	,	
eer	CONJ(type=sub)	eer	
de	PD(type=d-p,subtype=art,position=prenom)	de	
slappe	AA(degree=pos,position=prenom)	slap	
,	PC	,	
weeke	AA(degree=pos,position=prenom)	week	
grond	NOU-C(number=sg)	grond	
den	PD(type=d-p,subtype=art,position=prenom)	de	
zwaren	AA(degree=pos,position=prenom)	zwaar	
last	NOU-C(number=sg)	last	
kon	VRB(finiteness=fin,tense=past)	kunnen	
dragen	VRB(finiteness=inf)	dragen	
!	PC	!	

En	CONJ(type=coor)	en	
't	PD(type=pers,position=free)	het	
was	VRB(finiteness=fin,tense=past)	zijn	
hier	ADV(type=reg)	hier	
niet	ADV(type=reg)	niet	
alleen	AA(degree=pos,position=free)	alleen	
met	ADP(type=pre)	met	
het	PD(type=d-p,subtype=art,position=prenom)	het	
kostbare	AA(degree=pos,position=prenom)	kostbaar	
,	PC	,	
maar	CONJ(type=coor)	maar	
onder	ADP(type=pre)	onder	
ons	PD(type=pers,position=free)	wij	
gewone	AA(degree=pos,position=prenom)	gewoon	
,	PC	,	
heiwerk	NOU-C(number=sg)	heiwerk	
te	ADP(type=pre)	te	
doen	VRB(finiteness=inf)	doen	
.	PC	.	

Twee	NUM(type=card,position=free,representation=let)	twee	
der	PD(type=d-p,subtype=art,position=prenom)	de	
vier	NUM(type=card,position=prenom,representation=let)	vier	
stroompijlers	NOU-C(number=pl)	stroompijler	
,	PC	,	
de	PD(type=d-p,subtype=art,position=prenom)	de	
eerste	NUM(type=ord,position=prenom,representation=let)	eerste	
en	CONJ(type=coor)	en	
tweede	NUM(type=ord,position=prenom,representation=let)	tweede	
van	ADP(type=pre)	van	
de	PD(type=d-p,subtype=art,position=prenom)	de	
stad	NOU-C(number=sg)	stad	
gerekend	VRB(finiteness=pastpart)	rekenen	
,	PC	,	
de	PD(type=d-p,subtype=art,position=prenom)	de	
beide	PD(type=indef,subtype=oth,position=prenom)	beide	
laatsten	NOU-C(number=pl)	laatste	
dus	ADV(type=reg)	dus	
wanneer	CONJ(type=sub)	wanneer	
wij	PD(type=pers,position=free)	wij	
van	ADP(type=pre)	van	
de	PD(type=d-p,subtype=art,position=prenom)	de	
overzijde	NOU-C(number=sg)	overzijde	
komen	VRB(finiteness=fin,tense=pres)	komen	
,	PC	,	
vereischten	VRB(finiteness=fin,tense=past)	vereisen	
eene	PD(type=indef,subtype=art,position=prenom)	een	
pneumatische	AA(degree=pos,position=prenom)	pneumatisch	
fundering	NOU-C(number=sg)	fundering	
;	PC	;	
want	CONJ(type=coor)	want	
de	PD(type=d-p,subtype=art,position=prenom)	de	
zandplaat	NOU-C(number=sg)	zandplaat	
,	PC	,	
waar	ADV(type=reg)	waar	
de	PD(type=d-p,subtype=art,position=prenom)	de	
forsche	AA(degree=pos,position=prenom)	fors	
pilaren	NOU-C(number=pl)	pilaar	
een	PD(type=indef,subtype=art,position=prenom)	een	
'	PC	'	
vasten	AA(degree=pos,position=prenom)	vast	
grond	NOU-C(number=sg)	grond	
konden	VRB(finiteness=fin,tense=past)	kunnen	
vinden	VRB(finiteness=inf)	vinden	
,	PC	,	
lag	VRB(finiteness=fin,tense=past)	liggen	
zóó	ADV(type=reg)	zo	
diep	AA(degree=pos,position=free)	diep	
beneden	ADP(type=pre)	beneden	
den	PD(type=d-p,subtype=art,position=prenom)	de	
bodem	NOU-C(number=sg)	bodem	
,	PC	,	
dat	CONJ(type=sub)	dat	
de	PD(type=d-p,subtype=art,position=prenom)	de	
langste	AA(degree=sup,position=prenom)	lang	
dennemasten	NOU-C(number=pl)	dennenmast	
niet	ADV(type=reg)	niet	
lang	AA(degree=pos,position=free)	lang	
genoeg	ADV(type=reg)	genoeg	
waren	VRB(finiteness=fin,tense=past)	zijn	
,	PC	,	
om	ADP(type=pre)	om	
door	ADP(type=pre)	door	
de	PD(type=d-p,subtype=art,position=prenom)	de	
laag	NOU-C(number=sg)	laag	
van	ADP(type=pre)	van	
los	AA(degree=pos,position=prenom)	los	
en	CONJ(type=coor)	en	
onzamenhangend	AA(degree=pos,position=prenom)	onsamenhangend	
moer	NOU-C(number=sg)	moer	
in	ADP(type=pre)	in	
den	PD(type=d-p,subtype=art,position=prenom)	de	
steviger	AA(degree=comp,position=prenom)	stevig	
zandgrond	NOU-C(number=sg)	zandgrond	
te	ADP(type=pre)	te	
dringen	VRB(finiteness=inf)	dringen	
.	PC	.	

Weken	NOU-C(number=pl)	week	
en	CONJ(type=coor)	en	
maanden	NOU-C(number=pl)	maand	
lang	AA(degree=pos,position=free)	lang	
kon	VRB(finiteness=fin,tense=past)	kunnen	
stadgenoot	NOU-C(number=sg)	stadgenoot	
en	CONJ(type=coor)	en	
vreemde	NOU-C(number=sg)	vreemde	
een	PD(type=indef,subtype=art,position=prenom)	een	
'	PC	'	
geheimzinnigen	AA(degree=pos,position=prenom)	geheimzinnig	
en	CONJ(type=coor)	en	
voor	ADP(type=pre)	voor	
den	PD(type=d-p,subtype=art,position=prenom)	de	
oningewijde	NOU-C(number=sg)	oningewijde	
volstrekt	AA(degree=pos,position=free)	volstrekt	
onbegrijpelijken	AA(degree=pos,position=prenom)	onbegrijpelijk	
arbeid	NOU-C(number=sg)	arbeid	
gade	VRB(finiteness=inf)	gadeslaan	mw_204
slaan	VRB(finiteness=inf)	gadeslaan	mw_204
.	PC	.	

Aanvankelijk	AA(degree=pos,position=free)	aanvankelijk	
zag	VRB(finiteness=fin,tense=past)	zien	
hij	PD(type=pers,position=free)	hij	
op	ADP(type=pre)	op	
de	PD(type=d-p,subtype=art,position=prenom)	de	
sleephelling	NOU-C(number=sg)	sleephelling	
aan	ADP(type=pre)	aan	
den	PD(type=d-p,subtype=art,position=prenom)	de	
overkant	NOU-C(number=sg)	overkant	
een	PD(type=indef,subtype=art,position=prenom)	een	
zonderling	AA(degree=pos,position=prenom)	zonderling	
gevaarte	NOU-C(number=sg)	gevaarte	
van	ADP(type=pre)	van	
ijzeren	AA(degree=pos,position=prenom)	ijzeren	
platen	NOU-C(number=pl)	plaat	
zamenstellen	VRB(finiteness=inf)	samenstellen	
,	PC	,	
dat	PD(type=d-p,position=free)	dat	
,	PC	,	
eindelijk	ADV(type=reg)	eindelijk	
gereed	AA(degree=pos,position=free)	gereed	
,	PC	,	
een	PD(type=indef,subtype=art,position=prenom)	een	
reusachtige	AA(degree=pos,position=prenom)	reusachtig	
koker	NOU-C(number=sg)	koker	
bleek	VRB(finiteness=fin,tense=past)	blijken	
te	ADP(type=pre)	te	
zijn	VRB(finiteness=inf)	zijn	
,	PC	,	
door	ADP(type=pre)	door	
een	PD(type=indef,subtype=art,position=prenom)	een	
stevig	AA(degree=pos,position=prenom)	stevig	
middelschot	NOU-C(number=sg)	middelschot	
in	ADP(type=pre)	in	
twee	NUM(type=card,position=prenom,representation=let)	twee	
afdeelingen	NOU-C(number=pl)	afdeling	
van	ADP(type=pre)	van	
zeer	AA(degree=pos,position=free)	zeer	
ongelijke	AA(degree=pos,position=prenom)	ongelijk	
afmetingen	NOU-C(number=pl)	afmeting	
gescheiden	VRB(finiteness=pastpart)	scheiden	
,	PC	,	
waarvan	ADV(type=pron)	waarvan	
de	PD(type=d-p,subtype=art,position=prenom)	de	
grootste	AA(degree=sup,position=prenom)	groot	
de	PD(type=d-p,subtype=art,position=prenom)	de	
‘	PC	‘	
werkkamer	NOU-C(number=sg)	werkkamer	
’	PC	’	
wordt	VRB(finiteness=fin,tense=pres)	worden	
genoemd	VRB(finiteness=pastpart)	noemen	
.	PC	.	

Inmiddels	ADV(type=reg)	inmiddels	
was	VRB(finiteness=fin,tense=past)	zijn	
in	ADP(type=pre)	in	
de	PD(type=d-p,subtype=art,position=prenom)	de	
rivier	NOU-C(number=sg)	rivier	
een	PD(type=indef,subtype=art,position=prenom)	een	
hooge	AA(degree=pos,position=prenom)	hoog	
steiger	NOU-C(number=sg)	steiger	
opgerigt	VRB(finiteness=pastpart)	oprichten	
,	PC	,	
en	CONJ(type=coor)	en	
toen	CONJ(type=sub)	toen	
alles	PD(type=indef,position=free)	alles	
ver	AA(degree=pos,position=free)	ver	
genoeg	ADV(type=reg)	genoeg	
gevorderd	VRB(finiteness=pastpart)	vorderen	
was	VRB(finiteness=fin,tense=past)	zijn	
,	PC	,	
kon	VRB(finiteness=fin,tense=past)	kunnen	
hij	PD(type=pers,position=free)	hij	
de	PD(type=d-p,subtype=art,position=prenom)	de	
vervaarlijke	AA(degree=pos,position=prenom)	vervaarlijk	
caisson	NOU-C(number=sg)	caisson	
van	ADP(type=pre)	van	
de	PD(type=d-p,subtype=art,position=prenom)	de	
sleephelling	NOU-C(number=sg)	sleephelling	
regtstandig	AA(degree=pos,position=free)	rechtstandig	
te	ADP(type=pre)	te	
water	NOU-C(number=sg)	water	
zien	VRB(finiteness=inf)	zien	
gaan	VRB(finiteness=inf)	gaan	
.	PC	.	

Maar	CONJ(type=coor)	maar	
de	PD(type=d-p,subtype=art,position=prenom)	de	
diepte	NOU-C(number=sg)	diepte	
was	VRB(finiteness=fin,tense=past)	zijn	
daar	ADV(type=reg)	daar	
te	ADV(type=reg)	te	
gering	AA(degree=pos,position=free)	gering	
om	ADP(type=pre)	om	
hem	PD(type=pers,position=free)	hij	
op	ADP(type=pre)	op	
den	PD(type=d-p,subtype=art,position=prenom)	de	
zolder	NOU-C(number=sg)	zolder	
te	ADP(type=pre)	te	
doen	VRB(finiteness=inf)	doen	
drijven	VRB(finiteness=inf)	drijven	
,	PC	,	
zoodat	CONJ(type=sub)	zodat	
zijn	PD(type=poss,position=prenom)	zijn	
diepgang	NOU-C(number=sg)	diepgang	
door	ADP(type=pre)	door	
het	PD(type=d-p,subtype=art,position=prenom)	het	
inpersen	NOU-C(number=sg)	inpersen	
van	ADP(type=pre)	van	
lucht	NOU-C(number=sg)	lucht	
moest	VRB(finiteness=fin,tense=past)	moeten	
verminderd	VRB(finiteness=pastpart)	verminderen	
worden	VRB(finiteness=inf)	worden	
.	PC	.	

Dit	PD(type=d-p,position=free)	dit	
geschiedde	VRB(finiteness=fin,tense=past)	geschieden	
met	ADP(type=pre)	met	
behulp	NOU-C(number=sg)	behulp	
van	ADP(type=pre)	van	
locomobiles	NOU-C(number=pl)	locomobiel	
en	CONJ(type=coor)	en	
luchtperspompen	NOU-C(number=pl)	luchtperspomp	
.	PC	.	

Daarentegen	ADV(type=reg)	daarentegen	
dreigde	VRB(finiteness=fin,tense=past)	dreigen	
nu	ADV(type=reg)	nu	
het	PD(type=d-p,subtype=art,position=prenom)	het	
gevaar	NOU-C(number=sg)	gevaar	
,	PC	,	
dat	CONJ(type=sub)	dat	
de	PD(type=d-p,subtype=art,position=prenom)	de	
koker	NOU-C(number=sg)	koker	
zou	VRB(finiteness=fin,tense=past)	zullen	
omkantelen	VRB(finiteness=inf)	omkantelen	
.	PC	.	

Hiertegen	ADV(type=pron)	hiertegen	
werd	VRB(finiteness=fin,tense=past)	worden	
gewaakt	VRB(finiteness=pastpart)	waken	
door	ADP(type=pre)	door	
het	PD(type=d-p,subtype=art,position=prenom)	het	
aanbrengen	NOU-C(number=sg)	aanbrengen	
van	ADP(type=pre)	van	
twee	NUM(type=card,position=prenom,representation=let)	twee	
schepen	NOU-C(number=pl)	schip	
,	PC	,	
die	PD(type=d-p,position=free)	die	
er	ADV(type=pron)	eraan	mw_89
vast	AA(degree=pos,position=free)	vast	
aan	ADV(type=pron)	eraan	mw_89
verbonden	VRB(finiteness=pastpart)	verbinden	
werden	VRB(finiteness=fin,tense=past)	worden	
.	PC	.	

En	CONJ(type=coor)	en	
zoo	ADV(type=reg)	zo	
dreef	VRB(finiteness=fin,tense=past)	drijven	
de	PD(type=d-p,subtype=art,position=prenom)	de	
gansche	AA(degree=pos,position=prenom)	gans	
toestel	NOU-C(number=sg)	toestel	
langzaam	AA(degree=pos,position=free)	langzaam	
en	CONJ(type=coor)	en	
statig	AA(degree=pos,position=free)	statig	
,	PC	,	
door	ADP(type=pre)	door	
een	PD(type=indef,subtype=art,position=prenom)	een	
stoomboot	NOU-C(number=sg)	stoomboot	
gesleept	VRB(finiteness=pastpart)	slepen	
,	PC	,	
naar	ADP(type=pre)	naar	
den	PD(type=d-p,subtype=art,position=prenom)	de	
steiger	NOU-C(number=sg)	steiger	
,	PC	,	
waar	ADV(type=reg)	waar	
het	PD(type=d-p,subtype=art,position=prenom)	het	
werk	NOU-C(number=sg)	werk	
der	PD(type=d-p,subtype=art,position=prenom)	de	
fundering	NOU-C(number=sg)	fundering	
zou	VRB(finiteness=fin,tense=past)	zullen	
beginnen	VRB(finiteness=inf)	beginnen	
.	PC	.	

Op	ADP(type=pre)	op	
andere	PD(type=indef,subtype=oth,position=prenom)	ander	
wijze	NOU-C(number=sg)	wijze	
wederom	ADV(type=reg)	wederom	
wordt	VRB(finiteness=fin,tense=pres)	worden	
ons	PD(type=pers,position=free)	wij	
de	PD(type=d-p,subtype=art,position=prenom)	de	
geschiedenis	NOU-C(number=sg)	geschiedenis	
van	ADP(type=pre)	van	
Rotterdam	NOU-P	Rotterdam	
verhaald	VRB(finiteness=pastpart)	verhalen	
,	PC	,	
wanneer	CONJ(type=sub)	wanneer	
wij	PD(type=pers,position=free)	wij	
de	PD(type=d-p,subtype=art,position=prenom)	de	
portefeuilles	NOU-C(number=pl)	portefeuille	
met	ADP(type=pre)	met	
historieprenten	NOU-C(number=pl)	historieprent	
en	CONJ(type=coor)	en	
portretten	NOU-C(number=pl)	portret	
doorbladeren	VRB(finiteness=fin,tense=pres)	doorbladeren	
.	PC	.	

Daar	ADV(type=reg)	daar	
zijn	VRB(finiteness=fin,tense=pres)	zijn	
,	PC	,	
gelijk	CONJ(type=sub)	gelijk	
zich	PD(type=refl,position=free)	zich	
laat	VRB(finiteness=fin,tense=pres)	laten	
verwachten	VRB(finiteness=inf)	verwachten	
,	PC	,	
stukken	NOU-C(number=pl)	stuk	
van	ADP(type=pre)	van	
zeer	AA(degree=pos,position=free)	zeer	
verschillenden	AA(degree=pos,position=prenom)	verschillend	
aard	NOU-C(number=sg)	aard	
,	PC	,	
maar	CONJ(type=coor)	maar	
ook	ADV(type=reg)	ook	
van	ADP(type=pre)	van	
zeer	AA(degree=pos,position=free)	zeer	
uiteenloopende	AA(degree=pos,position=prenom)	uiteenlopend	
waarde	NOU-C(number=sg)	waarde	
.	PC	.	

Daar	ADV(type=reg)	daar	
zijn	VRB(finiteness=fin,tense=pres)	zijn	
satires	NOU-C(number=pl)	satire	
vol	AA(degree=pos,position=free)	vol	
geest	NOU-C(number=sg)	geest	
,	PC	,	
maar	CONJ(type=coor)	maar	
ook	ADV(type=reg)	ook	
platte	AA(degree=pos,position=prenom)	plat	
en	CONJ(type=coor)	en	
grove	AA(degree=pos,position=prenom)	grof	
hatelijkheden	NOU-C(number=pl)	hatelijkheid	
,	PC	,	
-	PC	-	
hoogst	ADV(type=reg)	hoogst	
onschuldige	AA(degree=pos,position=prenom)	onschuldig	
afbeeldingen	NOU-C(number=pl)	afbeelding	
en	CONJ(type=coor)	en	
tamelijk	AA(degree=pos,position=free)	tamelijk	
gewaagde	AA(degree=pos,position=prenom)	gewaagd	
voorstellingen	NOU-C(number=pl)	voorstelling	
,	PC	,	
-	PC	-	
platen	NOU-C(number=pl)	plaat	
,	PC	,	
die	PD(type=d-p,position=free)	die	
verheerlijken	VRB(finiteness=fin,tense=pres)	verheerlijken	
en	CONJ(type=coor)	en	
prenten	NOU-C(number=pl)	prent	
,	PC	,	
die	PD(type=d-p,position=free)	die	
verguizen	VRB(finiteness=fin,tense=pres)	verguizen	
,	PC	,	
-	PC	-	
cents	NOU-C(number=pl)	centshoutsnede	mw_130
houtsneden	NOU-C(number=pl)	centshoutsnede	mw_130
,	PC	,	
vaak	ADV(type=reg)	vaak	
kostbaar	AA(degree=pos,position=free)	kostbaar	
toch	ADV(type=reg)	toch	
door	ADP(type=pre)	door	
hun	PD(type=poss,position=prenom)	hun	
zeldzaamheid	NOU-C(number=sg)	zeldzaamheid	
,	PC	,	
en	CONJ(type=coor)	en	
fraaije	AA(degree=pos,position=prenom)	fraai	
gravures	NOU-C(number=pl)	gravure	
,	PC	,	
merkwaardig	AA(degree=pos,position=free)	merkwaardig	
om	ADP(type=pre)	om	
de	PD(type=d-p,subtype=art,position=prenom)	de	
kunst	NOU-C(number=sg)	kunst	
aan	ADP(type=pre)	aan	
't	PD(type=d-p,subtype=art,position=prenom)	het	
soms	ADV(type=reg)	soms	
onbeduidend	AA(degree=pos,position=prenom)	onbeduidend	
onderwerp	NOU-C(number=sg)	onderwerp	
ten	ADP(type=pre)+PD(type=d-p,subtype=art,position=prenom)	te+de	
koste	NOU-C(number=sg)	kost	
gelegd	VRB(finiteness=pastpart)	leggen	
,	PC	,	
-	PC	-	
teekeningen	NOU-C(number=pl)	tekening	
,	PC	,	
die	PD(type=d-p,position=free)	die	
de	PD(type=d-p,subtype=art,position=prenom)	de	
meesterhand	NOU-C(number=sg)	meesterhand	
verraden	VRB(finiteness=fin,tense=pres)	verraden	
en	CONJ(type=coor)	en	
broddelwerk	NOU-C(number=sg)	broddelwerk	
van	ADP(type=pre)	van	
brekebeenen	NOU-C(number=pl)	brekebeen	
.	PC	.	

Maar	CONJ(type=coor)	maar	
in	ADP(type=pre)	in	
talrijke	AA(degree=pos,position=prenom)	talrijk	
beelden	NOU-C(number=pl)	beeld	
gaat	VRB(finiteness=fin,tense=pres)	voorbijgaan	mw_79
de	PD(type=d-p,subtype=art,position=prenom)	de	
geschiedenis	NOU-C(number=sg)	geschiedenis	
der	PD(type=d-p,subtype=art,position=prenom)	de	
laatste	AA(degree=sup,position=prenom)	laat	
eeuwen	NOU-C(number=pl)	eeuw	
ons	PD(type=poss,position=prenom)	ons	
oog	NOU-C(number=sg)	oog	
voorbij	VRB(finiteness=fin,tense=pres)	voorbijgaan	mw_79
.	PC	.	

De	PD(type=d-p,subtype=art,position=prenom)	de	
gestalten	NOU-C(number=pl)	gestalte	
en	CONJ(type=coor)	en	
gelaatstrekken	NOU-C(number=pl)	gelaatstrek	
der	PD(type=d-p,subtype=art,position=prenom)	de	
personen	NOU-C(number=pl)	persoon	
,	PC	,	
die	PD(type=d-p,position=free)	die	
een	PD(type=indef,subtype=art,position=prenom)	een	
meer	ADV(type=reg)	meer	
of	CONJ(type=coor)	of	
minder	ADV(type=reg)	minder	
belangrijke	AA(degree=pos,position=prenom)	belangrijk	
rol	NOU-C(number=sg)	rol	
hebben	VRB(finiteness=fin,tense=pres)	hebben	
gespeeld	VRB(finiteness=pastpart)	spelen	
,	PC	,	
bezielen	VRB(finiteness=fin,tense=pres)	bezielen	
de	PD(type=d-p,subtype=art,position=prenom)	de	
verhalen	NOU-C(number=pl)	verhaal	
,	PC	,	
opgemaakt	VRB(finiteness=pastpart)	opmaken	
uit	ADP(type=pre)	uit	
de	PD(type=d-p,subtype=art,position=prenom)	de	
schrifturen	NOU-C(number=pl)	schriftuur	
,	PC	,	
die	PD(type=d-p,position=free)	die	
zij	PD(type=pers,position=free)	zij	
nalieten	VRB(finiteness=fin,tense=past)	nalaten	
of	CONJ(type=coor)	of	
die	PD(type=d-p,position=free)	die	
van	ADP(type=pre)	van	
hen	PD(type=pers,position=free)	zij	
getuigen	VRB(finiteness=fin,tense=pres)	getuigen	
.	PC	.	

Hier	ADV(type=reg)	hier	
vinden	VRB(finiteness=fin,tense=pres)	vinden	
wij	PD(type=pers,position=free)	wij	
vooreerst	ADV(type=reg)	vooreerst	
een	PD(type=indef,subtype=art,position=prenom)	een	
allermerkwaardigste	AA(degree=sup,position=prenom)	allermerkwaardigst	
en	CONJ(type=coor)	en	
welligt	ADV(type=reg)	wellicht	
volledige	AA(degree=pos,position=prenom)	volledig	
verzameling	NOU-C(number=sg)	verzameling	
van	ADP(type=pre)	van	
portretten	NOU-C(number=pl)	portret	
van	ADP(type=pre)	van	
den	PD(type=d-p,subtype=art,position=prenom)	de	
man	NOU-C(number=sg)	man	
,	PC	,	
op	ADP(type=pre)	op	
wien	PD(type=w-p,position=free)	wie	
Rotterdam	NOU-P	Rotterdam	
zoo	ADV(type=reg)	zo	
fier	AA(degree=pos,position=free)	fier	
is	VRB(finiteness=fin,tense=pres)	zijn	
,	PC	,	
van	ADP(type=pre)	van	
Desiderius	NOU-P	Desiderius	
Erasmus	NOU-P	Erasmus	
.	PC	.	

Daar	ADV(type=reg)	daar	
zien	VRB(finiteness=fin,tense=pres)	zien	
wij	PD(type=pers,position=free)	wij	
de	PD(type=d-p,subtype=art,position=prenom)	de	
achtbare	AA(degree=pos,position=prenom)	achtbaar	
burgemeesters	NOU-C(number=pl)	burgemeester	
,	PC	,	
de	PD(type=d-p,subtype=art,position=prenom)	de	
wijze	AA(degree=pos,position=prenom)	wijs	
en	CONJ(type=coor)	en	
voorzienige	AA(degree=pos,position=prenom)	voorzienig	
schepenen	NOU-C(number=pl)	schepen	
,	PC	,	
de	PD(type=d-p,subtype=art,position=prenom)	de	
strenge	AA(degree=pos,position=prenom)	streng	
baljuwen	NOU-C(number=pl)	baljuw	
,	PC	,	
de	PD(type=d-p,subtype=art,position=prenom)	de	
gevierde	AA(degree=pos,position=prenom)	gevierd	
of	CONJ(type=coor)	of	
verwenschte	AA(degree=pos,position=prenom)	verwenst	
volksleiders	NOU-C(number=pl)	volksleider	
,	PC	,	
de	PD(type=d-p,subtype=art,position=prenom)	de	
veelbesproken	AA(degree=pos,position=prenom)	veelbesproken	
vrouwen	NOU-C(number=pl)	vrouw	
,	PC	,	
als	CONJ(type=sub)	als	
oproerstooksters	NOU-C(number=pl)	oproerstookster	
veroordeeld	VRB(finiteness=pastpart)	veroordelen	
of	CONJ(type=coor)	of	
als	CONJ(type=sub)	als	
martelaressen	NOU-C(number=pl)	martelares	
vereerd	VRB(finiteness=pastpart)	vereren	
,	PC	,	
de	PD(type=d-p,subtype=art,position=prenom)	de	
kloeke	AA(degree=pos,position=prenom)	kloek	
vlootvoogden	NOU-C(number=pl)	vlootvoogd	
,	PC	,	
de	PD(type=d-p,subtype=art,position=prenom)	de	
roemruchtige	AA(degree=pos,position=prenom)	roemruchtig	
geleerden	NOU-C(number=pl)	geleerde	
,	PC	,	
de	PD(type=d-p,subtype=art,position=prenom)	de	
invloedrijke	AA(degree=pos,position=prenom)	invloedrijk	
predikanten	NOU-C(number=pl)	predikant	
,	PC	,	
de	PD(type=d-p,subtype=art,position=prenom)	de	
wijdvermaarde	AA(degree=pos,position=prenom)	wijdvermaard	
staatslieden	NOU-C(number=pl)	staatslieden	
,	PC	,	
die	PD(type=d-p,position=free)	die	
stad	NOU-C(number=sg)	stad	
en	CONJ(type=coor)	en	
land	NOU-C(number=sg)	land	
dienden	VRB(finiteness=fin,tense=past)	dienen	
of	CONJ(type=coor)	of	
beroerden	VRB(finiteness=fin,tense=past)	beroeren	
.	PC	.	

Daar	ADV(type=reg)	daar	
zijn	VRB(finiteness=fin,tense=pres)	zijn	
dichters	NOU-C(number=pl)	dichter	
en	CONJ(type=coor)	en	
schilders	NOU-C(number=pl)	schilder	
,	PC	,	
bouw-	NOU-C(number=pl,WF=trunc)+NOU-C(number=pl)	bouwkundige+werktuigkundige	mw_269600
en	CONJ(type=coor)	en	
werktuigkundigen	NOU-C(number=pl,WF=trunc)+NOU-C(number=pl)	bouwkundige+werktuigkundige	mw_269600
.	PC	.	

Daar	ADV(type=reg)	daar	
zijn	VRB(finiteness=fin,tense=pres)	zijn	
Prinsen	NOU-C(number=pl,WF=mis)+CONJ(type=coor,WF=mis)+NOU-C(number=pl)	prinsgezinde+en+staatsgezinde	mw_275664
Staatsgezinden	NOU-C(number=pl,WF=mis)+CONJ(type=coor,WF=mis)+NOU-C(number=pl)	prinsgezinde+en+staatsgezinde	mw_275664
,	PC	,	
Keezen-	NOU-C(number=pl,WF=trunc)+NOU-C(number=pl)	kezenklant+Oranjeklant	mw_625441
en	CONJ(type=coor)	en	
Oranjeklanten	NOU-C(number=pl,WF=trunc)+NOU-C(number=pl)	kezenklant+Oranjeklant	mw_625441
,	PC	,	
Gomaristen	NOU-C(number=pl)	gomarist	
en	CONJ(type=coor)	en	
Arminianen	NOU-C(number=pl)	arminiaan	
,	PC	,	
Geuzen	NOU-C(number=pl)	geus	
en	CONJ(type=coor)	en	
Papisten	NOU-C(number=pl)	papist	
,	PC	,	
geprezen	VRB(finiteness=pastpart)	prijzen	
of	CONJ(type=coor)	of	
bespot	VRB(finiteness=pastpart)	bespotten	
,	PC	,	
met	ADP(type=pre)	met	
brommende	AA(degree=pos,position=prenom)	brommend	
lofdichten	NOU-C(number=pl)	lofdicht	
of	CONJ(type=coor)	of	
krenkende	AA(degree=pos,position=prenom)	krenkend	
bijschriften	NOU-C(number=pl)	bijschrift	
.	PC	.	

Daar	ADV(type=reg)	daar	
worden	VRB(finiteness=fin,tense=pres)	worden	
de	PD(type=d-p,subtype=art,position=prenom)	de	
dooden	NOU-C(number=pl)	dode	
weêr	ADV(type=reg)	weder	
levend	AA(degree=pos,position=free)	levend	
;	PC	;	
daar	ADV(type=reg)	daar	
wordt	VRB(finiteness=fin,tense=pres)	worden	
de	PD(type=d-p,subtype=art,position=prenom)	de	
maatschappij	NOU-C(number=sg)	maatschappij	
,	PC	,	
die	PD(type=d-p,position=free)	die	
voor	ADV(type=reg)	voorlang	mw_77
lang	ADV(type=reg)	voorlang	mw_77
voorbijging	VRB(finiteness=fin,tense=past)	voorbijgaan	
,	PC	,	
weêr	ADV(type=reg)	weder	
opgeroepen	VRB(finiteness=pastpart)	oproepen	
uit	ADP(type=pre)	uit	
haar	PD(type=poss,position=prenom)	haar	
graf	NOU-C(number=sg)	graf	
.	PC	.	

Daar	ADV(type=reg)	daar	
zien	VRB(finiteness=fin,tense=pres)	zien	
wij	PD(type=pers,position=free)	wij	
de	PD(type=d-p,subtype=art,position=prenom)	de	
golven	NOU-C(number=pl)	golf	
van	ADP(type=pre)	van	
den	PD(type=d-p,subtype=art,position=prenom)	de	
hartstogt	NOU-C(number=sg)	hartstocht	
bruisen	VRB(finiteness=inf)	bruisen	
.	PC	.	

Daar	ADV(type=reg)	daar	
zijn	VRB(finiteness=fin,tense=pres)	zijn	
wij	PD(type=pers,position=free)	wij	
getuigen	NOU-C(number=pl)	getuige	
van	ADP(type=pre)	van	
strijd	NOU-C(number=sg)	strijd	
en	CONJ(type=coor)	en	
van	ADP(type=pre)	van	
zegefeesten	NOU-C(number=pl)	zegefeest	
,	PC	,	
van	ADP(type=pre)	van	
brand	NOU-C(number=sg)	brand	
en	CONJ(type=coor)	en	
overstrooming	NOU-C(number=sg)	overstroming	
,	PC	,	
van	ADP(type=pre)	van	
oproer	NOU-C(number=sg)	oproer	
en	CONJ(type=coor)	en	
strafoefening	NOU-C(number=sg)	strafoefening	
,	PC	,	
van	ADP(type=pre)	van	
volksvermaken	NOU-C(number=pl)	volksvermaak	
en	CONJ(type=coor)	en	
zamenkomsten	NOU-C(number=pl)	samenkomst	
in	ADP(type=pre)	in	
raadzaal	NOU-C(number=sg)	raadzaal	
en	CONJ(type=coor)	en	
kroeg	NOU-C(number=sg)	kroeg	
.	PC	.	

Daar	ADV(type=reg)	daar	
zien	VRB(finiteness=fin,tense=pres)	zien	
wij	PD(type=pers,position=free)	wij	
den	PD(type=d-p,subtype=art,position=prenom)	de	
arbeid	NOU-C(number=sg)	arbeid	
van	ADP(type=pre)	van	
de	PD(type=d-p,subtype=art,position=prenom)	de	
voorgeslachten	NOU-C(number=pl)	voorgeslacht	
,	PC	,	
hun	PD(type=poss,position=prenom)	hun	
uitvindingen	NOU-C(number=pl)	uitvinding	
,	PC	,	
hun	PD(type=poss,position=prenom)	hun	
teleurstellingen	NOU-C(number=pl)	teleurstelling	
,	PC	,	
hun	PD(type=poss,position=prenom)	hun	
zeetogten	NOU-C(number=pl)	zeetocht	
,	PC	,	
hun	PD(type=poss,position=prenom)	hun	
gevaren	NOU-C(number=pl)	gevaar	
.	PC	.	

Hier	ADV(type=reg)	hier	
zien	VRB(finiteness=fin,tense=pres)	zien	
wij	PD(type=pers,position=free)	wij	
Olivier	NOU-P	Olivier	
van	NOU-P	Van Noort	mw_175
Noort	NOU-P	Van Noort	mw_175
,	PC	,	
den	PD(type=d-p,subtype=art,position=prenom)	de	
2en	NUM(type=ord,position=prenom,representation=mix-dig)	tweede	
Julij	NOU-C(number=sg)	julius	
1598	NUM(type=card,position=postnom,representation=dig)	1598	
,	PC	,	
de	PD(type=d-p,subtype=art,position=prenom)	de	
stad	NOU-C(number=sg)	stad	
verlaten	VRB(finiteness=inf)	verlaten	
met	ADP(type=pre)	met	
zijn	PD(type=poss,position=prenom)	zijn	
viertal	NOU-C(number=sg)	viertal	
schepen	NOU-C(number=pl)	schip	
,	PC	,	
waarvan	ADV(type=pron)	waarvan	
slechts	ADV(type=reg)	slechts	
één	NUM(type=card,position=free,representation=let)	een	
terugkeerde	VRB(finiteness=fin,tense=past)	terugkeren	
,	PC	,	
en	CONJ(type=coor)	en	
de	PD(type=d-p,subtype=art,position=prenom)	de	
zeeslagen	NOU-C(number=pl)	zeeslag	
van	ADP(type=pre)	van	
Tromp	NOU-P	Tromp	
,	PC	,	
en	CONJ(type=coor)	en	
modellen	NOU-C(number=pl)	model	
van	ADP(type=pre)	van	
schepen	NOU-C(number=pl)	schip	
en	CONJ(type=coor)	en	
het	PD(type=d-p,subtype=art,position=prenom)	het	
afloopen	NOU-C(number=sg)	aflopen	
der	PD(type=d-p,subtype=art,position=prenom)	de	
oorlogsbodems	NOU-C(number=pl)	oorlogsbodem	
aan	ADP(type=pre)	aan	
de	PD(type=d-p,subtype=art,position=prenom)	de	
Admiraliteitswerf	NOU-P	Admiraliteitswerf	
.	PC	.	

Ginds	ADV(type=reg)	ginds	
aanschouwen	VRB(finiteness=fin,tense=pres)	aanschouwen	
we	PD(type=pers,position=free)	wij	
den	PD(type=d-p,subtype=art,position=prenom)	de	
marteldood	NOU-C(number=sg)	marteldood	
van	ADP(type=pre)	van	
eenige	PD(type=indef,subtype=oth,position=prenom)	enig	
wederdoopers	NOU-C(number=pl)	wederdoper	
,	PC	,	
-	PC	-	
den	PD(type=d-p,subtype=art,position=prenom)	de	
moord	NOU-C(number=sg)	moord	
door	ADP(type=pre)	door	
de	PD(type=d-p,subtype=art,position=prenom)	de	
Spanjaarden	NOU-C(number=pl)	Spanjaard	
in	ADP(type=pre)	in	
1572	NUM(type=card,position=free,representation=dig)	1572	
-	PC	-	
‘	PC	‘	
het	PD(type=d-p,subtype=art,position=prenom)	het	
Arminiaansch	AA(degree=pos,position=prenom)	arminiaans	
testament	NOU-C(number=sg)	testament	
’	PC	’	
-	PC	-	
het	PD(type=d-p,subtype=art,position=prenom)	het	
oproer	NOU-C(number=sg)	oproer	
,	PC	,	
toen	CONJ(type=sub)	toen	
de	PD(type=d-p,subtype=art,position=prenom)	de	
volkswoede	NOU-C(number=sg)	volkswoede	
uit-brak	VRB(finiteness=fin,tense=past)	uitbreken	
tegen	ADP(type=pre)	tegen	
den	PD(type=d-p,subtype=art,position=prenom)	de	
baljuw	NOU-C(number=sg)	baljuw	
van	NOU-P	Van Zuylen van Nyeveld	mw_30
Zuylen	NOU-P	Van Zuylen van Nyeveld	mw_30
van	NOU-P	Van Zuylen van Nyeveld	mw_30
Nyeveld	NOU-P	Van Zuylen van Nyeveld	mw_30
,	PC	,	
naar	ADP(type=pre)	naar	
aanleiding	NOU-C(number=sg)	aanleiding	
van	ADP(type=pre)	van	
het	PD(type=d-p,subtype=art,position=prenom)	het	
doodvonnis	NOU-C(number=sg)	doodvonnis	
,	PC	,	
over	ADP(type=pre)	over	
Costerman	NOU-P	Costerman	
voltrokken	AA(degree=pos,position=free)	voltrekken	
;	PC	;	
en	CONJ(type=coor)	en	
de	PD(type=d-p,subtype=art,position=prenom)	de	
medaille	NOU-C(number=sg)	medaille	
daar	ADV(type=reg)	daarginds	mw_134
ginds	ADV(type=reg)	daarginds	mw_134
,	PC	,	
de	PD(type=d-p,subtype=art,position=prenom)	de	
beide	PD(type=indef,subtype=oth,position=prenom)	beide	
borden	NOU-C(number=pl)	bord	
van	ADP(type=pre)	van	
Delfsch	AA(degree=pos,position=prenom)	Delfts	
aardewerk	NOU-C(number=sg)	aardewerk	
in	ADP(type=pre)	in	
de	PD(type=d-p,subtype=art,position=prenom)	de	
glazen	AA(degree=pos,position=prenom)	glazen	
vitrine	NOU-C(number=sg)	vitrine	
,	PC	,	
herinneren	VRB(finiteness=fin,tense=pres)	herinneren	
dezelfde	PD(type=d-p,subtype=oth,position=prenom)	dezelfde	
droevige	AA(degree=pos,position=prenom)	droevig	
gebeurtenis	NOU-C(number=sg)	gebeurtenis	
.	PC	.	

Hier	ADV(type=reg)	hier	
zien	VRB(finiteness=fin,tense=pres)	zien	
wij	PD(type=pers,position=free)	wij	
het	PD(type=d-p,subtype=art,position=prenom)	het	
plunderen	NOU-C(number=sg)	plunderen	
van	ADP(type=pre)	van	
het	PD(type=d-p,subtype=art,position=prenom)	het	
huis	NOU-C(number=sg)	huis	
der	PD(type=d-p,subtype=art,position=prenom)	de	
wijnkoopers	NOU-C(number=pl)	wijnkoper	
Hagedoorn	NOU-P	Hagedoorn	
in	ADP(type=pre)	in	
1751	NUM(type=card,position=free,representation=dig)	1751	
,	PC	,	
een	PD(type=indef,subtype=art,position=prenom)	een	
zeer	AA(degree=pos,position=free)	zeer	
fraaije	AA(degree=pos,position=prenom)	fraai	
teekening	NOU-C(number=sg)	tekening	
van	ADP(type=pre)	van	
S.	NOU-P(WF=abbr)	S.	
Fokke	NOU-P	Fokke	
,	PC	,	
en	CONJ(type=coor)	en	
het	PD(type=d-p,subtype=art,position=prenom)	het	
tumult	NOU-C(number=sg)	tumult	
op	ADP(type=pre)	op	
25	NUM(type=card,position=prenom,representation=dig)	vijfentwintig	
en	CONJ(type=coor)	en	
26	NUM(type=card,position=prenom,representation=dig)	zesentwintig	
Julij	NOU-C(number=sg)	julius	
1756	NUM(type=card,position=postnom,representation=dig)	1756	
,	PC	,	
waarvan	ADV(type=pron)	waarvan	
een	PD(type=indef,subtype=art,position=prenom)	een	
aardige	AA(degree=pos,position=prenom)	aardig	
afbeelding	NOU-C(number=sg)	afbeelding	
op	ADP(type=pre)	op	
satijn	NOU-C(number=sg)	satijn	
werd	VRB(finiteness=fin,tense=past)	worden	
gedrukt	VRB(finiteness=pastpart)	drukken	
.	PC	.	

Hier	ADV(type=reg)	hier	
zien	VRB(finiteness=fin,tense=pres)	zien	
wij	PD(type=pers,position=free)	wij	
de	PD(type=d-p,subtype=art,position=prenom)	de	
onlusten	NOU-C(number=pl)	onlust	
in	ADP(type=pre)	in	
de	PD(type=d-p,subtype=art,position=prenom)	de	
droevige	AA(degree=pos,position=prenom)	droevig	
jaren	NOU-C(number=pl)	jaar	
,	PC	,	
waarmede	ADV(type=pron)	waarmede	
de	PD(type=d-p,subtype=art,position=prenom)	de	
droevige	AA(degree=pos,position=prenom)	droevig	
eeuw	NOU-C(number=sg)	eeuw	
werd	VRB(finiteness=fin,tense=past)	worden	
besloten	VRB(finiteness=pastpart)	besluiten	
,	PC	,	
in	ADP(type=pre)	in	
een	PD(type=indef,subtype=art,position=prenom)	een	
menigte	NOU-C(number=sg)	menigte	
van	ADP(type=pre)	van	
spotprenten	NOU-C(number=pl)	spotprent	
en	CONJ(type=coor)	en	
ernstige	AA(degree=pos,position=prenom)	ernstig	
voorstellingen	NOU-C(number=pl)	voorstelling	
afgebeeld	VRB(finiteness=pastpart)	afbeelden	
,	PC	,	
en	CONJ(type=coor)	en	
daaronder	ADV(type=pron)	daaronder	
enkele	PD(type=indef,subtype=oth,position=prenom)	enkel	
meesterlijke	AA(degree=pos,position=prenom)	meesterlijk	
stukken	NOU-C(number=pl)	stuk	
van	ADP(type=pre)	van	
F.	NOU-P(WF=abbr)	F.	
de	NOU-P	De Roode	mw_101
Roode	NOU-P	De Roode	mw_101
,	PC	,	
vooral	ADV(type=reg)	vooral	
den	PD(type=d-p,subtype=art,position=prenom)	de	
aanval	NOU-C(number=sg)	aanval	
van	ADP(type=pre)	van	
het	PD(type=d-p,subtype=art,position=prenom)	het	
volk	NOU-C(number=sg)	volk	
op	ADP(type=pre)	op	
de	PD(type=d-p,subtype=art,position=prenom)	de	
9e	NUM(type=ord,position=prenom,representation=mix-dig)	negende	
compagnie	NOU-C(number=sg)	compagnie	
der	PD(type=d-p,subtype=art,position=prenom)	de	
gewapende	AA(degree=pos,position=prenom)	gewapend	
burgermagt	NOU-C(number=sg)	burgermacht	
,	PC	,	
wier	PD(type=w-p,position=free)	wie	
vaandel	NOU-C(number=sg)	vaandel	
gij	PD(type=pers,position=free)	gij	
nog	ADV(type=reg)	nog	
daar	ADV(type=reg)	daarginds	mw_135
ginds	ADV(type=reg)	daarginds	mw_135
ziet	VRB(finiteness=fin,tense=pres)	zien	
staan	VRB(finiteness=inf)	staan	
.	PC	.	

Het	PD(type=d-p,subtype=art,position=prenom)	het	
andere	NUM(type=ord,position=prenom,representation=let)	ander	
vaandel	NOU-C(number=sg)	vaandel	
daarnevens	ADV(type=pron)	daarnevens	
,	PC	,	
door	ADP(type=pre)	door	
Rotterdamsche	AA(degree=pos,position=prenom)	Rotterdams	
jonkvrouwen	NOU-C(number=pl)	jonkvrouw	
geschonken	VRB(finiteness=pastpart)	schenken	
,	PC	,	
vergezelde	VRB(finiteness=fin,tense=past)	vergezellen	
de	PD(type=d-p,subtype=art,position=prenom)	de	
schutterij	NOU-C(number=sg)	schutterij	
in	ADP(type=pre)	in	
1830	NUM(type=card,position=free,representation=dig)	1830	
.	PC	.	

Gij	PD(type=pers,position=free)	gij	
kunt	VRB(finiteness=fin,tense=pres)	kunnen	
hen	PD(type=pers,position=free)	zij	
zien	VRB(finiteness=inf)	zien	
heengaan	VRB(finiteness=inf)	heengaan	
uit	ADP(type=pre)	uit	
de	PD(type=d-p,subtype=art,position=prenom)	de	
stad	NOU-C(number=sg)	stad	
en	CONJ(type=coor)	en	
hun	PD(type=poss,position=prenom)	hun	
vaandel	NOU-C(number=sg)	vaandel	
en	CONJ(type=coor)	en	
hun	PD(type=poss,position=prenom)	hun	
uniformen	NOU-C(number=pl)	uniform	
zien	VRB(finiteness=inf)	zien	
afgebeeld	VRB(finiteness=pastpart)	afbeelden	
.	PC	.	

Deze	PD(type=d-p,subtype=oth,position=prenom)	deze	
uitvoerige	AA(degree=pos,position=prenom)	uitvoerig	
teekening	NOU-C(number=sg)	tekening	
geeft	VRB(finiteness=fin,tense=pres)	geven	
de	PD(type=d-p,subtype=art,position=prenom)	de	
uitrusting	NOU-C(number=sg)	uitrusting	
en	CONJ(type=coor)	en	
montering	NOU-C(number=sg)	montering	
der	PD(type=d-p,subtype=art,position=prenom)	de	
verschillende	AA(degree=pos,position=prenom)	verschillend	
vrijcorpsen	NOU-C(number=pl)	vrijkorps	
in	ADP(type=pre)	in	
den	PD(type=d-p,subtype=art,position=prenom)	de	
lande	NOU-C(number=sg)	land	
te	ADP(type=pre)	te	
aanschouwen	VRB(finiteness=inf)	aanschouwen	
.	PC	.	

Hoe	ADV(type=reg)	hoe	
het	PD(type=d-p,subtype=art,position=prenom)	het	
alliantiefeest	NOU-C(number=sg)	alliantiefeest	
met	ADP(type=pre)	met	
Frankrijk	NOU-P	Frankrijk	
in	ADP(type=pre)	in	
Rotterdam	NOU-P	Rotterdam	
werd	VRB(finiteness=fin,tense=past)	worden	
gevierd	VRB(finiteness=pastpart)	vieren	
,	PC	,	
geeft	VRB(finiteness=fin,tense=pres)	geven	
eene	PD(type=indef,subtype=art,position=prenom)	een	
reeks	NOU-C(number=sg)	reeks	
van	ADP(type=pre)	van	
voortreffelijke	AA(degree=pos,position=prenom)	voortreffelijk	
teekoningen	NOU-C(number=pl,WF=mis)	tekening	
te	ADP(type=pre)	te	
zien	VRB(finiteness=inf)	zien	
,	PC	,	
en	CONJ(type=coor)	en	
overigens	ADV(type=reg)	overigens	
vindt	VRB(finiteness=fin,tense=pres)	vinden	
gij	PD(type=pers,position=free)	gij	
er	ADV(type=reg)	er	
,	PC	,	
hoe	ADV(type=reg)	hoe	
de	PD(type=d-p,subtype=art,position=prenom)	de	
stad	NOU-C(number=sg)	stad	
bij	ADP(type=pre)	bij	
verschillende	AA(degree=pos,position=prenom)	verschillend	
gelegenheden	NOU-C(number=pl)	gelegenheid	
geïllumineerd	VRB(finiteness=pastpart)	illumineren	
was	VRB(finiteness=fin,tense=past)	zijn	
en	CONJ(type=coor)	en	
hoe	ADV(type=reg)	hoe	
prachtig	AA(degree=pos,position=free)	prachtig	
het	PD(type=d-p,subtype=art,position=prenom)	het	
vuurwerk	NOU-C(number=sg)	vuurwerk	
was	VRB(finiteness=fin,tense=past)	zijn	
,	PC	,	
in	ADP(type=pre)	in	
1713	NUM(type=card,position=free,representation=dig)	1713	
op	ADP(type=pre)	op	
de	PD(type=d-p,subtype=art,position=prenom)	de	
Maas	NOU-P	Maas	
ontstoken	VRB(finiteness=pastpart)	ontsteken	
.	PC	.	

Aan	ADP(type=pre)	aan	
de	PD(type=d-p,subtype=art,position=prenom)	de	
dagen	NOU-C(number=pl)	dag	
van	ADP(type=pre)	van	
Napoleon	NOU-P	Napoleon	
herinneren	VRB(finiteness=fin,tense=pres)	herinneren	
de	PD(type=d-p,subtype=art,position=prenom)	de	
platen	NOU-C(number=pl)	plaat	
,	PC	,	
die	PD(type=d-p,position=free)	die	
de	PD(type=d-p,subtype=art,position=prenom)	de	
eerewacht	NOU-C(number=sg)	erewacht	
te	ADP(type=pre)	te	
voet	NOU-C(number=sg)	voet	
en	CONJ(type=coor)	en	
te	ADP(type=pre)	te	
paard	NOU-C(number=sg)	paard	
voorstellen	VRB(finiteness=fin,tense=pres)	voorstellen	
,	PC	,	
wier	PD(type=w-p,position=free)	wie	
taak	NOU-C(number=sg)	taak	
het	PD(type=pers,position=free)	het	
was	VRB(finiteness=fin,tense=past)	zijn	
,	PC	,	
den	PD(type=d-p,subtype=art,position=prenom)	de	
keizer	NOU-C(number=sg)	keizer	
te	ADP(type=pre)	te	
begeleiden	VRB(finiteness=inf)	begeleiden	
-	PC	-	
de	PD(type=d-p,subtype=art,position=prenom)	de	
namen	NOU-C(number=pl)	naam	
der	PD(type=d-p,subtype=art,position=prenom)	de	
deelhebbers	NOU-C(number=pl)	deelhebber	
staan	VRB(finiteness=fin,tense=pres)	staan	
er	ADV(type=pron)	erbij	mw_157
bij	ADV(type=pron)	erbij	mw_157
;	PC	;	
gij	PD(type=pers,position=free)	gij	
vindt	VRB(finiteness=fin,tense=pres)	vinden	
er	ADV(type=reg)	er	
een	PD(type=indef,subtype=art,position=prenom)	een	
copie	NOU-C(number=sg)	kopie	
van	ADP(type=pre)	van	
het	PD(type=d-p,subtype=art,position=prenom)	het	
wapen	NOU-C(number=sg)	wapen	
,	PC	,	
dat	PD(type=d-p,position=free)	dat	
Napoleon	NOU-P	Napoleon	
aan	ADP(type=pre)	aan	
de	PD(type=d-p,subtype=art,position=prenom)	de	
‘	PC	‘	
bonne	NOU-C(number=sg)	bonne ville	mw_42976
ville	NOU-C(number=sg)	bonne ville	mw_42976
’	PC	’	
gaf	VRB(finiteness=fin,tense=past)	geven	
,	PC	,	
waarvan	ADV(type=pron)	waarvan	
het	PD(type=d-p,subtype=art,position=prenom)	het	
origineel	NOU-C(number=sg)	origineel	
,	PC	,	
met	ADP(type=pre)	met	
groot	AA(degree=pos,position=prenom)	groot	
zegel	NOU-C(number=sg)	zegel	
,	PC	,	
op	ADP(type=pre)	op	
't	PD(type=d-p,subtype=art,position=prenom)	het	
stadhuis	NOU-C(number=sg)	stadhuis	
berust	VRB(finiteness=fin,tense=pres)	berusten	
.	PC	.	

Als	CONJ(type=sub)	als	
droevigen	AA(degree=pos,position=prenom)	droevig	
tegenhanger	NOU-C(number=sg)	tegenhanger	
tegen	ADP(type=pre)	tegen	
de	PD(type=d-p,subtype=art,position=prenom)	de	
feestelijkheden	NOU-C(number=pl)	feestelijkheid	
ziet	VRB(finiteness=fin,tense=pres)	zien	
gij	PD(type=pers,position=free)	gij	
het	PD(type=d-p,subtype=art,position=prenom)	het	
doodschieten	NOU-C(number=sg)	doodschieten	
van	ADP(type=pre)	van	
den	PD(type=d-p,subtype=art,position=prenom)	de	
Moordrechtschen	AA(degree=pos,position=prenom)	Moordrechts	
kastelein	NOU-C(number=sg)	kastelein	
Eel	NOU-P	Eel	
,	PC	,	
en	CONJ(type=coor)	en	
als	CONJ(type=sub)	als	
slottafereel	NOU-C(number=sg)	slottafereel	
een	PD(type=indef,subtype=art,position=prenom)	een	
leelijke	AA(degree=pos,position=prenom)	lelijk	
spotprent	NOU-C(number=sg)	spotprent	
op	ADP(type=pre)	op	
Napoleon's	NOU-P	Napoleon	
val	NOU-C(number=sg)	val	
.	PC	.	

Ook	ADV(type=reg)	ook	
de	PD(type=d-p,subtype=art,position=prenom)	de	
uniformen	NOU-C(number=pl)	uniform	
der	PD(type=d-p,subtype=art,position=prenom)	de	
Fransche	AA(degree=pos,position=prenom)	Frans	
soldaten	NOU-C(number=pl)	soldaat	
en	CONJ(type=coor)	en	
der	PD(type=d-p,subtype=art,position=prenom)	de	
Kozakken	NOU-C(number=pl)	Kozak	
,	PC	,	
en	CONJ(type=coor)	en	
de	PD(type=d-p,subtype=art,position=prenom)	de	
spotprent	NOU-C(number=sg)	spotprent	
met	ADP(type=pre)	met	
het	PD(type=d-p,subtype=art,position=prenom)	het	
onderschrift	NOU-C(number=sg)	onderschrift	
:	PC	:	

Onder	ADP(type=pre)	onder	
de	PD(type=d-p,subtype=art,position=prenom)	de	
kronijken	NOU-C(number=pl)	kroniek	
,	PC	,	
die	PD(type=d-p,position=free)	die	
de	PD(type=d-p,subtype=art,position=prenom)	de	
volgende	AA(degree=pos,position=prenom)	volgend	
kast	NOU-C(number=sg)	kast	
vullen	VRB(finiteness=fin,tense=pres)	vullen	
,	PC	,	
is	VRB(finiteness=fin,tense=pres)	zijn	
merkwaardig	AA(degree=pos,position=free)	merkwaardig	
het	PD(type=d-p,subtype=art,position=prenom)	het	
handschrift	NOU-C(number=sg)	handschrift	
,	PC	,	
dat	PD(type=d-p,position=free)	dat	
Corn.	NOU-P(WF=abbr)	Corn.	

van	NOU-P	Van Alkemade	mw_43
Alkemade	NOU-P	Van Alkemade	mw_43
voor	ADP(type=pre)	voor	
zijne	PD(type=poss,position=prenom)	zijn	
uitgaaf	NOU-C(number=sg)	uitgave	
van	ADP(type=pre)	van	
Melis	NOU-P	Melis	
Stoke	NOU-P	Stoke	
heeft	VRB(finiteness=fin,tense=pres)	hebben	
gebruikt	VRB(finiteness=pastpart)	gebruiken	
,	PC	,	
en	CONJ(type=coor)	en	
diens	PD(type=d-p,position=free)	die	
aanteekeningen	NOU-C(number=pl)	aantekening	
omtrent	ADP(type=pre)	omtrent	
de	PD(type=d-p,subtype=art,position=prenom)	de	
kronijk	NOU-C(number=sg)	kroniek	
van	ADP(type=pre)	van	
Klaas	NOU-P	Klaas	
Kolijn	NOU-P	Kolijn	
,	PC	,	
met	ADP(type=pre)	met	
een	PD(type=indef,subtype=art,position=prenom)	een	
aantal	NOU-C(number=sg)	aantal	
brieven	NOU-C(number=pl)	brief	
over	ADP(type=pre)	over	
de	PD(type=d-p,subtype=art,position=prenom)	de	
echtheid	NOU-C(number=sg)	echtheid	
er	ADV(type=pron)	ervan	mw_44
van	ADV(type=pron)	ervan	mw_44
,	PC	,	
met	ADP(type=pre)	met	
verschillende	AA(degree=pos,position=prenom)	verschillend	
geleerden	NOU-C(number=pl)	geleerde	
gewisseld	VRB(finiteness=pastpart)	wisselen	
.	PC	.	

Van	ADP(type=pre)	van	
de	PD(type=d-p,subtype=art,position=prenom)	de	
geschiedkundige	AA(degree=pos,position=prenom)	geschiedkundig	
geschriften	NOU-C(number=pl)	geschrift	
,	PC	,	
wier	PD(type=w-p,position=free)	wie	
lange	AA(degree=pos,position=prenom)	lang	
reeks	NOU-C(number=sg)	reeks	
met	ADP(type=pre)	met	
de	PD(type=d-p,subtype=art,position=prenom)	de	
nog	ADV(type=reg)	nog	
onvoltooide	AA(degree=pos,position=prenom)	onvoltooid	
werken	NOU-C(number=pl)	werk	
van	ADP(type=pre)	van	
Arend	NOU-P	Arend	
en	CONJ(type=coor)	en	
Witkamp	NOU-P	Witkamp	
besloten	VRB(finiteness=pastpart)	besluiten	
wordt	VRB(finiteness=fin,tense=pres)	worden	
,	PC	,	
vermelden	VRB(finiteness=fin,tense=pres)	vermelden	
wij	PD(type=pers,position=free)	wij	
enkele	PD(type=indef,subtype=oth,position=prenom)	enkel	
fraaije	AA(degree=pos,position=prenom)	fraai	
exemplaren	NOU-C(number=pl)	exemplaar	
,	PC	,	
als	CONJ(type=sub)	als	
Baudartius'	NOU-P	Baudartius	
Nassausche	AA(degree=pos,position=prenom)	Nassaus	
oorlogen	NOU-C(number=pl)	oorlog	
,	PC	,	
met	ADP(type=pre)	met	
vele	PD(type=indef,subtype=oth,position=prenom)	veel	
platen	NOU-C(number=pl)	plaat	
en	CONJ(type=coor)	en	
platte	NOU-C(number=pl)	plattegrond	mw_224
gronden	NOU-C(number=pl)	plattegrond	mw_224
,	PC	,	
een	PD(type=indef,subtype=art,position=prenom)	een	
curieus	AA(degree=pos,position=prenom)	curieus	
met	ADP(type=pre)	met	
houtsneden	NOU-C(number=pl)	houtsnede	
geïllustreerd	AA(degree=pos,position=prenom)	geïllustreerd	
boekje	NOU-C(number=sg)	boekje	
:	PC	:	
de	PD(type=d-p,subtype=art,position=prenom)	de	
Spaansche	AA(degree=pos,position=prenom)	Spaans	
tyranije	NOU-C(number=sg)	tirannie	
(	PC	(	
1622	NUM(type=card,position=free,representation=dig)	1622	
)	PC	)	
en	CONJ(type=coor)	en	
Strada's	NOU-P	Strada	
Nederlandsche	AA(degree=pos,position=prenom)	Nederlands	
oorlogen	NOU-C(number=pl)	oorlog	
,	PC	,	
met	ADP(type=pre)	met	
kostbare	AA(degree=pos,position=prenom)	kostbaar	
gravures	NOU-C(number=pl)	gravure	
van	ADP(type=pre)	van	
Franciscus	NOU-P	Franciscus	
van	NOU-P	Van den Wijngaerde	mw_45
den	NOU-P	Van den Wijngaerde	mw_45
Wijngaerde	NOU-P	Van den Wijngaerde	mw_45
(	PC	(	
1645	NUM(type=card,position=free,representation=dig)	1645	
)	PC	)	
.	PC	.	

Van	ADP(type=pre)	van	
geheel	AA(degree=pos,position=free)	geheel	
anderen	PD(type=indef,subtype=oth,position=prenom)	ander	
aard	NOU-C(number=sg)	aard	
is	VRB(finiteness=fin,tense=pres)	zijn	
de	PD(type=d-p,subtype=art,position=prenom)	de	
boekerij	NOU-C(number=sg)	boekerij	
van	ADP(type=pre)	van	
het	PD(type=d-p,subtype=art,position=prenom)	het	
Bataafsch	AA(degree=pos,position=prenom)	Bataafs	
Genootschap	NOU-C(number=sg)	genootschap	
,	PC	,	
geplaatst	VRB(finiteness=pastpart)	plaatsen	
op	ADP(type=pre)	op	
een	NUM(type=card,position=free,representation=let)	een	
der	PD(type=d-p,subtype=art,position=prenom)	de	
bovenzalen	NOU-C(number=pl)	bovenzaal	
van	ADP(type=pre)	van	
het	PD(type=d-p,subtype=art,position=prenom)	het	
beursgebouw	NOU-C(number=sg)	beursgebouw	
,	PC	,	
in	ADP(type=pre)	in	
een	PD(type=indef,subtype=art,position=prenom)	een	
fraai	AA(degree=pos,position=prenom)	fraai	
met	ADP(type=pre)	met	
eikenhout	NOU-C(number=sg)	eikenhout	
beschoten	AA(degree=pos,position=prenom)	beschoten	
vertrek	NOU-C(number=sg)	vertrek	
,	PC	,	
met	ADP(type=pre)	met	
de	PD(type=d-p,subtype=art,position=prenom)	de	
beeldtenissen	NOU-C(number=pl)	beeltenis	
van	ADP(type=pre)	van	
Boerhaave	NOU-P	Boerhaave	
,	PC	,	
Linnaens	NOU-P(WF=mis)	Linnaeus	
,	PC	,	
Baco	NOU-P	Baco	
en	CONJ(type=coor)	en	
's	NOU-P	's-Gravenzande	mw_210
Gravezande	NOU-P	's-Gravenzande	mw_210
,	PC	,	
in	ADP(type=pre)	in	
medaillons	NOU-C(number=pl)	medaillon	
,	PC	,	
versierd	VRB(finiteness=pastpart)	versieren	
.	PC	.	

Acht	NUM(type=card,position=prenom,representation=let)	achtentwintig	mw_23
en	NUM(type=card,position=prenom,representation=let)	achtentwintig	mw_23
twintig	NUM(type=card,position=prenom,representation=let)	achtentwintig	mw_23
kasten	NOU-C(number=pl)	kast	
,	PC	,	
deels	ADV(type=reg)	deels	
langs	ADP(type=pre)	langs	
den	PD(type=d-p,subtype=art,position=prenom)	de	
wand	NOU-C(number=sg)	wand	
,	PC	,	
deels	ADV(type=reg)	deels	
in	ADP(type=pre)	in	
het	PD(type=d-p,subtype=art,position=prenom)	het	
midden	NOU-C(number=sg)	midden	
der	PD(type=d-p,subtype=art,position=prenom)	de	
lange	AA(degree=pos,position=prenom)	lang	
,	PC	,	
smalle	AA(degree=pos,position=prenom)	smal	
zaal	NOU-C(number=sg)	zaal	
geplaatst	VRB(finiteness=pastpart)	plaatsen	
,	PC	,	
bevatten	VRB(finiteness=fin,tense=pres)	bevatten	
een	PD(type=indef,subtype=art,position=prenom)	een	
hoogst	ADV(type=reg)	hoogst	
belangrijke	AA(degree=pos,position=prenom)	belangrijk	
verzameling	NOU-C(number=sg)	verzameling	
werken	NOU-C(number=pl)	werk	
,	PC	,	
die	PD(type=d-p,position=free)	die	
betrekking	NOU-C(number=sg)	betrekking	
hebben	VRB(finiteness=fin,tense=pres)	hebben	
op	ADP(type=pre)	op	
de	PD(type=d-p,subtype=art,position=prenom)	de	
kennis	NOU-C(number=sg)	kennis	
der	PD(type=d-p,subtype=art,position=prenom)	de	
natuur	NOU-C(number=sg)	natuur	
,	PC	,	
gelijk	CONJ(type=sub)	gelijk	
te	ADP(type=pre)	te	
verwachten	VRB(finiteness=inf)	verwachten	
is	VRB(finiteness=fin,tense=pres)	zijn	
in	ADP(type=pre)	in	
de	PD(type=d-p,subtype=art,position=prenom)	de	
boekerij	NOU-C(number=sg)	boekerij	
van	ADP(type=pre)	van	
een	PD(type=indef,subtype=art,position=prenom)	een	
genootschap	NOU-C(number=sg)	genootschap	
,	PC	,	
dat	PD(type=d-p,position=free)	dat	
zich	PD(type=refl,position=free)	zich	
de	PD(type=d-p,subtype=art,position=prenom)	de	
bevordering	NOU-C(number=sg)	bevordering	
en	CONJ(type=coor)	en	
toepassing	NOU-C(number=sg)	toepassing	
dier	PD(type=d-p,subtype=oth,position=prenom)	die	
kennis	NOU-C(number=sg)	kennis	
ten	ADP(type=pre)+PD(type=d-p,subtype=art,position=prenom)	te+het	
doel	NOU-C(number=sg)	doel	
heeft	VRB(finiteness=fin,tense=pres)	hebben	
gesteld	VRB(finiteness=pastpart)	stellen	
.	PC	.	

Wie	PD(type=w-p,position=free)	wie	
in	ADP(type=pre)	in	
den	PD(type=d-p,subtype=art,position=prenom)	de	
catalogus	NOU-C(number=sg)	catalogus	
den	PD(type=d-p,subtype=art,position=prenom)	de	
weg	NOU-C(number=sg)	weg	
weet	VRB(finiteness=fin,tense=pres)	weten	
te	ADP(type=pre)	te	
vinden	VRB(finiteness=inf)	vinden	
,	PC	,	
zal	VRB(finiteness=fin,tense=pres)	zullen	
er	ADV(type=reg)	er	
menig	PD(type=indef,subtype=oth,position=prenom)	menig	
boek	NOU-C(number=sg)	boek	
en	CONJ(type=coor)	en	
vooral	ADV(type=reg)	vooral	
menige	PD(type=indef,subtype=oth,position=prenom)	menig	
verhandeling	NOU-C(number=sg)	verhandeling	
aantreffen	VRB(finiteness=inf)	aantreffen	
,	PC	,	
van	ADP(type=pre)	van	
blijvende	AA(degree=pos,position=prenom)	blijvend	
waarde	NOU-C(number=sg)	waarde	
,	PC	,	
hetzij	CONJ(type=coor)	hetzij	
als	CONJ(type=sub)	als	
op	ADP(type=pre)	op	
de	PD(type=d-p,subtype=art,position=prenom)	de	
hoogte	NOU-C(number=sg)	hoogte	
der	PD(type=d-p,subtype=art,position=prenom)	de	
tegenwoordige	AA(degree=pos,position=prenom)	tegenwoordig	
wetenschap	NOU-C(number=sg)	wetenschap	
,	PC	,	
hetzij	CONJ(type=coor)	hetzij	
als	CONJ(type=sub)	als	
bijdrage	NOU-C(number=sg)	bijdrage	
tot	ADP(type=pre)	tot	
de	PD(type=d-p,subtype=art,position=prenom)	de	
geschiedenis	NOU-C(number=sg)	geschiedenis	
van	ADP(type=pre)	van	
een	NUM(type=card,position=prenom,representation=let)	een	
of	CONJ(type=coor)	of	
ander	PD(type=indef,subtype=oth,position=prenom)	ander	
onderdeel	NOU-C(number=sg)	onderdeel	
van	ADP(type=pre)	van	
het	PD(type=d-p,subtype=art,position=prenom)	het	
uitgestrekte	AA(degree=pos,position=prenom)	uitgestrekt	
gebied	NOU-C(number=sg)	gebied	
der	PD(type=d-p,subtype=art,position=prenom)	de	
natuurkunde	NOU-C(number=sg)	natuurkunde	
.	PC	.	

Met	ADP(type=pre)	met	
name	NOU-C(number=sg)	naam	
van	ADP(type=pre)	van	
werken	NOU-C(number=pl)	werk	
van	ADP(type=pre)	van	
Academiën	NOU-C(number=pl)	academie	
en	CONJ(type=coor)	en	
geleerde	AA(degree=pos,position=prenom)	geleerd	
Genootschappen	NOU-C(number=pl)	genootschap	
en	CONJ(type=coor)	en	
Maatschappijen	NOU-C(number=pl)	maatschappij	
en	CONJ(type=coor)	en	
van	ADP(type=pre)	van	
Tijdschriften	NOU-C(number=pl)	tijdschrift	
is	VRB(finiteness=fin,tense=pres)	zijn	
de	PD(type=d-p,subtype=art,position=prenom)	de	
bibliotheek	NOU-C(number=sg)	bibliotheek	
ruim	AA(degree=pos,position=free)	ruim	
voorzien	VRB(finiteness=pastpart)	voorzien	
.	PC	.	

Niet	ADV(type=reg)	niet	
minder	PD(type=indef,position=free)	minder	
dan	CONJ(type=sub)	dan	
negentien	NUM(type=card,position=prenom,representation=let)	negentien	
kasten	NOU-C(number=pl)	kast	
zijn	VRB(finiteness=fin,tense=pres)	zijn	
gevuld	VRB(finiteness=pastpart)	vullen	
met	ADP(type=pre)	met	
eerbiedwaardige	AA(degree=pos,position=prenom)	eerbiedwaardig	
boekenreeksen	NOU-C(number=pl)	boekenreeks	
,	PC	,	
vol	AA(degree=pos,position=free)	vol	
Verhandelingen	NOU-C(number=pl)	verhandeling	
en	CONJ(type=coor)	en	
Bijdragen	NOU-C(number=pl)	bijdrage	
uit	ADP(type=pre)	uit	
vroeger	AA(degree=comp,position=prenom)	vroeg	
en	CONJ(type=coor)	en	
later	AA(degree=comp,position=prenom)	laat	
tijd	NOU-C(number=sg)	tijd	
,	PC	,	
uit	ADP(type=pre)	uit	
de	PD(type=d-p,subtype=art,position=prenom)	de	
oude	AA(degree=pos,position=prenom)	oud	
en	CONJ(type=coor)	en	
de	PD(type=d-p,subtype=art,position=prenom)	de	
nieuwe	AA(degree=pos,position=prenom)	nieuw	
wereld	NOU-C(number=sg)	wereld	
,	PC	,	
en	CONJ(type=coor)	en	
bieden	VRB(finiteness=fin,tense=pres)	aanbieden	mw_90
den	PD(type=d-p,subtype=art,position=prenom)	de	
belangstellende	NOU-C(number=sg)	belangstellende	
een	PD(type=indef,subtype=art,position=prenom)	een	
'	PC	'	
schat	NOU-C(number=sg)	schat	
van	ADP(type=pre)	van	
wetenswaardigheden	NOU-C(number=pl)	wetenswaardigheid	
aan	VRB(finiteness=fin,tense=pres)	aanbieden	mw_90
,	PC	,	
terwijl	CONJ(type=sub)	terwijl	
bovendien	ADV(type=reg)	bovendien	
een	PD(type=indef,subtype=art,position=prenom)	een	
groot	AA(degree=pos,position=prenom)	groot	
aantal	NOU-C(number=sg)	aantal	
afzonderlijke	AA(degree=pos,position=prenom)	afzonderlijk	
werken	NOU-C(number=pl)	werk	
over	ADP(type=pre)	over	
wis-	NOU-C(number=sg,WF=trunc)+NOU-C(number=sg,WF=trunc)+NOU-C(number=sg,WF=trunc)+NOU-C(number=sg)	wiskunde+sterrenkunde+zeevaartkunde+aardrijkskunde	mw_844478
,	PC	,	
sterre-	NOU-C(number=sg,WF=trunc)+NOU-C(number=sg,WF=trunc)+NOU-C(number=sg,WF=trunc)+NOU-C(number=sg)	wiskunde+sterrenkunde+zeevaartkunde+aardrijkskunde	mw_844478
,	PC	,	
zeevaart-	NOU-C(number=sg,WF=trunc)+NOU-C(number=sg,WF=trunc)+NOU-C(number=sg,WF=trunc)+NOU-C(number=sg)	wiskunde+sterrenkunde+zeevaartkunde+aardrijkskunde	mw_844478
en	CONJ(type=coor)	en	
aardrijkskunde	NOU-C(number=sg,WF=trunc)+NOU-C(number=sg,WF=trunc)+NOU-C(number=sg,WF=trunc)+NOU-C(number=sg)	wiskunde+sterrenkunde+zeevaartkunde+aardrijkskunde	mw_844478
,	PC	,	
over	ADP(type=pre)	over	
natuurkunde	NOU-C(number=sg)	natuurkunde	
en	CONJ(type=coor)	en	
toegepaste	AA(degree=pos,position=prenom)	toegepast	
wetenschappen	NOU-C(number=pl)	wetenschap	
,	PC	,	
over	ADP(type=pre)	over	
algemeene	AA(degree=pos,position=prenom)	algemeen	
en	CONJ(type=coor)	en	
toegepaste	AA(degree=pos,position=prenom)	toegepast	
scheikunde	NOU-C(number=sg)	scheikunde	
en	CONJ(type=coor)	en	
over	ADP(type=pre)	over	
natuurlijke	AA(degree=pos,position=prenom)	natuurlijk	
historie	NOU-C(number=sg)	historie	
,	PC	,	
plant-	NOU-C(number=sg,WF=trunc)+NOU-C(number=sg,WF=trunc)+NOU-C(number=sg,WF=trunc)+NOU-C(number=sg)	plantkunde+dierkunde+aardkunde+delfstofkunde	mw_219230
,	PC	,	
dier-	NOU-C(number=sg,WF=trunc)+NOU-C(number=sg,WF=trunc)+NOU-C(number=sg,WF=trunc)+NOU-C(number=sg)	plantkunde+dierkunde+aardkunde+delfstofkunde	mw_219230
,	PC	,	
aard-	NOU-C(number=sg,WF=trunc)+NOU-C(number=sg,WF=trunc)+NOU-C(number=sg,WF=trunc)+NOU-C(number=sg)	plantkunde+dierkunde+aardkunde+delfstofkunde	mw_219230
,	PC	,	
delfstofkunde	NOU-C(number=sg,WF=trunc)+NOU-C(number=sg,WF=trunc)+NOU-C(number=sg,WF=trunc)+NOU-C(number=sg)	plantkunde+dierkunde+aardkunde+delfstofkunde	mw_219230
en	CONJ(type=coor)	en	
landbouw	NOU-C(number=sg)	landbouw	
den	PD(type=d-p,subtype=art,position=prenom)	de	
onderzoeklievende	NOU-C(number=sg)	onderzoeklievende	
ten	ADP(type=pre)+PD(type=d-p,subtype=art,position=prenom)	te+de	
dienste	NOU-C(number=sg)	dienst	
staan	VRB(finiteness=fin,tense=pres)	staan	
.	PC	.	

Eenige	PD(type=indef,subtype=oth,position=prenom)	enig	
mengelwerken	NOU-C(number=pl)	mengelwerk	
,	PC	,	
meest	ADV(type=reg)	meest	
reizen	NOU-C(number=pl)	reis	
,	PC	,	
en	CONJ(type=coor)	en	
ettelijke	PD(type=indef,subtype=oth,position=prenom)	ettelijk	
catalogussen	NOU-C(number=pl)	catalogus	
van	ADP(type=pre)	van	
belangrijke	AA(degree=pos,position=prenom)	belangrijk	
boekverzamelingen	NOU-C(number=pl)	boekverzameling	
besluiten	VRB(finiteness=fin,tense=pres)	besluiten	
de	PD(type=d-p,subtype=art,position=prenom)	de	
merkwaardige	AA(degree=pos,position=prenom)	merkwaardig	
collectie	NOU-C(number=sg)	collectie	
.	PC	.	

Voor	ADP(type=pre)	voor	
de	PD(type=d-p,subtype=art,position=prenom)	de	
geschiedenis	NOU-C(number=sg)	geschiedenis	
van	ADP(type=pre)	van	
het	PD(type=d-p,subtype=art,position=prenom)	het	
schoolwezen	NOU-C(number=sg)	schoolwezen	
van	ADP(type=pre)	van	
hoog	AA(degree=pos,position=prenom)	hoog	
belang	NOU-C(number=sg)	belang	
is	VRB(finiteness=fin,tense=pres)	zijn	
het	PD(type=d-p,subtype=art,position=prenom)	het	
volledig	AA(degree=pos,position=prenom)	volledig	
exemplaar	NOU-C(number=sg)	exemplaar	
van	ADP(type=pre)	van	
de	PD(type=d-p,subtype=art,position=prenom)	de	
Bijdragen	NOU-C(number=pl)	bijdrage	
voor	ADP(type=pre)	voor	
opvoeding	NOU-C(number=sg)	opvoeding	
en	CONJ(type=coor)	en	
onderwijs	NOU-C(number=sg)	onderwijs	
,	PC	,	
van	ADP(type=pre)	van	
1801	NUM(type=card,position=free,representation=dig)	1801	
tot	ADP(type=pre)	tot	
heden	ADV(type=reg)	heden	
toe	ADV(type=reg)	toe	
,	PC	,	
oorspronkelijk	AA(degree=pos,position=free)	oorspronkelijk	
verschenen	VRB(finiteness=pastpart)	verschijnen	
onder	ADP(type=pre)	onder	
den	PD(type=d-p,subtype=art,position=prenom)	de	
titel	NOU-C(number=sg)	titel	
:	PC	:	
Bijdragen	NOU-C(number=pl)	bijdrage	
betrekkelijk	ADP(type=pre)	betrekkelijk	
het	PD(type=d-p,subtype=art,position=prenom)	het	
schoolwezen	NOU-C(number=sg)	schoolwezen	
in	ADP(type=pre)	in	
het	PD(type=d-p,subtype=art,position=prenom)	het	
Bataafsch	AA(degree=pos,position=prenom)	Bataafs	
gemeenebest	NOU-C(number=sg)	gemenebest	
,	PC	,	
en	CONJ(type=coor)	en	
de	PD(type=d-p,subtype=art,position=prenom)	de	
wijsgeerige	AA(degree=pos,position=prenom)	wijsgerig	
en	CONJ(type=coor)	en	
zedekundige	AA(degree=pos,position=prenom)	zedekundig	
werken	NOU-C(number=pl)	werk	
van	ADP(type=pre)	van	
alle	PD(type=indef,subtype=oth,position=prenom)	al	
tijden	NOU-C(number=pl)	tijd	
en	CONJ(type=coor)	en	
rigtingen	NOU-C(number=pl)	richting	
geven	VRB(finiteness=fin,tense=pres)	geven	
overvloedige	AA(degree=pos,position=prenom)	overvloedig	
gelegenheid	NOU-C(number=sg)	gelegenheid	
,	PC	,	
de	PD(type=d-p,subtype=art,position=prenom)	de	
geschiedenis	NOU-C(number=sg)	geschiedenis	
van	ADP(type=pre)	van	
het	PD(type=d-p,subtype=art,position=prenom)	het	
menschelijk	AA(degree=pos,position=prenom)	menselijk	
denken	NOU-C(number=sg)	denken	
en	CONJ(type=coor)	en	
zoeken	NOU-C(number=sg)	zoeken	
te	ADP(type=pre)	te	
bestuderen	VRB(finiteness=inf)	bestuderen	
,	PC	,	
terwijl	CONJ(type=sub)	terwijl	
eenige	PD(type=indef,subtype=oth,position=prenom)	enig	
bijbels	NOU-C(number=pl)	bijbel	
in	ADP(type=pre)	in	
verschillende	AA(degree=pos,position=prenom)	verschillend	
talen	NOU-C(number=pl)	taal	
,	PC	,	
door	ADP(type=pre)	door	
het	PD(type=d-p,subtype=art,position=prenom)	het	
Bijbelgenootschap	NOU-P	Bijbelgenootschap	
aangeboden	VRB(finiteness=pastpart)	aanbieden	
,	PC	,	
zich	PD(type=refl,position=free)	zich	
daarbij	ADV(type=pron)	daarbij	
aansluiten	VRB(finiteness=fin,tense=pres)	aansluiten	
.	PC	.	

Uit	ADP(type=pre)	uit	
de	PD(type=d-p,subtype=art,position=prenom)	de	
collectie	NOU-C(number=sg)	collectie-Bogaers	mw_915681
Bogaers	NOU-C(number=sg)	collectie-Bogaers	mw_915681
zijn	VRB(finiteness=fin,tense=pres)	zijn	
hier	ADV(type=reg)	hier	
twee	NUM(type=card,position=prenom,representation=let)	twee	
zeer	AA(degree=pos,position=free)	zeer	
merkwaardige	AA(degree=pos,position=prenom)	merkwaardig	
bijbels	NOU-C(number=pl)	bijbel	
,	PC	,	
te	ADP(type=pre)	te	
Emden	NOU-P	Emden	
in	ADP(type=pre)	in	
1564	NUM(type=card,position=free,representation=dig)	1564	
gedrukt	VRB(finiteness=pastpart)	drukken	
,	PC	,	
waarvan	ADV(type=pron)	waarvan	
in	ADP(type=pre)	in	
het	PD(type=d-p,subtype=art,position=prenom)	het	
eene	NUM(type=card,position=prenom,representation=let)	een	
exemplaar	NOU-C(number=sg)	exemplaar	
veranderingen	NOU-C(number=pl)	verandering	
zijn	VRB(finiteness=fin,tense=pres)	zijn	
aangebragt	VRB(finiteness=pastpart)	aanbrengen	
door	ADP(type=pre)	door	
het	PD(type=d-p,subtype=art,position=prenom)	het	
opplakken	NOU-C(number=sg)	opplakken	
van	ADP(type=pre)	van	
geschreven	AA(degree=pos,position=prenom)	geschreven	
strookjes	NOU-C(number=pl)	strookje	
,	PC	,	
zoo	ADV(type=reg)	zo	
fijn	AA(degree=pos,position=free)	fijn	
en	CONJ(type=coor)	en	
zuiver	AA(degree=pos,position=free)	zuiver	
,	PC	,	
dat	CONJ(type=sub)	dat	
men	PD(type=pers,position=free)	men	
ze	PD(type=pers,position=free)	zij	
voor	ADP(type=pre)	voor	
drukwerk	NOU-C(number=sg)	drukwerk	
zou	VRB(finiteness=fin,tense=past)	zullen	
aanzien	VRB(finiteness=inf)	aanzien	
;	PC	;	
bovendien	ADV(type=reg)	bovendien	
is	VRB(finiteness=fin,tense=pres)	zijn	
er	ADV(type=reg)	er	
een	PD(type=indef,subtype=art,position=prenom)	een	
exemplaar	NOU-C(number=sg)	exemplaar	
van	ADP(type=pre)	van	
den	PD(type=d-p,subtype=art,position=prenom)	de	
eersten	NUM(type=ord,position=prenom,representation=let)	eerste	
Gereformeerden	AA(degree=pos,position=prenom)	gereformeerd	
bijbel	NOU-C(number=sg)	bijbel	
na	ADP(type=pre)	na	
de	PD(type=d-p,subtype=art,position=prenom)	de	
hervorming	NOU-C(number=sg)	hervorming	
in	ADP(type=pre)	in	
Nederland	NOU-P	Nederland	
gedrukt	VRB(finiteness=pastpart)	drukken	
,	PC	,	
te	ADP(type=pre)	te	
Dordrecht	NOU-P	Dordrecht	
bij	ADP(type=pre)	bij	
Jan	NOU-P	Jan	
Canin	NOU-P	Canin	
in	ADP(type=pre)	in	
1571	NUM(type=card,position=free,representation=dig)	1571	
ter	ADP(type=pre)+PD(type=d-p,subtype=art,position=prenom)	te+de	
perse	NOU-C(number=sg)	pers	
gelegd	VRB(finiteness=pastpart)	leggen	
en	CONJ(type=coor)	en	
in	ADP(type=pre)	in	
1572	NUM(type=card,position=free,representation=dig)	1572	
uitgegeven	VRB(finiteness=pastpart)	uitgeven	
,	PC	,	
als	CONJ(type=sub)	als	
de	PD(type=d-p,subtype=art,position=prenom)	de	
Bijbel	NOU-P	Bijbel	
van	ADP(type=pre)	van	
Deux-aas	NOU-P	Deux-aes	
bekend	AA(degree=pos,position=free)	bekend	
naar	ADP(type=pre)	naar	
de	PD(type=d-p,subtype=art,position=prenom)	de	
aanteekening	NOU-C(number=sg)	aantekening	
op	ADP(type=pre)	op	
Nehem	NOU-P(WF=abbr)	Nehemia	
.	PC	.	

III	NUM(type=card,position=postnom,representation=rom)	drie	
vs.	NOU-C(number=sg,WF=abbr)	vers	
5	NUM(type=card,position=postnom,representation=dig)	vijf	
.	PC	.	

Hier	ADV(type=reg)	hier	
vinden	VRB(finiteness=fin,tense=pres)	vinden	
ook	ADV(type=reg)	ook	
de	PD(type=d-p,subtype=art,position=prenom)	de	
werken	NOU-C(number=pl)	werk	
der	PD(type=d-p,subtype=art,position=prenom)	de	
hervormers	NOU-C(number=pl)	hervormer	
hunne	PD(type=poss,position=prenom)	hun	
plaats	NOU-C(number=sg)	plaats	
,	PC	,	
waaronder	ADV(type=pron)	waaronder	
de	PD(type=d-p,subtype=art,position=prenom)	de	
belangrijke	AA(degree=pos,position=prenom)	belangrijk	
verzameling	NOU-C(number=sg)	verzameling	
:	PC	:	
Leben	RES(type=for)	leben	
und	RES(type=for)	und	
ausgewählte	RES(type=for)	ausgewählte	
Schriften	RES(type=for)	schriften	
der	RES(type=for)	der	
Väter	RES(type=for)	väter	
und	RES(type=for)	und	
Begründer	RES(type=for)	begründer	
der	RES(type=for)	der	
reformirten	RES(type=for)	reformirten	
Kirche	RES(type=for)	kirche	
;	PC	;	
hier	ADV(type=reg)	hier	
David	NOU-P	David	
Joris'	NOU-P	Joris	
Wonderboek	NOU-C(number=sg)	wonderboek	
;	PC	;	
hier	ADV(type=reg)	hier	
ook	ADV(type=reg)	ook	
de	PD(type=d-p,subtype=art,position=prenom)	de	
Legenda	RES(type=for)	legenda	
Sanctorum	RES(type=for)	sanctorum	
van	ADP(type=pre)	van	
Jac.	NOU-P(WF=abbr)	Jacobus	
de	NOU-P	De Voragine	mw_83
Voragine	NOU-P	De Voragine	mw_83
(	PC	(	
Basel	NOU-P	Bazel	
1486	NUM(type=card,position=free,representation=dig)	1486	mw_275
)	PC	)	
,	PC	,	
de	PD(type=d-p,subtype=art,position=prenom)	de	
eenige	PD(type=indef,subtype=oth,position=prenom)	enig	
incunabel	NOU-C(number=sg)	incunabel	
,	PC	,	
in	ADP(type=pre)	in	
deze	PD(type=d-p,subtype=oth,position=prenom)	deze	
bibliotheek	NOU-C(number=sg)	bibliotheek	
aanwezig	AA(degree=pos,position=free)	aanwezig	
.	PC	.	

Trouwens	ADV(type=reg)	trouwens	
,	PC	,	
zoolang	CONJ(type=sub)	zolang	
het	PD(type=d-p,subtype=art,position=prenom)	het	
Leeskabinet	NOU-C(number=sg)	leeskabinet	
zich	PD(type=refl,position=free)	zich	
nog	ADV(type=reg)	nog	
tal	NOU-C(number=sg)	tal	
van	ADP(type=pre)	van	
voor	ADP(type=pre)	voor	
zijn	PD(type=poss,position=prenom)	zijn	
doel	NOU-C(number=sg)	doel	
meer	PD(type=indef,subtype=oth,position=prenom)	meer	
noodzakelijke	AA(degree=pos,position=prenom)	noodzakelijk	
boeken	NOU-C(number=pl)	boek	
heeft	VRB(finiteness=fin,tense=pres)	hebben	
aanteschaffen	VRB(finiteness=inf)+ADP(type=pre)	aanschaffen+te	
,	PC	,	
stellen	VRB(finiteness=fin,tense=pres)	tevredenstellen	mw_55
wij	PD(type=pers,position=free)	wij	
ons	PD(type=refl,position=free)	ons	
in	ADP(type=pre)	in	
dit	PD(type=d-p,subtype=oth,position=prenom)	dit	
opzigt	NOU-C(number=sg)	opzicht	
tevreden	VRB(finiteness=fin,tense=pres)	tevredenstellen	mw_55
met	ADP(type=pre)	met	
Holtrop's	NOU-P	Holtrop	
vermaard	AA(degree=pos,position=prenom)	vermaard	
werk	NOU-C(number=sg)	werk	
:	PC	:	
Monuments	RES(type=for)	monuments	
typographiques	RES(type=for)	typographiques	
des	RES(type=for)	des	
Pays-Bas	RES(type=for)	Pays-Bas	
au	RES(type=for)	au	
XVe	RES(type=for)	xve	
Siècle	RES(type=for)	siècle	
.	PC	.	

Met	ADP(type=pre)	met	
de	PD(type=d-p,subtype=art,position=prenom)	de	
vermelding	NOU-C(number=sg)	vermelding	
,	PC	,	
dat	CONJ(type=sub)	dat	
de	PD(type=d-p,subtype=art,position=prenom)	de	
kerken	NOU-C(number=pl)	kerk	
godsdienstgeschiedenis	NOU-C(number=sg)	godsdienstgeschiedenis	
in	ADP(type=pre)	in	
de	PD(type=d-p,subtype=art,position=prenom)	de	
bibliotheek	NOU-C(number=sg)	bibliotheek	
goed	AA(degree=pos,position=free)	goed	
vertegenwoordigd	VRB(finiteness=pastpart)	vertegenwoordigen	
is	VRB(finiteness=fin,tense=pres)	zijn	
,	PC	,	
besluiten	VRB(finiteness=fin,tense=pres)	besluiten	
wij	PD(type=pers,position=free)	wij	
deze	PD(type=d-p,subtype=oth,position=prenom)	deze	
afdeeling	NOU-C(number=sg)	afdeling	
,	PC	,	
om	ADP(type=pre)	om	
ons	PD(type=refl,position=free)	ons	
te	ADP(type=pre)	te	
wenden	VRB(finiteness=inf)	wenden	
tot	ADP(type=pre)	tot	
eene	PD(type=indef,subtype=art,position=prenom)	een	
rubriek	NOU-C(number=sg)	rubriek	
,	PC	,	
waaraan	ADV(type=pron)	waaraan	
,	PC	,	
overeenkomstig	ADP(type=pre)	overeenkomstig	
de	PD(type=d-p,subtype=art,position=prenom)	de	
eigenaardigheid	NOU-C(number=sg)	eigenaardigheid	
eener	PD(type=indef,subtype=art,position=prenom)	een	
inrigting	NOU-C(number=sg)	inrichting	
als	CONJ(type=sub)	als	
deze	PD(type=d-p,position=free)	deze	
,	PC	,	
bij	ADP(type=pre)	bij	
uitnemendheid	NOU-C(number=sg)	uitnemendheid	
zorg	NOU-C(number=sg)	zorg	
wordt	VRB(finiteness=fin,tense=pres)	worden	
besteed	VRB(finiteness=pastpart)	besteden	
.	PC	.	

't	PD(type=pers,position=free)	het	
Is	VRB(finiteness=fin,tense=pres)	zijn	
de	PD(type=d-p,subtype=art,position=prenom)	de	
rubriek	NOU-C(number=sg)	rubriek	
aardrijks-	NOU-C(number=sg,WF=trunc)+NOU-C(number=sg)	aardrijkskunde+volkenkunde	mw_379681
en	CONJ(type=coor)	en	
volkenkunde	NOU-C(number=sg,WF=trunc)+NOU-C(number=sg)	aardrijkskunde+volkenkunde	mw_379681
en	CONJ(type=coor)	en	
reisbeschrijvingen	NOU-C(number=pl)	reisbeschrijving	
,	PC	,	
merkwaardig	AA(degree=pos,position=free)	merkwaardig	
om	ADP(type=pre)	om	
tal	NOU-C(number=sg)	tal	
van	ADP(type=pre)	van	
kostbare	AA(degree=pos,position=prenom)	kostbaar	
en	CONJ(type=coor)	en	
belangrijke	AA(degree=pos,position=prenom)	belangrijk	
boeken	NOU-C(number=pl)	boek	
over	ADP(type=pre)	over	
alle	PD(type=indef,subtype=oth,position=prenom)	al	
deelen	NOU-C(number=pl)	deel	
der	PD(type=d-p,subtype=art,position=prenom)	de	
aarde	NOU-C(number=sg)	aarde	
,	PC	,	
prachtwerken	NOU-C(number=pl)	prachtwerk	
ten	ADP(type=pre)+PD(type=d-p,subtype=art,position=prenom)	te+het	
deele	NOU-C(number=sg)	deel	
ook	ADV(type=reg)	ook	
door	ADP(type=pre)	door	
de	PD(type=d-p,subtype=art,position=prenom)	de	
fraaije	AA(degree=pos,position=prenom)	fraai	
platen	NOU-C(number=pl)	plaat	
,	PC	,	
die	PD(type=d-p,position=free)	die	
er	ADV(type=pron)	erin	mw_196
in	ADP(type=pre)	in	
overvloed	NOU-C(number=sg)	overvloed	
in	ADV(type=pron)	erin	mw_196
voorkomen	VRB(finiteness=fin,tense=pres)	voorkomen	
,	PC	,	
die	PD(type=d-p,position=free)	die	
ons	PD(type=pers,position=free)	wij	
verlegen	AA(degree=pos,position=free)	verlegen	
maken	VRB(finiteness=fin,tense=pres)	maken	
om	ADP(type=pre)	om	
er	ADV(type=pron)	eruit	mw_198
een	PD(type=indef,subtype=art,position=prenom)	een	
keus	NOU-C(number=sg)	keus	
uit	ADV(type=pron)	eruit	mw_198
te	ADP(type=pre)	te	
doen	VRB(finiteness=inf)	doen	
.	PC	.	

Laat	VRB(finiteness=fin,tense=pres)	laten	
ons	PD(type=pers,position=free)	wij	
alleen	AA(degree=pos,position=free)	alleen	
het	PD(type=d-p,subtype=art,position=prenom)	het	
prachtige	AA(degree=pos,position=prenom)	prachtig	
Espagne	RES(type=for)	Espagne	
artistique	RES(type=for)	artistique	
et	RES(type=for)	et	
monumentale	RES(type=for)	monumentale	
opslaan	VRB(finiteness=inf)	opslaan	
,	PC	,	
met	ADP(type=pre)	met	
zijn	PD(type=poss,position=prenom)	zijn	
144	NUM(type=card,position=prenom,representation=dig)	144	
voortreffelijke	AA(degree=pos,position=prenom)	voortreffelijk	
lithografiën	NOU-C(number=pl)	lithografie	
,	PC	,	
of	CONJ(type=coor)	of	
de	NOU-P	De la Borde	mw_161
la	NOU-P	De la Borde	mw_161
Borde's	NOU-P	De la Borde	mw_161
groote	AA(degree=pos,position=prenom)	groot	
folianten	NOU-C(number=pl)	foliant	
,	PC	,	
met	ADP(type=pre)	met	
300	NUM(type=card,position=prenom,representation=dig)	driehonderd	
uitmuntende	AA(degree=pos,position=prenom)	uitmuntend	
platen	NOU-C(number=pl)	plaat	
versierd	VRB(finiteness=pastpart)	versieren	
,	PC	,	
die	PD(type=d-p,position=free)	die	
ons	PD(type=pers,position=free)	wij	
evenzeer	ADV(type=reg)	evenzeer	
in	ADP(type=pre)	in	
Spanje	NOU-P	Spanje	
rondleiden	VRB(finiteness=fin,tense=pres)	rondleiden	
,	PC	,	
of	CONJ(type=coor)	of	
deze	PD(type=d-p,subtype=oth,position=prenom)	deze	
Voyage	RES(type=for)	voyage	
pittoresque	RES(type=for)	pittoresque	
en	CONJ(type=coor)	en	
Naples	RES(type=for)	Napels	
et	RES(type=for)	et	
Sicile	RES(type=for)	Sicilië	
,	PC	,	
met	ADP(type=pre)	met	
de	PD(type=d-p,subtype=art,position=prenom)	de	
afbeeldingen	NOU-C(number=pl)	afbeelding	
der	PD(type=d-p,subtype=art,position=prenom)	de	
opgegraven	AA(degree=pos,position=prenom)	opgraven	
kunstschatten	NOU-C(number=pl)	kunstschat	
van	ADP(type=pre)	van	
Herculanum	NOU-P	Herculaneum	
en	CONJ(type=coor)	en	
Pompeji	NOU-P	Pompeï	
,	PC	,	
die	PD(type=d-p,position=free)	die	
wij	PD(type=pers,position=free)	wij	
ook	ADV(type=reg)	ook	
in	ADP(type=pre)	in	
Overbeck's	NOU-P	Overbeck	
en	CONJ(type=coor)	en	
Breton's	NOU-P	Breton	
werken	NOU-C(number=pl)	werk	
kunnen	VRB(finiteness=fin,tense=pres)	kunnen	
zien	VRB(finiteness=inf)	zien	
weêrgegeven	VRB(finiteness=pastpart)	wedergeven	
,	PC	,	
of	CONJ(type=coor)	of	
Aimé	NOU-P	Aimé	
Humbert's	NOU-P	Humbert	
Japon	RES(type=for)	Japan	
illustré	RES(type=for)	illustré	
,	PC	,	
met	ADP(type=pre)	met	
meesterlijke	AA(degree=pos,position=prenom)	meesterlijk	
houtgravures	NOU-C(number=pl)	houtgravure	
,	PC	,	
en	CONJ(type=coor)	en	
die	PD(type=d-p,subtype=oth,position=prenom)	die	
uitstekende	AA(degree=pos,position=prenom)	uitstekend	
uitgaven	NOU-C(number=pl)	uitgave	
,	PC	,	
waarmede	ADV(type=pron)	waarmede	
de	PD(type=d-p,subtype=art,position=prenom)	de	
Engelsche	AA(degree=pos,position=prenom)	Engels	
pers	NOU-C(number=sg)	pers	
voortdurend	AA(degree=pos,position=free)	voortdurend	
de	PD(type=d-p,subtype=art,position=prenom)	de	
wetenschap	NOU-C(number=sg)	wetenschap	
verrijkt	VRB(finiteness=fin,tense=pres)	verrijken	
.	PC	.	

Ook	ADV(type=reg)	ook	
kunnen	VRB(finiteness=fin,tense=pres)	kunnen	
wij	PD(type=pers,position=free)	wij	
er	ADV(type=reg)	er	
de	PD(type=d-p,subtype=art,position=prenom)	de	
voornaamste	AA(degree=sup,position=prenom)	voornaam	
aardrijkskundige	AA(degree=pos,position=prenom)	aardrijkskundig	
tijdschriften	NOU-C(number=pl)	tijdschrift	
raadplegen	VRB(finiteness=inf)	raadplegen	
,	PC	,	
en	CONJ(type=coor)	en	
de	PD(type=d-p,subtype=art,position=prenom)	de	
uitmuntende	AA(degree=pos,position=prenom)	uitmuntend	
topografische	AA(degree=pos,position=prenom)	topografisch	
kaart	NOU-C(number=sg)	kaart	
van	ADP(type=pre)	van	
Nederland	NOU-P	Nederland	
,	PC	,	
of	CONJ(type=coor)	of	
de	PD(type=d-p,subtype=art,position=prenom)	de	
niet	ADV(type=reg)	niet	
minder	ADV(type=reg)	minder	
verdienstelijke	AA(degree=pos,position=prenom)	verdienstelijk	
waterstaatskaart	NOU-C(number=sg)	waterstaatskaart	
,	PC	,	
geschenken	NOU-C(number=pl)	geschenk	
der	PD(type=d-p,subtype=art,position=prenom)	de	
Ministers	NOU-C(number=pl)	minister	
van	ADP(type=pre)	van	
Oorlog	NOU-C(number=sg)	oorlog	
en	CONJ(type=coor)	en	
Binnenl	AA(degree=pos,position=prenom,WF=trunc)	binnenlands	
.	PC	.	

Zaken	NOU-C(number=pl)	zaak	
.	PC	.	

De	PD(type=d-p,subtype=art,position=prenom)	de	
beoefenaars	NOU-C(number=pl)	beoefenaar	
der	PD(type=d-p,subtype=art,position=prenom)	de	
Staats-	NOU-C(number=pl,WF=trunc)+NOU-C(number=pl)	staatswetenschap+rechtswetenschap	mw_950277
en	CONJ(type=coor)	en	
Regtswetenschappen	NOU-C(number=pl,WF=trunc)+NOU-C(number=pl)	staatswetenschap+rechtswetenschap	mw_950277
vinden	VRB(finiteness=fin,tense=pres)	vinden	
een	PD(type=indef,subtype=art,position=prenom)	een	
groot	AA(degree=pos,position=prenom)	groot	
aantal	NOU-C(number=sg)	aantal	
hooggeschatte	AA(degree=pos,position=prenom)	hooggeschat	
verzamelwerken	NOU-C(number=pl)	verzamelwerk	
en	CONJ(type=coor)	en	
tijdschriften	NOU-C(number=pl)	tijdschrift	
tot	ADP(type=pre)	tot	
hun	PD(type=poss,position=prenom)	hun	
beschikking	NOU-C(number=sg)	beschikking	
,	PC	,	
in	ADP(type=pre)	in	
de	PD(type=d-p,subtype=art,position=prenom)	de	
eerste	NUM(type=ord,position=prenom,representation=let)	eerste	
plaats	NOU-C(number=sg)	plaats	
von	NOU-P	Von Rotteck	mw_74
Rotteck	NOU-P	Von Rotteck	mw_74
en	CONJ(type=coor)	en	
Welcker	NOU-P	Welcker	
,	PC	,	
Staatslexicon	RES(type=for)	staatslexicon	
,	PC	,	
Encyclopädie	RES(type=for)	encyclopädie	
der	RES(type=for)	der	
Staats-wissenschaften	RES(type=for)	staats-wissenschaften	
,	PC	,	
en	CONJ(type=coor)	en	
het	PD(type=d-p,subtype=art,position=prenom)	het	
rijke	AA(degree=pos,position=prenom)	rijk	
Recueil	RES(type=for)	recueil	
de	RES(type=for)	de	
traités	RES(type=for)	traités	
et	RES(type=for)	et	
de	RES(type=for)	de	
conventions	RES(type=for)	conventions	
van	ADP(type=pre)	van	
Mertens	NOU-P	Mertens	
e.a.	CONJ(type=coor,WF=abbr)+PD(type=indef,position=free)	en+ander	
,	PC	,	
voorts	ADV(type=reg)	voorts	
het	PD(type=d-p,subtype=art,position=prenom)	het	
Weekblad	NOU-C(number=sg)	weekblad	
van	ADP(type=pre)	van	
het	PD(type=d-p,subtype=art,position=prenom)	het	
regt	NOU-C(number=sg)	recht	
,	PC	,	
Themis	NOU-P	Themis	
,	PC	,	
de	PD(type=d-p,subtype=art,position=prenom)	de	
Nederl	AA(degree=pos,position=prenom,WF=abbr)	Nederlands	
.	PC	.	

Regtspraak	NOU-C(number=sg)	rechtspraak	
en	CONJ(type=coor)	en	
dergelijke	PD(type=d-p,subtype=oth,position=prenom)	dergelijk	
binnen-	AA(degree=pos,position=prenom,WF=trunc)+AA(degree=pos,position=prenom)	binnenlands+buitenlands	mw_111018
en	CONJ(type=coor)	en	
buitenlandsche	AA(degree=pos,position=prenom,WF=trunc)+AA(degree=pos,position=prenom)	binnenlands+buitenlands	mw_111018
verzamelingen	NOU-C(number=pl)	verzameling	
,	PC	,	
ook	ADV(type=reg)	ook	
voor	ADP(type=pre)	voor	
staathuishoudkunde	NOU-C(number=sg)	staathuishoudkunde	
,	PC	,	
handels-	NOU-C(number=sg,WF=trunc)+NOU-C(number=sg)	handelsrecht+zeerecht	mw_62301
en	CONJ(type=coor)	en	
zeeregt	NOU-C(number=sg,WF=trunc)+NOU-C(number=sg)	handelsrecht+zeerecht	mw_62301
,	PC	,	
assurantiewezen	NOU-C(number=sg)	assurantiewezen	
,	PC	,	
bank-	NOU-C(number=sg,WF=trunc)+NOU-C(number=sg,WF=trunc)+NOU-C(number=sg)	bankwezen+kredietwezen+financiewezen	mw_709784
,	PC	,	
crediet-	NOU-C(number=sg,WF=trunc)+NOU-C(number=sg,WF=trunc)+NOU-C(number=sg)	bankwezen+kredietwezen+financiewezen	mw_709784
en	CONJ(type=coor)	en	
finantiewezen	NOU-C(number=sg,WF=trunc)+NOU-C(number=sg,WF=trunc)+NOU-C(number=sg)	bankwezen+kredietwezen+financiewezen	mw_709784
,	PC	,	
gelijk	CONJ(type=sub)	gelijk	
ze	PD(type=pers,position=free)	zij	
in	ADP(type=pre)	in	
een	PD(type=indef,subtype=art,position=prenom)	een	
koopstad	NOU-C(number=sg)	koopstad	
billijk	AA(degree=pos,position=free)	billijk	
verlangd	VRB(finiteness=pastpart)	verlangen	
mogen	VRB(finiteness=fin,tense=pres)	mogen	
worden	VRB(finiteness=inf)	worden	
.	PC	.	

Dat	CONJ(type=sub)	dat	
de	PD(type=d-p,subtype=art,position=prenom)	de	
geschiedenis	NOU-C(number=sg)	geschiedenis	
van	ADP(type=pre)	van	
handel	NOU-C(number=sg)	handel	
en	CONJ(type=coor)	en	
scheepvaart	NOU-C(number=sg)	scheepvaart	
niet	ADV(type=reg)	niet	
vergeten	VRB(finiteness=pastpart)	vergeten	
is	VRB(finiteness=fin,tense=pres)	zijn	
,	PC	,	
spreekt	VRB(finiteness=fin,tense=pres)	spreken	
wel	ADV(type=reg)	wel	
van	ADV(type=reg)	vanzelf	mw_1
zelf	ADV(type=reg)	vanzelf	mw_1
.	PC	.	

Van	ADP(type=pre)	van	
groot	AA(degree=pos,position=prenom)	groot	
belang	NOU-C(number=sg)	belang	
om	ADP(type=pre)	om	
hun	PD(type=poss,position=prenom)	hun	
'	PC	'	
rijken	AA(degree=pos,position=prenom)	rijk	
inhoud	NOU-C(number=sg)	inhoud	
zijn	VRB(finiteness=fin,tense=pres)	zijn	
Macpherson's	NOU-P	Macpherson	
Annals	RES(type=for)	annals	
of	RES(type=for)	of	
commerce	RES(type=for)	commerce	
,	PC	,	
manufactures	RES(type=for)	manufactures	
,	PC	,	
fisheries	RES(type=for)	fisheries	
and	RES(type=for)	and	
navigation	RES(type=for)	navigation	
,	PC	,	
van	ADP(type=circ)	vanaf	mw_124
de	PD(type=d-p,subtype=art,position=prenom)	de	
vroegste	AA(degree=sup,position=prenom)	vroeg	
tijden	NOU-C(number=pl)	tijd	
af	ADP(type=circ)	vanaf	mw_124
tot	ADP(type=pre)	tot	
op	ADP(type=pre)	op	
het	PD(type=d-p,subtype=art,position=prenom)	het	
eind	NOU-C(number=sg)	eind	
der	PD(type=d-p,subtype=art,position=prenom)	de	
vorige	AA(degree=pos,position=prenom)	vorig	
eeuw	NOU-C(number=sg)	eeuw	
,	PC	,	
nevens	ADP(type=pre)	nevens	
Mac	NOU-P	McCulloch	mw_99
Culloch	NOU-P	McCulloch	mw_99
,	PC	,	
Commercial	RES(type=for)	commercial	
dictionary	RES(type=for)	dictionary	
en	CONJ(type=coor)	en	
Guillaumin	NOU-P	Guillaumin	
,	PC	,	
Dictionnaire	RES(type=for)	dictionnaire	
universel	RES(type=for)	universel	
du	RES(type=for)	du	
commerce	RES(type=for)	commerce	
.	PC	.	

Een	PD(type=indef,subtype=art,position=prenom)	een	
kostbaar	AA(degree=pos,position=prenom)	kostbaar	
werk	NOU-C(number=sg)	werk	
,	PC	,	
wel	ADV(type=reg)	wel	
waard	AA(degree=pos,position=free)	waard	
meer	ADV(type=reg)	meer	
gekend	VRB(finiteness=pastpart)	kennen	
en	CONJ(type=coor)	en	
geraadpleegd	VRB(finiteness=pastpart)	raadplegen	
te	ADP(type=pre)	te	
worden	VRB(finiteness=inf)	worden	
dan	CONJ(type=sub)	dan	
nu	ADV(type=reg)	nu	
het	PD(type=d-p,subtype=art,position=prenom)	het	
geval	NOU-C(number=sg)	geval	
is	VRB(finiteness=fin,tense=pres)	zijn	
,	PC	,	
is	VRB(finiteness=fin,tense=pres)	zijn	
Lindsay	NOU-P	Lindsay	
,	PC	,	
Hist	RES(type=for,WF=abbr)	history	
.	PC	.	

of	CONJ(type=coor)	of	
merchant	RES(type=for)	merchant	
shipping	RES(type=for)	shipping	
and	RES(type=for)	and	
ancient	RES(type=for)	ancient	
commerce	RES(type=for)	commerce	
,	PC	,	
from	RES(type=for)	from	
the	RES(type=for)	the	
earliest	RES(type=for)	earliest	
times	RES(type=for)	times	
;	PC	;	
maar	CONJ(type=coor)	maar	
deze	PD(type=d-p,subtype=oth,position=prenom)	deze	
en	CONJ(type=coor)	en	
andere	PD(type=indef,subtype=oth,position=prenom)	ander	
goede	AA(degree=pos,position=prenom)	goed	
werken	NOU-C(number=pl)	werk	
over	ADP(type=pre)	over	
handelsgeschiedenis	NOU-C(number=sg)	handelsgeschiedenis	
,	PC	,	
in	ADP(type=pre)	in	
deze	PD(type=d-p,subtype=oth,position=prenom)	deze	
afdeeling	NOU-C(number=sg)	afdeling	
voorhanden	AA(degree=pos,position=free)	voorhanden	
,	PC	,	
worden	VRB(finiteness=fin,tense=pres)	worden	
minder	ADV(type=reg)	minder	
gevraagd	VRB(finiteness=pastpart)	vragen	
,	PC	,	
dan	CONJ(type=sub)	dan	
wel	ADV(type=reg)	wel	
in	ADP(type=pre)	in	
een	PD(type=indef,subtype=art,position=prenom)	een	
koopstad	NOU-C(number=sg)	koopstad	
als	CONJ(type=sub)	als	
Rotterdam	NOU-P	Rotterdam	
kon	VRB(finiteness=fin,tense=past)	kunnen	
worden	VRB(finiteness=inf)	worden	
verwacht	VRB(finiteness=pastpart)	verwachten	
.	PC	.	

Een	PD(type=indef,subtype=art,position=prenom)	een	
compleet	AA(degree=pos,position=prenom)	compleet	
exemplaar	NOU-C(number=sg)	exemplaar	
van	ADP(type=pre)	van	
het	PD(type=d-p,subtype=art,position=prenom)	het	
Nautical	RES(type=for)	nautical	
Magazine	RES(type=for)	magazine	
,	PC	,	
de	PD(type=d-p,subtype=art,position=prenom)	de	
Verhandelingen	NOU-C(number=pl)	verhandeling	
en	CONJ(type=coor)	en	
berigten	NOU-C(number=pl)	bericht	
van	ADP(type=pre)	van	
Jacob	NOU-P	Jakob	
Swart	NOU-P	Swart	
,	PC	,	
de	PD(type=d-p,subtype=art,position=prenom)	de	
Mededeelingen	NOU-C(number=pl)	mededeling	
betreffende	ADP(type=pre)	betreffende	
het	PD(type=d-p,subtype=art,position=prenom)	het	
zeewezen	NOU-C(number=sg)	zeewezen	
,	PC	,	
uitgegeven	VRB(finiteness=pastpart)	uitgeven	
door	ADP(type=pre)	door	
het	PD(type=d-p,subtype=art,position=prenom)	het	
Ministerie	NOU-C(number=sg)	ministerie	
van	ADP(type=pre)	van	
Marine	NOU-C(number=sg)	marine	
en	CONJ(type=coor)	en	
een	PD(type=indef,subtype=art,position=prenom)	een	
geschenk	NOU-C(number=sg)	geschenk	
des	PD(type=d-p,subtype=art,position=prenom)	de	
Ministers	NOU-C(number=pl)	minister	
,	PC	,	
e.a.	CONJ(type=coor,WF=abbr)+PD(type=indef,position=free)	en+ander	
leveren	VRB(finiteness=fin,tense=pres)	leveren	
tal	NOU-C(number=sg)	tal	
van	ADP(type=pre)	van	
wetenswaardige	AA(degree=pos,position=prenom)	wetenswaardig	
bijzonderheden	NOU-C(number=pl)	bijzonderheid	
omtrent	ADP(type=pre)	omtrent	
een	PD(type=indef,subtype=art,position=prenom)	een	
ook	ADV(type=reg)	ook	
voor	ADP(type=pre)	voor	
Rotterdam	NOU-P	Rotterdam	
hoogst	ADV(type=reg)	hoogst	
belangrijk	AA(degree=pos,position=prenom)	belangrijk	
bedrijf	NOU-C(number=sg)	bedrijf	
.	PC	.	

Van	ADP(type=pre)	van	
de	PD(type=d-p,subtype=art,position=prenom)	de	
bezigheden	NOU-C(number=pl)	bezigheid	
der	PD(type=d-p,subtype=art,position=prenom)	de	
vrouw	NOU-C(number=sg)	vrouw	
binnenshuis	ADV(type=reg)	binnenshuis	
verhaalt	VRB(finiteness=fin,tense=pres)	verhalen	
het	PD(type=d-p,subtype=art,position=prenom)	het	
spingereedschap	NOU-C(number=sg)	spingereedschap	
met	ADP(type=pre)	met	
toebehooren	NOU-C(number=sg)	toebehoren	
,	PC	,	
het	PD(type=d-p,subtype=art,position=prenom)	het	
weefgetouw	NOU-C(number=sg)	weefgetouw	
om	ADP(type=pre)	om	
sarong's	NOU-C(number=pl)	sarong	
te	ADP(type=pre)	te	
weven	VRB(finiteness=inf)	weven	
,	PC	,	
het	PD(type=d-p,subtype=art,position=prenom)	het	
model	NOU-C(number=sg)	model	
van	ADP(type=pre)	van	
den	PD(type=d-p,subtype=art,position=prenom)	de	
toestel	NOU-C(number=sg)	toestel	
,	PC	,	
bij	ADP(type=pre)	bij	
het	PD(type=d-p,subtype=art,position=prenom)	het	
batikken	NOU-C(number=sg)	batikken	
in	ADP(type=pre)	in	
gebruik	NOU-C(number=sg)	gebruik	
.	PC	.	

Grondstoffen	NOU-C(number=pl)	grondstof	
,	PC	,	
als	CONJ(type=sub)	als	
boomwol	NOU-C(number=sg)	boomwol	
en	CONJ(type=coor)	en	
vezels	NOU-C(number=pl)	vezel	
van	ADP(type=pre)	van	
onderscheidene	AA(degree=pos,position=prenom)	onderscheiden	
planten	NOU-C(number=pl,WF=mis)+CONJ(type=coor,WF=mis)+NOU-C(number=pl)	plantensoort+en+boomsoort	
boomsoorten	NOU-C(number=pl)	boomsoort	
,	PC	,	
en	CONJ(type=coor)	en	
toestellen	NOU-C(number=pl)	toestel	
om	ADP(type=pre)	om	
de	PD(type=d-p,subtype=art,position=prenom)	de	
ruwe	AA(degree=pos,position=prenom)	ruw	
grondstof	NOU-C(number=sg)	grondstof	
voor	ADP(type=pre)	voor	
spinnewiel	NOU-C(number=sg)	spinnewiel	
en	CONJ(type=coor)	en	
weefstoel	NOU-C(number=sg)	weefstoel	
gereed	VRB(finiteness=inf)	gereedmaken	mw_207
te	ADP(type=pre)	te	
maken	VRB(finiteness=inf)	gereedmaken	mw_207
,	PC	,	
treffen	VRB(finiteness=fin,tense=pres)	aantreffen	mw_104
wij	PD(type=pers,position=free)	wij	
er	ADV(type=pron)	ernevens	mw_277
nevens	ADV(type=pron)	ernevens	mw_277
aan	VRB(finiteness=fin,tense=pres)	aantreffen	mw_104
.	PC	.	

Het	PD(type=d-p,subtype=art,position=prenom)	het	
akker-	NOU-C(number=sg,WF=trunc)+NOU-C(number=sg)	akkergereedschap+tuingereedschap	mw_271073
en	CONJ(type=coor)	en	
tuingereedschap	NOU-C(number=sg,WF=trunc)+NOU-C(number=sg)	akkergereedschap+tuingereedschap	mw_271073
herinnert	VRB(finiteness=fin,tense=pres)	herinneren	
ons	PD(type=pers,position=free)	wij	
aan	ADP(type=pre)	aan	
de	PD(type=d-p,subtype=art,position=prenom)	de	
werkzaamheden	NOU-C(number=pl)	werkzaamheid	
van	ADP(type=pre)	van	
den	PD(type=d-p,subtype=art,position=prenom)	de	
man	NOU-C(number=sg)	man	
,	PC	,	
maar	CONJ(type=coor)	maar	
van	ADP(type=pre)	van	
den	PD(type=d-p,subtype=art,position=prenom)	de	
arbeid	NOU-C(number=sg)	arbeid	
op	ADP(type=pre)	op	
het	PD(type=d-p,subtype=art,position=prenom)	het	
veld	NOU-C(number=sg)	veld	
,	PC	,	
in	ADP(type=pre)	in	
de	PD(type=d-p,subtype=art,position=prenom)	de	
tuinen	NOU-C(number=pl)	tuin	
,	PC	,	
in	ADP(type=pre)	in	
de	PD(type=d-p,subtype=art,position=prenom)	de	
bosschen	NOU-C(number=pl)	bos	
,	PC	,	
is	VRB(finiteness=fin,tense=pres)	zijn	
de	PD(type=d-p,subtype=art,position=prenom)	de	
inlandsche	AA(degree=pos,position=prenom)	inlands	
vrouw	NOU-C(number=sg)	vrouw	
in	ADP(type=pre)	in	
geenen	PD(type=indef,subtype=oth,position=prenom)	geen	
deele	NOU-C(number=sg)	deel	
vrij	AA(degree=pos,position=free)	vrij	
.	PC	.	

Hier	ADV(type=reg)	hier	
zijn	VRB(finiteness=fin,tense=pres)	zijn	
zware	AA(degree=pos,position=prenom)	zwaar	
kapmessen	NOU-C(number=pl)	kapmes	
en	CONJ(type=coor)	en	
bijlen	NOU-C(number=pl)	bijl	
,	PC	,	
noodig	AA(degree=pos,position=free)	nodig	
bij	ADP(type=pre)	bij	
ontginning	NOU-C(number=sg)	ontginning	
van	ADP(type=pre)	van	
den	PD(type=d-p,subtype=art,position=prenom)	de	
grond	NOU-C(number=sg)	grond	
,	PC	,	
-	PC	-	
ploegen	NOU-C(number=pl)	ploeg	
en	CONJ(type=coor)	en	
spaden	NOU-C(number=pl)	spade	
,	PC	,	
om	ADP(type=pre)	om	
den	PD(type=d-p,subtype=art,position=prenom)	de	
akker	NOU-C(number=sg)	akker	
te	ADP(type=pre)	te	
bewerken	VRB(finiteness=inf)	bewerken	
,	PC	,	
-	PC	-	
mesjes	NOU-C(number=pl)	mesje	
,	PC	,	
om	ADP(type=pre)	om	
de	PD(type=d-p,subtype=art,position=prenom)	de	
rijsthalmen	NOU-C(number=pl)	rijsthalm	
te	ADP(type=pre)	te	
snijden	VRB(finiteness=inf)	snijden	
,	PC	,	
-	PC	-	
gereedschappen	NOU-C(number=pl)	gereedschap	
,	PC	,	
bij	ADP(type=pre)	bij	
het	PD(type=d-p,subtype=art,position=prenom)	het	
sagokloppen	NOU-C(number=sg)+NOU-C(number=sg)	sago+kloppen	
in	ADP(type=pre)	in	
gebruik	NOU-C(number=sg)	gebruik	
of	CONJ(type=coor)	of	
tot	ADP(type=pre)	tot	
het	PD(type=d-p,subtype=art,position=prenom)	het	
winnen	NOU-C(number=sg)	winnen	
van	ADP(type=pre)	van	
sagoweer	NOU-C(number=sg)	sagoweer	
bestemd	AA(degree=pos,position=free)	bestemd	
,	PC	,	
waarbij	ADV(type=pron)	waarbij	
eenige	PD(type=indef,subtype=oth,position=prenom)	enig	
monsters	NOU-C(number=pl)	monster	
koolwater	NOU-C(number=sg)	koolwater	
,	PC	,	
azijn	NOU-C(number=sg)	azijn	
en	CONJ(type=coor)	en	
suiker	NOU-C(number=sg)	suiker	
,	PC	,	
uit	ADP(type=pre)	uit	
sagoweer	NOU-C(number=sg)	sagoweer	
bereid	VRB(finiteness=pastpart)	bereiden	
.	PC	.	

Ook	ADV(type=reg)	ook	
ontmoeten	VRB(finiteness=fin,tense=pres)	ontmoeten	
wij	PD(type=pers,position=free)	wij	
hier	ADV(type=reg)	hier	
de	PD(type=d-p,subtype=art,position=prenom)	de	
benoodigdheden	NOU-C(number=pl)	benodigdheid	
tot	ADP(type=pre)	tot	
het	PD(type=d-p,subtype=art,position=prenom)	het	
plukken	NOU-C(number=sg)	plukken	
van	ADP(type=pre)	van	
kruidnagelen	NOU-C(number=pl)	kruidnagel	
,	PC	,	
en	CONJ(type=coor)	en	
daarnevens	ADV(type=pron)	daarnevens	
enkelen	PD(type=indef,position=free)	enkel	
van	ADP(type=pre)	van	
die	PD(type=d-p,subtype=oth,position=prenom)	die	
welbekende	AA(degree=pos,position=prenom)	welbekend	
vazen	NOU-C(number=pl)	vaas	
,	PC	,	
mandjes	NOU-C(number=pl)	mandje	
,	PC	,	
schepen	NOU-C(number=pl)	schip	
van	ADP(type=pre)	van	
kruidnagelen	NOU-C(number=pl)	kruidnagel	
vervaardigd	VRB(finiteness=pastpart)	vervaardigen	
.	PC	.	

Dit	PD(type=d-p,subtype=oth,position=prenom)	dit	
model	NOU-C(number=sg)	model	
van	ADP(type=pre)	van	
het	PD(type=d-p,subtype=art,position=prenom)	het	
gedenkteeken	NOU-C(number=sg)	gedenkteken	
van	ADP(type=pre)	van	
den	PD(type=d-p,subtype=art,position=prenom)	de	
zendeling	NOU-C(number=sg)	zendeling	
G.F.A.	NOU-P(WF=abbr)+NOU-P(WF=abbr)+NOU-P(WF=abbr)	G.+F.+A.	
Gericke	NOU-P	Gericke	
behoort	VRB(finiteness=fin,tense=pres)	behoren	
evenwel	ADV(type=reg)	evenwel	
zeker	AA(degree=pos,position=free)	zeker	
niet	ADV(type=reg)	niet	
tot	ADP(type=pre)	tot	
de	PD(type=d-p,subtype=art,position=prenom)	de	
alledaagsche	AA(degree=pos,position=prenom)	alledaags	
voortbrengselen	NOU-C(number=pl)	voortbrengsel	
dezer	PD(type=d-p,subtype=oth,position=prenom)	deze	
industrie	NOU-C(number=sg)	industrie	
uit	ADP(type=pre)	uit	
de	PD(type=d-p,subtype=art,position=prenom)	de	
Molukken	NOU-P	Molukken	
.	PC	.	

Van	ADP(type=pre)	van	
deze	PD(type=d-p,subtype=oth,position=prenom)	deze	
collectie	NOU-C(number=sg)	collectie	
,	PC	,	
in	ADP(type=pre)	in	
verscheidene	AA(degree=pos,position=prenom)	verscheiden	
kamers	NOU-C(number=pl)	kamer	
en	CONJ(type=coor)	en	
zalen	NOU-C(number=pl)	zaal	
tentoongesteld	VRB(finiteness=pastpart)	tentoonstellen	
,	PC	,	
bestaat	VRB(finiteness=fin,tense=pres)	bestaan	
een	PD(type=indef,subtype=art,position=prenom)	een	
catalogus	NOU-C(number=sg)	catalogus	
in	ADP(type=pre)	in	
druk	NOU-C(number=sg)	druk	
,	PC	,	
door	ADP(type=pre)	door	
den	PD(type=d-p,subtype=art,position=prenom)	de	
eigenaar	NOU-C(number=sg)	eigenaar	
der	PD(type=d-p,subtype=art,position=prenom)	de	
verzameling	NOU-C(number=sg)	verzameling	
bewerkt	VRB(finiteness=pastpart)	bewerken	
,	PC	,	
waarin	ADV(type=pron)	waarin	
ieder	PD(type=indef,subtype=oth,position=prenom)	ieder	
stuk	NOU-C(number=sg)	stuk	
nader	AA(degree=comp,position=free)	na	
omschreven	VRB(finiteness=pastpart)	omschrijven	
en	CONJ(type=coor)	en	
gewaardeerd	VRB(finiteness=pastpart)	waarderen	
wordt	VRB(finiteness=fin,tense=pres)	worden	
,	PC	,	
terwijl	CONJ(type=sub)	terwijl	
in	ADP(type=pre)	in	
de	PD(type=d-p,subtype=art,position=prenom)	de	
voorrede	NOU-C(number=sg)	voorrede	
rekenschap	NOU-C(number=sg)	rekenschap	
wordt	VRB(finiteness=fin,tense=pres)	worden	
gegeven	VRB(finiteness=pastpart)	geven	
van	ADP(type=pre)	van	
de	PD(type=d-p,subtype=art,position=prenom)	de	
bedoeling	NOU-C(number=sg)	bedoeling	
,	PC	,	
waarmede	ADV(type=pron)	waarmede	
de	PD(type=d-p,subtype=art,position=prenom)	de	
stukken	NOU-C(number=pl)	stuk	
gekozen	VRB(finiteness=pastpart)	kiezen	
en	CONJ(type=coor)	en	
bijeengebragt	VRB(finiteness=pastpart)	bijeenbrengen	
zijn	VRB(finiteness=fin,tense=pres)	zijn	
;	PC	;	
een	PD(type=indef,subtype=art,position=prenom)	een	
voorbeeld	NOU-C(number=sg)	voorbeeld	
,	PC	,	
dat	PD(type=d-p,position=free)	dat	
wel	ADV(type=reg)	wel	
navolging	NOU-C(number=sg)	navolging	
zou	VRB(finiteness=fin,tense=past)	zullen	
verdienen	VRB(finiteness=inf)	verdienen	
.	PC	.	

Wij	PD(type=pers,position=free)	wij	
vinden	VRB(finiteness=fin,tense=pres)	vinden	
hier	ADV(type=reg)	hier	
vooral	ADV(type=reg)	vooral	
werken	NOU-C(number=pl)	werk	
van	ADP(type=pre)	van	
Hollandsche	AA(degree=pos,position=prenom)	Hollands	
en	CONJ(type=coor)	en	
Belgische	AA(degree=pos,position=prenom)	Belgisch	
meesters	NOU-C(number=pl)	meester	
,	PC	,	
enkelen	PD(type=indef,position=free)	enkel	
van	ADP(type=pre)	van	
Fransche	AA(degree=pos,position=prenom)	Frans	
,	PC	,	
Duitsche	AA(degree=pos,position=prenom)	Duits	
en	CONJ(type=coor)	en	
Italiaansche	AA(degree=pos,position=prenom)	Italiaans	
kunstenaars	NOU-C(number=pl)	kunstenaar	
,	PC	,	
en	CONJ(type=coor)	en	
wij	PD(type=pers,position=free)	wij	
kunnen	VRB(finiteness=fin,tense=pres)	kunnen	
ligtelijk	AA(degree=pos,position=free)	lichtelijk	
opmerken	VRB(finiteness=inf)	opmerken	
,	PC	,	
dat	CONJ(type=sub)	dat	
vooral	ADV(type=reg)	vooral	
figuur-en	NOU-C(number=pl,WF=trunc)+CONJ(type=coor)+NOU-C(number=pl)	figuurstuk+en+genrestuk	mw_996948
genrestukken	NOU-C(number=pl,WF=trunc)+CONJ(type=coor)+NOU-C(number=pl)	figuurstuk+en+genrestuk	mw_996948
vertegenwoordigd	VRB(finiteness=pastpart)	vertegenwoordigen	
zijn	VRB(finiteness=fin,tense=pres)	zijn	
.	PC	.	

Drie	NUM(type=card,position=prenom,representation=let)	drie	
keurige	AA(degree=pos,position=prenom)	keurig	
meesterstukjes	NOU-C(number=pl)	meesterstukje	
van	ADP(type=pre)	van	
David	NOU-P	David	
Bles	NOU-P	Bles	
,	PC	,	
een	PD(type=indef,subtype=art,position=prenom)	een	
geestige	AA(degree=pos,position=prenom)	geestig	
morgenlectuur	NOU-C(number=sg)	morgenlectuur	
van	ADP(type=pre)	van	
Bakker	NOU-P	Bakker Korff	mw_271765
Korff	NOU-P	Bakker Korff	mw_271765
,	PC	,	
een	PD(type=indef,subtype=art,position=prenom)	een	
verdienstelijke	AA(degree=pos,position=prenom)	verdienstelijk	
waarzegster	NOU-C(number=sg)	waarzegster	
van	ADP(type=pre)	van	
diens	PD(type=d-p,position=free)	die	
leerling	NOU-C(number=sg)	leerling	
J.J.	NOU-P(WF=abbr)+NOU-P(WF=abbr)	J.+J.	
Zuidema	NOU-P	Zuidema Broos	mw_28
Broos	NOU-P	Zuidema Broos	mw_28
,	PC	,	
een	PD(type=indef,subtype=art,position=prenom)	een	
fraaije	AA(degree=pos,position=prenom)	fraai	
ongelukkige	AA(degree=pos,position=prenom)	ongelukkig	
familie	NOU-C(number=sg)	familie	
van	ADP(type=pre)	van	
H.J.	NOU-P(WF=abbr)+NOU-P(WF=abbr)	H.+J.	
Burgers	NOU-P	Burgers	
,	PC	,	
twee	NUM(type=card,position=prenom,representation=let)	twee	
schoone	AA(degree=pos,position=prenom)	schoon	
Stroebels	NOU-C(number=pl)	Stroebel	
,	PC	,	
een	PD(type=indef,subtype=art,position=prenom)	een	
salon	NOU-C(number=sg)	salon	
van	ADP(type=pre)	van	
H.F.C.	NOU-P(WF=abbr)+NOU-P(WF=abbr)+NOU-P(WF=abbr)	H.+F.+C.	
ten	NOU-P	Ten Kate	mw_29
Kate	NOU-P	Ten Kate	mw_29
,	PC	,	
een	PD(type=indef,subtype=art,position=prenom)	een	
binnenhuis	NOU-C(number=sg)	binnenhuis	
van	ADP(type=pre)	van	
Valkenburg	NOU-P	Valkenburg	
,	PC	,	
kaarslichten	NOU-C(number=pl)	kaarslicht	
van	ADP(type=pre)	van	
Rosierse	NOU-P	Rosierse	
,	PC	,	
Versteeg	NOU-P	Versteeg	
,	PC	,	
Tiddens	NOU-P	Tiddens	
en	CONJ(type=coor)	en	
anderen	PD(type=indef,position=free)	ander	
,	PC	,	
houden	VRB(finiteness=fin,tense=pres)	ophouden	mw_265
de	PD(type=d-p,subtype=art,position=prenom)	de	
eer	NOU-C(number=sg)	eer	
der	PD(type=d-p,subtype=art,position=prenom)	de	
Hollandshe	AA(degree=pos,position=prenom,WF=mis)	Hollands	
school	NOU-C(number=sg)	school	
op	VRB(finiteness=fin,tense=pres)	ophouden	mw_265
tegenover	ADP(type=pre)	tegenover	
de	PD(type=d-p,subtype=art,position=prenom)	de	
Zuidelijke	AA(degree=pos,position=prenom)	zuidelijk	
naburen	NOU-C(number=pl)	nabuur	
,	PC	,	
die	PD(type=d-p,position=free)	die	
er	ADV(type=reg)	er	
door	ADP(type=pre)	door	
goede	AA(degree=pos,position=prenom)	goed	
werken	NOU-C(number=pl)	werk	
in	ADP(type=pre)	in	
dit	PD(type=d-p,subtype=oth,position=prenom)	dit	
genre	NOU-C(number=sg)	genre	
van	ADP(type=pre)	van	
de	NOU-P	De Block	mw_298
Block	NOU-P	De Block	mw_298
,	PC	,	
de	NOU-P	De Braekeleer	mw_164
Braekeleer	NOU-P	De Braekeleer	mw_164
,	PC	,	
Brias	NOU-P	Brias	
,	PC	,	
de	NOU-P	De Bruycker	mw_168
Bruycker	NOU-P	De Bruycker	mw_168
,	PC	,	
Dillens	NOU-P	Dillens	
,	PC	,	
Hamman	NOU-P	Hamman	
,	PC	,	
de	NOU-P	De Keyser	mw_212
Keyser	NOU-P	De Keyser	mw_212
,	PC	,	
Luck	NOU-P	Luck	
,	PC	,	
Noël	NOU-P	Noël	
,	PC	,	
Regenmortel	NOU-P	Regenmortel	
waardig	AA(degree=pos,position=free)	waardig	
vertegenwoordigd	VRB(finiteness=pastpart)	vertegenwoordigen	
zijn	VRB(finiteness=fin,tense=pres)	zijn	
,	PC	,	
terwijl	CONJ(type=sub)	terwijl	
kunstenaars	NOU-C(number=pl)	kunstenaar	
,	PC	,	
op	ADP(type=pre)	op	
wie	PD(type=w-p,position=free)	wie	
Holland	NOU-P	Holland	
roem	NOU-C(number=sg)	roem	
draagt	VRB(finiteness=fin,tense=pres)	dragen	
als	CONJ(type=sub)	als	
het	PD(type=d-p,subtype=art,position=prenom)	het	
land	NOU-C(number=sg)	land	
hunner	PD(type=poss,position=prenom)	hun	
geboorte	NOU-C(number=sg)	geboorte	
en	CONJ(type=coor)	en	
België	NOU-P	België	
als	CONJ(type=sub)	als	
hun	PD(type=poss,position=prenom)	hun	
woonplaats	NOU-C(number=sg)	woonplaats	
,	PC	,	
als	CONJ(type=sub)	als	
Heyermans	NOU-P	Heijermans	
,	PC	,	
met	ADP(type=pre)	met	
zijn	PD(type=poss,position=prenom)	zijn	
onweder	NOU-C(number=sg)	onweder	
en	CONJ(type=coor)	en	
zijn	PD(type=poss,position=prenom)	zijn	
mauvais	NOU-C(number=sg)	mauvais sujet	mw_231454
sujet	NOU-C(number=sg)	mauvais sujet	mw_231454
,	PC	,	
Hub.	NOU-P(WF=abbr)	Hub.	
van	NOU-P	Van Hove	mw_47
Hove	NOU-P	Van Hove	mw_47
,	PC	,	
met	ADP(type=pre)	met	
een	PD(type=indef,subtype=art,position=prenom)	een	
fraaije	AA(degree=pos,position=prenom)	fraai	
vischmarkt	NOU-C(number=sg)	vismarkt	
,	PC	,	
van	NOU-P	Van Schendel	mw_242
Schendel	NOU-P	Van Schendel	mw_242
,	PC	,	
met	ADP(type=pre)	met	
niet	ADV(type=reg)	niet	
minder	PD(type=indef,position=free)	minder	
dan	CONJ(type=sub)	dan	
zeven	NUM(type=card,position=prenom,representation=let)	zeven	
kaars-	NOU-C(number=pl,WF=trunc)+NOU-C(number=pl)	kaarslicht+maanlicht	mw_867670
en	CONJ(type=coor)	en	
maanlichten	NOU-C(number=pl,WF=trunc)+NOU-C(number=pl)	kaarslicht+maanlicht	mw_867670
,	PC	,	
als	CONJ(type=sub)	als	
den	PD(type=d-p,subtype=art,position=prenom)	de	
band	NOU-C(number=sg)	band	
uitmaken	VRB(finiteness=fin,tense=pres)	uitmaken	
tusschen	ADP(type=pre)	tussen	
beide	PD(type=indef,subtype=oth,position=prenom)	beide	
landen	NOU-C(number=pl)	land	
,	PC	,	
wier	PD(type=w-p,position=free)	wie	
artisten	NOU-C(number=pl)	artiest	
zoo	ADV(type=reg)	zo	
vaak	ADV(type=reg)	vaak	
ook	ADV(type=reg)	ook	
elkanders	PD(type=recip,position=free)	elkander	
landschap	NOU-C(number=sg)	landschap	
en	CONJ(type=coor)	en	
volksleven	NOU-C(number=sg)	volksleven	
tot	ADP(type=pre)	tot	
hun	PD(type=poss,position=prenom)	hun	
onderwerp	NOU-C(number=sg)	onderwerp	
kozen	VRB(finiteness=fin,tense=past)	kiezen	
.	PC	.	

De	PD(type=d-p,subtype=art,position=prenom)	de	
voortreffelijke	AA(degree=pos,position=prenom)	voortreffelijk	
Philippus	NOU-P	Philippus	
Melanchton	NOU-P	Melanchton	
van	ADP(type=pre)	van	
van	NOU-P	Van Trigt	mw_48
Trigt	NOU-P	Van Trigt	mw_48
bekleedt	VRB(finiteness=fin,tense=pres)	bekleden	
in	ADP(type=pre)	in	
de	PD(type=d-p,subtype=art,position=prenom)	de	
verzameling	NOU-C(number=sg)	verzameling	
een	PD(type=indef,subtype=art,position=prenom)	een	
zeer	AA(degree=pos,position=free)	zeer	
hooge	AA(degree=pos,position=prenom)	hoog	
plaats	NOU-C(number=sg)	plaats	
,	PC	,	
en	CONJ(type=coor)	en	
indrukwekkend	AA(degree=pos,position=free)	indrukwekkend	
is	VRB(finiteness=fin,tense=pres)	zijn	
de	PD(type=d-p,subtype=art,position=prenom)	de	
Venetiaansche	AA(degree=pos,position=prenom)	Venetiaans	
vrouw	NOU-C(number=sg)	vrouw	
op	ADP(type=pre)	op	
de	PD(type=d-p,subtype=art,position=prenom)	de	
kapitale	AA(degree=pos,position=prenom)	kapitaal	
schilderij	NOU-C(number=sg)	schilderij	
van	ADP(type=pre)	van	
den	PD(type=d-p,subtype=art,position=prenom)	de	
Italiaan	NOU-C(number=sg)	Italiaan	
Locatelli	NOU-P	Locatelli	
:	PC	:	
una	RES(type=for)	una	
denunziazione	RES(type=for)	denunziazione	
secreta	RES(type=for)	secreta	
.	PC	.	

Fraaije	AA(degree=pos,position=prenom)	fraai	
kabinetstukjes	NOU-C(number=pl)	kabinetstukje	
van	ADP(type=pre)	van	
Ducros	NOU-P	Ducros	
en	CONJ(type=coor)	en	
Fichel	NOU-P	Fichel	
leveren	VRB(finiteness=fin,tense=pres)	leveren	
proeven	NOU-C(number=pl)	proef	
van	ADP(type=pre)	van	
de	PD(type=d-p,subtype=art,position=prenom)	de	
Fransche	AA(degree=pos,position=prenom)	Frans	
school	NOU-C(number=sg)	school	
.	PC	.	

Als	CONJ(type=sub)	als	
bereisde	AA(degree=pos,position=prenom)	bereisd	
lieden	NOU-C(number=pl)	lieden	
zullen	VRB(finiteness=fin,tense=pres)	zullen	
wij	PD(type=pers,position=free)	wij	
het	PD(type=d-p,subtype=art,position=prenom)	het	
voorregt	NOU-C(number=sg)	voorrecht	
hebben	VRB(finiteness=inf)	hebben	
iets	PD(type=indef,position=free)	iets	
te	ADP(type=pre)	te	
weten	VRB(finiteness=inf)	weten	
,	PC	,	
wat	PD(type=w-p,position=free)	wat	
aan	ADP(type=pre)	aan	
menig	PD(type=indef,subtype=oth,position=prenom)	menig	
geografische	AA(degree=pos,position=prenom)	geografisch	
specialiteit	NOU-C(number=sg)	specialiteit	
zijn	PD(type=poss,position=prenom)	zijn	
gansene	AA(degree=pos,position=prenom,WF=mis)	gans	
leven	NOU-C(number=sg)	leven	
verborgen	AA(degree=pos,position=free)	verborgen	
kan	VRB(finiteness=fin,tense=pres)	kunnen	
blijven	VRB(finiteness=inf)	blijven	
,	PC	,	
en	CONJ(type=coor)	en	
zegevierend	VRB(finiteness=prespart)	zegevieren	
kunnen	VRB(finiteness=fin,tense=pres)	kunnen	
wij	PD(type=pers,position=free)	wij	
antwoorden	VRB(finiteness=inf)	antwoorden	
op	ADP(type=pre)	op	
de	PD(type=d-p,subtype=art,position=prenom)	de	
vraag	NOU-C(number=sg)	vraag	
,	PC	,	
waarvoor	ADV(type=pron)	waarvoor	
tal	NOU-C(number=sg)	tal	
van	ADP(type=pre)	van	
leden	NOU-C(number=pl)	lid	
van	ADP(type=pre)	van	
binnen-	AA(degree=pos,position=prenom,WF=trunc)+AA(degree=pos,position=prenom)	binnenlands+buitenlands	mw_744061
en	CONJ(type=coor)	en	
buitenlandsche	AA(degree=pos,position=prenom,WF=trunc)+AA(degree=pos,position=prenom)	binnenlands+buitenlands	mw_744061
geleerde	AA(degree=pos,position=prenom)	geleerd	
genootschappen	NOU-C(number=pl)	genootschap	
verlegen	AA(degree=pos,position=free)	verlegen	
staan	VRB(finiteness=fin,tense=pres)	staan	
,	PC	,	
-	PC	-	
de	PD(type=d-p,subtype=art,position=prenom)	de	
vraag	NOU-C(number=sg)	vraag	
trouwens	ADV(type=reg)	trouwens	
,	PC	,	
die	PD(type=d-p,position=free)	die	
ook	ADV(type=reg)	ook	
ons	PD(type=pers,position=free)	wij	
bij	ADP(type=pre)	bij	
het	PD(type=d-p,subtype=art,position=prenom)	het	
lezen	NOU-C(number=sg)	lezen	
van	ADP(type=pre)	van	
de	PD(type=d-p,subtype=art,position=prenom)	de	
namen	NOU-C(number=pl)	naam	
op	ADP(type=pre)	op	
het	PD(type=d-p,subtype=art,position=prenom)	het	
bord	NOU-C(number=sg)	bord	
op	ADP(type=pre)	op	
de	PD(type=d-p,subtype=art,position=prenom)	de	
lippen	NOU-C(number=pl)	lip	
was	VRB(finiteness=fin,tense=past)	zijn	
:	PC	:	
‘	PC	‘	
wat	PD(type=w-p,position=free)	wat	
is	VRB(finiteness=fin,tense=pres)	zijn	
den	PD(type=d-p,subtype=art,position=prenom)	het	
Biersum	NOU-P	Biersum	
?	PC	?	

’	PC	’	
't	PD(type=pers,position=free)	het	
Schijnt	VRB(finiteness=fin,tense=pres)	schijnen	
vooreerst	ADV(type=reg)	vooreerst	
een	PD(type=indef,subtype=art,position=prenom)	een	
plaats	NOU-C(number=sg)	plaats	
te	ADP(type=pre)	te	
zijn	VRB(finiteness=inf)	zijn	
,	PC	,	
die	PD(type=d-p,position=free)	die	
met	ADP(type=pre)	met	
alle	PD(type=indef,subtype=oth,position=prenom)	al	
taalkundige	AA(degree=pos,position=prenom)	taalkundig	
regelen	NOU-C(number=pl)	regel	
spot	VRB(finiteness=fin,tense=pres)	spotten	
;	PC	;	
het	PD(type=pers,position=free)	het	
blijkt	VRB(finiteness=fin,tense=pres)	blijken	
de	PD(type=d-p,subtype=art,position=prenom)	de	
aanlegplaats	NOU-C(number=sg)	aanlegplaats	
te	ADP(type=pre)	te	
zijn	VRB(finiteness=inf)	zijn	
voor	ADP(type=pre)	voor	
het	PD(type=d-p,subtype=art,position=prenom)	het	
dorpje	NOU-C(number=sg)	dorpje	
Simonshaven	NOU-P	Simonshaven	
,	PC	,	
dat	PD(type=d-p,position=free)	dat	
daar	ADV(type=reg)	daarginds	mw_136
ginds	ADV(type=reg)	daarginds	mw_136
met	ADP(type=pre)	met	
zijn	PD(type=poss,position=prenom)	zijn	
lantaarntorentje	NOU-C(number=sg)	lantaarntorentje	
in	ADP(type=pre)	in	
het	PD(type=d-p,subtype=art,position=prenom)	het	
veld	NOU-C(number=sg)	veld	
ligt	VRB(finiteness=fin,tense=pres)	liggen	
,	PC	,	
en	CONJ(type=coor)	en	
voor	ADP(type=pre)	voor	
het	PD(type=d-p,subtype=art,position=prenom)	het	
kerkelijk	AA(degree=pos,position=free)	kerkelijk	
daartoe	ADV(type=pron)	daartoe	
behoorende	AA(degree=pos,position=prenom)	behorend	
gehucht	NOU-C(number=sg)	gehucht	
Biert	NOU-P	Biert	
,	PC	,	
met	ADP(type=pre)	met	
zijn	PD(type=poss,position=prenom)	zijn	
stompe	AA(degree=pos,position=prenom)	stomp	
torenspits	NOU-C(number=sg)	torenspits	
in	ADP(type=pre)	in	
de	PD(type=d-p,subtype=art,position=prenom)	de	
verte	NOU-C(number=sg)	verte	
.	PC	.	

Naar	CONJ(type=sub)	naar	
men	PD(type=pers,position=free)	men	
zegt	VRB(finiteness=fin,tense=pres)	zeggen	
,	PC	,	
is	VRB(finiteness=fin,tense=pres)	zijn	
Biert	NOU-P	Biert	
een	PD(type=indef,subtype=art,position=prenom)	een	
verkorting	NOU-C(number=sg)	verkorting	
van	ADP(type=pre)	van	
Biervliet	NOU-P	Biervliet	
,	PC	,	
niet	ADV(type=reg)	niet	
te	ADP(type=pre)	te	
verwarren	VRB(finiteness=inf)	verwarren	
met	ADP(type=pre)	met	
het	PD(type=d-p,subtype=art,position=prenom)	het	
vermaarde	AA(degree=pos,position=prenom)	vermaard	
Biervliet	NOU-P	Biervliet	
van	ADP(type=pre)	van	
Willem	NOU-P	Willem	
Beukelsz	NOU-P(WF=abbr)	Beukelszoon	
,	PC	,	
maar	CONJ(type=coor)	maar	
ook	ADV(type=reg)	ook	
dit	PD(type=d-p,subtype=oth,position=prenom)	dit	
Puttensch	AA(degree=pos,position=prenom)	Puttens	
Biervliet	NOU-P	Biervliet	
moet	VRB(finiteness=fin,tense=pres)	moeten	
in	ADV(type=reg)	indertijd	mw_899606
der	ADV(type=reg)	indertijd	mw_899606
tijd	ADV(type=reg)	indertijd	mw_899606
een	PD(type=indef,subtype=art,position=prenom)	een	
belangrijke	AA(degree=pos,position=prenom)	belangrijk	
plaats	NOU-C(number=sg)	plaats	
zijn	VRB(finiteness=inf)	zijn	
geweest	VRB(finiteness=pastpart)	zijn	
,	PC	,	
die	PD(type=d-p,position=free)	die	
twee	NUM(type=card,position=prenom,representation=let)	twee	
kerken	NOU-C(number=pl)	kerk	
bezat	VRB(finiteness=fin,tense=past)	bezitten	
.	PC	.	

En	CONJ(type=coor)	en	
wie	PD(type=w-p,position=free)	wie	
kent	VRB(finiteness=fin,tense=pres)	kennen	
Simonshaven	NOU-P	Simonshaven	
niet	ADV(type=reg)	niet	
uit	ADP(type=pre)	uit	
van	NOU-P	Van Lennep	mw_259
Lennep's	NOU-P	Van Lennep	mw_259
vermakelijk	AA(degree=pos,position=prenom)	vermakelijk	
verhaal	NOU-C(number=sg)	verhaal	
van	ADP(type=pre)	van	
Kees	NOU-P	Kees	
Dirksz	NOU-P(WF=abbr)	Dirkszoon	
?	PC	?	

Niet	ADV(type=reg)	niet	
ver	AA(degree=pos,position=free)	ver	
van	ADP(type=pre)	van	
Simonshaven	NOU-P	Simonshaven	
onderscheiden	VRB(finiteness=fin,tense=pres)	onderscheiden	
wij	PD(type=pers,position=free)	wij	
de	PD(type=d-p,subtype=art,position=prenom)	de	
hooge	AA(degree=pos,position=prenom)	hoog	
spits	NOU-C(number=sg)	spits	
op	ADP(type=pre)	op	
den	PD(type=d-p,subtype=art,position=prenom)	de	
scheeven	AA(degree=pos,position=prenom)	scheef	
toren	NOU-C(number=sg)	toren	
van	ADP(type=pre)	van	
het	PD(type=d-p,subtype=art,position=prenom)	het	
overoude	AA(degree=pos,position=prenom)	overoud	
Zuidland	NOU-P	Zuidland	
,	PC	,	
thans	ADV(type=reg)	thans	
nog	ADV(type=reg)	nog	
een	PD(type=indef,subtype=art,position=prenom)	een	
aanzienlijk	AA(degree=pos,position=prenom)	aanzienlijk	
dorp	NOU-C(number=sg)	dorp	
,	PC	,	
en	CONJ(type=coor)	en	
gingen	VRB(finiteness=fin,tense=past)	gaan	
wij	PD(type=pers,position=free)	wij	
aan	ADP(type=pre)	aan	
wal	NOU-C(number=sg)	wal	
,	PC	,	
dan	ADV(type=reg)	dan	
zouden	VRB(finiteness=fin,tense=past)	zullen	
wij	PD(type=pers,position=free)	wij	
tusschen	ADP(type=pre)	tussen	
beide	PD(type=indef,subtype=oth,position=prenom)	beide	
plaatsen	NOU-C(number=pl)	plaats	
een	PD(type=indef,subtype=art,position=prenom)	een	
smallen	AA(degree=pos,position=prenom)	smal	
waterloop	NOU-C(number=sg)	waterloop	
aantreffen	VRB(finiteness=inf)	aantreffen	
.	PC	.	

Dat	PD(type=d-p,position=free)	dat	
is	VRB(finiteness=fin,tense=pres)	zijn	
het	PD(type=d-p,subtype=art,position=prenom)	het	
overschot	NOU-C(number=sg)	overschot	
van	ADP(type=pre)	van	
de	PD(type=d-p,subtype=art,position=prenom)	de	
Bornisse	NOU-P	Bornisse	
,	PC	,	
den	PD(type=d-p,subtype=art,position=prenom)	de	
stroom	NOU-C(number=sg)	stroom	
,	PC	,	
die	PD(type=d-p,position=free)	die	
voor	ADP(type=pre)	voor	
eeuwen	NOU-C(number=pl)	eeuw	
het	PD(type=d-p,subtype=art,position=prenom)	het	
Haringvliet	NOU-P	Haringvliet	
met	ADP(type=pre)	met	
de	PD(type=d-p,subtype=art,position=prenom)	de	
Maas	NOU-P	Maas	
verbond	VRB(finiteness=fin,tense=past)	verbinden	
,	PC	,	
die	PD(type=d-p,position=free)	die	
de	PD(type=d-p,subtype=art,position=prenom)	de	
landen	NOU-C(number=pl)	land	
van	ADP(type=pre)	van	
Voorne	NOU-P	Voorne	
en	CONJ(type=coor)	en	
Putten	NOU-P	Putten	
scheidde	VRB(finiteness=fin,tense=past)	scheiden	
en	CONJ(type=coor)	en	
bij	ADP(type=pre)	bij	
Geervliet	NOU-P	Geervliet	
uitmondde	VRB(finiteness=fin,tense=past)	uitmonden	
.	PC	.	

Niet	ADV(type=reg)	niet	
ver	AA(degree=pos,position=free)	ver	
van	ADP(type=pre)	van	
de	PD(type=d-p,subtype=art,position=prenom)	de	
plaats	NOU-C(number=sg)	plaats	
,	PC	,	
waar	ADV(type=reg)	waar	
wij	PD(type=pers,position=free)	wij	
thans	ADV(type=reg)	thans	
liggen	VRB(finiteness=fin,tense=pres)	liggen	
,	PC	,	
doorsneed	VRB(finiteness=fin,tense=past)	doorsnijden	
de	PD(type=d-p,subtype=art,position=prenom)	de	
Bornisse	NOU-P	Bornisse	
den	PD(type=d-p,subtype=art,position=prenom)	de	
grond	NOU-C(number=sg)	grond	
,	PC	,	
waar	ADV(type=reg)	waar	
later	AA(degree=comp,position=free)	laat	
het	PD(type=d-p,subtype=art,position=prenom)	het	
Spui	NOU-P	Spui	
werd	VRB(finiteness=fin,tense=past)	worden	
doorgegraven	VRB(finiteness=pastpart)	doorgraven	
,	PC	,	
maar	CONJ(type=coor)	maar	
aan	ADP(type=pre)	aan	
de	PD(type=d-p,subtype=art,position=prenom)	de	
overzijde	NOU-C(number=sg)	overzijde	
is	VRB(finiteness=fin,tense=pres)	zijn	
ieder	PD(type=indef,subtype=oth,position=prenom)	ieder	
spoor	NOU-C(number=sg)	spoor	
van	ADP(type=pre)	van	
de	PD(type=d-p,subtype=art,position=prenom)	de	
voormalige	AA(degree=pos,position=prenom)	voormalig	
rivier	NOU-C(number=sg)	rivier	
verdwenen	VRB(finiteness=pastpart)	verdwijnen	
.	PC	.	

En	CONJ(type=coor)	en	
terwijl	CONJ(type=sub)	terwijl	
wij	PD(type=pers,position=free)	wij	
derwaarts	ADV(type=reg)	derwaarts	
zien	VRB(finiteness=fin,tense=pres)	zien	
,	PC	,	
bemerken	VRB(finiteness=fin,tense=pres)	bemerken	
wij	PD(type=pers,position=free)	wij	
in	ADP(type=pre)	in	
den	PD(type=d-p,subtype=art,position=prenom)	de	
Hoekschen	AA(degree=pos,position=prenom)	Hoeks	
Waard	NOU-C(number=sg)	waard	
den	PD(type=d-p,subtype=art,position=prenom)	de	
toren	NOU-C(number=sg)	toren	
van	ADP(type=pre)	van	
Piershil	NOU-P	Piershil	
,	PC	,	
nog	ADV(type=reg)	nog	
een	PD(type=indef,subtype=art,position=prenom)	een	
welvarend	AA(degree=pos,position=prenom)	welvarend	
dorp	NOU-C(number=sg)	dorp	
,	PC	,	
eens	ADV(type=reg)	eens	
zelfs	ADV(type=reg)	zelfs	
zóó	ADV(type=reg)	zo	
aanzienlijk	AA(degree=pos,position=free)	aanzienlijk	
,	PC	,	
dat	CONJ(type=sub)	dat	
men	PD(type=pers,position=free)	men	
het	PD(type=pers,position=free)	het	
het	PD(type=d-p,subtype=art,position=prenom)	het	
kleine	AA(degree=pos,position=prenom)	klein	
Haagje	NOU-P	Haagje	
noemde	VRB(finiteness=fin,tense=past)	noemen	
,	PC	,	
tot	ADP(type=pre)	tot	
1831	NUM(type=card,position=free,representation=dig)	1831	
pronkend	VRB(finiteness=prespart)	pronken	
met	ADP(type=pre)	met	
een	PD(type=indef,subtype=art,position=prenom)	een	
deftig	AA(degree=pos,position=prenom)	deftig	
adellijk	AA(degree=pos,position=prenom)	adellijk	
huis	NOU-C(number=sg)	huis	
,	PC	,	
-	PC	-	
een	PD(type=indef,subtype=art,position=prenom)	een	
dorp	NOU-C(number=sg)	dorp	
,	PC	,	
gesticht	VRB(finiteness=pastpart)	stichten	
in	ADP(type=pre)	in	
een	PD(type=indef,subtype=art,position=prenom)	een	
'	PC	'	
vruchtbaren	AA(degree=pos,position=prenom)	vruchtbaar	
,	PC	,	
ten	ADP(type=pre)+PD(type=d-p,subtype=art,position=prenom)	te+het	
jare	NOU-C(number=sg)	jaar	
1524	NUM(type=card,position=postnom,representation=dig)	1524	
bedijkten	AA(degree=pos,position=prenom)	bedijkt	
polder	NOU-C(number=sg)	polder	
,	PC	,	
-	PC	-	
een	PD(type=indef,subtype=art,position=prenom)	een	
dorp	NOU-C(number=sg)	dorp	
,	PC	,	
welks	PD(type=w-p,position=free)	welk	
naam	NOU-C(number=sg)	naam	
onafscheidelijk	AA(degree=pos,position=free)	onafscheidelijk	
verbonden	VRB(finiteness=pastpart)	verbinden	
is	VRB(finiteness=fin,tense=pres)	zijn	
aan	ADP(type=pre)	aan	
een	NUM(type=card,position=free,representation=let)	een	
der	PD(type=d-p,subtype=art,position=prenom)	de	
treurigste	AA(degree=sup,position=prenom)	treurig	
bladzijden	NOU-C(number=pl)	bladzijde	
uit	ADP(type=pre)	uit	
onze	PD(type=poss,position=prenom)	ons	
geschiedenis	NOU-C(number=sg)	geschiedenis	
.	PC	.	

Want	CONJ(type=coor)	want	
wie	PD(type=w-p,position=free)	wie	
ooit	ADV(type=reg)	ooit	
van	ADP(type=pre)	van	
den	PD(type=d-p,subtype=art,position=prenom)	de	
moord	NOU-C(number=sg)	moord	
der	PD(type=d-p,subtype=art,position=prenom)	de	
de	NOU-P	De Wit	mw_256
Witten	NOU-P	De Wit	mw_256
hoorde	VRB(finiteness=fin,tense=past)	horen	
,	PC	,	
die	PD(type=d-p,position=free)	die	
hoorde	VRB(finiteness=fin,tense=past)	horen	
ook	ADV(type=reg)	ook	
van	ADP(type=pre)	van	
Willem	NOU-P	Willem	
Tichelaar	NOU-P	Tichelaar	
,	PC	,	
den	PD(type=d-p,subtype=art,position=prenom)	de	
Piershilschen	AA(degree=pos,position=prenom)	Piershils	
chirurgijn	NOU-C(number=sg)	chirurgijn	
.	PC	.	

Op	ADP(type=pre)	op	
het	PD(type=d-p,subtype=art,position=prenom)	het	
gevaar	NOU-C(number=sg)	gevaar	
af	ADV(type=reg)	af	
,	PC	,	
dat	CONJ(type=sub)	dat	
de	PD(type=d-p,subtype=art,position=prenom)	de	
voerman	NOU-C(number=sg)	voerman	
ongeduldig	AA(degree=pos,position=free)	ongeduldig	
worde	VRB(finiteness=fin,tense=pres)	worden	
,	PC	,	
omdat	CONJ(type=sub)	omdat	
wij	PD(type=pers,position=free)	wij	
zoo	ADV(type=reg)	zo	
‘	PC	‘	
miestig	AA(degree=pos,position=free)	miestig	
’	PC	’	
lang	AA(degree=pos,position=free)	lang	
weg	VRB(finiteness=fin,tense=pres)	wegblijven	mw_235
blijven	VRB(finiteness=fin,tense=pres)	wegblijven	mw_235
,	PC	,	
en	CONJ(type=coor)	en	
ondanks	ADP(type=pre)	ondanks	
zijn	PD(type=poss,position=prenom)	zijn	
damraelen	NOU-C(number=sg,WF=mis)	dammelen	
om	ADP(type=pre)	om	
wat	ADV(type=reg)	wat	
haast	NOU-C(number=sg)	haast	
te	ADP(type=pre)	te	
maken	VRB(finiteness=inf)	maken	
,	PC	,	
verzumien	VRB(finiteness=fin,tense=pres,WF=mis)	verzuimen	
wij	PD(type=pers,position=free)	wij	
toch	ADV(type=reg)	toch	
niet	ADV(type=reg)	niet	
,	PC	,	
onze	PD(type=poss,position=prenom)	ons	
aandacht	NOU-C(number=sg)	aandacht	
te	ADP(type=pre)	te	
schenken	VRB(finiteness=inf)	schenken	
aan	ADP(type=pre)	aan	
het	PD(type=d-p,subtype=art,position=prenom)	het	
wel	ADV(type=reg)	wel	
verwaarloosde	NOU-C(number=sg)	verwaarloosde	
en	CONJ(type=coor)	en	
vervallene	NOU-C(number=sg)	vervallene	
,	PC	,	
maar	CONJ(type=coor)	maar	
toch	ADV(type=reg)	toch	
nog	ADV(type=reg)	nog	
altijd	ADV(type=reg)	altijd	
om	ADP(type=pre)	om	
zijn	PD(type=poss,position=prenom)	zijn	
'	PC	'	
bouwstijl	NOU-C(number=sg)	bouwstijl	
zeer	AA(degree=pos,position=free)	zeer	
bezienswaardige	AA(degree=pos,position=prenom)	bezienswaardig	
gebouw	NOU-C(number=sg)	gebouw	
op	ADP(type=pre)	op	
een	PD(type=indef,subtype=art,position=prenom)	een	
'	PC	'	
hoek	NOU-C(number=sg)	hoek	
der	PD(type=d-p,subtype=art,position=prenom)	de	
markt	NOU-C(number=sg)	markt	
,	PC	,	
dat	PD(type=d-p,position=free)	dat	
het	PD(type=d-p,subtype=art,position=prenom)	het	
jaartal	NOU-C(number=sg)	jaartal	
1591	NUM(type=card,position=postnom,representation=dig)	1591	
in	ADP(type=pre)	in	
den	PD(type=d-p,subtype=art,position=prenom)	de	
gevel	NOU-C(number=sg)	gevel	
draagt	VRB(finiteness=fin,tense=pres)	dragen	
.	PC	.	

't	PD(type=pers,position=free)	het	
Is	VRB(finiteness=fin,tense=pres)	zijn	
ten	ADP(type=pre)+PD(type=d-p,subtype=art,position=prenom)	te+de	
ondergang	NOU-C(number=sg)	ondergang	
gewijd	VRB(finiteness=pastpart)	wijden	
en	CONJ(type=coor)	en	
zijn	PD(type=poss,position=prenom)	zijn	
val	NOU-C(number=sg)	val	
is	VRB(finiteness=fin,tense=pres)	zijn	
nabij	AA(degree=pos,position=free)	nabij	
.	PC	.	

Zijn	PD(type=poss,position=prenom)	zijn	
beste	AA(degree=sup,position=prenom)	best	
dagen	NOU-C(number=pl)	dag	
heeft	VRB(finiteness=fin,tense=pres)	hebben	
het	PD(type=pers,position=free)	het	
trouwens	ADV(type=reg)	trouwens	
blijkbaar	AA(degree=pos,position=free)	blijkbaar	
reeds	ADV(type=reg)	reeds	
lang	AA(degree=pos,position=free)	lang	
gehad	VRB(finiteness=pastpart)	hebben	
.	PC	.	

Misschien	ADV(type=reg)	misschien	
is	VRB(finiteness=fin,tense=pres)	zijn	
het	PD(type=pers,position=free)	het	
wel	ADV(type=reg)	wel	
verdwenen	VRB(finiteness=pastpart)	verdwijnen	
,	PC	,	
als	CONJ(type=sub)	als	
deze	PD(type=d-p,subtype=oth,position=prenom)	deze	
bladzijde	NOU-C(number=sg)	bladzijde	
het	PD(type=d-p,subtype=art,position=prenom)	het	
licht	NOU-C(number=sg)	licht	
ziet	VRB(finiteness=fin,tense=pres)	zien	
.	PC	.	

Welligt	ADV(type=reg)	wellicht	
komt	VRB(finiteness=fin,tense=pres)	komen	
er	ADV(type=reg)	er	
spoedig	AA(degree=pos,position=free)	spoedig	
een	PD(type=indef,subtype=art,position=prenom)	een	
modern	AA(degree=pos,position=prenom)	modern	
gesticht	NOU-C(number=sg)	gesticht	
op	ADP(type=pre)	op	
de	PD(type=d-p,subtype=art,position=prenom)	de	
ledige	AA(degree=pos,position=prenom)	ledig	
plaats	NOU-C(number=sg)	plaats	
,	PC	,	
zeker	AA(degree=pos,position=free)	zeker	
vrolijker	AA(degree=comp,position=free)	vrolijk	
,	PC	,	
oogelijker	AA(degree=comp,position=free)	ooglijk	
en	CONJ(type=coor)	en	
vrij	AA(degree=pos,position=free)	vrij	
wat	PD(type=indef,position=free)	wat	
doelmatiger	AA(degree=comp,position=free)	doelmatig	
,	PC	,	
maar	CONJ(type=coor)	maar	
niet	ADV(type=reg)	niet	
ligt	AA(degree=pos,position=free)	licht	
zal	VRB(finiteness=fin,tense=pres)	zullen	
het	PD(type=d-p,subtype=art,position=prenom)	het	
nieuwe	NOU-C(number=sg)	nieuwe	
in	ADP(type=pre)	in	
fraaiheid	NOU-C(number=sg)	fraaiheid	
van	ADP(type=pre)	van	
metselwerk	NOU-C(number=sg)	metselwerk	
,	PC	,	
in	ADP(type=pre)	in	
sierlijkheid	NOU-C(number=sg)	sierlijkheid	
van	ADP(type=pre)	van	
ornamentatie	NOU-C(number=sg)	ornamentatie	
,	PC	,	
dit	PD(type=d-p,subtype=oth,position=prenom)	dit	
oude	NOU-C(number=sg)	oude	
evenaren	VRB(finiteness=inf)	evenaren	
.	PC	.	

Als	CONJ(type=sub)	als	
wij	PD(type=pers,position=free)	wij	
Dirksland	NOU-P	Dirksland	
achter	ADP(type=pre)	achter	
den	PD(type=d-p,subtype=art,position=prenom)	de	
rug	NOU-C(number=sg)	rug	
hebben	VRB(finiteness=fin,tense=pres)	hebben	
,	PC	,	
hebben	VRB(finiteness=fin,tense=pres)	hebben	
wij	PD(type=pers,position=free)	wij	
het	PD(type=d-p,subtype=art,position=prenom)	het	
beste	AA(degree=sup,position=prenom)	best	
deel	NOU-C(number=sg)	deel	
van	ADP(type=pre)	van	
den	PD(type=d-p,subtype=art,position=prenom)	de	
weg	NOU-C(number=sg)	weg	
achter	ADP(type=pre)	achter	
ons	PD(type=pers,position=free)	wij	
.	PC	.	

't	PD(type=pers,position=free)	het	
Gaat	VRB(finiteness=fin,tense=pres)	gaan	
soms	ADV(type=reg)	soms	
langs	ADP(type=pre)	langs	
een	PD(type=indef,subtype=art,position=prenom)	een	
'	PC	'	
dijk	NOU-C(number=sg)	dijk	
,	PC	,	
't	PD(type=pers,position=free)	het	
gaat	VRB(finiteness=fin,tense=pres)	gaan	
meest	ADV(type=reg)	meest	
door	ADP(type=pre)	door	
de	PD(type=d-p,subtype=art,position=prenom)	de	
polders	NOU-C(number=pl)	polder	
,	PC	,	
op	ADP(type=pre)	op	
regte	AA(degree=pos,position=prenom)	recht	
,	PC	,	
boomlooze	AA(degree=pos,position=prenom)	boomloos	
grindwegen	NOU-C(number=pl)	grindweg	
,	PC	,	
tusschen	ADP(type=pre)	tussen	
slooten	NOU-C(number=pl)	sloot	
en	CONJ(type=coor)	en	
greppels	NOU-C(number=pl)	greppel	
,	PC	,	
die	PD(type=d-p,position=free)	die	
de	PD(type=d-p,subtype=art,position=prenom)	de	
uitgestrekte	AA(degree=pos,position=prenom)	uitgestrekt	
bouw-	NOU-C(number=pl,WF=trunc)+NOU-C(number=pl)	bouwland+weiland	mw_769475
en	CONJ(type=coor)	en	
weilanden	NOU-C(number=pl,WF=trunc)+NOU-C(number=pl)	bouwland+weiland	mw_769475
van	ADP(type=pre)	van	
het	PD(type=d-p,subtype=art,position=prenom)	het	
smalle	AA(degree=pos,position=prenom)	smal	
rijpad	NOU-C(number=sg)	rijpad	
afscheiden	VRB(finiteness=fin,tense=pres)	afscheiden	
.	PC	.	

Iets	PD(type=indef,position=free)	iets	
eigenaardigs	NOU-C(number=sg)	eigenaardige	
ontleent	VRB(finiteness=fin,tense=pres)	ontlenen	
het	PD(type=d-p,subtype=art,position=prenom)	het	
landschap	NOU-C(number=sg)	landschap	
aan	ADP(type=pre)	aan	
de	PD(type=d-p,subtype=art,position=prenom)	de	
wallen	NOU-C(number=pl)	wal	
van	ADP(type=pre)	van	
klei	NOU-C(number=sg)	klei	
,	PC	,	
hier	ADV(type=reg)	hier	
en	CONJ(type=coor)	en	
daar	ADV(type=reg)	daar	
rondom	ADP(type=pre)	rondom	
de	PD(type=d-p,subtype=art,position=prenom)	de	
akkers	NOU-C(number=pl)	akker	
opgezet	VRB(finiteness=pastpart)	opzetten	
en	CONJ(type=coor)	en	
aan	ADP(type=pre)	aan	
de	PD(type=d-p,subtype=art,position=prenom)	de	
meidoornstruiken	NOU-C(number=pl)	meidoornstruik	
naast	ADP(type=pre)	naast	
de	PD(type=d-p,subtype=art,position=prenom)	de	
hekken	NOU-C(number=pl)	hek	
der	PD(type=d-p,subtype=art,position=prenom)	de	
weiden	NOU-C(number=pl)	weide	
,	PC	,	
maar	CONJ(type=coor)	maar	
wij	PD(type=pers,position=free)	wij	
vinden	VRB(finiteness=fin,tense=pres)	vinden	
overigens	ADV(type=reg)	overigens	
niet	ADV(type=reg)	niet	
veel	PD(type=indef,position=free)	veel	
,	PC	,	
dat	PD(type=d-p,position=free)	dat	
onze	PD(type=poss,position=prenom)	ons	
aandacht	NOU-C(number=sg)	aandacht	
tot	ADP(type=pre)	tot	
zich	PD(type=refl,position=free)	zich	
trekt	VRB(finiteness=fin,tense=pres)	trekken	
.	PC	.	

Het	PD(type=d-p,subtype=art,position=prenom)	het	
dorpje	NOU-C(number=sg)	dorpje	
Melissant	NOU-P	Melissant	
blijft	VRB(finiteness=fin,tense=pres)	blijven	
op	ADP(type=pre)	op	
een	PD(type=indef,subtype=art,position=prenom)	een	
'	PC	'	
afstand	NOU-C(number=sg)	afstand	
,	PC	,	
hofsteden	NOU-C(number=pl)	hofstede	
zijn	VRB(finiteness=fin,tense=pres)	zijn	
schaars	AA(degree=pos,position=free)	schaars	
,	PC	,	
voorbijgangers	NOU-C(number=pl)	voorbijganger	
niet	ADV(type=reg)	niet	
overvloedig	AA(degree=pos,position=free)	overvloedig	
,	PC	,	
en	CONJ(type=coor)	en	
trippelde	VRB(finiteness=fin,tense=past)	trippelen	
niet	ADV(type=reg)	niet	
de	PD(type=d-p,subtype=art,position=prenom)	de	
‘	PC	‘	
sliklaaper	NOU-C(number=sg)	slijkloper	
’	PC	’	
in	ADP(type=pre)	in	
zijn	PD(type=poss,position=prenom)	zijn	
keurig	AA(degree=pos,position=free)	keurig	
net	AA(degree=pos,position=prenom)	net	
pakje	NOU-C(number=sg)	pakje	
over	ADP(type=pre)	over	
de	PD(type=d-p,subtype=art,position=prenom)	de	
velden	NOU-C(number=pl)	veld	
,	PC	,	
zwierf	VRB(finiteness=fin,tense=past)	zwerven	
niet	ADV(type=reg)	niet	
de	PD(type=d-p,subtype=art,position=prenom)	de	
‘	PC	‘	
zwaemel	NOU-C(number=sg)	zwamel	
’	PC	’	
in	ADP(type=pre)	in	
zijn	PD(type=poss,position=prenom)	zijn	
grillige	AA(degree=pos,position=prenom)	grillig	
bogten	NOU-C(number=pl)	bocht	
door	ADP(type=pre)	door	
de	PD(type=d-p,subtype=art,position=prenom)	de	
lucht	NOU-C(number=sg)	lucht	
,	PC	,	
zong	VRB(finiteness=fin,tense=past)	zingen	
niet	ADV(type=reg)	niet	
de	PD(type=d-p,subtype=art,position=prenom)	de	
‘	PC	‘	
pute	NOU-C(number=sg)	puit	
’	PC	’	
zijn	PD(type=poss,position=prenom)	zijn	
eentoonig	AA(degree=pos,position=prenom)	eentonig	
lied	NOU-C(number=sg)	lied	
in	ADP(type=pre)	in	
de	PD(type=d-p,subtype=art,position=prenom)	de	
sloot	NOU-C(number=sg)	sloot	
,	PC	,	
snorden	VRB(finiteness=fin,tense=past)	snorren	
niet	ADV(type=reg)	niet	
de	PD(type=d-p,subtype=art,position=prenom)	de	
‘	PC	‘	
horrekoerjen	NOU-C(number=pl)	horrekoe	
’	PC	’	
met	ADP(type=pre)	met	
hun	PD(type=poss,position=prenom)	hun	
lompe	AA(degree=pos,position=prenom)	lomp	
vlugt	NOU-C(number=sg)	vlucht	
langs	ADP(type=pre)	langs	
het	PD(type=d-p,subtype=art,position=prenom)	het	
rijtuig	NOU-C(number=sg)	rijtuig	
,	PC	,	
wij	PD(type=pers,position=free)	wij	
zouden	VRB(finiteness=fin,tense=past)	zullen	
misschien	ADV(type=reg)	misschien	
door	ADP(type=pre)	door	
een	PD(type=indef,subtype=art,position=prenom)	een	
benaauwd	AA(degree=pos,position=prenom)	benauwd	
gevoel	NOU-C(number=sg)	gevoel	
van	ADP(type=pre)	van	
eenzaamheid	NOU-C(number=sg)	eenzaamheid	
worden	VRB(finiteness=inf)	worden	
overweldigd	VRB(finiteness=pastpart)	overweldigen	
.	PC	.	

En	CONJ(type=coor)	en	
met	ADP(type=pre)	met	
blijdschap	NOU-C(number=sg)	blijdschap	
begroeten	VRB(finiteness=fin,tense=pres)	begroeten	
wij	PD(type=pers,position=free)	wij	
weêr	ADV(type=reg)	weder	
een	PD(type=indef,subtype=art,position=prenom)	een	
menschelijke	AA(degree=pos,position=prenom)	menselijk	
woning	NOU-C(number=sg)	woning	
,	PC	,	
als	CONJ(type=sub)	als	
wij	PD(type=pers,position=free)	wij	
de	PD(type=d-p,subtype=art,position=prenom)	de	
herberg	NOU-C(number=sg)	herberg	
het	PD(type=d-p,subtype=art,position=prenom)	het	
Fortuin	NOU-C(number=sg)	fortuin	
in	ADP(type=pre)	in	
't	PD(type=d-p,subtype=art,position=prenom)	het	
gezigt	NOU-C(number=sg)	gezicht	
krijgen	VRB(finiteness=fin,tense=pres)	krijgen	
,	PC	,	
al	CONJ(type=sub)	al	
is	VRB(finiteness=fin,tense=pres)	zijn	
't	PD(type=pers,position=free)	het	
niet	ADV(type=reg)	niet	
meer	ADV(type=reg)	meer	
dan	CONJ(type=sub)	dan	
een	PD(type=indef,subtype=art,position=prenom)	een	
nederig	AA(degree=pos,position=prenom)	nederig	
houten	AA(degree=pos,position=prenom)	houten	
huis	NOU-C(number=sg)	huis	
,	PC	,	
in	ADP(type=pre)	in	
volstrekte	AA(degree=pos,position=prenom)	volstrekt	
afzondering	NOU-C(number=sg)	afzondering	
aan	ADP(type=pre)	aan	
den	PD(type=d-p,subtype=art,position=prenom)	de	
eenzamen	AA(degree=pos,position=prenom)	eenzaam	
grindweg	NOU-C(number=sg)	grindweg	
gelegen	AA(degree=pos,position=free)	gelegen	
.	PC	.	

Het	PD(type=d-p,subtype=art,position=prenom)	het	
moderne	AA(degree=pos,position=prenom)	modern	
huis	NOU-C(number=sg)	huis	
,	PC	,	
dat	PD(type=d-p,position=free)	dat	
zich	PD(type=refl,position=free)	zich	
even	AA(degree=pos,position=free)	even	
vóór	ADP(type=pre)	voor	
het	PD(type=d-p,subtype=art,position=prenom)	het	
dorpje	NOU-C(number=sg)	dorpje	
Overveen	NOU-P	Overveen	
als	CONJ(type=sub)	als	
Tetterode	NOU-P	Tetterode	
doet	VRB(finiteness=fin,tense=pres)	doen	
kennen	VRB(finiteness=inf)	kennen	
,	PC	,	
draagt	VRB(finiteness=fin,tense=pres)	dragen	
wel	ADV(type=reg)	wel	
den	PD(type=d-p,subtype=art,position=prenom)	de	
naam	NOU-C(number=sg)	naam	
,	PC	,	
maar	CONJ(type=coor)	maar	
beslaat	VRB(finiteness=fin,tense=pres)	beslaan	
niet	ADV(type=reg)	niet	
de	PD(type=d-p,subtype=art,position=prenom)	de	
plaats	NOU-C(number=sg)	plaats	
van	ADP(type=pre)	van	
het	PD(type=d-p,subtype=art,position=prenom)	het	
oude	AA(degree=pos,position=prenom)	oud	
,	PC	,	
sints	ADP(type=pre)	sinds	
lang	AA(degree=pos,position=free)	lang	
verdwenen	AA(degree=pos,position=prenom)	verdwenen	
kasteel	NOU-C(number=sg)	kasteel	
,	PC	,	
dat	PD(type=d-p,position=free)	dat	
hier	ADV(type=reg)	hier	
eens	ADV(type=reg)	eens	
in	ADP(type=pre)	in	
de	PD(type=d-p,subtype=art,position=prenom)	de	
wildernis	NOU-C(number=sg)	wildernis	
moet	VRB(finiteness=fin,tense=pres)	moeten	
hebben	VRB(finiteness=inf)	hebben	
gelegen	VRB(finiteness=pastpart)	liggen	
,	PC	,	
en	CONJ(type=coor)	en	
als	CONJ(type=sub)	als	
‘	PC	‘	
tette	AA(degree=pos,position=prenom)	tet	
rode	NOU-C(number=sg)	rode	
’	PC	’	
-	PC	-	
kleine	AA(degree=pos,position=prenom)	klein	
ontgonnen	AA(degree=pos,position=prenom)	ontginnen	
vlakte	NOU-C(number=sg)	vlakte	
-	PC	-	
tegenover	ADP(type=pre)	tegenover	
de	PD(type=d-p,subtype=art,position=prenom)	de	
‘	PC	‘	
breede	AA(degree=pos,position=prenom)	breed	
rode	NOU-C(number=sg)	rode	
’	PC	’	
stond	VRB(finiteness=fin,tense=past)	staan	
.	PC	.	

Aan	ADP(type=pre)	aan	
de	PD(type=d-p,subtype=art,position=prenom)	de	
andere	PD(type=indef,subtype=oth,position=prenom)	ander	
zijde	NOU-C(number=sg)	zijde	
van	ADP(type=pre)	van	
het	PD(type=d-p,subtype=art,position=prenom)	het	
dorpje	NOU-C(number=sg)	dorpje	
Overveen	NOU-P	Overveen	
,	PC	,	
nabij	ADP(type=pre)	nabij	
den	PD(type=d-p,subtype=art,position=prenom)	de	
Bloemendaalschen	AA(degree=pos,position=prenom)	Bloemendaals	
straatweg	NOU-C(number=sg)	straatweg	
,	PC	,	
moet	VRB(finiteness=fin,tense=pres)	moeten	
dat	PD(type=d-p,position=free)	dat	
worden	VRB(finiteness=inf)	worden	
gezocht	VRB(finiteness=pastpart)	zoeken	
.	PC	.	

Tetterode	NOU-P	Tetterode	
,	PC	,	
met	ADP(type=pre)	met	
Aelbrechtsberg	NOU-P	Aelbrechtsberg	
en	CONJ(type=coor)	en	
Vogelenzang	NOU-P	Vogelenzang	
vereenigd	VRB(finiteness=pastpart)	verenigen	
,	PC	,	
behoorde	VRB(finiteness=fin,tense=past)	behoren	
tot	ADP(type=pre)	tot	
1722	NUM(type=card,position=free,representation=dig)	1722	
onder	ADP(type=pre)	onder	
het	PD(type=d-p,subtype=art,position=prenom)	het	
baljuwschap	NOU-C(number=sg)	baljuwschap	
van	ADP(type=pre)	van	
Brederode	NOU-P	Brederode	
.	PC	.	

Bij	ADP(type=pre)	bij	
den	PD(type=d-p,subtype=art,position=prenom)	de	
verkoop	NOU-C(number=sg)	verkoop	
dier	PD(type=d-p,subtype=oth,position=prenom)	die	
uitgestrekte	AA(degree=pos,position=prenom)	uitgestrekt	
heerlijkheid	NOU-C(number=sg)	heerlijkheid	
,	PC	,	
die	PD(type=d-p,position=free)	die	
in	ADP(type=pre)	in	
verschillende	AA(degree=pos,position=prenom)	verschillend	
deelen	NOU-C(number=pl)	deel	
werd	VRB(finiteness=fin,tense=past)	worden	
gesplitst	VRB(finiteness=pastpart)	splitsen	
,	PC	,	
kocht	VRB(finiteness=fin,tense=past)	kopen	
de	PD(type=d-p,subtype=art,position=prenom)	de	
Haarlemsche	AA(degree=pos,position=prenom)	Haarlems	
regering	NOU-C(number=sg)	regering	
de	PD(type=d-p,subtype=art,position=prenom)	de	
ambachtsheerlijkheid	NOU-C(number=sg)	ambachtsheerlijkheid	
der	PD(type=d-p,subtype=art,position=prenom)	de	
drie	NUM(type=card,position=prenom,representation=let)	drie	
aan	ADP(type=pre)	aan	
elkander	PD(type=recip,position=free)	elkander	
verbonden	AA(degree=pos,position=prenom)	verbonden	
en	CONJ(type=coor)	en	
aan	ADP(type=pre)	aan	
het	PD(type=d-p,subtype=art,position=prenom)	het	
grondgebied	NOU-C(number=sg)	grondgebied	
der	PD(type=d-p,subtype=art,position=prenom)	de	
stad	NOU-C(number=sg)	stad	
grenzende	AA(degree=pos,position=prenom)	grenzend	
plaatsen	NOU-C(number=pl)	plaats	
,	PC	,	
terwijl	CONJ(type=sub)	terwijl	
de	PD(type=d-p,subtype=art,position=prenom)	de	
Staten	NOU-C(number=pl)	staat	
van	ADP(type=pre)	van	
Holland	NOU-P	Holland	
en	CONJ(type=coor)	en	
Westfriesland	NOU-P	West-Friesland	
de	PD(type=d-p,subtype=art,position=prenom)	de	
hooge	AA(degree=pos,position=prenom)	hoog	
jurisdictie	NOU-C(number=sg)	jurisdictie	
aan	ADP(type=pre)	aan	
zich	PD(type=refl,position=free)	zich	
behielden	VRB(finiteness=fin,tense=past)	behouden	
.	PC	.	

Voor	ADP(type=pre)	voor	
de	PD(type=d-p,subtype=art,position=prenom)	de	
stad	NOU-C(number=sg)	stad	
was	VRB(finiteness=fin,tense=past)	zijn	
het	PD(type=pers,position=free)	het	
van	ADP(type=pre)	van	
hoog	AA(degree=pos,position=prenom)	hoog	
belang	NOU-C(number=sg)	belang	
,	PC	,	
dat	CONJ(type=sub)	dat	
zij	PD(type=pers,position=free)	zij	
haar	PD(type=poss,position=prenom)	haar	
regtsgebied	NOU-C(number=sg)	rechtsgebied	
kon	VRB(finiteness=fin,tense=past)	kunnen	
uitstrekken	VRB(finiteness=inf)	uitstrekken	
over	ADP(type=pre)	over	
landstreken	NOU-C(number=pl)	landstreek	
,	PC	,	
waaruit	ADV(type=pron)	waaruit	
haar	PD(type=poss,position=prenom)	haar	
burgerij	NOU-C(number=sg)	burgerij	
tot	ADP(type=pre)	tot	
dusver	ADV(type=reg)	dusver	
zooveel	PD(type=indef,subtype=oth,position=prenom)	zoveel	
overlast	NOU-C(number=sg)	overlast	
had	VRB(finiteness=fin,tense=past)	hebben	
geleden	VRB(finiteness=pastpart)	lijden	
van	ADP(type=pre)	van	
dieven	NOU-C(number=pl)	dief	
en	CONJ(type=coor)	en	
straatschenders	NOU-C(number=pl)	straatschender	
,	PC	,	
die	PD(type=d-p,position=free)	die	
zich	PD(type=refl,position=free)	zich	
in	ADP(type=pre)	in	
de	PD(type=d-p,subtype=art,position=prenom)	de	
heerlijkheid	NOU-C(number=sg)	heerlijkheid	
van	ADP(type=pre)	van	
Brederode	NOU-P	Brederode	
ongestraft	AA(degree=pos,position=free)	ongestraft	
konden	VRB(finiteness=fin,tense=past)	kunnen	
terugtrekken	VRB(finiteness=inf)	terugtrekken	
.	PC	.	

Gelijk	CONJ(type=sub)	gelijk	
Aelbrechtsberg	NOU-P	Aelbrechtsberg	
van	ADP(type=pre)	van	
lieverlede	ADV(type=reg)	lieverlede	
zijn	PD(type=poss,position=prenom)	zijn	
'	PC	'	
naam	NOU-C(number=sg)	naam	
in	ADP(type=pre)	in	
Bloemendaal	NOU-P	Bloemendaal	
zag	VRB(finiteness=fin,tense=past)	zien	
veranderen	VRB(finiteness=inf)	veranderen	
,	PC	,	
zoo	ADV(type=reg)	zo	
verwisselde	VRB(finiteness=fin,tense=past)	verwisselen	
Tetterode	NOU-P	Tetterode	
den	PD(type=d-p,subtype=art,position=prenom)	de	
zijnen	NOU-C(number=sg)	zijne	
in	ADP(type=pre)	in	
dien	PD(type=d-p,position=free)	die	
van	ADP(type=pre)	van	
Overveen	NOU-P	Overveen	
.	PC	.	

't	PD(type=pers,position=free)	het	
Was	VRB(finiteness=fin,tense=past)	zijn	
reeds	ADV(type=reg)	reeds	
in	ADP(type=pre)	in	
de	PD(type=d-p,subtype=art,position=prenom)	de	
vorige	AA(degree=pos,position=prenom)	vorig	
eeuw	NOU-C(number=sg)	eeuw	
een	PD(type=indef,subtype=art,position=prenom)	een	
bloeijend	AA(degree=pos,position=prenom)	bloeiend	
plaatsje	NOU-C(number=sg)	plaatsje	
,	PC	,	
wel	ADV(type=reg)	wel	
zonder	ADP(type=pre)	zonder	
kerk	NOU-C(number=sg)	kerk	
,	PC	,	
maar	CONJ(type=coor)	maar	
uit	ADP(type=pre)	uit	
de	PD(type=d-p,subtype=art,position=prenom)	de	
buitengoederen	NOU-C(number=pl)	buitengoed	
,	PC	,	
de	PD(type=d-p,subtype=art,position=prenom)	de	
bleekerijen	NOU-C(number=pl)	blekerij	
en	CONJ(type=coor)	en	
de	PD(type=d-p,subtype=art,position=prenom)	de	
bloemkweekerijen	NOU-C(number=pl)	bloemkwekerij	
er	ADV(type=pron)	eromheen	mw_194
om	ADV(type=pron)	eromheen	mw_194
heen	ADV(type=pron)	eromheen	mw_194
voor	ADP(type=pre)	voor	
zijn	PD(type=poss,position=prenom)	zijn	
bevolking	NOU-C(number=sg)	bevolking	
aanmerkelijke	AA(degree=pos,position=prenom)	aanmerkelijk	
voordeelen	NOU-C(number=pl)	voordeel	
trekkend	VRB(finiteness=prespart)	trekken	
.	PC	.	

't	PD(type=pers,position=free)	het	
Had	VRB(finiteness=fin,tense=past)	hebben	
iets	PD(type=indef,position=free)	iets	
eigenaardigs	NOU-C(number=sg)	eigenaardige	
door	ADP(type=pre)	door	
het	PD(type=d-p,subtype=art,position=prenom)	het	
lompe	AA(degree=pos,position=prenom)	lomp	
,	PC	,	
houten	AA(degree=pos,position=prenom)	houten	
klokhuis	NOU-C(number=sg)	klokhuis	
,	PC	,	
dat	PD(type=d-p,position=free)	dat	
de	PD(type=d-p,subtype=art,position=prenom)	de	
ouderen	NOU-C(number=pl)	oudere	
van	ADP(type=pre)	van	
dagen	NOU-C(number=pl)	dag	
nog	ADV(type=reg)	nog	
tot	ADP(type=pre)	tot	
1846	NUM(type=card,position=free,representation=dig)	1846	
hebben	VRB(finiteness=fin,tense=pres)	hebben	
gekend	VRB(finiteness=pastpart)	kennen	
aan	ADP(type=pre)	aan	
het	PD(type=d-p,subtype=art,position=prenom)	het	
einde	NOU-C(number=sg)	einde	
van	ADP(type=pre)	van	
de	PD(type=d-p,subtype=art,position=prenom)	de	
dorpsstraat	NOU-P	Dorpsstraat	
,	PC	,	
waar	ADV(type=reg)	waar	
thans	ADV(type=reg)	thans	
het	PD(type=d-p,subtype=art,position=prenom)	het	
nette	AA(degree=pos,position=prenom)	net	
gemeentehuis	NOU-C(number=sg)	gemeentehuis	
met	ADP(type=pre)	met	
zijn	PD(type=poss,position=prenom)	zijn	
koepeltorentje	NOU-C(number=sg)	koepeltorentje	
staat	VRB(finiteness=fin,tense=pres)	staan	
.	PC	.	

't	PD(type=pers,position=free)	het	
Geeft	VRB(finiteness=fin,tense=pres)	geven	
ook	ADV(type=reg)	ook	
tegenwoordig	AA(degree=pos,position=free)	tegenwoordig	
den	PD(type=d-p,subtype=art,position=prenom)	de	
indruk	NOU-C(number=sg)	indruk	
van	ADP(type=pre)	van	
een	PD(type=indef,subtype=art,position=prenom)	een	
zeer	AA(degree=pos,position=free)	zeer	
welvarende	AA(degree=pos,position=prenom)	welvarend	
plaats	NOU-C(number=sg)	plaats	
,	PC	,	
vol	AA(degree=pos,position=free)	vol	
leven	NOU-C(number=sg)	leven	
en	CONJ(type=coor)	en	
vrolijkheid	NOU-C(number=sg)	vrolijkheid	
door	ADP(type=pre)	door	
de	PD(type=d-p,subtype=art,position=prenom)	de	
talrijke	AA(degree=pos,position=prenom)	talrijk	
rijtuigen	NOU-C(number=pl)	rijtuig	
van	ADP(type=pre)	van	
allerlei	PD(type=indef,subtype=oth,position=prenom)	allerlei	
aard	NOU-C(number=sg)	aard	
,	PC	,	
-	PC	-	
schitterende	AA(degree=pos,position=prenom)	schitterend	
equipages	NOU-C(number=pl)	equipage	
met	ADP(type=pre)	met	
hun	PD(type=poss,position=prenom)	hun	
rijk	AA(degree=pos,position=free)	rijk	
getuigd	AA(degree=pos,position=prenom)	getuigd	
span	NOU-C(number=sg)	span	
,	PC	,	
groote	AA(degree=pos,position=prenom)	groot	
char-à-bancs	NOU-C(number=pl)	char-à-bancs	
,	PC	,	
volgeladen	VRB(finiteness=pastpart)	volladen	
met	ADP(type=pre)	met	
naaimeisjes	NOU-C(number=pl)	naaimeisje	
en	CONJ(type=coor)	en	
elleridders	NOU-C(number=pl)	ellenridder	
uit	ADP(type=pre)	uit	
de	PD(type=d-p,subtype=art,position=prenom)	de	
hoofdstad	NOU-C(number=sg)	hoofdstad	
,	PC	,	
digtgesloten	AA(degree=pos,position=prenom)	dichtgesloten	
koets-jes	NOU-C(number=pl)	koetsje	
,	PC	,	
waarin	ADV(type=pron)	waarin	
oude	AA(degree=pos,position=prenom)	oud	
dames	NOU-C(number=pl)	dame	
rondtoeren	VRB(finiteness=fin,tense=pres)	rondtoeren	
,	PC	,	
de	PD(type=d-p,subtype=art,position=prenom)	de	
omnibus	NOU-C(number=sg)	omnibus	
met	ADP(type=pre)	met	
zijn	PD(type=poss,position=prenom)	zijn	
bevolking	NOU-C(number=sg)	bevolking	
binnen	ADV(type=reg)	binnen	
en	CONJ(type=coor)	en	
buiten	ADV(type=reg)	buiten	
,	PC	,	
hooggeladen	AA(degree=pos,position=prenom)	hooggeladen	
bleekerswagens	NOU-C(number=pl)	blekerswagen	
,	PC	,	
ezelkarretjes	NOU-C(number=pl)	ezelkarretje	
van	ADP(type=pre)	van	
koopluî	NOU-C(number=pl)	kooplieden	
en	CONJ(type=coor)	en	
winkeliers	NOU-C(number=pl)	winkelier	
uit	ADP(type=pre)	uit	
Haarlem	NOU-P	Haarlem	
,	PC	,	
-	PC	-	
vol	AA(degree=pos,position=free)	vol	
leven	NOU-C(number=sg)	leven	
en	CONJ(type=coor)	en	
vrolijkheid	NOU-C(number=sg)	vrolijkheid	
door	ADP(type=pre)	door	
wandelaars	NOU-C(number=pl)	wandelaar	
van	ADP(type=pre)	van	
allerlei	PD(type=indef,subtype=oth,position=prenom)	allerlei	
leeftijd	NOU-C(number=sg)	leeftijd	
en	CONJ(type=coor)	en	
stand	NOU-C(number=sg)	stand	
,	PC	,	
in	ADP(type=pre)	in	
groepjes	NOU-C(number=pl)	groepje	
van	ADP(type=pre)	van	
twee	NUM(type=card,position=free,representation=let)	twee	
of	CONJ(type=coor)	of	
drie	NUM(type=card,position=free,representation=let)	drie	
,	PC	,	
in	ADP(type=pre)	in	
gansche	AA(degree=pos,position=prenom)	gans	
gezelschappen	NOU-C(number=pl)	gezelschap	
vaak	ADV(type=reg)	vaak	
,	PC	,	
naar	ADP(type=pre)	naar	
Bloemendaal	NOU-P	Bloemendaal	
of	CONJ(type=coor)	of	
naar	ADP(type=pre)	naar	
den	PD(type=d-p,subtype=art,position=prenom)	het	
Aardenhout	NOU-P	Aardenhout	
op	ADP(type=pre)	op	
weg	NOU-C(number=sg)	weg	
;	PC	;	
en	CONJ(type=coor)	en	
het	PD(type=d-p,subtype=art,position=prenom)	het	
groote	AA(degree=pos,position=prenom)	groot	
,	PC	,	
goed	AA(degree=pos,position=free)	goed	
ingerigte	AA(degree=pos,position=prenom)	ingericht	
logement	NOU-C(number=sg)	logement	
op	ADP(type=pre)	op	
den	PD(type=d-p,subtype=art,position=prenom)	de	
hoek	NOU-C(number=sg)	hoek	
vaart	VRB(finiteness=fin,tense=pres)	varen	
er	ADV(type=pron)	erbij	mw_159
wel	ADV(type=reg)	wel	
bij	ADV(type=pron)	erbij	mw_159
,	PC	,	
evenals	CONJ(type=sub)	evenals	
de	PD(type=d-p,subtype=art,position=prenom)	de	
localiteiten	NOU-C(number=pl)	localiteit	
van	ADP(type=pre)	van	
geringer	AA(degree=comp,position=prenom)	gering	
allooi	NOU-C(number=sg)	allooi	
,	PC	,	
die	PD(type=d-p,position=free)	die	
den	PD(type=d-p,subtype=art,position=prenom)	de	
dorstigen	AA(degree=pos,position=prenom)	dorstig	
wandelaar	NOU-C(number=sg)	wandelaar	
,	PC	,	
den	PD(type=d-p,subtype=art,position=prenom)	de	
vermoeiden	AA(degree=pos,position=prenom)	vermoeid	
voetganger	NOU-C(number=sg)	voetganger	
,	PC	,	
met	ADP(type=pre)	met	
hun	PD(type=poss,position=prenom)	hun	
buiten	ADP(type=pre)	buiten	
de	PD(type=d-p,subtype=art,position=prenom)	de	
deur	NOU-C(number=sg)	deur	
geplaatste	AA(degree=pos,position=prenom)	geplaatst	
stoelen	NOU-C(number=pl)	stoel	
en	CONJ(type=coor)	en	
tafeltjes	NOU-C(number=pl)	tafeltje	
minzaam	AA(degree=pos,position=free)	minzaam	
tot	ADP(type=pre)	tot	
verpoozing	NOU-C(number=sg)	verpozing	
noodigen	VRB(finiteness=fin,tense=pres)	nodigen	
.	PC	.	

Ook	ADV(type=reg)	ook	
aan	ADP(type=pre)	aan	
ruiters	NOU-C(number=pl)	ruiter	
en	CONJ(type=coor)	en	
amazones	NOU-C(number=pl)	amazone	
ontbreekt	VRB(finiteness=fin,tense=pres)	ontbreken	
het	PD(type=pers,position=free)	het	
er	ADV(type=reg)	er	
natuurlijk	AA(degree=pos,position=free)	natuurlijk	
niet	ADV(type=reg)	niet	
,	PC	,	
in	ADP(type=pre)	in	
aanmerking	NOU-C(number=sg)	aanmerking	
genomen	VRB(finiteness=pastpart)	nemen	
,	PC	,	
dat	CONJ(type=sub)	dat	
in	ADP(type=pre)	in	
Haarlem	NOU-P	Haarlem	
een	PD(type=indef,subtype=art,position=prenom)	een	
regiment	NOU-C(number=sg)	regiment	
huzaren	NOU-C(number=pl)	huzaar	
in	ADP(type=pre)	in	
garnizoen	NOU-C(number=sg)	garnizoen	
ligt	VRB(finiteness=fin,tense=pres)	liggen	
en	CONJ(type=coor)	en	
dat	CONJ(type=sub)	dat	
de	PD(type=d-p,subtype=art,position=prenom)	de	
gansche	AA(degree=pos,position=prenom)	gans	
omtrek	NOU-C(number=sg)	omtrek	
aan	ADP(type=pre)	aan	
de	PD(type=d-p,subtype=art,position=prenom)	de	
alleruitlokkendste	AA(degree=sup,position=prenom)	alleruitlokkendst	
wegen	NOU-C(number=pl)	weg	
en	CONJ(type=coor)	en	
zijpaden	NOU-C(number=pl)	zijpad	
voor	ADP(type=pre)	voor	
liefhebbers	NOU-C(number=pl)	liefhebber	
van	ADP(type=pre)	van	
paardrijden	NOU-C(number=sg)	paardrijden	
overi'ijk	AA(degree=pos,position=free,WF=mis)	overrijk	
is	VRB(finiteness=fin,tense=pres)	zijn	
.	PC	.	

Maar	CONJ(type=coor)	maar	
ons	PD(type=poss,position=prenom)	ons	
doel	NOU-C(number=sg)	doel	
ligt	VRB(finiteness=fin,tense=pres)	liggen	
verder	AA(degree=comp,position=free)	ver	
.	PC	.	

Wij	PD(type=pers,position=free)	wij	
kunnen	VRB(finiteness=fin,tense=pres)	kunnen	
den	PD(type=d-p,subtype=art,position=prenom)	de	
grooten	AA(degree=pos,position=prenom)	groot	
weg	NOU-C(number=sg)	weg	
weêr	ADV(type=reg)	weder	
opzoeken	VRB(finiteness=inf)	opzoeken	
;	PC	;	
wij	PD(type=pers,position=free)	wij	
kunnen	VRB(finiteness=fin,tense=pres)	kunnen	
ook	ADV(type=reg)	ook	
het	PD(type=d-p,subtype=art,position=prenom)	het	
bosch	NOU-C(number=sg)	bos	
houden	VRB(finiteness=inf)	houden	
,	PC	,	
dat	PD(type=d-p,position=free)	dat	
van	ADP(type=pre)	van	
een	PD(type=indef,subtype=art,position=prenom)	een	
aantal	NOU-C(number=sg)	aantal	
lanen	NOU-C(number=pl)	laan	
en	CONJ(type=coor)	en	
paden	NOU-C(number=pl)	pad	
doorsneden	VRB(finiteness=pastpart)	doorsnijden	
is	VRB(finiteness=fin,tense=pres)	zijn	
,	PC	,	
maar	CONJ(type=coor)	maar	
meest	ADV(type=reg)	meest	
uit	ADP(type=pre)	uit	
laag	AA(degree=pos,position=prenom)	laag	
hout	NOU-C(number=sg)	hout	
bestaat	VRB(finiteness=fin,tense=pres)	bestaan	
.	PC	.	

Schrikachtige	AA(degree=pos,position=prenom)	schrikachtig	
dames	NOU-C(number=pl)	dame	
kunnen	VRB(finiteness=fin,tense=pres)	kunnen	
in	ADP(type=pre)	in	
't	PD(type=d-p,subtype=art,position=prenom)	het	
najaar	NOU-C(number=sg)	najaar	
soms	ADV(type=reg)	soms	
onaangenaam	AA(degree=pos,position=free)	onaangenaam	
verrast	VRB(finiteness=pastpart)	verrassen	
worden	VRB(finiteness=inf)	worden	
door	ADP(type=pre)	door	
het	PD(type=d-p,subtype=art,position=prenom)	het	
plotseling	AA(degree=pos,position=free)	plotseling	
snorrend	AA(degree=pos,position=prenom)	snorrend	
opvliegen	NOU-C(number=sg)	opvliegen	
van	ADP(type=pre)	van	
een	PD(type=indef,subtype=art,position=prenom)	een	
'	PC	'	
koppel	NOU-C(number=sg)	koppel	
patrijzen	NOU-C(number=pl)	patrijs	
of	CONJ(type=coor)	of	
het	PD(type=d-p,subtype=art,position=prenom)	het	
onverwachts	AA(degree=pos,position=free)	onverwachts	
opspringen	NOU-C(number=sg)	opspringen	
van	ADP(type=pre)	van	
een	PD(type=indef,subtype=art,position=prenom)	een	
'	PC	'	
duinhaas	NOU-C(number=sg)	duinhaas	
aan	ADP(type=pre)	aan	
hun	PD(type=poss,position=prenom)	hun	
'	PC	'	
voet	NOU-C(number=sg)	voet	
,	PC	,	
weldra	ADV(type=reg)	weldra	
gevolgd	VRB(finiteness=pastpart)	volgen	
door	ADP(type=pre)	door	
het	PD(type=d-p,subtype=art,position=prenom)	het	
knallen	NOU-C(number=sg)	knallen	
der	PD(type=d-p,subtype=art,position=prenom)	de	
jagtgeweren	NOU-C(number=pl)	jachtgeweer	
en	CONJ(type=coor)	en	
het	PD(type=d-p,subtype=art,position=prenom)	het	
aanslaan	NOU-C(number=sg)	aanslaan	
der	PD(type=d-p,subtype=art,position=prenom)	de	
honden	NOU-C(number=pl)	hond	
,	PC	,	
want	CONJ(type=coor)	want	
in	ADP(type=pre)	in	
dit	PD(type=d-p,subtype=oth,position=prenom)	dit	
overblijfsel	NOU-C(number=sg)	overblijfsel	
der	PD(type=d-p,subtype=art,position=prenom)	de	
aloude	AA(degree=pos,position=prenom)	aloud	
grafelijke	AA(degree=pos,position=prenom)	grafelijk	
wildernis	NOU-C(number=sg)	wildernis	
is	VRB(finiteness=fin,tense=pres)	zijn	
het	PD(type=d-p,subtype=art,position=prenom)	het	
wild	NOU-C(number=sg)	wild	
nog	ADV(type=reg)	nog	
overvloedig	AA(degree=pos,position=free)	overvloedig	
en	CONJ(type=coor)	en	

Onder	ADP(type=pre)	onder	
den	PD(type=d-p,subtype=art,position=prenom)	de	
Hollandschen	AA(degree=pos,position=prenom)	Hollands	
adel	NOU-C(number=sg)	adel	
werd	VRB(finiteness=fin,tense=past)	worden	
sinds	ADP(type=pre)	sinds	
overoude	AA(degree=pos,position=prenom)	overoud	
tijden	NOU-C(number=pl)	tijd	
de	PD(type=d-p,subtype=art,position=prenom)	de	
naam	NOU-C(number=sg)	naam	
van	ADP(type=pre)	van	
Heemstede	NOU-P	Heemstede	
met	ADP(type=pre)	met	
eere	NOU-C(number=sg)	eer	
genoemd	VRB(finiteness=pastpart)	noemen	
.	PC	.	

Over	ADP(type=pre)	over	
eene	PD(type=indef,subtype=art,position=prenom)	een	
belangrijke	AA(degree=pos,position=prenom)	belangrijk	
uitgestrektheid	NOU-C(number=sg)	uitgestrektheid	
gronds	NOU-C(number=sg)	grond	
bezaten	VRB(finiteness=fin,tense=past)	bezitten	
zij	PD(type=pers,position=free)	zij	
de	PD(type=d-p,subtype=art,position=prenom)	de	
ambachtsheerlijkheid	NOU-C(number=sg)	ambachtsheerlijkheid	
,	PC	,	
en	CONJ(type=coor)	en	
de	PD(type=d-p,subtype=art,position=prenom)	de	
gunst	NOU-C(number=sg)	gunst	
van	ADP(type=pre)	van	
graaf	NOU-C(number=sg)	graaf	
Willem	NOU-P	Willem	
II	NUM(type=card,position=postnom,representation=rom)	twee	
had	VRB(finiteness=fin,tense=past)	hebben	
hun	PD(type=pers,position=free)	zij	
,	PC	,	
in	ADP(type=pre)	in	
1255	NUM(type=card,position=free,representation=dig)	1255	
,	PC	,	
het	PD(type=d-p,subtype=art,position=prenom)	het	
hooge	AA(degree=pos,position=prenom)	hoog	
regtsgebied	NOU-C(number=sg)	rechtsgebied	
binnen	ADP(type=pre)	binnen	
de	PD(type=d-p,subtype=art,position=prenom)	de	
grachten	NOU-C(number=pl)	gracht	
van	ADP(type=pre)	van	
hunnen	PD(type=poss,position=prenom)	hun	
burgt	NOU-C(number=sg)	burcht	
geschon-ken	VRB(finiteness=pastpart)	schenken	
.	PC	.	

Herhaaldelijk	AA(degree=pos,position=free)	herhaaldelijk	
had	VRB(finiteness=fin,tense=past)	hebben	
het	PD(type=d-p,subtype=art,position=prenom)	het	
sterke	AA(degree=pos,position=prenom)	sterk	
slot	NOU-C(number=sg)	slot	
de	PD(type=d-p,subtype=art,position=prenom)	de	
stormen	NOU-C(number=pl)	storm	
van	ADP(type=pre)	van	
den	PD(type=d-p,subtype=art,position=prenom)	de	
krijg	NOU-C(number=sg)	krijg	
verduurd	VRB(finiteness=pastpart)	verduren	
;	PC	;	
tot	ADP(type=pre)	tot	
driemalen	NUM(type=card,position=prenom,representation=let)+NOU-C(number=pl)	drie+maal	
toe	ADV(type=reg)	toe	
was	VRB(finiteness=fin,tense=past)	zijn	
het	PD(type=pers,position=free)	het	
vernield	VRB(finiteness=pastpart)	vernielen	
en	CONJ(type=coor)	en	
herbouwd	VRB(finiteness=pastpart)	herbouwen	
,	PC	,	
zoolang	CONJ(type=sub)	zolang	
de	PD(type=d-p,subtype=art,position=prenom)	de	
banier	NOU-C(number=sg)	banier	
der	PD(type=d-p,subtype=art,position=prenom)	de	
Heeren	NOU-C(number=pl)	heer	
uit	ADP(type=pre)	uit	
het	PD(type=d-p,subtype=art,position=prenom)	het	
oude	AA(degree=pos,position=prenom)	oud	
geslacht	NOU-C(number=sg)	geslacht	
van	ADP(type=pre)	van	
zijn	PD(type=poss,position=prenom)	zijn	
torens	NOU-C(number=pl)	toren	
woei	VRB(finiteness=fin,tense=past)	waaien	
.	PC	.	

De	PD(type=d-p,subtype=art,position=prenom)	de	
laatste	AA(degree=sup,position=prenom)	laat	
Heer	NOU-C(number=sg)	heer	
,	PC	,	
Jan	NOU-P	Jan	
van	ADP(type=pre)	van	
Heemstede	NOU-P	Heemstede	
,	PC	,	
de	PD(type=d-p,subtype=art,position=prenom)	de	
vierde	NUM(type=ord,position=prenom,representation=let)	vierde	
van	ADP(type=pre)	van	
dien	PD(type=d-p,subtype=oth,position=prenom)	die	
naam	NOU-C(number=sg)	naam	
,	PC	,	
had	VRB(finiteness=fin,tense=past)	hebben	
het	PD(type=pers,position=free)	het	
in	ADP(type=pre)	in	
1462	NUM(type=card,position=free,representation=dig)	1462	
luisterrijk	AA(degree=pos,position=free)	luisterrijk	
uit	ADP(type=pre)	uit	
zijn	PD(type=poss,position=prenom)	zijn	
puinen	NOU-C(number=pl)	puin	
weêr	ADV(type=reg)	weder	
opgetrokken	VRB(finiteness=pastpart)	optrekken	
.	PC	.	

Maar	CONJ(type=coor)	maar	
met	ADP(type=pre)	met	
hem	PD(type=pers,position=free)	hij	
stierf	VRB(finiteness=fin,tense=past)	uitsterven	mw_229
zijn	PD(type=poss,position=prenom)	zijn	
stam	NOU-C(number=sg)	stam	
in	ADP(type=pre)	in	
de	PD(type=d-p,subtype=art,position=prenom)	de	
mannelijke	AA(degree=pos,position=prenom)	mannelijk	
linie	NOU-C(number=sg)	linie	
uit	VRB(finiteness=fin,tense=past)	uitsterven	mw_229
en	CONJ(type=coor)	en	
door	ADP(type=pre)	door	
zijn	PD(type=poss,position=prenom)	zijn	
dochter	NOU-C(number=sg)	dochter	
Hadewij	NOU-P	Hadewij	
ging	VRB(finiteness=fin,tense=past)	gaan	
het	PD(type=d-p,subtype=art,position=prenom)	het	
huis	NOU-C(number=sg)	huis	
aan	ADP(type=pre)	aan	
de	PD(type=d-p,subtype=art,position=prenom)	de	
edele	AA(degree=pos,position=prenom)	edel	
familie	NOU-C(number=sg)	familie	
Lefebvre	NOU-P	Lefebvre	
,	PC	,	
die	PD(type=d-p,position=free)	die	
,	PC	,	
uit	ADP(type=pre)	uit	
Antwerpen	NOU-P	Antwerpen	
afkomstig	AA(degree=pos,position=free)	afkomstig	
,	PC	,	
in	ADP(type=pre)	in	
onze	PD(type=poss,position=prenom)	ons	
gewesten	NOU-C(number=pl)	gewest	
reeds	ADV(type=reg)	reeds	
de	PD(type=d-p,subtype=art,position=prenom)	de	
aanzienlijke	AA(degree=pos,position=prenom)	aanzienlijk	
heerlijkheid	NOU-C(number=sg)	heerlijkheid	
Liesveld	NOU-P	Liesveld	
en	CONJ(type=coor)	en	
tal	NOU-C(number=sg)	tal	
van	ADP(type=pre)	van	
andere	PD(type=indef,subtype=oth,position=prenom)	ander	
goederen	NOU-C(number=pl)	goed	
bezat	VRB(finiteness=fin,tense=past)	bezitten	
.	PC	.	

Roeland	NOU-P	Roeland	
Lefebvre	NOU-P	Lefebvre	
zag	VRB(finiteness=fin,tense=past)	zien	
zijn	PD(type=poss,position=prenom)	zijn	
uitgestrekte	AA(degree=pos,position=prenom)	uitgestrekt	
bezittingen	NOU-C(number=pl)	bezitting	
met	ADP(type=pre)	met	
ontzaggelijke	AA(degree=pos,position=prenom)	ontzaglijk	
schulden	NOU-C(number=pl)	schuld	
bezwaard	VRB(finiteness=pastpart)	bezwaren	
en	CONJ(type=coor)	en	
in	ADP(type=pre)	in	
1564	NUM(type=card,position=free,representation=dig)	1564	
verkocht	VRB(finiteness=pastpart)	verkopen	
.	PC	.	

Liesveld	NOU-P	Liesveld	
werd	VRB(finiteness=fin,tense=past)	worden	
het	PD(type=d-p,subtype=art,position=prenom)	het	
eigendom	NOU-C(number=sg)	eigendom	
van	ADP(type=pre)	van	
hertog	NOU-C(number=sg)	hertog	
Erik	NOU-P	Erik	
van	NOU-P	Van Brunswijk	mw_167
Brunswijk	NOU-P	Van Brunswijk	mw_167
en	CONJ(type=coor)	en	
kwam	VRB(finiteness=fin,tense=past)	komen	
later	AA(degree=comp,position=free)	laat	
aan	ADP(type=pre)	aan	
het	PD(type=d-p,subtype=art,position=prenom)	het	
huis	NOU-C(number=sg)	huis	
van	ADP(type=pre)	van	
Oranje	NOU-P	Oranje	
.	PC	.	

Heemstede	NOU-P	Heemstede	
kreeg	VRB(finiteness=fin,tense=past)	krijgen	
in	ADP(type=pre)	in	
de	PD(type=d-p,subtype=art,position=prenom)	de	
Lookhorsten	NOU-P	Lookhorst	
en	CONJ(type=coor)	en	
Hovincks	NOU-P	Hovinck	
nieuwe	AA(degree=pos,position=prenom)	nieuw	
en	CONJ(type=coor)	en	
evenzeer	ADV(type=reg)	evenzeer	
aanzienlijke	AA(degree=pos,position=prenom)	aanzienlijk	
bezitters	NOU-C(number=pl)	bezitter	
;	PC	;	
maar	CONJ(type=coor)	maar	
de	PD(type=d-p,subtype=art,position=prenom)	de	
bange	AA(degree=pos,position=prenom)	bang	
jaren	NOU-C(number=pl)	jaar	
der	PD(type=d-p,subtype=art,position=prenom)	de	
geweldige	AA(degree=pos,position=prenom)	geweldig	
worstelingen	NOU-C(number=pl)	worsteling	
met	ADP(type=pre)	met	
Spanje	NOU-P	Spanje	
bleven	VRB(finiteness=fin,tense=past)	blijven	
ook	ADV(type=reg)	ook	
voor	ADP(type=pre)	voor	
het	PD(type=d-p,subtype=art,position=prenom)	het	
huis	NOU-C(number=sg)	huis	
en	CONJ(type=coor)	en	
goed	NOU-C(number=sg)	goed	
te	ADP(type=pre)	te	
Heemstede	NOU-P	Heemstede	
niet	ADV(type=reg)	niet	
zonder	ADP(type=pre)	zonder	
droevige	AA(degree=pos,position=prenom)	droevig	
gevolgen	NOU-C(number=pl)	gevolg	
.	PC	.	

Maar	CONJ(type=coor)	maar	
in	ADP(type=pre)	in	
1620	NUM(type=card,position=free,representation=dig)	1620	
braken	VRB(finiteness=fin,tense=past)	aanbreken	mw_103
er	ADV(type=reg)	er	
beter	AA(degree=comp,position=prenom)	beter	
dagen	NOU-C(number=pl)	dag	
voor	ADP(type=pre)	voor	
de	PD(type=d-p,subtype=art,position=prenom)	de	
schoone	AA(degree=pos,position=prenom)	schoon	
heerlijkheid	NOU-C(number=sg)	heerlijkheid	
aan	VRB(finiteness=fin,tense=past)	aanbreken	mw_103
.	PC	.	

Toen	ADV(type=reg)	toen	
werd	VRB(finiteness=fin,tense=past)	worden	
zij	PD(type=pers,position=free)	zij	
aangekocht	VRB(finiteness=pastpart)	aankopen	
door	ADP(type=pre)	door	
Adriaan	NOU-P	Adriaan	
Pauw	NOU-P	Pauw	
.	PC	.	

Wat	PD(type=w-p,position=free)	wat	
hij	PD(type=pers,position=free)	hij	
nog	ADV(type=reg)	nog	
vond	VRB(finiteness=fin,tense=past)	vinden	
van	ADP(type=pre)	van	
het	PD(type=d-p,subtype=art,position=prenom)	het	
slot	NOU-C(number=sg)	slot	
,	PC	,	
in	ADP(type=pre)	in	
1462	NUM(type=card,position=free,representation=dig)	1462	
herbouwd	VRB(finiteness=pastpart)	herbouwen	
,	PC	,	
is	VRB(finiteness=fin,tense=pres)	zijn	
onzeker	AA(degree=pos,position=free)	onzeker	
.	PC	.	

Daar	ADV(type=reg)	daar	
moet	VRB(finiteness=fin,tense=pres)	moeten	
,	PC	,	
naar	CONJ(type=sub)	naar	
men	PD(type=pers,position=free)	men	
zegt	VRB(finiteness=fin,tense=pres)	zeggen	
,	PC	,	
nog	ADV(type=reg)	nog	
vrij	AA(degree=pos,position=free)	vrij	
wat	PD(type=indef,position=free)	wat	
van	ADP(type=pre)	van	
het	PD(type=d-p,subtype=art,position=prenom)	het	
muurwerk	NOU-C(number=sg)	muurwerk	
in	ADP(type=pre)	in	
bruikbaren	AA(degree=pos,position=prenom)	bruikbaar	
staat	NOU-C(number=sg)	staat	
zijn	VRB(finiteness=inf)	zijn	
over	ADV(type=reg)	over	
geweest	VRB(finiteness=pastpart)	zijn	
.	PC	.	

Maar	CONJ(type=coor)	maar	
het	PD(type=d-p,subtype=art,position=prenom)	het	
geheel	NOU-C(number=sg)	geheel	
onderging	VRB(finiteness=fin,tense=past)	ondergaan	
voor	ADP(type=pre)	voor	
en	CONJ(type=coor)	en	
na	ADP(type=pre)	na	
belangrijke	AA(degree=pos,position=prenom)	belangrijk	
herstellingen	NOU-C(number=pl)	herstelling	
en	CONJ(type=coor)	en	
versieringen	NOU-C(number=pl)	versiering	
,	PC	,	
waardoor	ADV(type=pron)	waardoor	
het	PD(type=d-p,subtype=art,position=prenom)	het	
kasteel	NOU-C(number=sg)	kasteel	
te	ADP(type=pre)	te	
Heemstede	NOU-P	Heemstede	
tot	ADP(type=pre)	tot	
een	NUM(type=card,position=free,representation=let)	een	
der	PD(type=d-p,subtype=art,position=prenom)	de	
prachtigste	AA(degree=sup,position=prenom)	prachtig	
verblijven	NOU-C(number=pl)	verblijf	
van	ADP(type=pre)	van	
het	PD(type=d-p,subtype=art,position=prenom)	het	
in	ADP(type=pre)	in	
vorstelijke	AA(degree=pos,position=prenom)	vorstelijk	
huizen	NOU-C(number=pl)	huis	
destijds	ADV(type=reg)	destijds	
zoo	ADV(type=reg)	zo	
rijke	AA(degree=pos,position=prenom)	rijk	
Holland	NOU-P	Holland	
werd	VRB(finiteness=fin,tense=past)	worden	
verheven	VRB(finiteness=pastpart)	verheffen	
.	PC	.	

De	PD(type=d-p,subtype=art,position=prenom)	de	
zoon	NOU-C(number=sg)	zoon	
van	ADP(type=pre)	van	
den	PD(type=d-p,subtype=art,position=prenom)	de	
rijken	AA(degree=pos,position=prenom)	rijk	
en	CONJ(type=coor)	en	
wakkeren	AA(degree=pos,position=prenom)	wakker	
Amsterdamschen	AA(degree=pos,position=prenom)	Amsterdams	
koopman	NOU-C(number=sg)	koopman	
en	CONJ(type=coor)	en	
burgemeester	NOU-C(number=sg)	burgemeester	
,	PC	,	
Reinier	NOU-P	Reinier	
Pauw	NOU-P	Pauw	
,	PC	,	
zelf	PD(type=d-p,position=free)	zelf	
op	ADP(type=pre)	op	
26-jarigen	AA(degree=pos,position=prenom)	26-jarig	
leeftijd	NOU-C(number=sg)	leeftijd	
reeds	ADV(type=reg)	reeds	
pensionaris	NOU-C(number=sg)	pensionaris	
van	ADP(type=pre)	van	
Amsterdam	NOU-P	Amsterdam	
,	PC	,	
gezant	NOU-C(number=sg)	gezant	
in	ADP(type=pre)	in	
Engeland	NOU-P	Engeland	
en	CONJ(type=coor)	en	
Frankrijk	NOU-P	Frankrijk	
,	PC	,	
tweemaal	ADV(type=reg)	tweemaal	
raadpensionaris	NOU-C(number=sg)	raadpensionaris	
van	ADP(type=pre)	van	
Holland	NOU-P	Holland	
,	PC	,	
een	NUM(type=card,position=free,representation=let)	een	
der	PD(type=d-p,subtype=art,position=prenom)	de	
onderhandelaars	NOU-C(number=pl)	onderhandelaar	
bij	ADP(type=pre)	bij	
den	PD(type=d-p,subtype=art,position=prenom)	de	
Munsterschen	AA(degree=pos,position=prenom)	Münsters	
vrede	NOU-C(number=sg)	vrede	
,	PC	,	
ridder	NOU-C(number=sg)	ridder	
van	ADP(type=pre)	van	
St.	NOU-P(WF=abbr)	Sint-Michiel	mw_149
Michiel	NOU-P(WF=abbr)	Sint-Michiel	mw_149
,	PC	,	
eigenaar	NOU-C(number=sg)	eigenaar	
eener	PD(type=indef,subtype=art,position=prenom)	een	
gansche	AA(degree=pos,position=prenom)	gans	
reeks	NOU-C(number=sg)	reeks	
van	ADP(type=pre)	van	
heerlijkheden	NOU-C(number=pl)	heerlijkheid	
,	PC	,	
-	PC	-	
Adriaan	NOU-P	Adriaan	
Pauw	NOU-P	Pauw	
was	VRB(finiteness=fin,tense=past)	zijn	
de	PD(type=d-p,subtype=art,position=prenom)	de	
man	NOU-C(number=sg)	man	
,	PC	,	
wien	PD(type=w-p,position=free)	wie	
't	PD(type=pers,position=free)	het	
aan	ADP(type=pre)	aan	
lust	NOU-C(number=sg)	lust	
noch	CONJ(type=coor)	noch	
vermogen	NOU-C(number=sg)	vermogen	
ontbrak	VRB(finiteness=fin,tense=past)	ontbreken	
,	PC	,	
om	ADP(type=pre)	om	
zich	PD(type=refl,position=free)	zich	
te	ADP(type=pre)	te	
omringen	VRB(finiteness=inf)	omringen	
met	ADP(type=pre)	met	
de	PD(type=d-p,subtype=art,position=prenom)	de	
weelde	NOU-C(number=sg)	weelde	
,	PC	,	
die	PD(type=d-p,position=free)	die	
aan	ADP(type=pre)	aan	
zijn	PD(type=poss,position=prenom)	zijn	
'	PC	'	
rang	NOU-C(number=sg)	rang	
in	ADP(type=pre)	in	
den	PD(type=d-p,subtype=art,position=prenom)	de	
lande	NOU-C(number=sg)	land	
voegde	VRB(finiteness=fin,tense=past)	voegen	
.	PC	.	

Hoog	AA(degree=pos,position=free)	hoog	
en	CONJ(type=coor)	en	
fier	AA(degree=pos,position=free)	fier	
rees	VRB(finiteness=fin,tense=past)	oprijzen	mw_268
zijn	PD(type=poss,position=prenom)	zijn	
statig	AA(degree=pos,position=prenom)	statig	
slot	NOU-C(number=sg)	slot	
uit	ADP(type=pre)	uit	
den	PD(type=d-p,subtype=art,position=prenom)	de	
ruimen	AA(degree=pos,position=prenom)	ruim	
vijver	NOU-C(number=sg)	vijver	
op	VRB(finiteness=fin,tense=past)	oprijzen	mw_268
,	PC	,	
met	ADP(type=pre)	met	
zijn	PD(type=poss,position=prenom)	zijn	
eenvoudig	AA(degree=pos,position=prenom)	eenvoudig	
,	PC	,	
deftig	AA(degree=pos,position=prenom)	deftig	
front	NOU-C(number=sg)	front	
,	PC	,	
waarin	ADV(type=pron)	waarin	
een	PD(type=indef,subtype=art,position=prenom)	een	
vijftal	NOU-C(number=sg)	vijftal	
breede	AA(degree=pos,position=prenom)	breed	
vensters	NOU-C(number=pl)	venster	
naast	ADP(type=pre)	naast	
de	PD(type=d-p,subtype=art,position=prenom)	de	
rijk	AA(degree=pos,position=free)	rijk	
geornamenteerde	AA(degree=pos,position=prenom)	geornamenteerd	
poort	NOU-C(number=sg)	poort	
de	PD(type=d-p,subtype=art,position=prenom)	de	
ligging	NOU-C(number=sg)	ligging	
der	PD(type=d-p,subtype=art,position=prenom)	de	
fraaije	AA(degree=pos,position=prenom)	fraai	
ridderzaal	NOU-C(number=sg)	ridderzaal	
aanwezen	VRB(finiteness=fin,tense=past)	aanwijzen	
;	PC	;	
rank	AA(degree=pos,position=free)	rank	
verhief	VRB(finiteness=fin,tense=past)	verheffen	
zich	PD(type=refl,position=free)	zich	
de	PD(type=d-p,subtype=art,position=prenom)	de	
achtkante	AA(degree=pos,position=prenom)	achtkant	
toren	NOU-C(number=sg)	toren	
uit	ADP(type=pre)	uit	
het	PD(type=d-p,subtype=art,position=prenom)	het	
dak	NOU-C(number=sg)	dak	
,	PC	,	
in	ADP(type=pre)	in	
den	PD(type=d-p,subtype=art,position=prenom)	de	
hoek	NOU-C(number=sg)	hoek	
,	PC	,	
dien	PD(type=d-p,position=free)	die	
het	PD(type=d-p,subtype=art,position=prenom)	het	
hoofdgebouw	NOU-C(number=sg)	hoofdgebouw	
met	ADP(type=pre)	met	
den	PD(type=d-p,subtype=art,position=prenom)	de	
kloeken	AA(degree=pos,position=prenom)	kloek	
regtervleugel	NOU-C(number=sg)	rechtervleugel	
vormde	VRB(finiteness=fin,tense=past)	vormen	
,	PC	,	
en	CONJ(type=coor)	en	
slank	AA(degree=pos,position=free)	slank	
steeg	VRB(finiteness=fin,tense=past)	omhoogstijgen	mw_263
de	PD(type=d-p,subtype=art,position=prenom)	de	
ronde	AA(degree=pos,position=prenom)	rond	
toren	NOU-C(number=sg)	toren	
omhoog	VRB(finiteness=fin,tense=past)	omhoogstijgen	mw_263
,	PC	,	
die	PD(type=d-p,position=free)	die	
den	PD(type=d-p,subtype=art,position=prenom)	de	
achterkant	NOU-C(number=sg)	achterkant	
van	ADP(type=pre)	van	
het	PD(type=d-p,subtype=art,position=prenom)	het	
edele	AA(degree=pos,position=prenom)	edel	
huis	NOU-C(number=sg)	huis	
versierde	VRB(finiteness=fin,tense=past)	versieren	
.	PC	.	

Aan	ADP(type=pre)	aan	
den	PD(type=d-p,subtype=art,position=prenom)	de	
linkervleugel	NOU-C(number=sg)	linkervleugel	
waren	VRB(finiteness=fin,tense=past)	zijn	
't	PD(type=pers,position=free)	het	
lagere	AA(degree=comp,position=prenom)	laag	
gebouwen	NOU-C(number=pl)	gebouw	
,	PC	,	
die	PD(type=d-p,position=free)	die	
het	PD(type=d-p,subtype=art,position=prenom)	het	
binnenplein	NOU-C(number=sg)	binnenplein	
afsloten	VRB(finiteness=fin,tense=past)	afsluiten	
,	PC	,	
maar	CONJ(type=coor)	maar	
niet	ADV(type=reg)	niet	
minder	ADV(type=reg)	minder	
in	ADP(type=pre)	in	
overeenstemming	NOU-C(number=sg)	overeenstemming	
met	ADP(type=pre)	met	
den	PD(type=d-p,subtype=art,position=prenom)	de	
ernstigen	AA(degree=pos,position=prenom)	ernstig	
stijl	NOU-C(number=sg)	stijl	
,	PC	,	
den	PD(type=d-p,subtype=art,position=prenom)	de	
degelijken	AA(degree=pos,position=prenom)	degelijk	
bouw	NOU-C(number=sg)	bouw	
van	ADP(type=pre)	van	
het	PD(type=d-p,subtype=art,position=prenom)	het	
kloeke	AA(degree=pos,position=prenom)	kloek	
geheel	NOU-C(number=sg)	geheel	
.	PC	.	

Kostbare	AA(degree=pos,position=prenom)	kostbaar	
tuinen	NOU-C(number=pl)	tuin	
omringden	VRB(finiteness=fin,tense=past)	omringen	
het	PD(type=d-p,subtype=art,position=prenom)	het	
huis	NOU-C(number=sg)	huis	
.	PC	.	

Aan	ADP(type=pre)	aan	
de	PD(type=d-p,subtype=art,position=prenom)	de	
zijde	NOU-C(number=sg)	zijde	
,	PC	,	
vanwaar	ADV(type=pron)	vanwaar	
wij	PD(type=pers,position=free)	wij	
kwamen	VRB(finiteness=fin,tense=past)	komen	
,	PC	,	
lagen	VRB(finiteness=fin,tense=past)	liggen	
lange	AA(degree=pos,position=prenom)	lang	
lanen	NOU-C(number=pl)	laan	
,	PC	,	
tusschen	ADP(type=pre)	tussen	
geschoren	AA(degree=pos,position=prenom)	geschoren	
hagen	NOU-C(number=pl)	haag	
ingesloten	VRB(finiteness=pastpart)	insluiten	
,	PC	,	
en	CONJ(type=coor)	en	
een	PD(type=indef,subtype=art,position=prenom)	een	
groote	AA(degree=pos,position=prenom)	groot	
,	PC	,	
heldere	AA(degree=pos,position=prenom)	helder	
vijver	NOU-C(number=sg)	vijver	
.	PC	.	

Twee	NUM(type=card,position=prenom,representation=let)	twee	
steenen	AA(degree=pos,position=prenom)	stenen	
poorten	NOU-C(number=pl)	poort	
,	PC	,	
met	ADP(type=pre)	met	
wapens	NOU-C(number=pl)	wapen	
versierd	VRB(finiteness=pastpart)	versieren	
,	PC	,	
leidden	VRB(finiteness=fin,tense=past)	leiden	
aan	ADP(type=pre)	aan	
het	PD(type=d-p,subtype=art,position=prenom)	het	
einde	NOU-C(number=sg)	einde	
der	PD(type=d-p,subtype=art,position=prenom)	de	
slotgracht	NOU-C(number=sg)	slotgracht	
derwaarts	ADV(type=reg)	derwaarts	
.	PC	.	

Een	PD(type=indef,subtype=art,position=prenom)	een	
steenen	AA(degree=pos,position=prenom)	stenen	
muur	NOU-C(number=sg)	muur	
omgaf	VRB(finiteness=fin,tense=past)	omgeven	
de	PD(type=d-p,subtype=art,position=prenom)	de	
gracht	NOU-C(number=sg)	gracht	
,	PC	,	
en	CONJ(type=coor)	en	
op	ADP(type=pre)	op	
het	PD(type=d-p,subtype=art,position=prenom)	het	
voorplein	NOU-C(number=sg)	voorplein	
prijkten	VRB(finiteness=fin,tense=past)	prijken	
zuilen	NOU-C(number=pl)	zuil	
en	CONJ(type=coor)	en	
standbeelden	NOU-C(number=pl)	standbeeld	
en	CONJ(type=coor)	en	
gedenksteenen	NOU-C(number=pl)	gedenksteen	
,	PC	,	
die	PD(type=d-p,position=free)	die	
zoowel	ADV(type=reg)	zowel	
van	ADP(type=pre)	van	
de	PD(type=d-p,subtype=art,position=prenom)	de	
reizen	NOU-C(number=pl)	reis	
des	PD(type=d-p,subtype=art,position=prenom)	de	
burgtheers	NOU-C(number=sg)	burchtheer	
,	PC	,	
als	CONJ(type=sub)	als	
van	ADP(type=pre)	van	
zijn	PD(type=poss,position=prenom)	zijn	
kunstliefde	NOU-C(number=sg)	kunstliefde	
verhaalden	VRB(finiteness=fin,tense=past)	verhalen	
,	PC	,	
en	CONJ(type=coor)	en	
die	PD(type=d-p,position=free)	die	
opschriften	NOU-C(number=pl)	opschrift	
droegen	VRB(finiteness=fin,tense=past)	dragen	
,	PC	,	
in	ADP(type=pre)	in	
slecht	AA(degree=pos,position=prenom)	slecht	
Latijn	NOU-P	Latijn	
en	CONJ(type=coor)	en	
getuigende	VRB(finiteness=prespart)	getuigen	
van	ADP(type=pre)	van	
een	PD(type=indef,subtype=art,position=prenom)	een	
'	PC	'	
geest	NOU-C(number=sg)	geest	
,	PC	,	
veel	ADV(type=reg)	veel	
christelijker	AA(degree=comp,position=free)	christelijk	
dan	CONJ(type=sub)	dan	
,	PC	,	
naar	ADP(type=pre)	naar	
't	PD(type=d-p,subtype=art,position=prenom)	het	
oordeel	NOU-C(number=sg)	oordeel	
zijner	PD(type=poss,position=prenom)	zijn	
talrijke	AA(degree=pos,position=prenom)	talrijk	
vijanden	NOU-C(number=pl)	vijand	
,	PC	,	
in	ADP(type=pre)	in	
Heer	NOU-C(number=sg)	heer	
Adriaans	NOU-P	Adriaan	
leven	NOU-C(number=sg)	leven	
altijd	ADV(type=reg)	altijd	
openbaar	AA(degree=pos,position=free)	openbaar	
werd	VRB(finiteness=fin,tense=past)	worden	
.	PC	.	



