Ons	PD(type=poss,position=prenom)	ons	
hart	NOU-C(number=sg)	hart	
weigert	VRB(finiteness=fin,tense=pres)	weigeren	
het	PD(type=d-p,subtype=art,position=prenom)	het	
vonnis	NOU-C(number=sg)	vonnis	
over	ADP(type=pre)	over	
den	PD(type=d-p,subtype=art,position=prenom)	de	
broeder	NOU-C(number=sg)	broeder	
uit	VRB(finiteness=inf)	uitspreken	mw_900825
te	ADP(type=pre)	te	
spreken	VRB(finiteness=inf)	uitspreken	mw_900825
,	PC	,	
en	CONJ(type=coor)	en	
onze	PD(type=poss,position=prenom)	ons	
rede	NOU-C(number=sg)	rede	
grijpt	VRB(finiteness=fin,tense=pres)	aangrijpen	mw_669263
met	ADP(type=pre)	met	
gretigheid	NOU-C(number=sg)	gretigheid	
een	PD(type=indef,subtype=art,position=prenom)	een	
stelsel	NOU-C(number=sg)	stelsel	
aan	VRB(finiteness=fin,tense=pres)	aangrijpen	mw_669263
,	PC	,	
dat	PD(type=d-p,position=free)	dat	
zijne	PD(type=poss,position=prenom)	zijn	
daden	NOU-C(number=pl)	daad	
ontschuldigt	VRB(finiteness=fin,tense=pres)	ontschuldigen	
,	PC	,	



Eerst	ADV(type=reg)	eerst	
wanneer	CONJ(type=sub)	wanneer	
het	PD(type=pers,position=free)	het	
aan	ADP(type=pre)	aan	
de	PD(type=d-p,subtype=art,position=prenom)	de	
synthetische	AA(degree=pos,position=prenom)	synthetisch	
chemie	NOU-C(number=sg)	chemie	
zal	VRB(finiteness=fin,tense=pres)	zullen	
gelukt	VRB(finiteness=pastpart)	lukken	
zijn	VRB(finiteness=inf)	zijn	
zamengestelde	AA(degree=pos,position=prenom)	samengesteld	
stoffen	NOU-C(number=pl)	stof	
als	CONJ(type=sub)	als	
suiker	NOU-C(number=sg)	suiker	
…,	PC	…,	
eiwitachtige	AA(degree=pos,position=prenom)	eiwitachtig	
zelfstandigheden	NOU-C(number=pl)	zelfstandigheid	
enz.	ADV(type=reg,WF=abbr)|ADV(type=reg,WF=abbr)	enzovoort|enzovoorts	
daar	ADV(type=reg)	daar	
te	ADP(type=pre)	te	
stellen	VRB(finiteness=inf)	stellen	
en	CONJ(type=coor)	en	
men	PD(type=pers,position=free)	men	
daaruit	ADV(type=pron)	daaruit	
organische	AA(degree=pos,position=prenom)	organisch	
wezens	NOU-C(number=pl)	wezen	
ziet	VRB(finiteness=fin,tense=pres)	zien	
geboren	AA(degree=pos,position=free)	geboren	
worden	VRB(finiteness=inf)	worden	
,	PC	,	
welker	PD(type=w-p,position=free)	welk	
kiemen	NOU-C(number=pl)	kiem	
niet	ADV(type=reg)	niet	
van	ADP(type=pre)	van	
buiten	ADV(type=reg)	buiten	
kunnen	VRB(finiteness=fin,tense=pres)	kunnen	
zijn	VRB(finiteness=inf)	zijn	
aangevoerd	VRB(finiteness=pastpart)	aanvoeren	
,	PC	,	
eerst	ADV(type=reg)	eerst	
dan	ADV(type=reg)	dan	
zal	VRB(finiteness=fin,tense=pres)	zullen	
men	PD(type=pers,position=free)	men	
kunnen	VRB(finiteness=inf)	kunnen	
spreken	VRB(finiteness=inf)	spreken	
van	ADP(type=pre)	van	
eene	PD(type=indef,subtype=art,position=prenom)	een	
ware	AA(degree=pos,position=prenom)	waar	
autogenesis	NOU-C(number=sg)	autogenesis	
,	PC	,	
van	ADP(type=pre)	van	
een	PD(type=indef,subtype=art,position=prenom)	een	
ontstaan	NOU-C(number=sg)	ontstaan	
van	ADP(type=pre)	van	
organische	AA(degree=pos,position=prenom)	organisch	
wezens	NOU-C(number=pl)	wezen	
uit	ADP(type=pre)	uit	
anorganische	AA(degree=pos,position=prenom)	anorganisch	
stof	NOU-C(number=sg)	stof	
,	PC	,	



Omnibussen	NOU-C(number=pl)	omnibus	
ratelen	VRB(finiteness=fin,tense=pres)	ratelen	
over	ADP(type=pre)	over	
de	PD(type=d-p,subtype=art,position=prenom)	de	
gladde	AA(degree=pos,position=prenom)	glad	
,	PC	,	
groote	AA(degree=pos,position=prenom)	groot	
zerken	NOU-C(number=pl)	zerk	
,	PC	,	
die	PD(type=d-p,position=free)	die	
het	PD(type=d-p,subtype=art,position=prenom)	het	
plaveisel	NOU-C(number=sg)	plaveisel	
vormen	VRB(finiteness=fin,tense=pres)	vormen	
,	PC	,	
glad	AA(degree=pos,position=free)	glad	
tot	ADP(type=pre)	tot	
aan	ADP(type=pre)	aan	
de	PD(type=d-p,subtype=art,position=prenom)	de	
huizen	NOU-C(number=pl)	huis	
toe	ADV(type=reg)	toe	
,	PC	,	
zonder	ADP(type=pre)	zonder	
goten	NOU-C(number=pl)	goot	
of	CONJ(type=coor)	of	
trottoirs	NOU-C(number=pl)	trottoir	
,	PC	,	



Je	PD(type=pers,position=free)	jij	
bent	VRB(finiteness=fin,tense=pres)	zijn	
…	PC	…	
onder	ADP(type=pre)	onder	
de	PD(type=d-p,subtype=art,position=prenom)	de	
behandeling	NOU-C(number=sg)	behandeling	
van	ADP(type=pre)	van	
mijn	PD(type=poss,position=prenom)	mijn	
vriend	NOU-C(number=sg)	vriend	
Prof	NOU-C(number=sg,WF=abbr)	professor	
.	PC	.	
S	NOU-P(WF=abbr)	S.	
.,	PC	.,	
en	CONJ(type=coor)	en	
ik	PD(type=pers,position=free)	ik	
kan	VRB(finiteness=fin,tense=pres)	kunnen	
u	PD(type=pers,position=free)	u	
geen	PD(type=indef,subtype=oth,position=prenom)	geen	
anderen	PD(type=indef,subtype=oth,position=prenom)	ander	
raad	NOU-C(number=sg)	raad	
geven	VRB(finiteness=inf)	geven	
,	PC	,	
dan	CONJ(type=coor)	dan	
den	PD(type=d-p,subtype=art,position=prenom)	de	
zijnen	NOU-C(number=sg)	zijne	
trouw	AA(degree=pos,position=free)	trouw	
te	ADP(type=pre)	te	
volgen	VRB(finiteness=inf)	volgen	
,	PC	,	



Vol	AA(degree=pos,position=free)	vol	
van	ADP(type=pre)	van	
uw	PD(type=poss,position=prenom)	uw	
genade	NOU-C(number=sg)	genade	
Trouw	AA(degree=pos,position=free)	trouw	
behoed	VRB(finiteness=pastpart)	behoeden	
voor	ADP(type=pre)	voor	
't	PD(type=d-p,subtype=art,position=prenom)	het	
kwade	NOU-C(number=sg)	kwaad	
,	PC	,	
Leef	VRB(finiteness=fin,tense=pres)	leven	
ik	PD(type=pers,position=free)	ik	
in	ADP(type=pre)	in	
U	PD(type=pers,position=free)	u	
blij	AA(degree=pos,position=free)	blij	
,	PC	,	



Wat	PD(type=w-p,position=free)	wat	
kan	VRB(finiteness=fin,tense=pres)	kunnen	
men	PD(type=pers,position=free)	men	
beters	NOU-C(number=sg)	betere	
dan	CONJ(type=coor)	dan	
eene	PD(type=indef,subtype=art,position=prenom)	een	
politiek	NOU-C(number=sg)	politiek	
van	ADP(type=pre)	van	
het	PD(type=d-p,subtype=art,position=prenom)	het	
laaghartigste	AA(degree=sup,position=prenom)	laaghartig	
en	CONJ(type=coor)	en	
trouweloosste	AA(degree=sup,position=prenom)	trouweloos	
egoïsme	NOU-C(number=sg)	egoïsme	
verwachten	VRB(finiteness=inf)	verwachten	
van	ADP(type=pre)	van	
lieden	NOU-C(number=pl)	lieden	
zoo	ADV(type=reg)	zo	
verbasterd	AA(degree=pos,position=free)	verbasterd	
,	PC	,	
dat	CONJ(type=sub)	dat	
men	PD(type=pers,position=free)	men	
de	PD(type=d-p,subtype=art,position=prenom)	de	
Andrés	NOU-C(number=pl)	André	
Kortenaar	NOU-C(number=sg)	Kortenaar	
streng	AA(degree=pos,position=free)	streng	
moet	VRB(finiteness=fin,tense=pres)	moeten	
beoordeelen	VRB(finiteness=inf)	beoordelen	
,	PC	,	
om	ADP(type=pre)	om	
in	ADP(type=pre)	in	
hen	PD(type=pers,position=free)	zij	
uwe	PD(type=poss,position=prenom)	uw	
typen	NOU-C(number=pl)	type	
te	ADP(type=pre)	te	
zien	VRB(finiteness=inf)	zien	
?	PC	?	



Truik	NOU-C(number=sg)	truc	
(	PC	(	
wvl.	NOU-P(WF=abbr)	West-Vlaams	
truke	NOU-C(number=sg)	truc	
),	PC	),	
v.	AA(degree=pos,position=free,WF=abbr)	vrouwelijk	
Trek	NOU-C(number=sg)	trek	
,	PC	,	
streek	NOU-C(number=sg)	streek	
,	PC	,	
list	NOU-C(number=sg)	list	
,	PC	,	



Een	PD(type=indef,subtype=art,position=prenom)	een	
achterkamer	NOU-C(number=sg)	achterkamer	
…,	PC	…,	
naar	ADP(type=pre)	naar	
een	PD(type=indef,subtype=art,position=prenom)	een	
kleinen	AA(degree=pos,position=prenom)	klein	
tuin	NOU-C(number=sg)	tuin	
waarop	ADV(type=pron)	waarop	
hij	PD(type=pers,position=free)	hij	
uitzag	VRB(finiteness=fin,tense=past)	uitzien	
,	PC	,	
niet	ADV(type=reg)	niet	
oneigenaartig	AA(degree=pos,position=free)	oneigenaardig	
de	PD(type=d-p,subtype=art,position=prenom)	de	
tuinkamer	NOU-C(number=sg)	tuinkamer	
geheeten	AA(degree=pos,position=free)	geheten	
,	PC	,	



Daar	ADV(type=reg)	daar	
treedt	VRB(finiteness=fin,tense=pres)	uittreden	mw_154467
hij	PD(type=pers,position=free)	hij	
dan	ADV(type=reg)	dan	
verwoed	AA(degree=pos,position=free)	verwoed	
alom	ADV(type=reg)	alom	
zijne	PD(type=poss,position=prenom)	zijn	
oevers	NOU-C(number=pl)	oever	
uit	VRB(finiteness=fin,tense=pres)	uittreden	mw_154467
;	PC	;	
Hem	PD(type=pers,position=free)	hij	
volgt	VRB(finiteness=fin,tense=pres)	volgen	
de	PD(type=d-p,subtype=art,position=prenom)	de	
trotsche	AA(degree=pos,position=prenom)	trots	
Waal	NOU-P	Waal	
…,	PC	…,	
En	CONJ(type=coor)	en	
met	ADP(type=pre)	met	
hem	PD(type=pers,position=free)	hij	
,	PC	,	
even	AA(degree=pos,position=free)	even	
tuk	AA(degree=pos,position=free)	tuk	
om	ADP(type=pre)	om	
alles	PD(type=indef,position=free)	alles	
te	ADP(type=pre)	te	
verdelgen	VRB(finiteness=inf)	verdelgen	
,	PC	,	
Verheft	VRB(finiteness=fin,tense=pres)	verheffen	
zich	PD(type=refl,position=free)	zich	
ook	ADV(type=reg)	ook	
de	PD(type=d-p,subtype=art,position=prenom)	de	
Maas	NOU-P	Maas	
met	ADP(type=pre)	met	
schrikkelijk	AA(degree=pos,position=prenom)	schrikkelijk	
geluid	NOU-C(number=sg)	geluid	
,	PC	,	



De	PD(type=d-p,subtype=art,position=prenom)	de	
uitvoering	NOU-C(number=sg)	uitvoering	
hiervan	ADV(type=pron)	hiervan	
is	VRB(finiteness=fin,tense=pres)	zijn	
door	ADP(type=pre)	door	
tusschen	AA(degree=pos,position=prenom)	tussengekomen	mw_870110
gekomene	AA(degree=pos,position=prenom)	tussengekomen	mw_870110
bedenkingen	NOU-C(number=pl)	bedenking	
en	CONJ(type=coor)	en	
omstandigheden	NOU-C(number=pl)	omstandigheid	
uitgesteld	VRB(finiteness=pastpart)	uitstellen	
geworden	VRB(finiteness=pastpart)	worden	
,	PC	,	



De	PD(type=d-p,subtype=art,position=prenom)	de	
doorgestane	AA(degree=pos,position=prenom)	doorgestaan	
aanvallen	NOU-C(number=pl)	aanval	
der	PD(type=d-p,subtype=art,position=prenom)	de	
twijfelzucht	NOU-C(number=sg)	twijfelzucht	
,	PC	,	
die	PD(type=d-p,position=free)	die	
ons	PD(type=poss,position=prenom)	ons	
geloof	NOU-C(number=sg)	geloof	
in	ADP(type=pre)	in	
Christus	NOU-P	Christus	
en	CONJ(type=coor)	en	
Christendom	NOU-C(number=sg)	christendom	
hevig	AA(degree=pos,position=free)	hevig	
schokten	VRB(finiteness=fin,tense=past)	schokken	
,	PC	,	
maar	CONJ(type=coor)	maar	
nimmer	ADV(type=reg)	nimmer	
overmogten	VRB(finiteness=fin,tense=past)	overmogen	
…	PC	…	
ô	INT	o	
alle	PD(type=indef,position=free)	al	
deze	PD(type=d-p,subtype=oth,position=prenom)	deze	
herinneringen	NOU-C(number=pl)	herinnering	
zijn	VRB(finiteness=fin,tense=pres)	zijn	
paarlen	NOU-C(number=pl)	parel	
aan	ADP(type=pre)	aan	
de	PD(type=d-p,subtype=art,position=prenom)	de	
eerekroon	NOU-C(number=sg)	erekroon	
,	PC	,	
die	PD(type=d-p,position=free)	die	
de	PD(type=d-p,subtype=art,position=prenom)	de	
regtvaardige	AA(degree=pos,position=prenom)	rechtvaardig	
Regter	NOU-C(number=sg)	rechter	
op	ADP(type=pre)	op	
onze	PD(type=poss,position=prenom)	ons	
hoofden	NOU-C(number=pl)	hoofd	
zal	VRB(finiteness=fin,tense=pres)	zullen	
drukken	VRB(finiteness=inf)	drukken	
,	PC	,	



Een	PD(type=indef,subtype=art,position=prenom)	een	
gierende	AA(degree=pos,position=prenom)	gierend	
herfstwind	NOU-C(number=sg)	herfstwind	
geeselde	VRB(finiteness=fin,tense=past)	geselen	
de	PD(type=d-p,subtype=art,position=prenom)	de	
kreunende	AA(degree=pos,position=prenom)	kreunend	
takken	NOU-C(number=pl)	tak	
,	PC	,	
die	PD(type=d-p,position=free)	die	
een	PD(type=indef,subtype=art,position=prenom)	een	
gedwarrel	NOU-C(number=sg)	gedwarrel	
van	ADP(type=pre)	van	
bladeren	NOU-C(number=pl)	blad	
en	CONJ(type=coor)	en	
geknakte	AA(degree=pos,position=prenom)	geknakt	
twijgen	NOU-C(number=pl)	twijg	
over	ADP(type=pre)	over	
den	PD(type=d-p,subtype=art,position=prenom)	de	
grond	NOU-C(number=sg)	grond	
verspreidden	VRB(finiteness=fin,tense=past)	verspreiden	
,	PC	,	



Ik	PD(type=pers,position=free)	ik	
heb	VRB(finiteness=fin,tense=pres)	hebben	
bij	ADP(type=pre)	bij	
den	PD(type=d-p,subtype=art,position=prenom)	de	
Hoogleeraar	NOU-C(number=sg)	hoogleraar	
Gaubius	NOU-P	Gaubius	
meer	ADV(type=reg)	meer	
dan	CONJ(type=coor)	dan	
één	NUM(type=card,position=prenom,representation=let)	een	
zeer	AA(degree=pos,position=free)	zeer	
fraaije	AA(degree=pos,position=prenom)	fraai	
…	PC	…	
opgespoten	AA(degree=pos,position=prenom)	opgespoten	
Koeijenmilt	NOU-C(number=sg)	koeienmilt	
gezien	VRB(finiteness=pastpart)	zien	
;	PC	;	
ik	PD(type=pers,position=free)	ik	
heb	VRB(finiteness=fin,tense=pres)	hebben	
er	ADV(type=reg)	er	
insgelijks	ADV(type=reg)	insgelijks	
gezien	VRB(finiteness=pastpart)	zien	
,	PC	,	
die	PD(type=d-p,position=free)	die	
door	ADP(type=pre)	door	
Liberkuhn	NOU-P	Liberkuhn	
met	ADP(type=pre)	met	
een	PD(type=indef,subtype=art,position=prenom)	een	
amalgama	NOU-C(number=sg)	amalgama	
of	CONJ(type=coor)	of	
mengsel	NOU-C(number=sg)	mengsel	
van	ADP(type=pre)	van	
zilver	NOU-C(number=sg)	zilver	
en	CONJ(type=coor)	en	
tin	NOU-C(number=sg)	tin	
waren	VRB(finiteness=fin,tense=past)	zijn	
opgevuld	VRB(finiteness=pastpart)	opvullen	
,	PC	,	
en	CONJ(type=coor)	en	
naderhand	ADV(type=reg)	naderhand	
met	ADP(type=pre)	met	
Spiritus	NOU-C(number=sg)	spiritus salis	mw_352100
Salis	NOU-C(number=sg)	spiritus salis	mw_352100
uitgebeten	VRB(finiteness=pastpart)	uitbijten	
,	PC	,	
overheerlijk	AA(degree=pos,position=free)	overheerlijk	
bereid	VRB(finiteness=pastpart)	bereiden	
waren	VRB(finiteness=fin,tense=past)	zijn	
,	PC	,	



Het	PD(type=d-p,subtype=art,position=prenom)	het	
blaauw	AA(degree=pos,position=prenom)	blauw	
gewulf	NOU-C(number=sg)	gewelf	
der	PD(type=d-p,subtype=art,position=prenom)	de	
hemelen	NOU-C(number=pl)	hemel	
vormde	VRB(finiteness=fin,tense=past)	vormen	
het	PD(type=d-p,subtype=art,position=prenom)	het	
verschiet	NOU-C(number=sg)	verschiet	
tegen	ADP(type=pre)	tegen	
hetwelk	PD(type=w-p,position=free)	hetwelk	
…	PC	…	
de	PD(type=d-p,subtype=art,position=prenom)	de	
wit	AA(degree=pos,position=prenom)	witgepleisterd	mw_659682
gepleisterde	AA(degree=pos,position=prenom)	witgepleisterd	mw_659682
paleizen	NOU-C(number=pl)	paleis	
uitblonken	VRB(finiteness=fin,tense=past)	uitblinken	
,	PC	,	



Dit	PD(type=d-p,subtype=oth,position=prenom)	dit	
plan	NOU-C(number=sg)	plan	
was	VRB(finiteness=fin,tense=past)	zijn	
reeds	ADV(type=reg)	reeds	
in	ADP(type=pre)	in	
1598	NUM(type=card,position=free,representation=dig)	1598	
gemaakt	VRB(finiteness=pastpart)	maken	
,	PC	,	
doch	CONJ(type=coor)	doch	
brak	VRB(finiteness=fin,tense=past)	uitbreken	mw_664880
nu	ADV(type=reg)	nu	
uit	VRB(finiteness=fin,tense=past)	uitbreken	mw_664880
en	CONJ(type=coor)	en	
wel	ADV(type=reg)	wel	
door	ADP(type=pre)	door	
zijn	PD(type=poss,position=prenom)	zijn	
Secretaris	NOU-C(number=sg)	secretaris	
L.	NOU-P(WF=abbr)	Lafin	
welke	PD(type=w-p,position=free)	welk	
hem	PD(type=pers,position=free)	hij	
verraadde	VRB(finiteness=fin,tense=past)	verraden	
,	PC	,	



't	PD(type=d-p,subtype=art,position=prenom)	het	
Opgestoven	AA(degree=pos,position=prenom)	opgestoven	
bloed	NOU-C(number=sg)	bloed	
spreidt	VRB(finiteness=fin,tense=pres)	spreiden	
op	ADP(type=pre)	op	
de	PD(type=d-p,subtype=art,position=prenom)	de	
ontsparde	AA(degree=pos,position=prenom)	ontsperd	
kaak	NOU-C(number=sg)	kaak	
Een	PD(type=indef,subtype=art,position=prenom)	een	
purperroode	AA(degree=pos,position=prenom)	purperrood	
vlam	NOU-C(number=sg)	vlam	
.	PC	.	
Het	PD(type=pers,position=free)	het	
is	VRB(finiteness=fin,tense=pres)	zijn	
de	PD(type=d-p,subtype=art,position=prenom)	de	
koorts	NOU-C(number=sg)	koorts	
der	PD(type=d-p,subtype=art,position=prenom)	de	
wraak	NOU-C(number=sg)	wraak	
,	PC	,	
Die	PD(type=d-p,position=free)	die	
uitbreekt	VRB(finiteness=fin,tense=pres)	uitbreken	
;	PC	;	
en	CONJ(type=coor)	en	
slechts	ADV(type=reg)	slechts	
God	NOU-P	God	
kan	VRB(finiteness=fin,tense=pres)	kunnen	
nog	ADV(type=reg)	nog	
den	PD(type=d-p,subtype=art,position=prenom)	de	
voortgang	NOU-C(number=sg)	voortgang	
stuiten	VRB(finiteness=inf)	stuiten	
Der	PD(type=d-p,subtype=art,position=prenom)	de	
lang	AA(degree=pos,position=free)	lang	
verkropte	AA(degree=pos,position=prenom)	verkropt	
drift	NOU-C(number=sg)	drift	
,	PC	,	



In	ADP(type=pre)	in	
ons	PD(type=pers,position=free)	wij	
beider	PD(type=indef,position=free)	beide	
gesukkel	NOU-C(number=sg)	gesukkel	
heb	VRB(finiteness=fin,tense=pres)	hebben	
ik	PD(type=pers,position=free)	ik	
nog	ADV(type=reg)	nog	
niet	ADV(type=reg)	niet	
kunnen	VRB(finiteness=inf)	kunnen	
uitbreken	VRB(finiteness=inf)	uitbreken	
,	PC	,	
om	ADP(type=pre)	om	
U	PD(type=pers,position=free)	u	
te	ADP(type=pre)	te	
schrijven	VRB(finiteness=inf)	schrijven	
,	PC	,	



Door	ADP(type=pre)	door	
deze	PD(type=d-p,subtype=oth,position=prenom)	deze	
uitdelving	NOU-C(number=sg)	uitdelving	
bekomt	VRB(finiteness=fin,tense=pres)	bekomen	
ook	ADV(type=reg)	ook	
deze	PD(type=d-p,subtype=oth,position=prenom)	deze	
watering	NOU-C(number=sg)	watering	
op	ADP(type=pre)	op	
eene	PD(type=indef,subtype=art,position=prenom)	een	
onkostbare	AA(degree=pos,position=prenom)	onkostbaar	
wijze	NOU-C(number=sg)	wijze	
eenige	PD(type=indef,subtype=oth,position=prenom)	enig	
uitdieping	NOU-C(number=sg)	uitdieping	
,	PC	,	



Er	ADV(type=reg)	er	
zijn	VRB(finiteness=fin,tense=pres)	zijn	
wijze	AA(degree=pos,position=prenom)	wijs	
mannen	NOU-C(number=pl)	man	
geweest	VRB(finiteness=pastpart)	zijn	
,	PC	,	
…	PC	…	
die	PD(type=d-p,position=free)	die	
over	ADP(type=pre)	over	
de	PD(type=d-p,subtype=art,position=prenom)	de	
beoefenaren	NOU-C(number=pl)	beoefenaar	
van	ADP(type=pre)	van	
die	PD(type=d-p,subtype=oth,position=prenom)	die	
kunst	NOU-C(number=sg)	kunst	
,	PC	,	
waarin	ADV(type=pron)	waarin	
gij	PD(type=pers,position=free)	gij	
u	PD(type=refl,position=free)	u	
zoekt	VRB(finiteness=fin,tense=pres)	zoeken	
te	ADP(type=pre)	te	
bekwamen	VRB(finiteness=inf)	bekwamen	
,	PC	,	
den	PD(type=d-p,subtype=art,position=prenom)	de	
vloek	NOU-C(number=sg)	vloek	
van	ADP(type=pre)	van	
ban	NOU-C(number=sg)	ban	
en	CONJ(type=coor)	en	
verdoemenis	NOU-C(number=sg)	verdoemenis	
hebben	VRB(finiteness=fin,tense=pres)	hebben	
uitgedonderd	VRB(finiteness=pastpart)	uitdonderen	
,	PC	,	



Dit	PD(type=d-p,subtype=oth,position=prenom)	dit	
(	PC	(	
ver-)			
gezigt	NOU-C(number=sg)	gezicht	
is	VRB(finiteness=fin,tense=pres)	zijn	
de	PD(type=d-p,subtype=art,position=prenom)	de	
oorzaak	NOU-C(number=sg)	oorzaak	
geweest	VRB(finiteness=pastpart)	zijn	
,	PC	,	
waarom	ADV(type=pron)	waarom	
de	PD(type=d-p,subtype=art,position=prenom)	de	
regenten	NOU-C(number=pl)	regent	
der	PD(type=d-p,subtype=art,position=prenom)	de	
stadt	NOU-C(number=sg)	stad	
dezen	PD(type=d-p,subtype=oth,position=prenom)	deze	
ouden	AA(degree=pos,position=prenom)	oud	
toren	NOU-C(number=sg)	toren	
hebben	VRB(finiteness=fin,tense=pres)	hebben	
laten	VRB(finiteness=inf)	laten	
repareren	VRB(finiteness=inf)	repareren	
….	PC	….	
Den	PD(type=d-p,subtype=art,position=prenom)	de	
vallenden	AA(degree=pos,position=prenom)	vallend	
avond	NOU-C(number=sg)	avond	
ons	PD(type=pers,position=free)	wij	
deze	PD(type=d-p,subtype=oth,position=prenom)	deze	
charmanten	AA(degree=pos,position=prenom)	charmant	
uitkijk	NOU-C(number=sg)	uitkijk	
niet	ADV(type=reg)	niet	
langer	AA(degree=comp,position=free)	lang	
gunnende	VRB(finiteness=prespart)	gunnen	
,	PC	,	
keerden	VRB(finiteness=fin,tense=past)	terugkeren	mw_156993
van	ADP(type=pre)	van	
daar	ADV(type=reg)	daar	
langs	ADP(type=pre)	langs	
den	PD(type=d-p,subtype=art,position=prenom)	de	
Waal	NOU-P	Waal	
na	ADP(type=pre)	na	
ons	PD(type=poss,position=prenom)	ons	
logement	NOU-C(number=sg)	logement	
terug	VRB(finiteness=fin,tense=past)	terugkeren	mw_156993
,	PC	,	



Ik	PD(type=pers,position=free)	ik	
deed	VRB(finiteness=fin,tense=past)	doen	
nog	ADV(type=reg)	nog	
maar	ADV(type=reg)	maar	
half	AA(degree=pos,position=free)	half	
uitkomen	VRB(finiteness=inf)	uitkomen	
dat	CONJ(type=sub)	dat	
Steven	NOU-P	Steven	
van	NOU-P	Van der Hagen	mw_149835
der	NOU-P	Van der Hagen	mw_149835
Haghen	NOU-P	Van der Hagen	mw_149835
eigenlijk	AA(degree=pos,position=free)	eigenlijk	
roomsch	AA(degree=pos,position=free)	Rooms	
was	VRB(finiteness=fin,tense=past)	zijn	
,	PC	,	



De	PD(type=d-p,subtype=art,position=prenom)	de	
inwoners	NOU-C(number=pl)	inwoner	
van	ADP(type=pre)	van	
oude	AA(degree=pos,position=prenom)	oud	
mannen	NOU-C(number=pl,WF=trunc)+NOU-C(number=pl,WF=trunc)+NOU-C(number=pl,WF=trunc)+NOU-C(number=pl)	mannenhuis+vrouwenhuis+bestedelinghuis+armenhuis	mw_210234
-	PC	-	
en	CONJ(type=coor)	en	
vrouwen	NOU-C(number=pl,WF=trunc)+NOU-C(number=pl,WF=trunc)+NOU-C(number=pl,WF=trunc)+NOU-C(number=pl)	mannenhuis+vrouwenhuis+bestedelinghuis+armenhuis	mw_210234
-,	PC	-,	
bestedeling	NOU-C(number=pl,WF=trunc)+NOU-C(number=pl,WF=trunc)+NOU-C(number=pl,WF=trunc)+NOU-C(number=pl)	mannenhuis+vrouwenhuis+bestedelinghuis+armenhuis	mw_210234
-	PC	-	
en	CONJ(type=coor)	en	
armenhuizen	NOU-C(number=pl,WF=trunc)+NOU-C(number=pl,WF=trunc)+NOU-C(number=pl,WF=trunc)+NOU-C(number=pl)	mannenhuis+vrouwenhuis+bestedelinghuis+armenhuis	mw_210234
komen	VRB(finiteness=fin,tense=pres)	uitkomen	mw_685639
uit	VRB(finiteness=fin,tense=pres)	uitkomen	mw_685639
,	PC	,	
met	ADP(type=pre)	met	
asthma	NOU-C(number=sg)	astma	
en	CONJ(type=coor)	en	
stokken	NOU-C(number=pl)	stok	
en	CONJ(type=coor)	en	
bevende	AA(degree=pos,position=prenom)	bevend	
handen	NOU-C(number=pl)	hand	
,	PC	,	



Dicht	AA(degree=pos,position=free)	dicht	
bij	ADP(type=pre)	bij	
het	PD(type=d-p,subtype=art,position=prenom)	het	
raam	NOU-C(number=sg)	raam	
stond	VRB(finiteness=fin,tense=past)	staan	
eene	PD(type=indef,subtype=art,position=prenom)	een	
Bacchante	NOU-C(number=sg)	bacchante	
in	ADP(type=pre)	in	
brons	NOU-C(number=sg)	brons	
.	PC	.	



Tot	ADP(type=pre)	tot	
elks	PD(type=indef,subtype=oth,position=prenom)	elk	
verbazing	NOU-C(number=sg)	verbazing	
wijd	AA(degree=pos,position=free)	wijd	
en	CONJ(type=coor)	en	
zijd	ADV(type=reg)	zijd	
Van	ADP(type=pre)	van	
zulk	PD(type=d-p,position=free)	zulk	
een	PD(type=indef,subtype=art,position=prenom)	een	
ongehoorde	AA(degree=pos,position=prenom)	ongehoord	
vlijt	NOU-C(number=sg)	vlijt	
,	PC	,	
Wanneer	CONJ(type=sub)	wanneer	
hy	PD(type=pers,position=free)	hij	
in	ADP(type=pre)	in	
de	PD(type=d-p,subtype=art,position=prenom)	de	
dorpsgehuchten	NOU-C(number=pl)	dorpsgehucht	
Zijn	PD(type=poss,position=prenom)	zijn	
kennis	NOU-C(number=sg)	kennis	
somtijds	ADV(type=reg)	somtijds	
uit	VRB(finiteness=inf)	uitluchten	mw_586764
deed	VRB(finiteness=fin,tense=past)	doen	
luchten	VRB(finiteness=inf)	uitluchten	mw_586764
,	PC	,	



Waren	VRB(finiteness=fin,tense=past)	zijn	
ze	PD(type=pers,position=free)	zij	
niet	ADV(type=reg)	niet	
uitgelokt	VRB(finiteness=pastpart)	uitlokken	
en	CONJ(type=coor)	en	
met	ADP(type=pre)	met	
woorden	NOU-C(number=pl)	woord	
gepaaid	VRB(finiteness=pastpart)	paaien	
geweest	VRB(finiteness=pastpart)	zijn	
,	PC	,	



De	PD(type=d-p,subtype=art,position=prenom)	de	
eerste	NUM(type=ord,position=prenom,representation=let)	eerste	
stap	NOU-C(number=sg)	stap	
op	ADP(type=pre)	op	
Englands	NOU-P	Engeland	
bodem	NOU-C(number=sg)	bodem	
,	PC	,	
Ach	INT	ach	
,	PC	,	
uitlokkend	AA(degree=pos,position=free)	uitlokkend	
is	VRB(finiteness=fin,tense=pres)	zijn	
hij	PD(type=pers,position=free)	hij	
niet	ADV(type=reg)	niet	
,	PC	,	
Want	CONJ(type=coor)	want	
het	PD(type=pers,position=free)	het	
is	VRB(finiteness=fin,tense=pres)	zijn	
een	PD(type=indef,subtype=art,position=prenom)	een	
vuile	AA(degree=pos,position=prenom)	vuil	
bodem	NOU-C(number=sg)	bodem	
Dien	PD(type=d-p,position=free)	die	
het	PD(type=d-p,subtype=art,position=prenom)	het	
hulpkantcor	NOU-C(number=sg,WF=mis)	hulpkantoor	
u	PD(type=pers,position=free)	u	
biedt	VRB(finiteness=fin,tense=pres)	bieden	
,	PC	,	



Aaaaa	NOU-C(number=sg)+NOU-C(number=sg)+NOU-C(number=sg)+NOU-C(number=sg)+NOU-C(number=sg)	a+a+a+a+a	
Wijzen	VRB(finiteness=fin,tense=pres)	wijzen	
aan	ADP(type=pre)	aan	
de	PD(type=d-p,subtype=art,position=prenom)	de	
uitgepelde	AA(degree=pos,position=prenom)	uitgepeld	
en	CONJ(type=coor)	en	
afgestroopte	AA(degree=pos,position=prenom)	afgestroopt	
beijen	NOU-C(number=pl)	bei	
van	ADP(type=pre)	van	
onderen	ADV(type=reg)	onderen	
te	ADP(type=pre)	te	
zien	VRB(finiteness=inf)	zien	
,	PC	,	
en	CONJ(type=coor)	en	
aan	ADP(type=pre)	aan	
het	PD(type=d-p,subtype=art,position=prenom)	het	
beijenvlies	NOU-C(number=sg)	beienvlies	
(	PC	(	
Chorion	NOU-C(number=sg)	chorion	
)	PC	)	
gehecht	VRB(finiteness=pastpart)	hechten	
,	PC	,	



Die	PD(type=d-p,subtype=oth,position=prenom)	die	
zin	NOU-C(number=sg)	zin	
zou	VRB(finiteness=fin,tense=past)	zullen	
misschien	ADV(type=reg)	misschien	
wel	ADV(type=reg)	wel	
een	PD(type=indef,subtype=art,position=prenom)	een	
beter	AA(degree=comp,position=prenom)	beter	
slot	NOU-C(number=sg)	slot	
gekregen	VRB(finiteness=pastpart)	krijgen	
hebben	VRB(finiteness=inf)	hebben	
,	PC	,	
als	CONJ(type=sub)	als	
op	ADP(type=pre)	op	
I.'s	NOU-P(WF=abbr)	I.	
gezicht	NOU-C(number=sg)	gezicht	
niet	ADV(type=reg)	niet	
duidelijk	AA(degree=pos,position=free)	duidelijk	
te	ADP(type=pre)	te	
lezen	VRB(finiteness=inf)	lezen	
had	VRB(finiteness=fin,tense=past)	hebben	
gestaan	VRB(finiteness=pastpart)	staan	
,	PC	,	
dat	CONJ(type=sub)	dat	
ze	PD(type=pers,position=free)	zij	
maar	ADV(type=reg)	maar	
wachtte	VRB(finiteness=fin,tense=past)	wachten	
tot	CONJ(type=sub)	tot	
H.	NOU-P(WF=abbr)	H.	
uitgepraat	VRB(finiteness=pastpart)	uitpraten	
had	VRB(finiteness=fin,tense=past)	hebben	
,	PC	,	
om	ADP(type=pre)	om	
te	ADP(type=pre)	te	
zeggen	VRB(finiteness=inf)	zeggen	
wat	PD(type=w-p,position=free)	wat	
ze	PD(type=pers,position=free)	zij	
op	ADP(type=pre)	op	
het	PD(type=d-p,subtype=art,position=prenom)	het	
hart	NOU-C(number=sg)	hart	
had	VRB(finiteness=fin,tense=past)	hebben	
,	PC	,	



's	PD(type=d-p,subtype=art,position=prenom)	de	
Konings	NOU-C(number=sg)	koning	
bode	NOU-C(number=sg)	bode	
begeeft	VRB(finiteness=fin,tense=pres)	begeven	
zich	PD(type=refl,position=free)	zich	
binnen	ADP(type=pre)	binnen	
de	PD(type=d-p,subtype=art,position=prenom)	de	
vesting	NOU-C(number=sg)	vesting	
om	ADP(type=pre)	om	
er	ADV(type=reg)	er	
den	PD(type=d-p,subtype=art,position=prenom)	de	
wapenstilstand	NOU-C(number=sg)	wapenstilstand	
uit	VRB(finiteness=inf)	uitroepen	mw_583481
te	ADP(type=pre)	te	
roepen	VRB(finiteness=inf)	uitroepen	mw_583481
en	CONJ(type=coor)	en	
de	PD(type=d-p,subtype=art,position=prenom)	de	
poort	NOU-C(number=sg)	poort	
te	ADP(type=pre)	te	
doen	VRB(finiteness=inf)	doen	
openzetten	VRB(finiteness=inf)	openzetten	
,	PC	,	



Een	PD(type=indef,subtype=art,position=prenom)	een	
Macht	NOU-C(number=sg)	macht	
…,	PC	…,	
die	PD(type=d-p,position=free)	die	
boven	ADP(type=pre)	boven	
lucht	NOU-C(number=sg)	lucht	
en	CONJ(type=coor)	en	
wolken	NOU-C(number=pl)	wolk	
Het	PD(type=d-p,subtype=art,position=prenom)	het	
roer	NOU-C(number=sg)	roer	
der	PD(type=d-p,subtype=art,position=prenom)	de	
dingen	NOU-C(number=pl)	ding	
wendt	VRB(finiteness=fin,tense=pres)	wenden	
,	PC	,	
en	CONJ(type=coor)	en	
d	PD(type=d-p,subtype=art,position=prenom)	de	
'	PC	'	
oorlogs	NOU-C(number=sg)	oorlogsevenaar	mw_356945
evenaar	NOU-C(number=sg)	oorlogsevenaar	mw_356945
Doet	VRB(finiteness=fin,tense=pres)	doen	
uitslaan	VRB(finiteness=inf)	uitslaan	
door	ADP(type=pre)	door	
één	NUM(type=card,position=prenom,representation=let)	een	
wenk	NOU-C(number=sg)	wenk	
in	ADP(type=pre)	in	
't	PD(type=d-p,subtype=art,position=prenom)	het	
dobbrend	AA(degree=pos,position=prenom)	dobberend	
krijgsgevaar	NOU-C(number=sg)	krijgsgevaar	
,	PC	,	



Op	ADP(type=pre)	op	
de	PD(type=d-p,subtype=art,position=prenom)	de	
tentoonstelling	NOU-C(number=sg)	tentoonstelling	
van	ADP(type=pre)	van	
schilderijen	NOU-C(number=pl)	schilderij	
in	ADP(type=pre)	in	
de	PD(type=d-p,subtype=art,position=prenom)	de	
Academie	NOU-C(number=sg)	academie	
,	PC	,	
had	VRB(finiteness=fin,tense=past)	hebben	
zij	PD(type=pers,position=free)	zij	
waaiers	NOU-C(number=pl)	waaier	
van	ADP(type=pre)	van	
Bucchi	NOU-P	Bucchi	
gezien	VRB(finiteness=pastpart)	zien	
,	PC	,	
onopgemaakt	AA(degree=pos,position=free)	onopgemaakt	
,	PC	,	
en	CONJ(type=coor)	en	
uitgespannen	VRB(finiteness=pastpart)	uitspannen	
achter	ADP(type=pre)	achter	
glas	NOU-C(number=sg)	glas	
,	PC	,	



Ik	PD(type=pers,position=free)	ik	
meen	VRB(finiteness=fin,tense=pres)	menen	
geen	PD(type=indef,subtype=oth,position=prenom)	geen	
mensch	NOU-C(number=sg)	mens	
een	PD(type=indef,subtype=art,position=prenom)	een	
zier	NOU-C(number=sg)	zier	
leed	NOU-C(number=sg)	leed	
te	ADP(type=pre)	te	
doen	VRB(finiteness=inf)	doen	
…,	PC	…,	
zelfs	ADV(type=reg)	zelfs	
niet	ADV(type=reg)	niet	
met	ADP(type=pre)	met	
eene	PD(type=indef,subtype=art,position=prenom)	een	
bakerspeld	NOU-C(number=sg)	bakerspeld	
prikken	VRB(finiteness=inf)	prikken	
,	PC	,	



In	ADP(type=pre)	in	
het	PD(type=d-p,subtype=art,position=prenom)	het	
halfrond	NOU-C(number=sg)	halfrond	
waren	VRB(finiteness=fin,tense=past)	zijn	
openingen	NOU-C(number=pl)	opening	
uitgespaerd	VRB(finiteness=pastpart)	uitsparen	
langswaer	ADP(type=pre)+ADV(type=reg)	langs+waar	
de	PD(type=d-p,subtype=art,position=prenom)	de	
verschillende	AA(degree=pos,position=prenom)	verschillend	
Gouwen	NOU-C(number=pl)	gouw	
des	PD(type=d-p,subtype=art,position=prenom)	het	
legers	NOU-C(number=sg)	leger	
in	ADP(type=pre)	in	
en	CONJ(type=coor)	en	
uit	ADP(type=pre)	uit	
de	PD(type=d-p,subtype=art,position=prenom)	de	
verschansing	NOU-C(number=sg)	verschansing	
konden	VRB(finiteness=fin,tense=past)	kunnen	
gaen	VRB(finiteness=inf)	gaan	
,	PC	,	



De	PD(type=d-p,subtype=art,position=prenom)	de	
volkren	NOU-C(number=pl)	volk	
afgedwaald	VRB(finiteness=pastpart)	afdwalen	
Van	ADP(type=pre)	van	
zeedlijkheid	NOU-C(number=sg)	zedelijkheid	
en	CONJ(type=coor)	en	
door	ADP(type=pre)	door	
geen	PD(type=indef,subtype=oth,position=prenom)	geen	
wijsheid	NOU-C(number=sg)	wijsheid	
meer	ADV(type=reg)	meer	
bestraald	VRB(finiteness=pastpart)	bestralen	
,	PC	,	
Vertrapten	VRB(finiteness=fin,tense=past)	vertrappen	
eed	NOU-C(number=sg)	eed	
en	CONJ(type=coor)	en	
wet	NOU-C(number=sg)	wet	
,	PC	,	
en	CONJ(type=coor)	en	
huichelden	VRB(finiteness=fin,tense=past)	huichelen	
met	ADP(type=pre)	met	
woorden	NOU-C(number=pl)	woord	
,	PC	,	
Om	ADP(type=pre)	om	
uit	VRB(finiteness=inf)	uitspatten	mw_408127
te	ADP(type=pre)	te	
spatten	VRB(finiteness=inf)	uitspatten	mw_408127
tot	ADP(type=pre)	tot	
de	PD(type=d-p,subtype=art,position=prenom)	de	
lafste	AA(degree=sup,position=prenom)	laf	
Koningsmoorden	NOU-C(number=pl)	koningsmoord	
,	PC	,	



De	PD(type=d-p,subtype=art,position=prenom)	de	
streek	NOU-C(number=sg)	streek	
werd	VRB(finiteness=fin,tense=past)	worden	
steeds	ADV(type=reg)	steeds	
moerassiger	AA(degree=comp,position=free)	moerassig	
,	PC	,	
en	CONJ(type=coor)	en	
scheen	VRB(finiteness=fin,tense=past)	schijnen	
de	PD(type=d-p,subtype=art,position=prenom)	de	
uitspraak	NOU-C(number=sg)	uitspraak	
van	ADP(type=pre)	van	
den	PD(type=d-p,subtype=art,position=prenom)	de	
lofredenaar	NOU-C(number=sg)	lofredenaar	
Eumenius	NOU-P	Eumenius	
te	ADP(type=pre)	te	
wettigen	VRB(finiteness=inf)	wettigen	
,	PC	,	
welke	PD(type=w-p,position=free)	welk	
beweert	VRB(finiteness=fin,tense=pres)	beweren	
,	PC	,	
dat	CONJ(type=sub)	dat	
de	PD(type=d-p,subtype=art,position=prenom)	de	
Batavische	AA(degree=pos,position=prenom)	Batavisch	
grond	NOU-C(number=sg)	grond	
bijna	ADV(type=reg)	bijna	
geen	PD(type=indef,subtype=oth,position=prenom)	geen	
grond	NOU-C(number=sg)	grond	
genoemd	VRB(finiteness=pastpart)	noemen	
kon	VRB(finiteness=fin,tense=past)	kunnen	
worden	VRB(finiteness=inf)	worden	
,	PC	,	



Uitspreiding	NOU-C(number=sg)	uitspreiding	
van	ADP(type=pre)	van	
eene	PD(type=indef,subtype=art,position=prenom)	een	
vloeistof	NOU-C(number=sg)	vloeistof	
over	ADP(type=pre)	over	
eene	PD(type=indef,subtype=art,position=prenom)	een	
andere	PD(type=indef,position=free)	ander	
…	PC	…	
Wanneer	CONJ(type=sub)	wanneer	
een	PD(type=indef,subtype=art,position=prenom)	een	
druppel	NOU-C(number=sg)	druppel	
olie	NOU-C(number=sg)	olie	
op	ADP(type=pre)	op	
water	NOU-C(number=sg)	water	
gelegd	VRB(finiteness=pastpart)	leggen	
wordt	VRB(finiteness=fin,tense=pres)	worden	
,	PC	,	
spreidt	VRB(finiteness=fin,tense=pres)	uitspreiden	mw_690604
hij	PD(type=pers,position=free)	hij	
zich	PD(type=refl,position=free)	zich	
plotseling	AA(degree=pos,position=free)	plotseling	
uit	VRB(finiteness=fin,tense=pres)	uitspreiden	mw_690604
tot	ADP(type=pre)	tot	
een	PD(type=indef,subtype=art,position=prenom)	een	
dun	AA(degree=pos,position=prenom)	dun	
vlies	NOU-C(number=sg)	vlies	
,	PC	,	



Het	PD(type=d-p,subtype=art,position=prenom)	het	
prachtig	AA(degree=pos,position=prenom)	prachtig	
huldebewijs	NOU-C(number=sg)	huldebewijs	
,	PC	,	
hem	PD(type=pers,position=free)	hij	
uit	ADP(type=pre)	uit	
aller	PD(type=indef,subtype=oth,position=prenom)	al	
naam	NOU-C(number=sg)	naam	
aangeboden	VRB(finiteness=pastpart)	aanbieden	
door	ADP(type=pre)	door	
…	PC	…	
Bosscha	NOU-P	Bosscha	
,	PC	,	
met	ADP(type=pre)	met	
een	PD(type=indef,subtype=art,position=prenom)	een	
toespraak	NOU-C(number=sg)	toespraak	
…	PC	…	
waarin	ADV(type=pron)	waarin	
bovenal	ADV(type=reg)	bovenal	
het	PD(type=d-p,subtype=art,position=prenom)	het	
hart	NOU-C(number=sg)	hart	
zich	PD(type=refl,position=free)	zich	
volkomen	AA(degree=pos,position=free)	volkomen	
in	ADV(type=reg)	in	
uitsprak	VRB(finiteness=fin,tense=past)	uitspreken	
,	PC	,	



Ik	PD(type=pers,position=free)	ik	
had	VRB(finiteness=fin,tense=past)	hebben	
…	PC	…	
aan	ADP(type=pre)	aan	
Tante	NOU-C(number=sg)	tante	
geschreven	VRB(finiteness=pastpart)	schrijven	
,	PC	,	
of	CONJ(type=sub)	of	
Haar	PD(type=poss,position=prenom)	haar	
Ed.	NOU-C(number=sg,WF=abbr)	edelheid	
nog	ADV(type=reg)	nog	
eer	CONJ(type=sub)	eer	
het	PD(type=pers,position=free)	het	
verder	AA(degree=comp,position=free)	verder	
in	ADP(type=pre)	in	
het	PD(type=d-p,subtype=art,position=prenom)	het	
najaar	NOU-C(number=sg)	najaar	
is	VRB(finiteness=fin,tense=pres)	zijn	
,	PC	,	
mij	PD(type=pers,position=free)	ik	
de	PD(type=d-p,subtype=art,position=prenom)	de	
eer	NOU-C(number=sg)	eer	
zou	VRB(finiteness=fin,tense=past)	zullen	
willen	VRB(finiteness=inf)	willen	
aandoen	VRB(finiteness=inf)	aandoen	
,	PC	,	
om	ADP(type=pre)	om	
mij	PD(type=pers,position=free)	ik	
eene	PD(type=indef,subtype=art,position=prenom)	een	
visite	NOU-C(number=sg)	visite	
op	ADP(type=pre)	op	
het	PD(type=d-p,subtype=art,position=prenom)	het	
kasteel	NOU-C(number=sg)	kasteel	
Scherpenzeel	NOU-P	Scherpenzeel	
te	ADP(type=pre)	te	
geven	VRB(finiteness=inf)	geven	
….	PC	….	
De	PD(type=d-p,subtype=art,position=prenom)	de	
Dame	NOU-C(number=sg)	dame	
is	VRB(finiteness=fin,tense=pres)	zijn	
wel	ADV(type=reg)	wel	
bijna	ADV(type=reg)	bijna	
tachtig	NUM(type=card,position=prenom,representation=let)	tachtig	
jaren	NOU-C(number=pl)	jaar	
,	PC	,	
maar	CONJ(type=coor)	maar	
zij	PD(type=pers,position=free)	zij	
houdt	VRB(finiteness=fin,tense=pres)	houden	
nog	ADV(type=reg)	nog	
wel	ADV(type=reg)	wel	
eens	ADV(type=reg)	eens	
van	ADP(type=pre)	van	
een	PD(type=indef,subtype=art,position=prenom)	een	
klein	AA(degree=pos,position=prenom)	klein	
uitstapje	NOU-C(number=sg)	uitstapje	
,	PC	,	



Nadat	CONJ(type=sub)	nadat	
men	PD(type=pers,position=free)	men	
het	PD(type=d-p,subtype=art,position=prenom)	het	
lijnwaad	NOU-C(number=sg)	lijnwaad	
,	PC	,	
in	ADP(type=pre)	in	
schoon	AA(degree=pos,position=prenom)	schoon	
water	NOU-C(number=sg)	water	
,	PC	,	
uitgewasschen	VRB(finiteness=pastpart)	uitwassen	
of	CONJ(type=coor)	of	
uitgetreden	VRB(finiteness=pastpart)	uittreden	
heeft	VRB(finiteness=fin,tense=pres)	hebben	
,	PC	,	
kan	VRB(finiteness=fin,tense=pres)	kunnen	
men	PD(type=pers,position=free)	men	
overgaan	VRB(finiteness=inf)	overgaan	
tot	ADP(type=pre)	tot	
de	PD(type=d-p,subtype=art,position=prenom)	de	
behandeling	NOU-C(number=sg)	behandeling	
met	ADP(type=pre)	met	
de	PD(type=d-p,subtype=art,position=prenom)	de	
logen	NOU-C(number=pl)	loog	
,	PC	,	



Die	PD(type=d-p,subtype=oth,position=prenom)	die	
kegels	NOU-C(number=pl)	kegel	
,	PC	,	
waarvan	ADV(type=pron)	waarvan	
we	PD(type=pers,position=free)	wij	
er	ADV(type=reg)	er	
ook	ADV(type=reg)	ook	
enkele	PD(type=indef,position=free)	enkel	
op	ADP(type=pre)	op	
den	PD(type=d-p,subtype=art,position=prenom)	de	
grond	NOU-C(number=sg)	grond	
vinden	VRB(finiteness=fin,tense=pres)	vinden	
,	PC	,	
zijn	VRB(finiteness=fin,tense=pres)	zijn	
voor	ADP(type=pre)	voor	
ons	PD(type=pers,position=free)	wij	
het	PD(type=d-p,subtype=art,position=prenom)	het	
zekerste	AA(degree=sup,position=prenom)	zeker	
kenmerk	NOU-C(number=sg)	kenmerk	
,	PC	,	
dat	PD(type=d-p,position=free)	dat	
we	PD(type=pers,position=free)	wij	
te	ADP(type=pre)	te	
doen	VRB(finiteness=inf)	doen	
hebben	VRB(finiteness=fin,tense=pres)	hebben	
met	ADP(type=pre)	met	
den	PD(type=d-p,subtype=art,position=prenom)	de	
Larix	NOU-C(number=sg)	lariks	
.	PC	.	
De	PD(type=d-p,subtype=art,position=prenom)	de	
gevleugelde	AA(degree=pos,position=prenom)	gevleugeld	
zaden	NOU-C(number=pl)	zaad	
zijn	VRB(finiteness=fin,tense=pres)	zijn	
er	ADV(type=reg)	er	
reeds	ADV(type=reg)	reeds	
lang	AA(degree=pos,position=free)	lang	
uitgevallen	VRB(finiteness=pastpart)	uitvallen	
,	PC	,	



Wat	PD(type=w-p,position=free)	wat	
hij	PD(type=pers,position=free)	hij	
zegt	VRB(finiteness=fin,tense=pres)	zeggen	
over	ADP(type=pre)	over	
kunst	NOU-C(number=sg)	kunst	
is	VRB(finiteness=fin,tense=pres)	zijn	
altijd	ADV(type=reg)	altijd	
pittig	AA(degree=pos,position=free)	pittig	
en	CONJ(type=coor)	en	
hij	PD(type=pers,position=free)	hij	
geeft	VRB(finiteness=fin,tense=pres)	geven	
dikwijls	ADV(type=reg)	dikwijls	
wenken	NOU-C(number=pl)	wenk	
die	PD(type=d-p,position=free)	die	
praktisch	AA(degree=pos,position=free)	praktisch	
en	CONJ(type=coor)	en	
uitvoerbaar	AA(degree=pos,position=free)	uitvoerbaar	
zijn	VRB(finiteness=fin,tense=pres)	zijn	
,	PC	,	



Men	PD(type=pers,position=free)	men	
heeft	VRB(finiteness=fin,tense=pres)	hebben	
dit	PD(type=d-p,subtype=oth,position=prenom)	dit	
verschijnsel	NOU-C(number=sg)	verschijnsel	
ook	ADV(type=reg)	ook	
wel	ADV(type=reg)	wel	
eens	ADV(type=reg)	eens	
bij	ADP(type=pre)	bij	
sterk	AA(degree=pos,position=free)	sterk	
uitwasemende	AA(degree=pos,position=prenom)	uitwasemend	
menschen	NOU-C(number=pl)	mens	
en	CONJ(type=coor)	en	
paarden	NOU-C(number=pl)	paard	
waargenomen	VRB(finiteness=pastpart)	waarnemen	
,	PC	,	



Ik	PD(type=pers,position=free)	ik	
gevoel	VRB(finiteness=fin,tense=pres)	gevoelen	
my	PD(type=refl,position=free)	mij	
…	PC	…	
een	PD(type=indef,subtype=art,position=prenom)	een	
eenvoudig	AA(degree=pos,position=prenom)	eenvoudig	
…	PC	…	
Christen	NOU-C(number=sg)	christen	
,	PC	,	
die	PD(type=d-p,position=free)	die	
…	PC	…	
dagelijks	ADV(type=reg)	dagelijks	
om	ADP(type=pre)	om	
vermeerdering	NOU-C(number=sg)	vermeerdering	
en	CONJ(type=coor)	en	
versterking	NOU-C(number=sg)	versterking	
van	ADP(type=pre)	van	
geloof	NOU-C(number=sg)	geloof	
smeeken	VRB(finiteness=inf)	smeken	
moet	VRB(finiteness=fin,tense=pres)	moeten	
,	PC	,	
en	CONJ(type=coor)	en	
zijne	PD(type=poss,position=prenom)	zijn	
zaligheid	NOU-C(number=sg)	zaligheid	
…	PC	…	
met	ADP(type=pre)	met	
vreezen	NOU-C(number=sg)	vrezen	
en	CONJ(type=coor)	en	
beeven	NOU-C(number=sg)	beven	
moet	VRB(finiteness=fin,tense=pres)	moeten	
uitwerken	VRB(finiteness=inf)	uitwerken	
,	PC	,	



Gevoel	NOU-C(number=sg)	gevoel	
,	PC	,	
Verbeelding	NOU-C(number=sg)	verbeelding	
,	PC	,	
Heldenmoed	NOU-C(number=sg)	heldenmoed	
…,	PC	…,	
Te	VRB(finiteness=pastpart)	samensmelten	mw_317055
zaam	VRB(finiteness=pastpart)	samensmelten	mw_317055
gesmolten	VRB(finiteness=pastpart)	samensmelten	mw_317055
tot	ADP(type=pre)	tot	
één	NUM(type=card,position=prenom,representation=let)	een	
gloed	NOU-C(number=sg)	gloed	
,	PC	,	
En	CONJ(type=coor)	en	
door	ADP(type=pre)	door	
den	PD(type=d-p,subtype=art,position=prenom)	de	
boezem	NOU-C(number=sg)	boezem	
uitgezonden	VRB(finiteness=pastpart)	uitzenden	
Op	ADP(type=pre)	op	
vleugelen	NOU-C(number=pl)	vleugel	
van	ADP(type=pre)	van	
melody	NOU-C(number=sg)	melodie	
,	PC	,	



Uitzet	NOU-C(number=sg)	uitzet	
,	PC	,	
soort	NOU-C(number=sg)	soort	
van	ADP(type=pre)	van	
bruin	AA(degree=pos,position=prenom)	bruin	
bier	NOU-C(number=sg)	bier	
veel	PD(type=indef,position=free)	veel	
in	ADP(type=pre)	in	
Oostvl.	NOU-P(WF=abbr)	Oost-Vlaanderen	
…	PC	…	
gebrouwen	VRB(finiteness=pastpart)	brouwen	
,	PC	,	



Zij	PD(type=pers,position=free)	zij	
zocht	VRB(finiteness=fin,tense=past)	zoeken	
met	ADP(type=pre)	met	
M.	NOU-P(WF=abbr)	M.	
te	ADP(type=pre)	te	
spreken	VRB(finiteness=inf)	spreken	
,	PC	,	
M.	NOU-P(WF=abbr)	M.	
scheen	VRB(finiteness=fin,tense=past)	schijnen	
haar	PD(type=pers,position=free)	zij	
niet	ADV(type=reg)	niet	
te	ADP(type=pre)	te	
verstaan	VRB(finiteness=inf)	verstaan	
:	PC	:	
dit	PD(type=d-p,position=free)	dit	
maakte	VRB(finiteness=fin,tense=past)	maken	
haar	PD(type=pers,position=free)	zij	
uitzinnig	AA(degree=pos,position=free)	uitzinnig	
,	PC	,	
haar	PD(type=poss,position=prenom)	haar	
aangezigt	NOU-C(number=sg)	aangezicht	
gloeide	VRB(finiteness=fin,tense=past)	gloeien	
van	ADP(type=pre)	van	
gramschap	NOU-C(number=sg)	gramschap	
,	PC	,	



—	PC	—	
Wanneer	CONJ(type=sub)	wanneer	
zij	PD(type=pers,position=free)	zij	
hare	PD(type=poss,position=prenom)	haar	
barcarolle	NOU-C(number=sg)	barcarolle	
eindigde	VRB(finiteness=fin,tense=past)	eindigen	
met	ADP(type=pre)	met	
den	PD(type=d-p,subtype=art,position=prenom)	de	
groet	NOU-C(number=sg)	groet	
aan	ADP(type=pre)	aan	
de	PD(type=d-p,subtype=art,position=prenom)	de	
geliefde	AA(degree=pos,position=prenom)	geliefd	
geboortestad	NOU-C(number=sg)	geboortestad	
…	PC	…	
gloeiden	VRB(finiteness=fin,tense=past)	gloeien	
al	PD(type=indef,position=free)	al	
die	PD(type=d-p,subtype=oth,position=prenom)	die	
bruine	AA(degree=pos,position=prenom)	bruin	
aangezichten	NOU-C(number=pl)	aangezicht	
van	ADP(type=pre)	van	
geestdrift	NOU-C(number=sg)	geestdrift	
voor	ADP(type=pre)	voor	
het	PD(type=d-p,subtype=art,position=prenom)	het	
gezegende	AA(degree=pos,position=prenom)	gezegend	
Venetië	NOU-P	Venetië	
,	PC	,	



—	PC	—	
Alle	PD(type=indef,subtype=oth,position=prenom)	al	
visch	NOU-C(number=sg)	vis	
is	VRB(finiteness=fin,tense=pres)	zijn	
bij	ADP(type=pre)	bij	
de	PD(type=d-p,subtype=art,position=prenom)	de	
overstrooming	NOU-C(number=sg)	overstroming	
uit	ADP(type=pre)	uit	
den	PD(type=d-p,subtype=art,position=prenom)	de	
vijver	NOU-C(number=sg)	vijver	
uitgezwommen	VRB(finiteness=pastpart)	uitzwemmen	
,	PC	,	



—	PC	—	
Kunnen	VRB(finiteness=fin,tense=pres)	kunnen	
de	PD(type=d-p,subtype=art,position=prenom)	de	
splinters	NOU-C(number=pl)	splinter	
niet	ADV(type=reg)	niet	
uitgetrokken	VRB(finiteness=pastpart)	uittrekken	
worden	VRB(finiteness=inf)	worden	
,	PC	,	
zoo	ADV(type=reg)	zo	
baadt	VRB(finiteness=fin,tense=pres)	baden	
men	PD(type=pers,position=free)	men	
de	PD(type=d-p,subtype=art,position=prenom)	de	
wonde	NOU-C(number=sg)	wond	
eerst	ADV(type=reg)	eerst	
met	ADP(type=pre)	met	
warmen	AA(degree=pos,position=prenom)	warm	
waterstoom	NOU-C(number=sg)	waterstoom	
,	PC	,	
legt	VRB(finiteness=fin,tense=pres)	leggen	
een	PD(type=indef,subtype=art,position=prenom)	een	
in	ADP(type=pre)	in	
melk	NOU-C(number=sg)	melk	
gekookten	AA(degree=pos,position=prenom)	gekookt	
pap	NOU-C(number=sg)	pap	
van	ADP(type=pre)	van	
roggebroods-kruim	NOU-C(number=sg)	roggebroodskruim	
er	ADV(type=pron)	erop	mw_987450
op	ADV(type=pron)	erop	mw_987450
…	PC	…	
Zoo	ADV(type=reg)	zo	
bevordert	VRB(finiteness=fin,tense=pres)	bevorderen	
men	PD(type=pers,position=free)	men	
het	PD(type=d-p,subtype=art,position=prenom)	het	
uitzweeren	NOU-C(number=sg)	uitzweren	
van	ADP(type=pre)	van	
het	PD(type=d-p,subtype=art,position=prenom)	het	
ingestooten	AA(degree=pos,position=prenom)	ingestoten	
voorwerp	NOU-C(number=sg)	voorwerp	
,	PC	,	



Urao	NOU-C(number=sg)	urao	
,	PC	,	
een	PD(type=indef,subtype=art,position=prenom)	een	
kolenzuur	NOU-C(number=sg)	koolzuur	
natron	NOU-C(number=sg)	natron	
,	PC	,	
dat	PD(type=d-p,position=free)	dat	
sedert	ADP(type=pre)	sedert	
vele	PD(type=indef,subtype=oth,position=prenom)	veel	
jaren	NOU-C(number=pl)	jaar	
uit	ADP(type=pre)	uit	
een	PD(type=indef,subtype=art,position=prenom)	een	
klein	AA(degree=pos,position=prenom)	klein	
meer	NOU-C(number=sg)	meer	
bij	ADP(type=pre)	bij	
Merida	NOU-P	Merida	
in	ADP(type=pre)	in	
Zuid-Amerika	NOU-P	Zuid-Amerika	
verkregen	VRB(finiteness=pastpart)	verkrijgen	
wordt	VRB(finiteness=fin,tense=pres)	worden	
,	PC	,	



Urinaat	NOU-C(number=sg)	urinaat	
is	VRB(finiteness=fin,tense=pres)	zijn	
eene	PD(type=indef,subtype=art,position=prenom)	een	
door	ADP(type=pre)	door	
Bergmann	NOU-P	Bergmann	
te	ADP(type=pre)	te	
Waldheim	NOU-P	Waldheim	
in	ADP(type=pre)	in	
Saksen	NOU-P	Saksen	
vervaardigde	AA(degree=pos,position=prenom)	vervaardigd	
meststof	NOU-C(number=sg)	meststof	
,	PC	,	
die	PD(type=d-p,position=free)	die	
uit	ADP(type=pre)	uit	
menschendrek	NOU-C(number=sg)	mensendrek	
en	CONJ(type=coor)	en	
pisvocht	NOU-C(number=sg)	pisvocht	
zaamgesteld	VRB(finiteness=pastpart)	samenstellen	
wordt	VRB(finiteness=fin,tense=pres)	worden	
,	PC	,	
welke	PD(type=w-p,position=prenom)	welk	
stoffen	NOU-C(number=pl)	stof	
men	PD(type=pers,position=free)	men	
in	ADP(type=pre)	in	
groote	AA(degree=pos,position=prenom)	groot	
vaten	NOU-C(number=pl)	vat	
laat	VRB(finiteness=fin,tense=pres)	laten	
gisten	VRB(finiteness=inf)	gissen	
,	PC	,	



—	PC	—	
Heeft	VRB(finiteness=fin,tense=pres)	hebben	
de	PD(type=d-p,subtype=art,position=prenom)	de	
usurpator	NOU-C(number=sg)	usurpator	
het	PD(type=d-p,subtype=art,position=prenom)	het	
bezit	NOU-C(number=sg)	bezit	
der	PD(type=d-p,subtype=art,position=prenom)	de	
staatsmagt	NOU-C(number=sg)	staatsmacht	
verkregen	VRB(finiteness=pastpart)	verkrijgen	
,	PC	,	
dan	ADV(type=reg)	dan	
moeten	VRB(finiteness=fin,tense=pres)	moeten	
na	ADP(type=pre)	na	
zijn	PD(type=poss,position=prenom)	zijn	
val	NOU-C(number=sg)	val	
zijne	PD(type=poss,position=prenom)	zijn	
regeringsdaden	NOU-C(number=pl)	regeringsdaad	
door	ADP(type=pre)	door	
den	PD(type=d-p,subtype=art,position=prenom)	de	
teruggekeerden	AA(degree=pos,position=prenom)	teruggekeerd	
regtmatigen	AA(degree=pos,position=prenom)	rechtmatig	
beheerscher	NOU-C(number=sg)	beheerser	
worden	VRB(finiteness=inf)	worden	
erkend	VRB(finiteness=pastpart)	erkennen	
,	PC	,	



Gants	AA(degree=pos,position=free)	gans	
vaal	AA(degree=pos,position=free)	vaal	
en	CONJ(type=coor)	en	
aschgraauw	AA(degree=pos,position=free)	asgrauw	
,	PC	,	
zweefde	VRB(finiteness=fin,tense=past)	zweven	
…	PC	…	
Een	PD(type=indef,subtype=art,position=prenom)	een	
zwarte	AA(degree=pos,position=prenom)	zwart	
vlinder	NOU-C(number=sg)	vlinder	
door	ADP(type=pre)	door	
de	PD(type=d-p,subtype=art,position=prenom)	de	
bogen	NOU-C(number=pl)	boog	
,	PC	,	



De	PD(type=d-p,subtype=art,position=prenom)	de	
hemelen	NOU-C(number=pl)	hemel	
,	PC	,	
de	PD(type=d-p,subtype=art,position=prenom)	de	
heemlen	NOU-C(number=pl)	hemel	
moeten	VRB(finiteness=fin,tense=pres)	moeten	
dalen	VRB(finiteness=inf)	dalen	
,	PC	,	
Zoo	CONJ(type=sub)	zo	
de	PD(type=d-p,subtype=art,position=prenom)	de	
echte	AA(degree=pos,position=prenom)	echt	
geest	NOU-C(number=sg)	geest	
der	PD(type=d-p,subtype=art,position=prenom)	de	
Dichtkunst	NOU-C(number=sg)	dichtkunst	
u	PD(type=pers,position=free)	u	
verrukt	VRB(finiteness=fin,tense=pres)	verrukken	
!	PC	!	
…	PC	…	
Vermoogt	VRB(finiteness=fin,tense=pres)	vermogen	
gy	PD(type=pers,position=free)	gij	
dit	PD(type=d-p,position=free)	dit	
,	PC	,	
gy	PD(type=pers,position=free)	gij	
,	PC	,	
Barden	NOU-C(number=pl)	bard	
van	ADP(type=pre)	van	
het	PD(type=d-p,subtype=art,position=prenom)	het	
Noord	NOU-C(number=sg)	noord	
?	PC	?	
Neen	ADV(type=reg)	neen	
!	PC	!	
Gy	PD(type=pers,position=free)	gij	
alleen	AA(degree=pos,position=free)	alleen	
,	PC	,	
Jerusalems	NOU-P	Jeruzalem	
Profeten	NOU-C(number=pl)	profeet	
!	PC	!	



Dat	CONJ(type=sub)	dat	
hij	PD(type=pers,position=free)	hij	
verga	VRB(finiteness=fin,tense=pres)	vergaan	
,	PC	,	
die	PD(type=d-p,position=free)	die	
diep	AA(degree=pos,position=free)	diep	
verbasterd	AA(degree=pos,position=free)	verbasterd	
,	PC	,	
Den	PD(type=d-p,subtype=art,position=prenom)	de	
vaderlandschen	AA(degree=pos,position=prenom)	vaderlands	
grond	NOU-C(number=sg)	grond	
miskent	VRB(finiteness=fin,tense=pres)	miskennen	
,	PC	,	



De	PD(type=d-p,subtype=art,position=prenom)	de	
verreizende	AA(degree=pos,position=prenom)	verreizend	
,	PC	,	
emigrerende	AA(degree=pos,position=prenom)	emigrerend	
,	PC	,	
vagabunderende	AA(degree=pos,position=prenom)	vagebonderend	
,	PC	,	
dat	PD(type=d-p,position=free)	dat	
is	VRB(finiteness=fin,tense=pres)	zijn	
zwervende	AA(degree=pos,position=prenom)	zwervend	
Menschen	NOU-C(number=pl)	mens	
,	PC	,	



Liederen	NOU-C(number=pl)	lied	
…	PC	…	
die	PD(type=d-p,position=free)	die	
…	PC	…	
bij	ADP(type=pre)	bij	
't	PD(type=d-p,subtype=art,position=prenom)	het	
vak	NOU-C(number=sg)	vak	
der	PD(type=d-p,subtype=art,position=prenom)	de	
minneliederen	NOU-C(number=pl)	minnelied	
behooren	VRB(finiteness=fin,tense=pres)	behoren	
,	PC	,	



Kinderen	NOU-C(number=pl)	kind	
stapelen	VRB(finiteness=fin,tense=pres)	stapelen	
gaarne	ADV(type=reg)	gaarne	
voorwerpen	NOU-C(number=pl)	voorwerp	
op	ADP(type=pre)	op	
elkander	PD(type=recip,position=free)	elkander	
,	PC	,	
zij	PD(type=pers,position=free)	zij	
bouwen	VRB(finiteness=fin,tense=pres)	bouwen	
dan	ADV(type=reg)	dan	
eene	PD(type=indef,subtype=art,position=prenom)	een	
valbrug	NOU-C(number=sg)	valbrug	
,	PC	,	



Ieder	PD(type=indef,subtype=oth,position=prenom)	ieder	
vogeltj	NOU-C(number=sg)	vogeltje	
'	PC	'	
…	PC	…	
Orgelt	VRB(finiteness=fin,tense=pres)	orgelen	
in	ADP(type=pre)	in	
zijn	PD(type=poss,position=prenom)	zijn	
eigen	AA(degree=pos,position=prenom)	eigen	
tonen	NOU-C(number=pl)	toon	
…	PC	…	
Wie	PD(type=w-p,position=free)	wie	
zijn	PD(type=poss,position=prenom)	zijn	
wildzang	NOU-C(number=sg)	wildzang	
wil	VRB(finiteness=fin,tense=pres)	willen	
verschoonen	VRB(finiteness=inf)	verschonen	
,	PC	,	
Wringe	VRB(finiteness=fin,tense=pres)	wringen	
't	PD(type=d-p,subtype=art,position=prenom)	het	
andere	NUM(type=ord,position=free,representation=let)	ander	
uit	ADP(type=pre)	uit	
den	PD(type=d-p,subtype=art,position=prenom)	de	
hals	NOU-C(number=sg)	hals	
;	PC	;	
Kreupel	AA(degree=pos,position=free)	kreupel	
zingt	VRB(finiteness=fin,tense=pres)	zingen	
het	PD(type=pers,position=free)	het	
,	PC	,	
stijf	AA(degree=pos,position=free)	stijf	
,	PC	,	
en	CONJ(type=coor)	en	
valsch	AA(degree=pos,position=free)	vals	
,	PC	,	



Vampire	RES(type=for)	vampire	
,	PC	,	
Fr	NOU-P(WF=abbr)	Frans	
.,	PC	.,	
bloedzuiger	NOU-C(number=sg)	bloedzuiger	
;	PC	;	
volgens	ADP(type=pre)	volgens	
een	PD(type=indef,subtype=art,position=prenom)	een	
bijgeloovig	AA(degree=pos,position=prenom)	bijgelovig	
gevoelen	NOU-C(number=sg)	gevoelen	
,	PC	,	
een	PD(type=indef,subtype=art,position=prenom)	een	
afgestorvene	NOU-C(number=sg)	afgestorvene	
,	PC	,	
die	PD(type=d-p,position=free)	die	
uit	ADP(type=pre)	uit	
zijn	PD(type=poss,position=prenom)	zijn	
graf	NOU-C(number=sg)	graf	
opstaat	VRB(finiteness=fin,tense=pres)	opstaan	
,	PC	,	
menschen	NOU-C(number=pl)	mens	
en	CONJ(type=coor)	en	
vee	NOU-C(number=sg)	vee	
aanvalt	VRB(finiteness=fin,tense=pres)	aanvallen	
,	PC	,	
en	CONJ(type=coor)	en	
,	PC	,	
door	ADP(type=pre)	door	
uitzuiging	NOU-C(number=sg)	uitzuiging	
van	ADP(type=pre)	van	
het	PD(type=d-p,subtype=art,position=prenom)	het	
bloed	NOU-C(number=sg)	bloed	
,	PC	,	
doet	VRB(finiteness=fin,tense=pres)	doen	
sterven	VRB(finiteness=inf)	sterven	
,	PC	,	



Zij	PD(type=pers,position=free)	zij	
ziet	VRB(finiteness=fin,tense=pres)	zien	
…	PC	…	
hier	ADV(type=reg)	hier	
hulp	NOU-C(number=sg)	hulp	
vandoen	ADV(type=reg)	vandoen	
,	PC	,	
die	PD(type=d-p,position=free)	die	
zij	PD(type=pers,position=free)	zij	
niet	ADV(type=reg)	niet	
weet	VRB(finiteness=fin,tense=pres)	weten	
te	ADP(type=pre)	te	
geven	VRB(finiteness=inf)	geven	
,	PC	,	



Een	PD(type=indef,subtype=art,position=prenom)	een	
gezwel	NOU-C(number=sg)	gezwel	
…,	PC	…,	
hetgene	PD(type=d-p,position=free)	hetgeen	
de	PD(type=d-p,subtype=art,position=prenom)	de	
mol	NOU-C(number=sg)	mol	
,	PC	,	
of	CONJ(type=coor)	of	
bij	ADP(type=pre)	bij	
ons	PD(type=pers,position=free)	wij	
de	PD(type=d-p,subtype=art,position=prenom)	de	
varent	NOU-C(number=sg)	varen	
…	PC	…	
genaamd	VRB(finiteness=pastpart)	namen	
wordt	VRB(finiteness=fin,tense=pres)	worden	
,	PC	,	
en	CONJ(type=coor)	en	
in	ADP(type=pre)	in	
de	PD(type=d-p,subtype=art,position=prenom)	de	
spieren	NOU-C(number=pl)	spier	
en	CONJ(type=coor)	en	
pezen	NOU-C(number=pl)	pees	
indringende	VRB(finiteness=prespart)	indringen	
,	PC	,	
eenen	PD(type=indef,subtype=art,position=prenom)	een	
waterachtigen	AA(degree=pos,position=prenom)	waterachtig	
,	PC	,	
stinkenden	AA(degree=pos,position=prenom)	stinkend	
etter	NOU-C(number=sg)	etter	
ontlast	VRB(finiteness=fin,tense=pres)	ontlasten	
,	PC	,	
zijnde	VRB(finiteness=prespart)	zijn	
zulks	PD(type=d-p,position=free)	zulks	
een	PD(type=indef,subtype=art,position=prenom)	een	
nekfistel	NOU-C(number=sg)	nekfistel	
,	PC	,	
welke	PD(type=w-p,position=free)	welk	
somtijds	ADV(type=reg)	somtijds	
,	PC	,	
door	ADP(type=pre)	door	
uitwendige	AA(degree=pos,position=prenom)	uitwendig	
,	PC	,	
vaak	ADV(type=reg)	vaak	
echter	ADV(type=reg)	echter	
uit	ADP(type=pre)	uit	
inwendige	AA(degree=pos,position=prenom)	inwendig	
oorzaken	NOU-C(number=pl)	oorzaak	
ontstaat	VRB(finiteness=fin,tense=pres)	ontstaan	
,	PC	,	
en	CONJ(type=coor)	en	
altijd	ADV(type=reg)	altijd	
gevaarlijk	AA(degree=pos,position=free)	gevaarlijk	
is	VRB(finiteness=fin,tense=pres)	zijn	
,	PC	,	



—	PC	—	
Dominee	NOU-C(number=sg)	dominee	
Bol	NOU-P	Bol	
heeft	VRB(finiteness=fin,tense=pres)	hebben	
voor	ADP(type=pre)	voor	
alle	PD(type=indef,subtype=oth,position=prenom)	al	
beroepen	NOU-C(number=pl)	beroep	
naar	ADP(type=pre)	naar	
elders	ADV(type=reg)	elders	
bedankt	VRB(finiteness=pastpart)	bedanken	
en	CONJ(type=coor)	en	
gaat	VRB(finiteness=fin,tense=pres)	voortgaan	mw_102021
voort	VRB(finiteness=fin,tense=pres)	voortgaan	mw_102021
,	PC	,	
de	PD(type=d-p,subtype=art,position=prenom)	de	
gemeente	NOU-C(number=sg)	gemeente	
van	ADP(type=pre)	van	
Hardestein	NOU-P	Hardestein	
te	ADP(type=pre)	te	
stichten	VRB(finiteness=inf)	stichten	
,	PC	,	



Dat	CONJ(type=sub)	dat	
men	PD(type=pers,position=free)	men	
den	PD(type=d-p,subtype=art,position=prenom)	de	
vasten	AA(degree=pos,position=prenom)	vast	
grond	NOU-C(number=sg)	grond	
zijner	PD(type=poss,position=prenom)	zijn	
roeping	NOU-C(number=sg)	roeping	
en	CONJ(type=coor)	en	
verkiezing	NOU-C(number=sg)	verkiezing	
onder	ADP(type=pre)	onder	
de	PD(type=d-p,subtype=art,position=prenom)	de	
voeten	NOU-C(number=pl)	voet	
heeft	VRB(finiteness=fin,tense=pres)	hebben	
,	PC	,	



God	NOU-C(number=sg)	god	
van	ADP(type=pre)	van	
heil	NOU-C(number=sg)	heil	
!	PC	!	
zie	VRB(finiteness=fin,tense=pres)	zien	
daar	ADV(type=reg)	daar	
uw	PD(type=poss,position=prenom)	uw	
hooge	AA(degree=pos,position=prenom)	hoog	
wet	NOU-C(number=sg)	wet	
!	PC	!	
't	PD(type=pers,position=free)	het	
Draait	VRB(finiteness=fin,tense=pres)	omdraaien	mw_694794
alles	PD(type=indef,position=free)	alles	
om	VRB(finiteness=fin,tense=pres)	omdraaien	mw_694794
in	ADP(type=pre)	in	
onverbroken	AA(degree=pos,position=prenom)	onverbroken	
kringen.	NOU-C(number=pl)	kring	
't	PD(type=pers,position=free)	het	
Heeft	VRB(finiteness=fin,tense=pres)	hebben	
al	PD(type=indef,position=free)	al	
zijn	PD(type=poss,position=prenom)	zijn	
paal	NOU-C(number=sg)	paal	
,	PC	,	
dien	PD(type=d-p,position=free)	die	
,	PC	,	
door	ADP(type=pre)	door	
U	PD(type=pers,position=free)	u	
vastgezet	VRB(finiteness=pastpart)	vastzetten	
,	PC	,	
Noch	CONJ(type=coor)	noch	
macht	NOU-C(number=sg)	macht	
,	PC	,	
noch	CONJ(type=coor)	noch	
kracht	NOU-C(number=sg)	kracht	
,	PC	,	
noch	CONJ(type=coor)	noch	
wijsheid	NOU-C(number=sg)	wijsheid	
los	VRB(finiteness=inf)	loswringen	mw_956546
kan	VRB(finiteness=fin,tense=pres)	kunnen	
wringen	VRB(finiteness=inf)	loswringen	mw_956546
,	PC	,	



Hij	PD(type=pers,position=free)	hij	
heeft	VRB(finiteness=fin,tense=pres)	hebben	
bij	ADP(type=pre)	bij	
mij	PD(type=pers,position=free)	ik	
nog	ADV(type=reg)	nog	
iets	PD(type=indef,position=free)	iets	
in	ADP(type=pre)	in	
het	PD(type=d-p,subtype=art,position=prenom)	het	
vat	NOU-C(number=sg)	vat	
,	PC	,	
hij	PD(type=pers,position=free)	hij	
staat	VRB(finiteness=fin,tense=pres)	staan	
bij	ADP(type=pre)	bij	
mij	PD(type=pers,position=free)	ik	
nog	ADV(type=reg)	nog	
in	ADP(type=pre)	in	
het	PD(type=d-p,subtype=art,position=prenom)	het	
krijt	NOU-C(number=sg)	krijt	
,	PC	,	
wij	PD(type=pers,position=free)	wij	
hebben	VRB(finiteness=fin,tense=pres)	hebben	
nog	ADV(type=reg)	nog	
wat	PD(type=indef,position=free)	wat	
af	VRB(finiteness=inf)	afrekenen	mw_859385
te	ADP(type=pre)	te	
rekenen	VRB(finiteness=inf)	afrekenen	mw_859385
samen	ADV(type=reg)	samen	
,	PC	,	



Is	VRB(finiteness=fin,tense=pres)	zijn	
nog	ADV(type=reg)	nog	
wat	PD(type=indef,position=free)	wat	
in	ADP(type=pre)	in	
't	PD(type=d-p,subtype=art,position=prenom)	het	
vat	NOU-C(number=sg)	vat	
:	PC	:	
er	ADV(type=reg)	er	
is	VRB(finiteness=fin,tense=pres)	zijn	
nog	ADV(type=reg)	nog	
wat	PD(type=indef,position=free)	wat	
te	ADP(type=pre)	te	
behandelen	VRB(finiteness=inf)	behandelen	
,	PC	,	
te	ADP(type=pre)	te	
verhakstukken	VRB(finiteness=inf)	verhakstukken	
,	PC	,	
te	ADP(type=pre)	te	
bepraten	VRB(finiteness=inf)	bepraten	
,	PC	,	
en	CONJ(type=coor)	en	
ook	ADV(type=reg)	ook	
:	PC	:	
er	ADV(type=reg)	er	
zijn	VRB(finiteness=fin,tense=pres)	zijn	
nog	ADV(type=reg)	nog	
pretjes	NOU-C(number=pl)	pretje	
in	ADP(type=pre)	in	
't	PD(type=d-p,subtype=art,position=prenom)	het	
zicht	NOU-C(number=sg)	zicht	
,	PC	,	



't	PD(type=pers,position=free)	het	
Is	VRB(finiteness=fin,tense=pres)	zijn	
vruchtloos	AA(degree=pos,position=free)	vruchteloos	
,	PC	,	
wat	PD(type=w-p,position=free)	wat	
de	PD(type=d-p,subtype=art,position=prenom)	de	
kramer	NOU-C(number=sg)	kramer	
zegt	VRB(finiteness=fin,tense=pres)	zeggen	
…	PC	…	
De	PD(type=d-p,subtype=art,position=prenom)	de	
zinnen	NOU-C(number=pl)	zin	
van	ADP(type=pre)	van	
den	PD(type=d-p,subtype=art,position=prenom)	de	
Tempelheer	NOU-C(number=sg)	tempelheer	
Zijn	VRB(finiteness=fin,tense=pres)	zijn	
voor	ADP(type=pre)	voor	
geen	PD(type=indef,subtype=oth,position=prenom)	geen	
reden	NOU-C(number=sg)	reden	
vatbaar	AA(degree=pos,position=free)	vatbaar	
meer	ADV(type=reg)	meer	
,	PC	,	



D.	NOU-P(WF=abbr)	D.	
was	VRB(finiteness=fin,tense=past)	zijn	
zoo	ADV(type=reg)	zo	
overtuigd	AA(degree=pos,position=free)	overtuigd	
,	PC	,	
dat	CONJ(type=sub)	dat	
de	PD(type=d-p,subtype=art,position=prenom)	de	
vriend	NOU-C(number=sg)	vriend	
,	PC	,	
aan	ADP(type=pre)	aan	
wien	PD(type=w-p,position=free)	wie	
hij	PD(type=pers,position=free)	hij	
zich	PD(type=refl,position=free)	zich	
bijzonder	AA(degree=pos,position=free)	bijzonder	
verplicht	AA(degree=pos,position=free)	verplicht	
achtte	VRB(finiteness=fin,tense=past)	achten	
,	PC	,	
onrecht	NOU-C(number=sg)	onrecht	
leed	VRB(finiteness=fin,tense=past)	lijden	
,	PC	,	
dat	CONJ(type=sub)	dat	
hij	PD(type=pers,position=free)	hij	
dit	PD(type=d-p,position=free)	dit	
tot	ADP(type=pre)	tot	
vechtens	NOU-C(number=sg)	vechten	
toe	ADV(type=reg)	toe	
aan	ADP(type=pre)	aan	
de	PD(type=d-p,subtype=art,position=prenom)	de	
tegenpartij	NOU-C(number=sg)	tegenpartij	
durfde	VRB(finiteness=fin,tense=past)	durven	
opstrijden	VRB(finiteness=inf)	opstrijden	
,	PC	,	



Vector	NOU-C(number=sg)	vector	
…	PC	…	
Radius	NOU-C(number=sg)	radius vector	mw_109700
vector	NOU-C(number=sg)	radius vector	mw_109700
,	PC	,	
(	PC	(	
meetk	NOU-C(number=sg,WF=abbr)|NOU-C(number=sg,WF=abbr)	meetkunde|meetkunst	
.)	PC	.)	
de	PD(type=d-p,subtype=art,position=prenom)	de	
regte	AA(degree=pos,position=prenom)	recht	
lijn	NOU-C(number=sg)	lijn	
,	PC	,	
die	PD(type=d-p,position=free)	die	
uit	ADP(type=pre)	uit	
het	PD(type=d-p,subtype=art,position=prenom)	het	
brandpunt	NOU-C(number=sg)	brandpunt	
eener	PD(type=indef,subtype=art,position=prenom)	een	
ellips	NOU-C(number=sg)	ellips	
,	PC	,	
tot	ADP(type=pre)	tot	
den	PD(type=d-p,subtype=art,position=prenom)	de	
omtrek	NOU-C(number=sg)	omtrek	
getrokken	VRB(finiteness=pastpart)	trekken	
wordt	VRB(finiteness=fin,tense=pres)	worden	
,	PC	,	



Veelhoofdig	AA(degree=pos,position=free)	veelhoofdig	
,	PC	,	
multiceps	RES(type=for)	multiceps	
;	PC	;	
wanneer	CONJ(type=sub)	wanneer	
de	PD(type=d-p,subtype=art,position=prenom)	de	
wortel	NOU-C(number=sg)	wortel	
zich	PD(type=refl,position=free)	zich	
naar	ADP(type=pre)	naar	
boven	ADV(type=reg)	boven	
vertakt	VRB(finiteness=fin,tense=pres)	vertakken	
,	PC	,	
in	ADP(type=pre)	in	
welk	PD(type=w-p,position=prenom)	welk	
geval	NOU-C(number=sg)	geval	
elke	PD(type=indef,subtype=oth,position=prenom)	elk	
tak	NOU-C(number=sg)	tak	
eenen	PD(type=indef,subtype=art,position=prenom)	een	
stengel	NOU-C(number=sg)	stengel	
geeft	VRB(finiteness=fin,tense=pres)	geven	
,	PC	,	



Intusschen	ADV(type=reg)	intussen	
hebben	VRB(finiteness=fin,tense=pres)	hebben	
wij	PD(type=pers,position=free)	wij	
er	ADV(type=reg)	er	
(	PC	(	
te	ADP(type=pre)	te	
München	NOU-P	München	
)	PC	)	
ons	PD(type=refl,position=free)	ons	
twee	NUM(type=card,position=prenom,representation=let)	twee	
dagen	NOU-C(number=pl)	dag	
heerlijk	AA(degree=pos,position=free)	heerlijk	
geamuseerd	VRB(finiteness=pastpart)	amuseren	
en	CONJ(type=coor)	en	
van	ADP(type=pre)	van	
kunst	NOU-C(number=sg)	kunst	
veelzijdig	AA(degree=pos,position=free)	veelzijdig	
genoten	VRB(finiteness=pastpart)	genieten	
,	PC	,	



Veenbrand	NOU-C(number=sg)	veenbrand	
,	PC	,	
het	PD(type=d-p,subtype=art,position=prenom)	het	
verbranden	NOU-C(number=sg)	verbranden	
der	PD(type=d-p,subtype=art,position=prenom)	de	
bovenste	AA(degree=sup,position=prenom)	bovenst	
veenlaag	NOU-C(number=sg)	veenlaag	
of	CONJ(type=coor)	of	
de	PD(type=d-p,subtype=art,position=prenom)	de	
bonkaarde	NOU-C(number=sg)	bonkaarde	
,	PC	,	
die	PD(type=d-p,position=free)	die	
tot	ADP(type=pre)	tot	
turf	NOU-C(number=sg)	turf	
minder	ADV(type=reg)	minder	
geschikt	AA(degree=pos,position=free)	geschikt	
is	VRB(finiteness=fin,tense=pres)	zijn	
,	PC	,	
om	ADP(type=pre)	om	
in	ADP(type=pre)	in	
de	PD(type=d-p,subtype=art,position=prenom)	de	
asch	NOU-C(number=sg)	as	
boekweit	NOU-C(number=sg)	boekweit	
te	ADP(type=pre)	te	
zaaien	VRB(finiteness=inf)	zaaien	
,	PC	,	



De	PD(type=d-p,subtype=art,position=prenom)	de	
kerk	NOU-C(number=sg)	kerk	
,	PC	,	
die	PD(type=d-p,position=free)	die	
tot	ADP(type=pre)	tot	
protestantsch	AA(degree=pos,position=prenom)	protestants	
bedehuis	NOU-C(number=sg)	bedehuis	
is	VRB(finiteness=fin,tense=pres)	zijn	
ingericht	VRB(finiteness=pastpart)	inrichten	
,	PC	,	
laat	VRB(finiteness=fin,tense=pres)	overlaten	mw_639455
niet	ADV(type=reg)	niet	
veel	PD(type=indef,position=free)	veel	
te	ADP(type=pre)	te	
bewonderen	VRB(finiteness=inf)	bewonderen	
over	VRB(finiteness=fin,tense=pres)	overlaten	mw_639455
,	PC	,	



De	PD(type=d-p,subtype=art,position=prenom)	de	
vrouw	NOU-C(number=sg)	vrouw	
is	VRB(finiteness=fin,tense=pres)	zijn	
miserabel	AA(degree=pos,position=free)	miserabel	
slap	AA(degree=pos,position=free)	slap	
;	PC	;	
ze	PD(type=pers,position=free)	zij	
laat	VRB(finiteness=fin,tense=pres)	laten	
dan	ADV(type=reg)	dan	
erg	AA(degree=pos,position=free)	erg	
armoejig	AA(degree=pos,position=free)	armoedig	
de	PD(type=d-p,subtype=art,position=prenom)	de	
veeren	NOU-C(number=pl)	veder	
hangen	VRB(finiteness=inf)	hangen	
,	PC	,	
hoor	INT	hoor	
!	PC	!	



Onder	ADP(type=pre)	onder	
veerkracht	NOU-C(number=sg)	veerkracht	
verstaat	VRB(finiteness=fin,tense=pres)	verstaan	
men	PD(type=pers,position=free)	men	
in	ADP(type=pre)	in	
het	PD(type=d-p,subtype=art,position=prenom)	het	
algemeen	NOU-C(number=sg)	algemeen	
de	PD(type=d-p,subtype=art,position=prenom)	de	
inwendige	AA(degree=pos,position=prenom)	inwendig	
of	CONJ(type=coor)	of	
moleculaire	AA(degree=pos,position=prenom)	moleculair	
kracht	NOU-C(number=sg)	kracht	
,	PC	,	
die	PD(type=d-p,position=free)	die	
zich	PD(type=refl,position=free)	zich	
tegen	ADP(type=pre)	tegen	
veranderingen	NOU-C(number=pl)	verandering	
,	PC	,	
door	ADP(type=pre)	door	
uitwendige	AA(degree=pos,position=prenom)	uitwendig	
krachten	NOU-C(number=pl)	kracht	
teweeggebracht	VRB(finiteness=pastpart)	teweegbrengen	
,	PC	,	
verzet	VRB(finiteness=fin,tense=pres)	verzetten	
,	PC	,	



Zijn	PD(type=poss,position=prenom)	zijn	
wrok	NOU-C(number=sg)	wrok	
(	PC	(	
was	VRB(finiteness=fin,tense=past)	zijn	
)	PC	)	
weggesmolten	VRB(finiteness=pastpart)	wegsmelten	
onder	ADP(type=pre)	onder	
de	PD(type=d-p,subtype=art,position=prenom)	de	
warmte	NOU-C(number=sg)	warmte	
van	ADP(type=pre)	van	
een	PD(type=indef,subtype=art,position=prenom)	een	
hart	NOU-C(number=sg)	hart	
,	PC	,	
veel	ADV(type=reg)	veel	
te	ADV(type=reg)	te	
vol	AA(degree=pos,position=free)	vol	
goedheid	NOU-C(number=sg)	goedheid	
en	CONJ(type=coor)	en	
vreugd	NOU-C(number=sg)	vreugde	
,	PC	,	
om	ADP(type=pre)	om	
plaats	NOU-C(number=sg)	plaats	
te	ADP(type=pre)	te	
houden	VRB(finiteness=inf)	houden	
voor	ADP(type=pre)	voor	
veete	NOU-C(number=sg)	vete	
,	PC	,	



Als	CONJ(type=sub)	als	
hij	PD(type=pers,position=free)	hij	
u	PD(type=pers,position=free)	u	
iet	PD(type=indef,position=free)	iet	
kan	VRB(finiteness=fin,tense=pres)	kunnen	
vegen	VRB(finiteness=inf)	vegen	
,	PC	,	
hij	PD(type=pers,position=free)	hij	
zal	VRB(finiteness=fin,tense=pres)	zullen	
niet	ADV(type=reg)	niet	
missen	VRB(finiteness=inf)	missen	
,	PC	,	



De	PD(type=d-p,subtype=art,position=prenom)	de	
vagers	NOU-C(number=pl)	vager	
of	CONJ(type=coor)	of	
vegers	NOU-C(number=pl)	veger	
,	PC	,	
eene	PD(type=indef,subtype=art,position=prenom)	een	
soort	NOU-C(number=sg)	soort	
van	ADP(type=pre)	van	
borstels	NOU-C(number=pl)	borstel	
,	PC	,	
die	PD(type=d-p,position=free)	die	
in	ADP(type=pre)	in	
de	PD(type=d-p,subtype=art,position=prenom)	de	
wapens	NOU-C(number=pl)	wapen	
gebezigd	VRB(finiteness=pastpart)	bezigen	
worden	VRB(finiteness=fin,tense=pres)	worden	
,	PC	,	
hebben	VRB(finiteness=fin,tense=pres)	hebben	
de	PD(type=d-p,subtype=art,position=prenom)	de	
gedaante	NOU-C(number=sg)	gedaante	
van	ADP(type=pre)	van	
de	PD(type=d-p,subtype=art,position=prenom)	de	
borsteltjes	NOU-C(number=pl)	borsteltje	
waarvan	ADV(type=pron)	waarvan	
men	PD(type=pers,position=free)	men	
zich	PD(type=refl,position=free)	zich	
bij	ADP(type=pre)	bij	
't	PD(type=d-p,subtype=art,position=prenom)	het	
scheren	NOU-C(number=sg)	scheren	
bedient	VRB(finiteness=fin,tense=pres)	bedienen	
en	CONJ(type=coor)	en	
staan	VRB(finiteness=fin,tense=pres)	staan	
altijd	ADV(type=reg)	altijd	
met	ADP(type=pre)	met	
de	PD(type=d-p,subtype=art,position=prenom)	de	
haren	NOU-C(number=pl)	haar	
naar	ADP(type=pre)	naar	
boven	ADV(type=reg)	boven	
,	PC	,	



Sedert	ADP(type=pre)	sedert	
den	PD(type=d-p,subtype=art,position=prenom)	de	
tijd	NOU-C(number=sg)	tijd	
van	ADP(type=pre)	van	
Bichat	NOU-P	Bichat	
hebben	VRB(finiteness=fin,tense=pres)	hebben	
de	PD(type=d-p,subtype=art,position=prenom)	de	
physiologen	NOU-C(number=pl)	fysioloog	
algemeen	AA(degree=pos,position=free)	algemeen	
de	PD(type=d-p,subtype=art,position=prenom)	de	
klassificatie	NOU-C(number=sg)	classificatie	
aangenomen	VRB(finiteness=pastpart)	aannemen	
die	PD(type=d-p,position=free)	die	
door	ADP(type=pre)	door	
dien	PD(type=d-p,subtype=oth,position=prenom)	die	
schitterenden	AA(degree=pos,position=prenom)	schitterend	
denker	NOU-C(number=sg)	denker	
is	VRB(finiteness=fin,tense=pres)	zijn	
voorgesteld	VRB(finiteness=pastpart)	voorstellen	
,	PC	,	
en	CONJ(type=coor)	en	
alle	PD(type=indef,subtype=oth,position=prenom)	al	
levensverschijnselen	NOU-C(number=pl)	levensverschijnsel	
onder	ADP(type=pre)	onder	
twee	NUM(type=card,position=prenom,representation=let)	twee	
hoofdafdeelingen	NOU-C(number=pl)	hoofdafdeling	
gebragt	VRB(finiteness=pastpart)	brengen	
:	PC	:	
1°	ADV(type=reg,WF=abbr)	primo	
,	PC	,	
het	PD(type=d-p,subtype=art,position=prenom)	het	
organische	AA(degree=pos,position=prenom)	organisch	
of	CONJ(type=coor)	of	
vegetatieve	AA(degree=pos,position=prenom)	vegetatief	
leven	NOU-C(number=sg)	leven	
;	PC	;	
2°	ADV(type=reg,WF=abbr)	secundo	
,	PC	,	
het	PD(type=d-p,subtype=art,position=prenom)	het	
animale	AA(degree=pos,position=prenom)	animaal	
of	CONJ(type=coor)	of	
relatieve	AA(degree=pos,position=prenom)	relatief	
leven	NOU-C(number=sg)	leven	
,	PC	,	



Een	NUM(type=card,position=free,representation=let)	een	
van	ADP(type=pre)	van	
onze	PD(type=poss,position=prenom)	ons	
molens	NOU-C(number=pl)	molen	
staat	VRB(finiteness=fin,tense=pres)	staan	
an	ADP(type=pre)	aan	
de	PD(type=d-p,subtype=art,position=prenom)	de	
Zaan	NOU-P	Zaan	
,	PC	,	
maar	CONJ(type=coor)	maar	
de	PD(type=d-p,subtype=art,position=prenom)	de	
andere	NUM(type=ord,position=prenom,representation=let)	ander	
staan	VRB(finiteness=fin,tense=pres)	staan	
in	ADP(type=pre)	in	
'	PC	'	
et	PD(type=d-p,subtype=art,position=prenom)	het	
veld	NOU-C(number=sg)	veld	
,	PC	,	



Al	PD(type=indef,position=free)	al	
wie	PD(type=w-p,position=free)	wie	
te	ADP(type=pre)	te	
veld	NOU-C(number=sg)	veld	
staande	AA(degree=pos,position=prenom)	staand	
oogsten	NOU-C(number=pl)	oogst	
…	PC	…	
verwoest	VRB(finiteness=pastpart)	verwoesten	
zal	VRB(finiteness=fin,tense=pres)	zullen	
hebben	VRB(finiteness=inf)	hebben	
,	PC	,	
zal	VRB(finiteness=fin,tense=pres)	zullen	
gestraft	VRB(finiteness=pastpart)	straffen	
worden	VRB(finiteness=inf)	worden	
met	ADP(type=pre)	met	



Ik	PD(type=pers,position=free)	ik	
onderwerp	VRB(finiteness=fin,tense=pres)	onderwerpen	
zulks	PD(type=d-p,position=free)	zulks	
aan	ADP(type=pre)	aan	
het	PD(type=d-p,subtype=art,position=prenom)	het	
oordeel	NOU-C(number=sg)	oordeel	
dat	PD(type=d-p,position=free)	dat	
U.M.	PD(type=poss,position=prenom,WF=abbr)+NOU-C(number=sg,WF=abbr)	uw+majesteit	
na	ADP(type=pre)	na	
overweging	NOU-C(number=sg)	overweging	
van	ADP(type=pre)	van	
dit	PD(type=d-p,subtype=oth,position=prenom)	dit	
mijn	PD(type=poss,position=prenom)	mijn	
rapport	NOU-C(number=sg)	rapport	
…	PC	…	
gelooven	VRB(finiteness=inf)	geloven	
zal	VRB(finiteness=fin,tense=pres)	zullen	
te	ADP(type=pre)	te	
moeten	VRB(finiteness=inf)	moeten	
vellen	VRB(finiteness=inf)	vellen	
,	PC	,	



Wie	PD(type=w-p,position=free)	wie	
komt	VRB(finiteness=fin,tense=pres)	komen	
daar	ADV(type=reg)	daar	
aanstommelen	VRB(finiteness=inf)	aanstommelen	
(	PC	(	
of	CONJ(type=coor)	of	
—	PC	—	
aangestommeld	VRB(finiteness=pastpart)	aanstommelen	
)?	PC	)?	
Het	PD(type=pers,position=free)	het	
was	VRB(finiteness=fin,tense=past)	zijn	
middernacht	NOU-C(number=sg)	middernacht	
,	PC	,	
toen	CONJ(type=sub)	toen	
ik	PD(type=pers,position=free)	ik	
in	ADP(type=pre)	in	
de	PD(type=d-p,subtype=art,position=prenom)	de	
gang	NOU-C(number=sg)	gang	
iemand	PD(type=indef,position=free)	iemand	
hoorde	VRB(finiteness=fin,tense=past)	horen	
aanstommelen	VRB(finiteness=inf)	aanstommelen	
.	PC	.	



Fenkel	NOU-C(number=sg)	venkel	
(	PC	(	
niet	ADV(type=reg)	niet	
Venkel	NOU-C(number=sg)	venkel	
,	PC	,	
zoo	CONJ(type=sub)	zoals	mw_470068
als	CONJ(type=sub)	zoals	mw_470068
men	PD(type=pers,position=free)	men	
gewoonlijk	AA(degree=pos,position=free)	gewoonlijk	
verkeerdelijk	AA(degree=pos,position=free)	verkeerdelijk	
schrijft	VRB(finiteness=fin,tense=pres)	schrijven	
)	PC	)	
—	PC	—	
Foeniculum	RES(type=for)	foeniculum	
vulgare	RES(type=for)	vulgare	
…	PC	…	
—	PC	—	
met	ADP(type=pre)	met	
gele	AA(degree=pos,position=prenom)	geel	
bloemen	NOU-C(number=pl)	bloem	
…,	PC	…,	
heeft	VRB(finiteness=fin,tense=pres)	hebben	
in	ADP(type=pre)	in	
alle	PD(type=indef,position=free)	al	
hare	PD(type=poss,position=prenom)	haar	
deelen	NOU-C(number=pl)	deel	
eene	PD(type=indef,subtype=art,position=prenom)	een	
aangename	AA(degree=pos,position=prenom)	aangenaam	
,	PC	,	
aromatische	AA(degree=pos,position=prenom)	aromatisch	
geur	NOU-C(number=sg)	geur	
en	CONJ(type=coor)	en	
smaak	NOU-C(number=sg)	smaak	
,	PC	,	



De	PD(type=d-p,subtype=art,position=prenom)	de	
vraag	NOU-C(number=sg)	vraag	
,	PC	,	
of	CONJ(type=sub)	of	
leden	NOU-C(number=pl)	lid	
eener	PD(type=indef,subtype=art,position=prenom)	een	
vergadering	NOU-C(number=sg)	vergadering	
,	PC	,	
die	PD(type=d-p,position=free)	die	
aandeelhouders	NOU-C(number=pl)	aandeelhouder	
in	ADP(type=pre)	in	
eene	PD(type=indef,subtype=art,position=prenom)	een	
vennootschap	NOU-C(number=sg)	vennootschap	
zijn	VRB(finiteness=fin,tense=pres)	zijn	
,	PC	,	
over	ADP(type=pre)	over	
eene	PD(type=indef,subtype=art,position=prenom)	een	
zaak	NOU-C(number=sg)	zaak	
die	PD(type=d-p,subtype=oth,position=prenom)	die	
vennootschap	NOU-C(number=sg)	vennootschap	
betreffende	VRB(finiteness=prespart)	betreffen	
mogen	VRB(finiteness=fin,tense=pres)	mogen	
medestemmen	VRB(finiteness=inf)	medestemmen	
,	PC	,	



Men	PD(type=pers,position=free)	men	
(	PC	(	
zag	VRB(finiteness=fin,tense=past)	zien	
)	PC	)	
haar	PD(type=pers,position=free)	zij	
…	PC	…	
te	ADP(type=pre)	te	
paard	NOU-C(number=sg)	paard	
jagen	VRB(finiteness=inf)	jagen	
in	ADP(type=pre)	in	
Hollands	NOU-P	Holland	
duin	NOU-C(number=sg)	duin	
of	CONJ(type=coor)	of	
in	ADP(type=pre)	in	
vliegende	AA(degree=pos,position=prenom)	vliegend	
vaart	NOU-C(number=sg)	vaart	
verre	AA(degree=pos,position=prenom)	ver	
togten	NOU-C(number=pl)	tocht	
afleggen	VRB(finiteness=inf)	afleggen	
,	PC	,	



Een	PD(type=indef,subtype=art,position=prenom)	een	
werk	NOU-C(number=sg)	werk	
…	PC	…	
dat	PD(type=d-p,position=free)	dat	
verre	AA(degree=pos,position=free)	ver	
boven	ADP(type=pre)	boven	
mijne	PD(type=poss,position=prenom)	mijn	
verwachting	NOU-C(number=sg)	verwachting	
en	CONJ(type=coor)	en	
met	ADP(type=pre)	met	
…	PC	…	
sympathie	NOU-C(number=sg)	sympathie	
is	VRB(finiteness=fin,tense=pres)	zijn	
ontvangen	VRB(finiteness=pastpart)	ontvangen	
geworden	VRB(finiteness=pastpart)	worden	
,	PC	,	



De	PD(type=d-p,subtype=art,position=prenom)	de	
pekkers	NOU-C(number=pl)	pikker	
…	PC	…	
droomden	VRB(finiteness=fin,tense=past)	dromen	
met	ADP(type=pre)	met	
verre	AA(degree=pos,position=free)	ver	
in	ADP(type=pre)	in	
de	PD(type=d-p,subtype=art,position=prenom)	de	
tnegentig	NUM(type=card,position=free,representation=let)	negentig	
…,	PC	…,	
Dat	CONJ(type=sub)	dat	
ze	PD(type=pers,position=free)	zij	
andermans	PD(type=indef,subtype=oth,position=prenom)	anderman	
leêr	NOU-C(number=sg)	leder	
mochten	VRB(finiteness=fin,tense=past)	mogen	
snijen	VRB(finiteness=inf)	snijden	
,	PC	,	



Het	PD(type=d-p,subtype=art,position=prenom)	het	
volk	NOU-C(number=sg)	volk	
is	VRB(finiteness=fin,tense=pres)	zijn	
niet	ADV(type=reg)	niet	
gelukkig	AA(degree=pos,position=free)	gelukkig	
,	PC	,	
wanneer	CONJ(type=sub)	wanneer	
enkele	PD(type=indef,subtype=oth,position=prenom)	enkel	
personen	NOU-C(number=pl)	persoon	
of	CONJ(type=coor)	of	
klassen	NOU-C(number=pl)	klasse	
der	PD(type=d-p,subtype=art,position=prenom)	de	
maatschappij	NOU-C(number=sg)	maatschappij	
schatten	NOU-C(number=pl)	schat	
verzamelen	VRB(finiteness=fin,tense=pres)	verzamelen	
,	PC	,	
terwijl	CONJ(type=sub)	terwijl	
de	PD(type=d-p,subtype=art,position=prenom)	de	
groote	AA(degree=pos,position=prenom)	groot	
hoop	NOU-C(number=sg)	hoop	
verarmt	VRB(finiteness=fin,tense=pres)	verarmen	
,	PC	,	



Ik	PD(type=pers,position=free)	ik	
heb	VRB(finiteness=fin,tense=pres)	hebben	
mij	PD(type=refl,position=free)	mij	
met	ADP(type=pre)	met	
dat	PD(type=d-p,subtype=oth,position=prenom)	dat	
nieuwe	AA(degree=pos,position=prenom)	nieuw	
huis	NOU-C(number=sg)	huis	
veel	ADV(type=reg)	veel	
verbeterd	VRB(finiteness=pastpart)	verbeteren	
,	PC	,	



Zijn	VRB(finiteness=fin,tense=pres)	zijn	
er	ADV(type=reg)	er	
vroeger	AA(degree=comp,position=free)	vroeg	
wel	ADV(type=reg)	wel	
eens	ADV(type=reg)	eens	
edelmoedige	AA(degree=pos,position=prenom)	edelmoedig	
stemmen	NOU-C(number=pl)	stem	
opgegaan	VRB(finiteness=pastpart)	opgaan	
ten	ADP(type=pre)+PD(type=d-p,subtype=art,position=prenom)	te+de	
gunste	NOU-C(number=sg)	gunst	
van	ADP(type=pre)	van	
hen	PD(type=pers,position=free)	zij	
,	PC	,	
die	PD(type=d-p,position=free)	die	
…	PC	…	
verpligt	AA(degree=pos,position=free)	verplicht	
waren	VRB(finiteness=fin,tense=past)	zijn	
…	PC	…	
hun	PD(type=poss,position=prenom)	hun	
voortreffelijken	AA(degree=pos,position=prenom)	voortreffelijk	
geest	NOU-C(number=sg)	geest	
te	ADP(type=pre)	te	
verbeuzelen	VRB(finiteness=inf)	verbeuzelen	
in	ADP(type=pre)	in	
eene	PD(type=indef,subtype=art,position=prenom)	een	
ondergeschikte	AA(degree=pos,position=prenom)	ondergeschikt	
betrekking	NOU-C(number=sg)	betrekking	
,	PC	,	
thans	ADV(type=reg)	thans	
heeft	VRB(finiteness=fin,tense=pres)	hebben	
het	PD(type=d-p,subtype=art,position=prenom)	het	
omgekeerde	NOU-C(number=sg)	omgekeerde	
plaats	NOU-C(number=sg)	plaats	
,	PC	,	



Verbiage	NOU-C(number=sg)	verbiage	
,	PC	,	
gesnap	NOU-C(number=sg)	gesnap	
,	PC	,	
snapachtig	NOU-C(number=sg,WF=trunc)+NOU-C(number=sg)	snapachtigheid+praatachtigheid	mw_462265
-	PC	-	
of	CONJ(type=coor)	of	
praatachtigheid	NOU-C(number=sg,WF=trunc)+NOU-C(number=sg)	snapachtigheid+praatachtigheid	mw_462265
,	PC	,	
menigte	NOU-C(number=sg)	menigte	
van	ADP(type=pre)	van	
onnutte	AA(degree=pos,position=prenom)	onnut	
en	CONJ(type=coor)	en	
onbeduidende	AA(degree=pos,position=prenom)	onbeduidend	
woorden	NOU-C(number=pl)	woord	
,	PC	,	
woordkramerij	NOU-C(number=sg)	woordkramerij	
,	PC	,	



Hij	PD(type=pers,position=free)	hij	
(	PC	(	
deed	VRB(finiteness=fin,tense=past)	doen	
)	PC	)	
wat	PD(type=w-p,position=free)	wat	
ie	PD(type=pers,position=free)	hij	
wilde	VRB(finiteness=fin,tense=past)	willen	
;	PC	;	
met	ADP(type=pre)	met	
zijn	PD(type=poss,position=prenom)	zijn	
wildebeesteninstinkt	NOU-C(number=sg)	wildebeesteninstinct	
voelde	VRB(finiteness=fin,tense=past)	voelen	
hij	PD(type=pers,position=free)	hij	
dat	CONJ(type=sub)	dat	
hij	PD(type=pers,position=free)	hij	
de	PD(type=d-p,subtype=art,position=prenom)	de	
baas	NOU-C(number=sg)	baas	
was	VRB(finiteness=fin,tense=past)	zijn	
;	PC	;	
de	PD(type=d-p,subtype=art,position=prenom)	de	
enkele	PD(type=indef,subtype=oth,position=prenom)	enkel	
malen	NOU-C(number=pl)	maal	
dat	CONJ(type=sub)	dat	
ik	PD(type=pers,position=free)	ik	
hem	PD(type=pers,position=free)	hij	
verbood	VRB(finiteness=fin,tense=past)	verbieden	
,	PC	,	
lachte	VRB(finiteness=fin,tense=past)	lachen	
hij	PD(type=pers,position=free)	hij	
slim	AA(degree=pos,position=free)	slim	
,	PC	,	
of	CONJ(type=coor)	of	
hield	VRB(finiteness=fin,tense=past)	houden	
zich	PD(type=refl,position=free)	zich	
sentimenteel	AA(degree=pos,position=free)	sentimenteel	
,	PC	,	



De	PD(type=d-p,subtype=art,position=prenom)	de	
zielen	NOU-C(number=pl)	ziel	
daar	ADV(type=pron)	daarbeneden	mw_677867
beneden	ADV(type=pron)	daarbeneden	mw_677867
wie	PD(type=w-p,position=free)	wie	
't	PD(type=d-p,subtype=art,position=prenom)	het	
laatste	AA(degree=sup,position=prenom)	laat	
vlekjen	NOU-C(number=sg)	vlekje	
's	PD(type=d-p,subtype=art,position=prenom)	de	
Hemels	NOU-C(number=sg)	hemel	
ingang	NOU-C(number=sg)	ingang	
nog	ADV(type=reg)	nog	
verbiedt	VRB(finiteness=fin,tense=pres)	verbieden	
,	PC	,	



Hoe	ADV(type=reg)	hoe	
het	PD(type=pers,position=free)	het	
ook	ADV(type=reg)	ook	
ware	VRB(finiteness=fin,tense=past)	zijn	
,	PC	,	
er	ADV(type=reg)	er	
bleve	VRB(finiteness=fin,tense=past)	blijven	
toch	ADV(type=reg)	toch	
immer	ADV(type=reg)	immer	
een	PD(type=indef,subtype=art,position=prenom)	een	
onverwinbare	AA(degree=pos,position=prenom)	onverwinbaar	
hinderpael	NOU-C(number=sg)	hinderpaal	
bestaen	VRB(finiteness=inf)	bestaan	
,	PC	,	
dewyl	CONJ(type=sub)	dewijl	
gy	PD(type=pers,position=free)	gij	
u	PD(type=refl,position=free)	u	
met	ADP(type=pre)	met	
geene	PD(type=indef,subtype=oth,position=prenom)	geen	
Kristene	NOU-C(number=sg)	christen	
wilt	VRB(finiteness=fin,tense=pres)	willen	
verbinden	VRB(finiteness=inf)	verbinden	
,	PC	,	



Een	NUM(type=card,position=free,representation=let)	een	
dier	PD(type=d-p,subtype=oth,position=prenom)	die	
deelen	NOU-C(number=pl)	deel	
heet	VRB(finiteness=fin,tense=pres)	heten	
watergang	NOU-C(number=sg)	watergang	
of	CONJ(type=coor)	of	
verbindingsgang	NOU-C(number=sg)	verbindingsgang	
,	PC	,	
al	CONJ(type=sub)	al	
naarmate	CONJ(type=sub)	naarmate	
de	PD(type=d-p,subtype=art,position=prenom)	de	
bovenkant	NOU-C(number=sg)	bovenkant	
daarvan	ADV(type=pron)	daarvan	
met	ADP(type=pre)	met	
de	PD(type=d-p,subtype=art,position=prenom)	de	
bovenvlakte	NOU-C(number=sg)	bovenvlakte	
van	ADP(type=pre)	van	
de	PD(type=d-p,subtype=art,position=prenom)	de	
dekdeelen	NOU-C(number=pl)	dekdeel	
of	CONJ(type=coor)	of	
slechts	ADV(type=reg)	slechts	
met	ADP(type=pre)	met	
die	PD(type=d-p,position=free)	die	
der	PD(type=d-p,subtype=art,position=prenom)	de	
balken	NOU-C(number=pl)	balk	
gelijk	AA(degree=pos,position=free)	gelijk	
komt	VRB(finiteness=fin,tense=pres)	komen	
,	PC	,	



Ik	PD(type=pers,position=free)	ik	
zie	VRB(finiteness=fin,tense=pres)	zien	
geene	PD(type=indef,position=free)	geen	
de	PD(type=d-p,subtype=art,position=prenom)	de	
minste	AA(degree=sup,position=prenom)	min	
verbindtenis	NOU-C(number=sg)	verbintenis	
tusschen	ADP(type=pre)	tussen	
het	PD(type=d-p,subtype=art,position=prenom)	het	
eene	NUM(type=card,position=free,representation=let)	een	
en	CONJ(type=coor)	en	
het	PD(type=d-p,subtype=art,position=prenom)	het	
andere	NUM(type=ord,position=free,representation=let)	ander	
,	PC	,	



Ik	PD(type=pers,position=free)	ik	
(	PC	(	
wil	VRB(finiteness=fin,tense=pres)	willen	
)	PC	)	
u	PD(type=pers,position=free)	u	
de	PD(type=d-p,subtype=art,position=prenom)	de	
belofte	NOU-C(number=sg)	belofte	
doen	VRB(finiteness=inf)	doen	
,	PC	,	
…	PC	…	
onder	ADP(type=pre)	onder	
dit	PD(type=d-p,subtype=oth,position=prenom)	dit	
enkele	AA(degree=pos,position=prenom)	enkel	
beding	NOU-C(number=sg)	beding	
echter	ADV(type=reg)	echter	
,	PC	,	
dat	CONJ(type=sub)	dat	
ik	PD(type=pers,position=free)	ik	
aan	ADP(type=pre)	aan	
mijn	PD(type=poss,position=prenom)	mijn	
vader	NOU-C(number=sg)	vader	
…	PC	…	
al	PD(type=indef,position=free)	al	
wat	PD(type=w-p,position=free)	wat	
mij	PD(type=pers,position=free)	ik	
is	VRB(finiteness=fin,tense=pres)	zijn	
overkomen	VRB(finiteness=pastpart)	overkomen	
,	PC	,	
onbewimpeld	AA(degree=pos,position=free)	onbewimpeld	
verhale	VRB(finiteness=fin,tense=pres)	verhalen	
,	PC	,	



Deze	PD(type=d-p,subtype=oth,position=prenom)	deze	
hoon	NOU-C(number=sg)	hoon	
heeft	VRB(finiteness=fin,tense=pres)	hebben	
hem	PD(type=pers,position=free)	hij	
zeer	AA(degree=pos,position=free)	zeer	
verbitterd	VRB(finiteness=pastpart)	verbitteren	
,	PC	,	
cet	RES(type=for)	cet	
affront	RES(type=for)	affront	
l'a	RES(type=for)	l'a	
fort	RES(type=for)	fort	
exaspéré	RES(type=for)	exaspéré	
,	PC	,	



Naar	ADP(type=pre)	naar	
verbetering	NOU-C(number=sg)	verbetering	
moet	VRB(finiteness=fin,tense=pres)	moeten	
de	PD(type=d-p,subtype=art,position=prenom)	de	
opvoeder	NOU-C(number=sg)	opvoeder	
ernstig	AA(degree=pos,position=free)	ernstig	
en	CONJ(type=coor)	en	
volhardend	VRB(finiteness=prespart)	volharden	
streven	VRB(finiteness=inf)	streven	
;	PC	;	
voor	ADP(type=pre)	voor	
verbittering	NOU-C(number=sg)	verbittering	
moet	VRB(finiteness=fin,tense=pres)	moeten	
hij	PD(type=pers,position=free)	hij	
zich	PD(type=refl,position=free)	zich	
angstvallig	AA(degree=pos,position=free)	angstvallig	
wachten	VRB(finiteness=inf)	wachten	
,	PC	,	



Hij	PD(type=pers,position=free)	hij	
lacht	VRB(finiteness=fin,tense=pres)	toelachen	mw_431799
haar	PD(type=pers,position=free)	zij	
toe	VRB(finiteness=fin,tense=pres)	toelachen	mw_431799
…,	PC	…,	
En	CONJ(type=coor)	en	
drukt	VRB(finiteness=fin,tense=pres)	drukken	
een	PD(type=indef,subtype=art,position=prenom)	een	
kuischen	AA(degree=pos,position=prenom)	kuis	
kus	NOU-C(number=sg)	kus	
haar	PD(type=pers,position=free)	zij	
op	ADP(type=pre)	op	
den	PD(type=d-p,subtype=art,position=prenom)	de	
rozenmond	NOU-C(number=sg)	rozenmond	
.	PC	.	
De	PD(type=d-p,subtype=art,position=prenom)	de	
Aartsvijand	NOU-C(number=sg)	aartsvijand	
keert	VRB(finiteness=fin,tense=pres)	omkeren	mw_203602
zich	PD(type=refl,position=free)	zich	
om	VRB(finiteness=fin,tense=pres)	omkeren	mw_203602
,	PC	,	
van	ADP(type=pre)	van	
yverzucht	NOU-C(number=sg)	ijverzucht	
verbleekend	VRB(finiteness=prespart)	verbleken	
,	PC	,	



Dit	PD(type=d-p,position=free)	dit	
(	PC	(	
wordt	VRB(finiteness=fin,tense=pres)	worden	
)	PC	)	
uit	VRB(finiteness=pastpart)	uiteenzetten	mw_560266
één	VRB(finiteness=pastpart)	uiteenzetten	mw_560266
gezet	VRB(finiteness=pastpart)	uiteenzetten	mw_560266
,	PC	,	
in	ADP(type=pre)	in	
een	PD(type=indef,subtype=art,position=prenom)	een	
Boek	NOU-C(number=sg)	boek	
,	PC	,	
dat	PD(type=d-p,position=free)	dat	
ergends	ADV(type=reg)	ergens	
in	ADP(type=pre)	in	
Duitschland	NOU-P	Duitsland	
,	PC	,	
1800	NUM(type=card,position=free,representation=dig)	1800	
,	PC	,	
onder	ADP(type=pre)	onder	
een	PD(type=indef,subtype=art,position=prenom)	een	
'	PC	'	
verbloemden	AA(degree=pos,position=prenom)	verbloemd	
naam	NOU-C(number=sg)	naam	
is	VRB(finiteness=fin,tense=pres)	zijn	
uitgekomen	VRB(finiteness=pastpart)	uitkomen	
,	PC	,	



Twee	NUM(type=card,position=prenom,representation=let)	twee	
francs	NOU-C(number=pl)	frank	
!	PC	!	
in	ADP(type=pre)	in	
welke	PD(type=w-p,position=prenom)	welk	
verborgene	AA(degree=pos,position=prenom)	verborgen	
plaets	NOU-C(number=sg)	plaats	
van	ADP(type=pre)	van	
dit	PD(type=d-p,subtype=oth,position=prenom)	dit	
huis	NOU-C(number=sg)	huis	
bevindt	VRB(finiteness=fin,tense=pres)	bevinden	
zich	PD(type=refl,position=free)	zich	
die	PD(type=d-p,subtype=oth,position=prenom)	die	
schat	NOU-C(number=sg)	schat	
?	PC	?	



Laat	VRB(finiteness=fin,tense=pres)	laten	
andren	PD(type=indef,position=free)	ander	
Rhijn	NOU-P	Rijn	
en	CONJ(type=coor)	en	
Weissel	NOU-P	Weissel	
oogsten	VRB(finiteness=inf)	oogsten	
,	PC	,	
Brooddronken	AA(degree=pos,position=free)	brooddronken	
,	PC	,	
dronken	AA(degree=pos,position=free)	dronken	
,	PC	,	
en	CONJ(type=coor)	en	
verbrast	AA(degree=pos,position=free)	verbrast	
!	PC	!	



Klein	AA(degree=pos,position=prenom)	klein	
verdek	NOU-C(number=sg)	verdek	
op	ADP(type=pre)	op	
de	PD(type=d-p,subtype=art,position=prenom)	de	
fluitschepen	NOU-C(number=pl)	fluitschip	
,	PC	,	
plegt	NOU-C(number=sg)	plecht	
voor	ADV(type=reg)	voor	
en	CONJ(type=coor)	en	
achter	ADV(type=reg)	achter	
in	ADP(type=pre)	in	
eene	PD(type=indef,subtype=art,position=prenom)	een	
sloep	NOU-C(number=sg)	sloep	
,	PC	,	
tille	RES(type=for)	tille	
,	PC	,	



Bloost	VRB(finiteness=fin,tense=pres)	blozen	
,	PC	,	
Nederlanders	NOU-C(number=pl)	Nederlander	
!	PC	!	
bloost	VRB(finiteness=fin,tense=pres)	blozen	
!	PC	!	
gij	PD(type=pers,position=free)	gij	
hebt	VRB(finiteness=fin,tense=pres)	hebben	
het	PD(type=d-p,subtype=art,position=prenom)	het	
juk	NOU-C(number=sg)	juk	
getorscht	VRB(finiteness=pastpart)	torsen	
…	PC	…	
Van	ADP(type=pre)	van	
't	PD(type=d-p,subtype=art,position=prenom)	het	
monster	NOU-C(number=sg)	monster	
,	PC	,	
dat	PD(type=d-p,position=free)	dat	
uw	PD(type=poss,position=prenom)	uw	
land	NOU-C(number=sg)	land	
ontzenuwde	VRB(finiteness=fin,tense=past)	ontzenuwen	
en	CONJ(type=coor)	en	
uw	PD(type=poss,position=prenom)	uw	
telgen	NOU-C(number=pl)	telg	
Den	PD(type=d-p,subtype=art,position=prenom)	de	
moederarm	NOU-C(number=sg)	moederarm	
ontscheurde	VRB(finiteness=fin,tense=past)	ontscheuren	
om	ADP(type=pre)	om	
rijken	NOU-C(number=pl)	rijk	
te	ADP(type=pre)	te	
verdelgen	VRB(finiteness=inf)	verdelgen	
,	PC	,	



Het	PD(type=d-p,subtype=art,position=prenom)	het	
ergste	AA(degree=sup,position=prenom)	erg	
gevolg	NOU-C(number=sg)	gevolg	
van	ADP(type=pre)	van	
den	PD(type=d-p,subtype=art,position=prenom)	de	
bedroefden	AA(degree=pos,position=prenom)	bedroefd	
aard	NOU-C(number=sg)	aard	
zijner	PD(type=poss,position=prenom)	zijn	
vrouw	NOU-C(number=sg)	vrouw	
,	PC	,	
was	VRB(finiteness=fin,tense=past)	zijn	
,	PC	,	
dat	CONJ(type=sub)	dat	
de	PD(type=d-p,subtype=art,position=prenom)	de	
schilder	NOU-C(number=sg)	schilder	
soms	ADV(type=reg)	soms	
gedwongen	VRB(finiteness=pastpart)	dwingen	
werd	VRB(finiteness=fin,tense=past)	worden	
zijne	PD(type=poss,position=prenom)	zijn	
woning	NOU-C(number=sg)	woning	
te	ADP(type=pre)	te	
ontvluchten	VRB(finiteness=inf)	ontvluchten	
,	PC	,	
om	ADP(type=pre)	om	
niet	ADV(type=reg)	niet	
langer	AA(degree=comp,position=free)	lang	
het	PD(type=d-p,subtype=art,position=prenom)	het	
schelden	NOU-C(number=sg)	schelden	
en	CONJ(type=coor)	en	
kijven	NOU-C(number=sg)	kijven	
…	PC	…	
te	ADP(type=pre)	te	
moeten	VRB(finiteness=inf)	moeten	
hooren	VRB(finiteness=inf)	horen	
,	PC	,	



Daar	CONJ(type=sub)	daar	
de	PD(type=d-p,subtype=art,position=prenom)	de	
minst	AA(degree=sup,position=free)	min	
mogelijke	AA(degree=pos,position=prenom)	mogelijk	
hoogte	NOU-C(number=sg)	hoogte	
van	ADP(type=pre)	van	
iedere	PD(type=indef,subtype=oth,position=prenom)	ieder	
verdieping	NOU-C(number=sg)	verdieping	
…	PC	…	
afhangt	VRB(finiteness=fin,tense=pres)	afhangen	
van	ADP(type=pre)	van	
de	PD(type=d-p,subtype=art,position=prenom)	de	
gewone	AA(degree=pos,position=prenom)	gewoon	
hoogte	NOU-C(number=sg)	hoogte	
der	PD(type=d-p,subtype=art,position=prenom)	de	
menschen	NOU-C(number=pl)	mens	
,	PC	,	
welke	PD(type=w-p,position=free)	welk	
daarin	ADV(type=pron)	daarin	
wonen	VRB(finiteness=inf)	wonen	
…	PC	…	
moeten	VRB(finiteness=fin,tense=pres)	moeten	
,	PC	,	
en	CONJ(type=coor)	en	
deze	PD(type=d-p,position=free)	deze	
nabij	ADP(type=pre)	nabij	
2	NUM(type=card,position=prenom,representation=dig)	twee	
el	NOU-C(number=sg)	el	
is	VRB(finiteness=fin,tense=pres)	zijn	
,	PC	,	
zoo	ADV(type=reg)	zo	
moet	VRB(finiteness=fin,tense=pres)	moeten	
,	PC	,	
in	ADP(type=pre)	in	
de	PD(type=d-p,subtype=art,position=prenom)	de	
geringste	AA(degree=sup,position=prenom)	gering	
gebouwen	NOU-C(number=pl)	gebouw	
zelfs	ADV(type=reg)	zelfs	
,	PC	,	
geene	PD(type=indef,subtype=oth,position=prenom)	geen	
verdieping	NOU-C(number=sg)	verdieping	
eene	PD(type=indef,subtype=art,position=prenom)	een	
mindere	AA(degree=comp,position=prenom)	minder	
hoogte	NOU-C(number=sg)	hoogte	
hebben	VRB(finiteness=inf)	hebben	
dan	CONJ(type=coor)	dan	
2	NUM(type=card,position=prenom,representation=dig)	twee	
1	NUM(type=card,position=prenom,representation=dig)	een	
/	PC	/	
2	NUM(type=ord,position=prenom,representation=dig)	tweede	
el	NOU-C(number=sg)	el	
,	PC	,	



Verdoemenis	NOU-C(number=sg)	verdoemenis	
…	PC	…	
De	PD(type=d-p,subtype=art,position=prenom)	de	
staat	NOU-C(number=sg)	staat	
der	PD(type=d-p,subtype=art,position=prenom)	de	
verdoemden	NOU-C(number=pl)	verdoemde	
,	PC	,	
derzelver	PD(type=d-p,subtype=oth,position=prenom)	dezelve	
rampzaligheid	NOU-C(number=sg)	rampzaligheid	
,	PC	,	



't	PD(type=pers,position=free)	het	
Is	VRB(finiteness=fin,tense=pres)	zijn	
en	CONJ(type=coor)	en	
blijft	VRB(finiteness=fin,tense=pres)	blijven	
waar	AA(degree=pos,position=free)	waar	
—	PC	—	
hij	PD(type=pers,position=free)	hij	
heeft	VRB(finiteness=fin,tense=pres)	hebben	
een	PD(type=indef,subtype=art,position=prenom)	een	
te	NOU-C(number=sg)	tekort	mw_855690
kort	NOU-C(number=sg)	tekort	mw_855690
—	PC	—	
voor	ADP(type=pre)	voor	
zijn	PD(type=poss,position=prenom)	zijn	
omstandigheden	NOU-C(number=pl)	omstandigheid	
een	PD(type=indef,subtype=art,position=prenom)	een	
vrij	AA(degree=pos,position=free)	vrij	
groot	AA(degree=pos,position=prenom)	groot	
te	NOU-C(number=sg)	tekort	mw_564225
kort	NOU-C(number=sg)	tekort	mw_564225
.	PC	.	
Waardoor	ADV(type=pron)	waardoor	
is	VRB(finiteness=fin,tense=pres)	zijn	
dat	PD(type=d-p,position=free)	dat	
ontstaan	VRB(finiteness=pastpart)	ontstaan	
?	PC	?	
Hij	PD(type=pers,position=free)	hij	
ziet	VRB(finiteness=fin,tense=pres)	rondzien	mw_467441
de	PD(type=d-p,subtype=art,position=prenom)	de	
kamer	NOU-C(number=sg)	kamer	
eens	ADV(type=reg)	eens	
rond	VRB(finiteness=fin,tense=pres)	rondzien	mw_467441
;	PC	;	
neen	ADV(type=reg)	neen	
!	PC	!	
aan	ADP(type=pre)	aan	
hun	PD(type=poss,position=prenom)	hun	
inrichting	NOU-C(number=sg)	inrichting	
hebben	VRB(finiteness=fin,tense=pres)	hebben	
zij	PD(type=pers,position=free)	zij	
het	PD(type=pers,position=free)	het	
niet	ADV(type=reg)	niet	
verdaan	VRB(finiteness=pastpart)	verdoen	
,	PC	,	



Als	CONJ(type=sub)	als	
de	PD(type=d-p,subtype=art,position=prenom)	de	
rechter	NOU-C(number=sg)	rechter	
,	PC	,	
neêrgezeten	VRB(finiteness=pastpart)	nederzitten	
,	PC	,	
al	PD(type=indef,position=free)	al	
't	PD(type=d-p,subtype=art,position=prenom)	het	
verdoken	AA(degree=pos,position=prenom)	verdoken	
kwaad	NOU-C(number=sg)	kwaad	
zal	VRB(finiteness=fin,tense=pres)	zullen	
weten	VRB(finiteness=inf)	weten	
,	PC	,	
straffen	VRB(finiteness=inf)	straffen	
ende	CONJ(type=coor)	en	
niets	PD(type=indef,position=free)	niets	
vergeten	VRB(finiteness=inf)	vergeten	
,	PC	,	



Alles	PD(type=indef,position=free)	alles	
wat	PD(type=w-p,position=free)	wat	
de	PD(type=d-p,subtype=art,position=prenom)	de	
Laster	NOU-C(number=sg)	laster	
door	ADP(type=pre)	door	
den	PD(type=d-p,subtype=art,position=prenom)	de	
Mond	NOU-C(number=sg)	mond	
en	CONJ(type=coor)	en	
pen	NOU-C(number=sg)	pen	
van	ADP(type=pre)	van	
allerlei	PD(type=indef,subtype=oth,position=prenom)	allerlei	
soort	NOU-C(number=sg)	soort	
van	ADP(type=pre)	van	
Lieden	NOU-C(number=pl)	lieden	
…	PC	…	
heeft	VRB(finiteness=fin,tense=pres)	hebben	
uitgestrooid	VRB(finiteness=pastpart)	uitstrooien	
,	PC	,	
om	ADP(type=pre)	om	
Haare	PD(type=poss,position=prenom)	haar	
talenten	NOU-C(number=pl)	talent	
onnut	AA(degree=pos,position=free)	onnut	
te	ADP(type=pre)	te	
maaken	VRB(finiteness=inf)	maken	
…,	PC	…,	
Haaren	PD(type=poss,position=prenom)	haar	
welverdienden	AA(degree=pos,position=prenom)	welverdiend	
Roem	NOU-C(number=sg)	roem	
,	PC	,	
die	PD(type=d-p,position=free)	die	
men	PD(type=pers,position=free)	men	
benyde	VRB(finiteness=fin,tense=past)	benijden	
,	PC	,	
te	ADP(type=pre)	te	
verdonkeren	VRB(finiteness=inf)	verdonkeren	
;	PC	;	
heeft	VRB(finiteness=fin,tense=pres)	hebben	
het	PD(type=d-p,subtype=art,position=prenom)	het	
geheel	AA(degree=pos,position=prenom)	geheel	
zeenuwgestel	NOU-C(number=sg)	zenuwgestel	
van	ADP(type=pre)	van	
myn	PD(type=poss,position=prenom)	mijn	
vriendin	NOU-C(number=sg)	vriendin	
verwoest	VRB(finiteness=pastpart)	verwoesten	
,	PC	,	



In	ADP(type=pre)	in	
hunne	PD(type=poss,position=prenom)	hun	
verdoofde	AA(degree=pos,position=prenom)	verdoofd	
oogen	NOU-C(number=pl)	oog	
glinsterde	VRB(finiteness=fin,tense=past)	glinsteren	
nog	ADV(type=reg)	nog	
eene	PD(type=indef,subtype=art,position=prenom)	een	
sprankel	NOU-C(number=sg)	sprankel	
vuers	NOU-C(number=sg)	vuur	
,	PC	,	



De	PD(type=d-p,subtype=art,position=prenom)	de	
regen	NOU-C(number=sg)	regen	
en	CONJ(type=coor)	en	
wind	NOU-C(number=sg)	wind	
…	PC	…	
deden	VRB(finiteness=fin,tense=past)	doen	
elk	PD(type=indef,subtype=oth,position=prenom)	elk	
oogenblik	NOU-C(number=sg)	ogenblik	
onze	PD(type=poss,position=prenom)	ons	
kaars	NOU-C(number=sg)	kaars	
uitgaan	VRB(finiteness=inf)	uitgaan	
,	PC	,	
zoo	CONJ(type=sub)	zodat	mw_940610
dat	CONJ(type=sub)	zodat	mw_940610
het	PD(type=pers,position=free)	het	
ons	PD(type=pers,position=free)	wij	
eindelijk	ADV(type=reg)	eindelijk	
verdroot	VRB(finiteness=fin,tense=past)	verdrieten	
haar	PD(type=pers,position=free)	zij	
telkens	ADV(type=reg)	telkens	
vruchteloos	AA(degree=pos,position=free)	vruchteloos	
aan	VRB(finiteness=inf)	aansteken	mw_690975
te	ADP(type=pre)	te	
steken	VRB(finiteness=inf)	aansteken	mw_690975
,	PC	,	



De	PD(type=d-p,subtype=art,position=prenom)	de	
landverhuizer	NOU-C(number=sg)	landverhuizer	
in	ADP(type=pre)	in	
America	NOU-P	Amerika	
,	PC	,	
…	PC	…	
laat	VRB(finiteness=fin,tense=pres)	laten	
…	PC	…	
eenig	PD(type=indef,subtype=oth,position=prenom)	enig	
nieuws	NOU-C(number=sg)	nieuws	
vernemen	VRB(finiteness=inf)	vernemen	
aan	ADP(type=pre)	aan	
zijne	PD(type=poss,position=prenom)	zijn	
verwanten	NOU-C(number=pl)	verwant	
langs	ADP(type=pre)	langs	
het	PD(type=d-p,subtype=art,position=prenom)	het	
verlaten	AA(degree=pos,position=prenom)	verlaten	
geboorteduin	NOU-C(number=sg)	geboorteduin	
…,	PC	…,	
opdat	CONJ(type=sub)	opdat	
hij	PD(type=pers,position=free)	hij	
den	PD(type=d-p,subtype=art,position=prenom)	de	
klemmenden	AA(degree=pos,position=prenom)	klemmend	
angst	NOU-C(number=sg)	angst	
verdrijve	VRB(finiteness=fin,tense=pres)	verdrijven	
van	ADP(type=pre)	van	
de	PD(type=d-p,subtype=art,position=prenom)	de	
borst	NOU-C(number=sg)	borst	
zijner	PD(type=poss,position=prenom)	zijn	
moeder	NOU-C(number=sg)	moeder	
,	PC	,	
die	PD(type=d-p,position=free)	die	
niet	ADV(type=reg)	niet	
mee	VRB(finiteness=fin,tense=past)	medekunnen	mw_244465
kon	VRB(finiteness=fin,tense=past)	medekunnen	mw_244465
over	ADP(type=pre)	over	
zee	NOU-C(number=sg)	zee	
,	PC	,	



Geen	PD(type=indef,subtype=oth,position=prenom)	geen	
magt	NOU-C(number=sg)	macht	
verdunt	VRB(finiteness=fin,tense=pres)	verdunnen	
,	PC	,	
hoe	ADV(type=reg)	hoe	
digt	AA(degree=pos,position=free)	dicht	
omgeven	AA(degree=pos,position=free)	omgeven	
,	PC	,	
Hoe	ADV(type=reg)	hoe	
fel	AA(degree=pos,position=free)	fel	
bestookt	VRB(finiteness=pastpart)	bestoken	
of	CONJ(type=coor)	of	
kloek	AA(degree=pos,position=free)	kloek	
verrast	VRB(finiteness=pastpart)	verrassen	
;	PC	;	
Geen	PD(type=indef,subtype=oth,position=prenom)	geen	
zeil	NOU-C(number=sg)	zeil	
wendt	VRB(finiteness=fin,tense=pres)	wenden	
uit	ADP(type=pre)	uit	
den	PD(type=d-p,subtype=art,position=prenom)	de	
slag	NOU-C(number=sg)	slag	
den	PD(type=d-p,subtype=art,position=prenom)	de	
steven	NOU-C(number=sg)	steven	
,	PC	,	



Zij	PD(type=pers,position=free)	zij	
hadden	VRB(finiteness=fin,tense=past)	hebben	
…	PC	…	
hun	PD(type=poss,position=prenom)	hun	
lust	NOU-C(number=sg)	lust	
aan	ADP(type=pre)	aan	
mij	PD(type=pers,position=free)	ik	
,	PC	,	
Toen	CONJ(type=sub)	toen	
'	PC	'	
k	PD(type=pers,position=free)	ik	
,	PC	,	
aan	ADP(type=pre)	aan	
't	PD(type=d-p,subtype=art,position=prenom)	het	
ontembaar	AA(degree=pos,position=prenom)	ontembaar	
ros	NOU-C(number=sg)	ros	
gebonden	VRB(finiteness=pastpart)	binden	
,	PC	,	
Een	PD(type=indef,subtype=art,position=prenom)	een	
wis	AA(degree=pos,position=prenom)	wis	
verderf	NOU-C(number=sg)	verderf	
werd	VRB(finiteness=fin,tense=past)	worden	
toegezonden	VRB(finiteness=pastpart)	toezenden	
;	PC	;	
Maar	CONJ(type=coor)	maar	
eindloos	AA(degree=pos,position=free)	eindeloos	
harder	AA(degree=comp,position=free)	hard	
hebben	VRB(finiteness=fin,tense=pres)	hebben	
zij	PD(type=pers,position=free)	zij	
Van	ADP(type=pre)	van	
deze	PD(type=d-p,subtype=oth,position=prenom)	deze	
vuisten	NOU-C(number=pl)	vuist	
ondervonden	VRB(finiteness=pastpart)	ondervinden	
.	PC	.	
De	PD(type=d-p,subtype=art,position=prenom)	de	
tijd	NOU-C(number=sg)	tijd	
vereffent	VRB(finiteness=fin,tense=pres)	vereffenen	
iedre	PD(type=indef,subtype=oth,position=prenom)	ieder	
schuld	NOU-C(number=sg)	schuld	
Voor	ADP(type=pre)	voor	
die	PD(type=d-p,position=free)	die	
wil	VRB(finiteness=fin,tense=pres)	willen	
wachten	VRB(finiteness=inf)	wachten	
met	ADP(type=pre)	met	
geduld	NOU-C(number=sg)	geduld	
,	PC	,	



Deze	PD(type=d-p,subtype=oth,position=prenom)	deze	
pracht	NOU-C(number=sg)	pracht	
bestond	VRB(finiteness=fin,tense=past)	bestaan	
in	ADP(type=pre)	in	
verheven	AA(degree=pos,position=prenom)	verheven	
beeld	NOU-C(number=sg,WF=trunc)+NOU-C(number=sg)	beeldwerk+loofwerk	mw_278165
-	PC	-	
en	CONJ(type=coor)	en	
loofwerk	NOU-C(number=sg,WF=trunc)+NOU-C(number=sg)	beeldwerk+loofwerk	mw_278165
,	PC	,	
waarmede	ADV(type=pron)	waarmede	
al	PD(type=indef,position=free)	al	
het	PD(type=d-p,subtype=art,position=prenom)	het	
zichtbare	AA(degree=pos,position=prenom)	zichtbaar	
hout	NOU-C(number=sg)	hout	
als	CONJ(type=sub)	als	
overdekt	VRB(finiteness=pastpart)	overdekken	
was	VRB(finiteness=fin,tense=past)	zijn	
,	PC	,	



De	PD(type=d-p,subtype=art,position=prenom)	de	
hoogere	AA(degree=comp,position=prenom)	hoog	
landerijen	NOU-C(number=pl)	landerij	
,	PC	,	
die	PD(type=d-p,position=free)	die	
den	PD(type=d-p,subtype=art,position=prenom)	de	
meesten	AA(degree=sup,position=prenom)	meest	
mest	NOU-C(number=sg)	mest	
vereischen	VRB(finiteness=fin,tense=pres)	vereisen	
,	PC	,	
geraken	VRB(finiteness=fin,tense=pres)	geraken	
vaak	ADV(type=reg)	vaak	
in	ADP(type=pre)	in	
de	PD(type=d-p,subtype=art,position=prenom)	de	
handen	NOU-C(number=pl)	hand	
der	PD(type=d-p,subtype=art,position=prenom)	de	
kleinere	AA(degree=comp,position=prenom)	klein	
landbouwers	NOU-C(number=pl)	landbouwer	
,	PC	,	



Geen	PD(type=indef,subtype=oth,position=prenom)	geen	
geur	NOU-C(number=sg)	geur	
zal	VRB(finiteness=fin,tense=pres)	zullen	
aan	ADP(type=pre)	aan	
't	PD(type=d-p,subtype=art,position=prenom)	het	
gewaad	NOU-C(number=sg)	gewaad	
des	PD(type=d-p,subtype=art,position=prenom)	de	
wandelaars	NOU-C(number=sg)	wandelaar	
beklijven	VRB(finiteness=inf)	beklijven	
Wanneer	CONJ(type=sub)	wanneer	
de	PD(type=d-p,subtype=art,position=prenom)	de	
Simoum	NOU-C(number=sg)	samoem	
waait	VRB(finiteness=fin,tense=pres)	waaien	
;	PC	;	
doch	CONJ(type=coor)	doch	
nimmer	ADV(type=reg)	nimmer	
zal	VRB(finiteness=fin,tense=pres)	zullen	
zijn	PD(type=poss,position=prenom)	zijn	
macht	NOU-C(number=sg)	macht	
De	PD(type=d-p,subtype=art,position=prenom)	de	
nooit	ADV(type=reg)	nooit	
vergankbre	AA(degree=pos,position=prenom)	vergangbaar	
reuk	NOU-C(number=sg)	reuk	
van	ADP(type=pre)	van	
deze	PD(type=d-p,subtype=oth,position=prenom)	deze	
bloem	NOU-C(number=sg)	bloem	
verdrijven	VRB(finiteness=inf)	verdrijven	
,	PC	,	



—	PC	—	
Wanneer	CONJ(type=sub)	wanneer	
al	PD(type=indef,position=free)	al	
de	PD(type=d-p,subtype=art,position=prenom)	de	
stukken	NOU-C(number=pl)	stuk	
van	ADP(type=pre)	van	
een	PD(type=indef,subtype=art,position=prenom)	een	
getimmerte	NOU-C(number=sg)	getimmerte	
zuiver	AA(degree=pos,position=free)	zuiver	
afgewerkt	VRB(finiteness=pastpart)	afwerken	
zijn	VRB(finiteness=fin,tense=pres)	zijn	
,	PC	,	
worden	VRB(finiteness=fin,tense=pres)	worden	
zij	PD(type=pers,position=free)	zij	
vergaard	VRB(finiteness=pastpart)	vergaren	
,	PC	,	



Hy	PD(type=pers,position=free)	hij	
had	VRB(finiteness=fin,tense=past)	hebben	
…	PC	…	
gezien	VRB(finiteness=pastpart)	zien	
,	PC	,	
dat	CONJ(type=sub)	dat	
Madzy	NOU-P	Madzy	
…	PC	…	
na	ADP(type=pre)	na	
zich	PD(type=refl,position=free)	zich	
genoeg	PD(type=indef,position=free)	genoeg	
vergast	VRB(finiteness=pastpart)	vergassen	
te	ADP(type=pre)	te	
hebben	VRB(finiteness=inf)	hebben	
aan	ADP(type=pre)	aan	
het	PD(type=d-p,subtype=art,position=prenom)	het	
beschouwen	NOU-C(number=sg)	beschouwen	
der	PD(type=d-p,subtype=art,position=prenom)	de	
omliggende	AA(degree=pos,position=prenom)	omliggend	
streken	NOU-C(number=pl)	streek	
,	PC	,	
op	ADP(type=pre)	op	
eenmaal	ADV(type=reg)	eenmaal	
…	PC	…	
trek	NOU-C(number=sg)	trek	
had	VRB(finiteness=fin,tense=past)	hebben	
gevoeld	VRB(finiteness=pastpart)	voelen	
om	ADP(type=pre)	om	
van	ADP(type=pre)	van	
het	PD(type=d-p,subtype=art,position=prenom)	het	
duin	NOU-C(number=sg)	duin	
naar	ADP(type=pre)	naar	
beneden	ADV(type=reg)	beneden	
te	ADP(type=pre)	te	
loopen	VRB(finiteness=inf)	lopen	
,	PC	,	



Gij	PD(type=pers,position=free)	gij	
waart	VRB(finiteness=fin,tense=past)	zijn	
zijn	PD(type=poss,position=prenom)	zijn	
eenige	AA(degree=pos,position=prenom)	enig	
vriend	NOU-C(number=sg)	vriend	
.	PC	.	
Ik	PD(type=pers,position=free)	ik	
wenschte	VRB(finiteness=fin,tense=past)	wensen	
zoo	ADV(type=reg)	zo	
vurig	AA(degree=pos,position=free)	vurig	
,	PC	,	
dat	CONJ(type=sub)	dat	
alles	PD(type=indef,position=free)	alles	
hier	ADV(type=reg)	hier	
kon	VRB(finiteness=fin,tense=past)	kunnen	
blijven	VRB(finiteness=inf)	blijven	
gaan	VRB(finiteness=inf)	gaan	
juist	AA(degree=pos,position=free)	juist	
gelijk	CONJ(type=sub)	gelijk	
Vader	NOU-C(number=sg)	vader	
zaliger	AA(degree=comp,position=postnom)	zalig	
het	PD(type=pers,position=free)	het	
gezien	VRB(finiteness=pastpart)	zien	
en	CONJ(type=coor)	en	
beleefd	VRB(finiteness=pastpart)	beleven	
heeft	VRB(finiteness=fin,tense=pres)	hebben	
.	PC	.	
Zoude	VRB(finiteness=fin,tense=past)	zullen	
het	PD(type=pers,position=free)	het	
te	ADV(type=reg)	te	
veel	PD(type=indef,position=free)	veel	
van	ADP(type=pre)	van	
u	PD(type=pers,position=free)	u	
vergen	VRB(finiteness=inf)	vergen	
zijn	VRB(finiteness=inf)	zijn	
?	PC	?	



”	PC	”	
Het	PD(type=d-p,subtype=art,position=prenom)	het	
beneficie	NOU-C(number=sg)	beneficie	
van	ADP(type=pre)	van	
knecht	NOU-C(number=sg)	knecht	
aan	ADP(type=pre)	aan	
het	PD(type=d-p,subtype=art,position=prenom)	het	
…	PC	…	
sche	AA(degree=pos,position=prenom)	UNKNOWN	
veer	NOU-C(number=sg)	veer	
”,	PC	”,	
zei	VRB(finiteness=fin,tense=past)	zeggen	
Burgemeester	NOU-C(number=sg)	burgemeester	
Dikkerdak	NOU-P	Dikkerdak	
met	ADP(type=pre)	met	
majesteit	NOU-C(number=sg)	majesteit	
.	PC	.	
”	PC	”	
Het	PD(type=pers,position=free)	het	
wordt	VRB(finiteness=fin,tense=pres)	worden	
binnen	ADV(type=reg)	binnenkort	mw_526068
kort	ADV(type=reg)	binnenkort	mw_526068
vergeven	VRB(finiteness=pastpart)	vergeven	
.	PC	.	
Bedenk	VRB(finiteness=fin,tense=pres)	bedenken	
er	ADV(type=pron)	erop	mw_90428
u	PD(type=pers,position=free)	u	
op	ADV(type=pron)	erop	mw_90428
,	PC	,	
Kees	NOU-P	Kees	
!”	PC	!”	



Hetzij	CONJ(type=coor)	hetzij	
dit	PD(type=d-p,subtype=oth,position=prenom)	dit	
vergoêlijken	NOU-C(number=sg)	vergoelijken	
van	ADP(type=pre)	van	
's	PD(type=d-p,subtype=art,position=prenom)	de	
konings	NOU-C(number=sg)	koning	
handelingen	NOU-C(number=pl)	handeling	
een	PD(type=indef,subtype=art,position=prenom)	een	
voorwendsel	NOU-C(number=sg)	voorwendsel	
is	VRB(finiteness=fin,tense=pres)	zijn	
of	CONJ(type=coor)	of	
niet	ADV(type=reg)	niet	
,	PC	,	
de	PD(type=d-p,subtype=art,position=prenom)	de	
toorn	NOU-C(number=sg)	toorn	
der	PD(type=d-p,subtype=art,position=prenom)	de	
geuzen	NOU-C(number=pl)	geus	
keert	VRB(finiteness=fin,tense=pres)	keren	
zich	PD(type=refl,position=free)	zich	
van	ADP(type=pre)	van	
hem	PD(type=pers,position=free)	hij	
tegen	ADP(type=pre)	tegen	
Rome	NOU-P	Rome	
,	PC	,	
en	CONJ(type=coor)	en	
al	PD(type=indef,position=free)	al	
de	PD(type=d-p,subtype=art,position=prenom)	de	
euveldaden	NOU-C(number=pl)	euveldaad	
van	ADP(type=pre)	van	
Alva	NOU-P	Alva	
worden	VRB(finiteness=fin,tense=pres)	worden	
voor	ADP(type=pre)	voor	
een	PD(type=indef,subtype=art,position=prenom)	een	
uitvloeisel	NOU-C(number=sg)	uitvloeisel	
van	ADP(type=pre)	van	
pauselijke	AA(degree=pos,position=prenom)	pauselijk	
bevelen	NOU-C(number=pl)	bevel	
gerekend	VRB(finiteness=pastpart)	rekenen	
,	PC	,	



Kon	VRB(finiteness=fin,tense=past)	kunnen	
men	PD(type=pers,position=free)	men	
zich	PD(type=refl,position=free)	zich	
grooter	AA(degree=comp,position=prenom)	groot	
vergrijp	NOU-C(number=sg)	vergrijp	
voorstellen	VRB(finiteness=inf)	voorstellen	
!	PC	!	
De	PD(type=d-p,subtype=art,position=prenom)	de	
Kamer	NOU-C(number=sg)	kamer	
had	VRB(finiteness=fin,tense=past)	hebben	
gesproken	VRB(finiteness=pastpart)	spreken	
,	PC	,	
tweemaal	ADV(type=reg)	tweemaal	
gesproken	VRB(finiteness=pastpart)	spreken	
,	PC	,	
en	CONJ(type=coor)	en	
de	PD(type=d-p,subtype=art,position=prenom)	de	
Heer	NOU-C(number=sg)	heer	
Thorbecke	NOU-P	Thorbecke	
bleef	VRB(finiteness=fin,tense=past)	blijven	
in	ADP(type=pre)	in	
het	PD(type=d-p,subtype=art,position=prenom)	het	
aangezigt	NOU-C(number=sg)	aangezicht	
van	ADP(type=pre)	van	
de	PD(type=d-p,subtype=art,position=prenom)	de	
Vertegenwoordiging	NOU-C(number=sg)	vertegenwoordiging	
stoutweg	ADV(type=reg)	stoutweg	
verklaren	VRB(finiteness=inf)	verklaren	
,	PC	,	
dat	CONJ(type=sub)	dat	
hij	PD(type=pers,position=free)	hij	
anders	ADV(type=reg)	anders	
oordeelde	VRB(finiteness=fin,tense=past)	oordelen	
dan	CONJ(type=coor)	dan	
zij	PD(type=pers,position=free)	zij	
en	CONJ(type=coor)	en	
daarom	ADV(type=pron)	daarom	
ook	ADV(type=reg)	ook	
anders	ADV(type=reg)	anders	
handelen	VRB(finiteness=inf)	handelen	
zou	VRB(finiteness=fin,tense=past)	zullen	
,	PC	,	



Vergroofd	VRB(finiteness=pastpart)	vergroven	
,	PC	,	
verlogd	VRB(finiteness=pastpart)	verloggen	
,	PC	,	
verlaagd	VRB(finiteness=pastpart)	verlagen	
,	PC	,	
vervallen	VRB(finiteness=pastpart)	vervallen	
,	PC	,	
Verzonk	VRB(finiteness=fin,tense=past)	verzinken	
de	PD(type=d-p,subtype=art,position=prenom)	de	
stervling	NOU-C(number=sg)	sterveling	
uit	ADP(type=pre)	uit	
zijn	PD(type=poss,position=prenom)	zijn	
'	PC	'	
kring	NOU-C(number=sg)	kring	
,	PC	,	



Ik	PD(type=pers,position=free)	ik	
vond	VRB(finiteness=fin,tense=past)	vinden	
haar	PD(type=pers,position=free)	zij	
wel	ADV(type=reg)	wel	
een	PD(type=indef,subtype=art,position=prenom)	een	
beetje	NOU-C(number=sg)	beetje	
opgewonden	AA(degree=pos,position=free)	opgewonden	
,	PC	,	
maar	CONJ(type=coor)	maar	
voor	ADP(type=pre)	voor	
't	PD(type=d-p,subtype=art,position=prenom)	het	
overige	NOU-C(number=sg)	overige	
even	AA(degree=pos,position=free)	even	
flink	AA(degree=pos,position=free)	flink	
bij	ADP(type=pre)	bij	
de	PD(type=d-p,subtype=art,position=prenom)	de	
hand	NOU-C(number=sg)	hand	
als	CONJ(type=sub)	als	
altijd	ADV(type=reg)	altijd	
,	PC	,	



Vergulde	AA(degree=pos,position=prenom)	verguld	
ketenen	NOU-C(number=pl)	keten	
dragen	VRB(finiteness=inf)	dragen	
,	PC	,	
onder	ADP(type=pre)	onder	
den	PD(type=d-p,subtype=art,position=prenom)	de	
schijn	NOU-C(number=sg)	schijn	
van	ADP(type=pre)	van	
rijkdom	NOU-C(number=sg)	rijkdom	
en	CONJ(type=coor)	en	
pracht	NOU-C(number=sg)	pracht	
verslaafd	AA(degree=pos,position=free)	verslaafd	
zijn	VRB(finiteness=inf)	zijn	
,	PC	,	
—	PC	—	
onderdrukt	VRB(finiteness=pastpart)	onderdrukken	
worden	VRB(finiteness=fin,tense=pres)	worden	
,	PC	,	



Ik	PD(type=pers,position=free)	ik	
hoor	VRB(finiteness=fin,tense=pres)	horen	
…	PC	…	
schrijver	NOU-C(number=sg)	schrijver	
en	CONJ(type=coor)	en	
uitgever	NOU-C(number=sg)	uitgever	
van	ADP(type=pre)	van	
De	PD(type=d-p,subtype=art,position=prenom)	de	
familie	NOU-C(number=sg)	familie	
Hendriks	NOU-P	Hendriks	
al	ADV(type=reg)	al	
tegen	ADP(type=pre)	tegen	
elkaâr	PD(type=recip,position=free)	elkander	
meesmuilen	VRB(finiteness=inf)	meesmuilen	
,	PC	,	
dat	CONJ(type=sub)	dat	
een	PD(type=indef,subtype=art,position=prenom)	een	
schrijver	NOU-C(number=sg)	schrijver	
,	PC	,	
wil	VRB(finiteness=fin,tense=pres)	willen	
hij	PD(type=pers,position=free)	hij	
míj	PD(type=pers,position=free)	ik	
bevallen	VRB(finiteness=inf)	bevallen	
,	PC	,	
onleesbaar-walgelijk	AA(degree=pos,position=free)+AA(degree=pos,position=free)	onleesbaar+walgelijk	
in	ADP(type=pre)	in	
zijn	PD(type=poss,position=prenom)	zijn	
voorstellingen	NOU-C(number=pl)	voorstelling	
moet	VRB(finiteness=fin,tense=pres)	moeten	
zijn	VRB(finiteness=inf)	zijn	
en	CONJ(type=coor)	en	
zijn	PD(type=poss,position=prenom)	zijn	
taal	NOU-C(number=sg)	taal	
op	ADP(type=pre)	op	
een	PD(type=indef,subtype=art,position=prenom)	een	
onmogelijke	AA(degree=pos,position=prenom)	onmogelijk	
manier	NOU-C(number=sg)	manier	
moet	VRB(finiteness=fin,tense=pres)	moeten	
verhanselen	VRB(finiteness=inf)	verhanselen	
,	PC	,	



Toen	ADV(type=reg)	toen	
vertelde	VRB(finiteness=fin,tense=past)	vertellen	
ik	PD(type=pers,position=free)	ik	
haar	PD(type=pers,position=free)	zij	
kort	AA(degree=pos,position=free)	kort	
,	PC	,	
hoe	ADV(type=reg)	hoe	
ik	PD(type=pers,position=free)	ik	
…	PC	…	
op	ADP(type=pre)	op	
den	PD(type=d-p,subtype=art,position=prenom)	de	
gelukkigen	AA(degree=pos,position=prenom)	gelukkig	
inval	NOU-C(number=sg)	inval	
kwam	VRB(finiteness=fin,tense=past)	komen	
,	PC	,	
om	ADP(type=pre)	om	
mij	PD(type=pers,position=free)	ik	
hier	ADV(type=reg)	hier	
te	ADP(type=pre)	te	
verhuren	VRB(finiteness=inf)	verhuren	
,	PC	,	



De	PD(type=d-p,subtype=art,position=prenom)	de	
ernst	NOU-C(number=sg)	ernst	
wil	VRB(finiteness=fin,tense=pres)	willen	
in	ADP(type=pre)	in	
zich	PD(type=refl,position=free)	zich	
zelven	PD(type=d-p,position=free)	zelf	
keeren	VRB(finiteness=inf)	keren	
en	CONJ(type=coor)	en	
zoekt	VRB(finiteness=fin,tense=pres)	zoeken	
eenzaamheid	NOU-C(number=sg)	eenzaamheid	
;	PC	;	
een	PD(type=indef,subtype=art,position=prenom)	een	
gedurig	AA(degree=pos,position=prenom)	gedurig	
gezellig	AA(degree=pos,position=prenom)	gezellig	
verkeer	NOU-C(number=sg)	verkeer	
leert	VRB(finiteness=fin,tense=pres)	leren	
de	PD(type=d-p,subtype=art,position=prenom)	de	
onderwerpen	NOU-C(number=pl)	onderwerp	
der	PD(type=d-p,subtype=art,position=prenom)	de	
gesprekken	NOU-C(number=pl)	gesprek	
van	ADP(type=pre)	van	
alle	PD(type=indef,subtype=oth,position=prenom)	al	
zijden	NOU-C(number=pl)	zijde	
bezien	VRB(finiteness=inf)	bezien	
,	PC	,	



Dit	PD(type=d-p,position=free)	dit	
zijn	VRB(finiteness=fin,tense=pres)	zijn	
schimmen	NOU-C(number=pl)	schim	
die	PD(type=d-p,position=free)	die	
gekleed	VRB(finiteness=pastpart)	kleden	
gaan	VRB(finiteness=fin,tense=pres)	gaan	
,	PC	,	
weêrgekomenen	NOU-C(number=pl)	wedergekomene	
zijn	VRB(finiteness=fin,tense=pres)	zijn	
'	PC	'	
t	PD(type=pers,position=free)	het	
,	PC	,	
verkeerselen	NOU-C(number=pl)	verkeersel	
,	PC	,	
uit	ADP(type=pre)	uit	
het	PD(type=d-p,subtype=art,position=prenom)	het	
eiland	NOU-C(number=sg)	eiland	
van	ADP(type=pre)	van	
Ponemah	NOU-P	Ponemah	
,	PC	,	
uit	ADP(type=pre)	uit	
de	PD(type=d-p,subtype=art,position=prenom)	de	
streken	NOU-C(number=pl)	streek	
van	ADP(type=pre)	van	
't	PD(type=d-p,subtype=art,position=prenom)	het	
Hiernamaals	NOU-C(number=sg)	hiernamaals	
,	PC	,	



Ter	ADP(type=pre)+PD(type=d-p,subtype=art,position=prenom)	te+de	
voorkoming	NOU-C(number=sg)	voorkoming	
daarvan	ADV(type=pron)	daarvan	
deed	VRB(finiteness=fin,tense=past)	doen	
de	PD(type=d-p,subtype=art,position=prenom)	de	
Opperbevelhebber	NOU-C(number=sg)	opperbevelhebber	
de	PD(type=d-p,subtype=art,position=prenom)	de	
westzijde	NOU-C(number=sg)	westzijde	
van	ADP(type=pre)	van	
dit	PD(type=d-p,subtype=oth,position=prenom)	dit	
eiland	NOU-C(number=sg)	eiland	
onderzoeken	VRB(finiteness=inf)	onderzoeken	
,	PC	,	
en	CONJ(type=coor)	en	
de	PD(type=d-p,subtype=art,position=prenom)	de	
uitslag	NOU-C(number=sg)	uitslag	
dezer	PD(type=d-p,subtype=oth,position=prenom)	deze	
verkenning	NOU-C(number=sg)	verkenning	
was	VRB(finiteness=fin,tense=past)	zijn	
zoodanig	ADV(type=reg)	zodanig	
,	PC	,	
dat	CONJ(type=sub)	dat	
aldaar	ADV(type=reg)	aldaar	
al	PD(type=indef,position=free)	al	
de	PD(type=d-p,subtype=art,position=prenom)	de	
schepen	NOU-C(number=pl)	schip	
,	PC	,	
zonder	ADP(type=pre)	zonder	
hindernis	NOU-C(number=sg)	hindernis	
,	PC	,	
voorbij	VRB(finiteness=fin,tense=past)	voorbijtrekken	mw_855199
trokken	VRB(finiteness=fin,tense=past)	voorbijtrekken	mw_855199
,	PC	,	



Daar	ADV(type=reg)	daar	
stond	VRB(finiteness=fin,tense=past)	staan	
nu	ADV(type=reg)	nu	
de	PD(type=d-p,subtype=art,position=prenom)	de	
verrukking	NOU-C(number=sg)	verrukking	
van	ADP(type=pre)	van	
al	PD(type=indef,position=free)	al	
die	PD(type=d-p,subtype=oth,position=prenom)	die	
menschen	NOU-C(number=pl)	mens	
te	ADP(type=pre)	te	
verkillen	VRB(finiteness=inf)	verkillen	
in	ADP(type=pre)	in	
het	PD(type=d-p,subtype=art,position=prenom)	het	
vroege	AA(degree=pos,position=prenom)	vroeg	
licht	NOU-C(number=sg)	licht	
,	PC	,	
de	PD(type=d-p,subtype=art,position=prenom)	de	
oogenlust	NOU-C(number=sg)	ogenlust	
van	ADP(type=pre)	van	
dat	PD(type=d-p,subtype=oth,position=prenom)	dat	
nu	ADV(type=reg)	nu	
zoo	ADV(type=reg)	zo	
uitgeputte	AA(degree=pos,position=prenom)	uitgeput	
volk	NOU-C(number=sg)	volk	
,	PC	,	
met	ADP(type=pre)	met	
zijn	PD(type=poss,position=prenom)	zijn	
groote	AA(degree=pos,position=prenom)	groot	
liefde	NOU-C(number=sg)	liefde	
voor	ADP(type=pre)	voor	
kleinen	AA(degree=pos,position=prenom)	klein	
en	CONJ(type=coor)	en	
bonten	AA(degree=pos,position=prenom)	bonten	
smuk	NOU-C(number=sg)	smuk	
,	PC	,	



Wat	PD(type=w-p,position=free)	wat	
ben	VRB(finiteness=fin,tense=pres)	zijn	
ik	PD(type=pers,position=free)	ik	
,	PC	,	
arme	AA(degree=pos,position=prenom)	arm	
zondaar	NOU-C(number=sg)	zondaar	
,	PC	,	
dat	CONJ(type=sub)	dat	
ik	PD(type=pers,position=free)	ik	
my	PD(type=refl,position=free)	mij	
opwerpen	VRB(finiteness=inf)	opwerpen	
zou	VRB(finiteness=fin,tense=past)	zullen	
,	PC	,	
om	ADP(type=pre)	om	
op	ADP(type=pre)	op	
begenadigde	AA(degree=pos,position=prenom)	begenadigd	
zielen	NOU-C(number=pl)	ziel	
invloeden	NOU-C(number=pl)	invloed	
te	ADP(type=pre)	te	
oefenen	VRB(finiteness=inf)	oefenen	
,	PC	,	
die	PD(type=d-p,position=free)	die	



Ras	AA(degree=pos,position=free)	ras	
zaagt	VRB(finiteness=fin,tense=past)	zien	
gij	PD(type=pers,position=free)	gij	
blad	NOU-C(number=sg)	blad	
en	CONJ(type=coor)	en	
bloem	NOU-C(number=sg)	bloem	
der	PD(type=d-p,subtype=art,position=prenom)	de	
huwlijkskroon	NOU-C(number=sg)	huwelijkskroon	
verbleeken	VRB(finiteness=inf)	verbleken	
.	PC	.	
De	PD(type=d-p,subtype=art,position=prenom)	de	
teerworm	NOU-C(number=sg)	teerworm	
had	VRB(finiteness=fin,tense=past)	hebben	
u	PD(type=pers,position=free)	u	
diep	AA(degree=pos,position=free)	diep	
gesteken	VRB(finiteness=pastpart)	steken	
!	PC	!	
Uw	PD(type=poss,position=prenom)	uw	
bloed	NOU-C(number=sg)	bloed	
verkilde	VRB(finiteness=fin,tense=past)	verkillen	
en	CONJ(type=coor)	en	
vlood	VRB(finiteness=fin,tense=past)	vlieden	
bij	ADP(type=pre)	bij	
't	PD(type=d-p,subtype=art,position=prenom)	het	
groeien	NOU-C(number=sg)	groeien	
van	ADP(type=pre)	van	
de	PD(type=d-p,subtype=art,position=prenom)	de	
smart	NOU-C(number=sg)	smart	
.	PC	.	
En	CONJ(type=coor)	en	
nergens	ADV(type=reg)	nergens	
redding	NOU-C(number=sg)	redding	
op	VRB(finiteness=inf)	opsporen	mw_758244
te	ADP(type=pre)	te	
sporen	VRB(finiteness=inf)	opsporen	mw_758244
!	PC	!	



De	PD(type=d-p,subtype=art,position=prenom)	de	
arme	AA(degree=pos,position=prenom)	arm	
kinderen	NOU-C(number=pl)	kind	
,	PC	,	
die	PD(type=d-p,position=free)	die	
hunne	PD(type=poss,position=prenom)	hun	
eerste	NUM(type=ord,position=prenom,representation=let)	eerste	
communie	NOU-C(number=sg)	communie	
doen	VRB(finiteness=fin,tense=pres)	doen	
,	PC	,	
worden	VRB(finiteness=fin,tense=pres)	worden	
verkleed	VRB(finiteness=pastpart)	verkleden	
door	ADP(type=pre)	door	
rijke	AA(degree=pos,position=prenom)	rijk	
lieden	NOU-C(number=pl)	lieden	
,	PC	,	



Conscience	NOU-P	Consciënce	
…	PC	…	
die	PD(type=d-p,position=free)	die	
…	PC	…	
in	ADP(type=pre)	in	
meer	PD(type=indef,position=free)	meer	
dan	CONJ(type=coor)	dan	
eene	NUM(type=card,position=prenom,representation=let)	een	
omstandigheid	NOU-C(number=sg)	omstandigheid	
de	PD(type=d-p,subtype=art,position=prenom)	de	
sprekendste	AA(degree=sup,position=prenom)	sprekend	
bewyzen	NOU-C(number=pl)	bewijs	
van	ADP(type=pre)	van	
zyne	PD(type=poss,position=prenom)	zijn	
grenzelooze	AA(degree=pos,position=prenom)	grenzeloos	
verknochtheid	NOU-C(number=sg)	verknochtheid	
aen	ADP(type=pre)	aan	
de	PD(type=d-p,subtype=art,position=prenom)	de	
zaek	NOU-C(number=sg)	zaak	
des	PD(type=d-p,subtype=art,position=prenom)	het	
vaderlands	NOU-C(number=sg)	vaderland	
heeft	VRB(finiteness=fin,tense=pres)	hebben	
gegeven	VRB(finiteness=pastpart)	geven	
,	PC	,	



Wat	PD(type=w-p,position=free)	wat	
is	VRB(finiteness=fin,tense=pres)	zijn	
dat	PD(type=d-p,subtype=oth,position=prenom)	dat	
godlijke	NOU-C(number=sg)	goddelijke	
in	ADP(type=pre)	in	
mijn	PD(type=poss,position=prenom)	mijn	
harte	NOU-C(number=sg)	hart	
…	PC	…	
Dat	PD(type=d-p,position=free)	dat	
,	PC	,	
boven	ADP(type=pre)	boven	
tijd	NOU-C(number=sg)	tijd	
en	CONJ(type=coor)	en	
lot	NOU-C(number=sg)	lot	
verheven	VRB(finiteness=pastpart)	verheffen	
,	PC	,	
Naar	ADP(type=pre)	naar	
't	PD(type=d-p,subtype=art,position=prenom)	het	
onbereikbre	NOU-C(number=sg)	onbereikbare	
voort	VRB(finiteness=inf)	voortstreven	mw_855170
blijft	VRB(finiteness=fin,tense=pres)	blijven	
streven	VRB(finiteness=inf)	voortstreven	mw_855170
En	CONJ(type=coor)	en	
in	ADP(type=pre)	in	
die	PD(type=d-p,subtype=oth,position=prenom)	die	
aandrift	NOU-C(number=sg)	aandrift	
nooit	ADV(type=reg)	nooit	
verkoelt	VRB(finiteness=fin,tense=pres)	verkoelen	
?	PC	?	



't	PD(type=d-p,subtype=art,position=prenom)	het	
Hart	NOU-C(number=sg)	hart	
,	PC	,	
dat	PD(type=d-p,position=free)	dat	
,	PC	,	
bij	ADP(type=pre)	bij	
uw	PD(type=poss,position=prenom)	uw	
rein	AA(degree=pos,position=prenom)	rein	
bedoelen	NOU-C(number=sg)	bedoelen	
,	PC	,	
Geen	PD(type=indef,subtype=oth,position=prenom)	geen	
sectenscheiding	NOU-C(number=sg)	sektescheiding	
kan	VRB(finiteness=fin,tense=pres)	kunnen	
verkoelen	VRB(finiteness=inf)	verkoelen	
,	PC	,	



Voordat	CONJ(type=sub)	voordat	
ze	PD(type=pers,position=free)	zij	
verder	AA(degree=comp,position=free)	verder	
ging	VRB(finiteness=fin,tense=past)	gaan	
,	PC	,	
verbleekte	VRB(finiteness=fin,tense=past)	verbleken	
hare	PD(type=poss,position=prenom)	haar	
kleur	NOU-C(number=sg)	kleur	
,	PC	,	
ontstelden	VRB(finiteness=fin,tense=past)	ontstellen	
hare	PD(type=poss,position=prenom)	haar	
trekken	NOU-C(number=pl)	trek	
en	CONJ(type=coor)	en	
verkropte	VRB(finiteness=fin,tense=past)	verkroppen	
hare	PD(type=poss,position=prenom)	haar	
stem	NOU-C(number=sg)	stem	
,	PC	,	



alleen	AA(degree=pos,position=free)	alleen	
bezat	VRB(finiteness=fin,tense=past)	bezitten	
het	PD(type=d-p,subtype=art,position=prenom)	het	
vertrouwen	NOU-C(number=sg)	vertrouwen	
des	PD(type=d-p,subtype=art,position=prenom)	de	
konings	NOU-C(number=sg)	koning	
,	PC	,	
uit	ADP(type=pre)	uit	
zynen	PD(type=poss,position=prenom)	zijn	
mond	NOU-C(number=sg)	mond	
moesten	VRB(finiteness=fin,tense=past)	moeten	
zy	PD(type=pers,position=free)	zij	
des	PD(type=d-p,subtype=art,position=prenom)	de	
vorsten	NOU-C(number=sg)	vorst	
verlangen	NOU-C(number=sg)	verlangen	
nu	ADV(type=reg)	nu	
kennen	VRB(finiteness=inf)	kennen	
,	PC	,	



Zoodat	CONJ(type=sub)	zodat	
hij	PD(type=pers,position=free)	hij	
in	ADP(type=pre)	in	
het	PD(type=d-p,subtype=art,position=prenom)	het	
eind	NOU-C(number=sg)	einde	
van	ADP(type=pre)	van	
zijn	PD(type=poss,position=prenom)	zijn	
gedicht	NOU-C(number=sg)	gedicht	
op	ADP(type=pre)	op	
een	PD(type=indef,subtype=art,position=prenom)	een	
gansch	AA(degree=pos,position=free)	gans	
ander	PD(type=indef,subtype=oth,position=prenom)	ander	
standpunt	NOU-C(number=sg)	standpunt	
was	VRB(finiteness=fin,tense=past)	zijn	
dan	CONJ(type=coor)	dan	
in	ADP(type=pre)	in	
het	PD(type=d-p,subtype=art,position=prenom)	het	
begin	NOU-C(number=sg)	begin	
,	PC	,	



Vele	PD(type=indef,subtype=oth,position=prenom)	veel	
Heeren	NOU-C(number=pl)	heer	
van	ADP(type=pre)	van	
het	PD(type=d-p,subtype=art,position=prenom)	het	
landschap	NOU-C(number=sg)	landschap	
(	PC	(	
behoorden	VRB(finiteness=fin,tense=past)	behoren	
)	PC	)	
…	PC	…	
veel	ADV(type=reg)	veel	
keuriger	AA(degree=comp,position=free)	keurig	
te	ADP(type=pre)	te	
zijn	VRB(finiteness=inf)	zijn	
op	ADP(type=pre)	op	
de	PD(type=d-p,subtype=art,position=prenom)	de	
figuurtjes	NOU-C(number=pl)	figuurtje	
,	PC	,	
die	PD(type=d-p,position=free)	die	
zij	PD(type=pers,position=free)	zij	
ter	ADP(type=pre)+PD(type=d-p,subtype=art,position=prenom)	te+de	
stoffeering	NOU-C(number=sg)	stoffering	
noodig	AA(degree=pos,position=free)	nodig	
hebben	VRB(finiteness=fin,tense=pres)	hebben	
,	PC	,	
en	CONJ(type=coor)	en	
die	PD(type=d-p,position=free)	die	
ook	ADV(type=reg)	ook	
inderdaad	ADV(type=reg)	inderdaad	
onmisbaar	AA(degree=pos,position=free)	onmisbaar	
schijnen	VRB(finiteness=fin,tense=pres)	schijnen	
te	ADP(type=pre)	te	
wezen	VRB(finiteness=inf)	wezen	
om	ADP(type=pre)	om	
te	ADP(type=pre)	te	
verhoeden	VRB(finiteness=inf)	verhoeden	
,	PC	,	
dat	CONJ(type=sub)	dat	
een	PD(type=indef,subtype=art,position=prenom)	een	
natuurtafereel	NOU-C(number=sg)	natuurtafereel	
den	PD(type=d-p,subtype=art,position=prenom)	de	
indruk	NOU-C(number=sg)	indruk	
van	ADP(type=pre)	van	
doodschheid	NOU-C(number=sg)	doodsheid	
en	CONJ(type=coor)	en	
verlatenheid	NOU-C(number=sg)	verlatenheid	
geve	VRB(finiteness=fin,tense=pres)	geven	
,	PC	,	



Ja	ADV(type=reg)	ja	
,	PC	,	
ik	PD(type=pers,position=free)	ik	
weet	VRB(finiteness=fin,tense=pres)	weten	
het	PD(type=pers,position=free)	het	
zekerlyk	AA(degree=pos,position=free)	zekerlijk	
;	PC	;	
dan	ADV(type=reg)	dan	
,	PC	,	
wat	PD(type=w-p,position=free)	wat	
onmogelyk	AA(degree=pos,position=free)	onmogelijk	
is	VRB(finiteness=fin,tense=pres)	zijn	
kan	VRB(finiteness=fin,tense=pres)	kunnen	
men	PD(type=pers,position=free)	men	
niet	ADV(type=reg)	niet	
doen	VRB(finiteness=inf)	doen	
;	PC	;	
maer	CONJ(type=coor)	maar	
voor	ADP(type=pre)	voor	
de	PD(type=d-p,subtype=art,position=prenom)	de	
gerustheid	NOU-C(number=sg)	gerustheid	
van	ADP(type=pre)	van	
myn	PD(type=poss,position=prenom)	mijn	
eigen	AA(degree=pos,position=prenom)	eigen	
geweten	NOU-C(number=sg)	geweten	
zal	VRB(finiteness=fin,tense=pres)	zullen	
ik	PD(type=pers,position=free)	ik	
het	PD(type=d-p,subtype=art,position=prenom)	het	
brood	NOU-C(number=sg)	brood	
uit	ADP(type=pre)	uit	
mynen	PD(type=poss,position=prenom)	mijn	
mond	NOU-C(number=sg)	mond	
sparen	VRB(finiteness=inf)	sparen	
om	ADP(type=pre)	om	
jaerlyks	ADV(type=reg)	jaarlijks	
iets	PD(type=indef,position=free)	iets	
van	ADP(type=pre)	van	
myne	PD(type=poss,position=prenom)	mijn	
schuld	NOU-C(number=sg)	schuld	
af	VRB(finiteness=inf)	afleggen	mw_24939
te	ADP(type=pre)	te	
leggen	VRB(finiteness=inf)	afleggen	mw_24939
en	CONJ(type=coor)	en	
,	PC	,	
wie	PD(type=w-p,position=free)	wie	
weet	VRB(finiteness=fin,tense=pres)	weten	
,	PC	,	
indien	CONJ(type=sub)	indien	
God	NOU-P	God	
my	PD(type=pers,position=free)	ik	
een	PD(type=indef,subtype=art,position=prenom)	een	
lang	AA(degree=pos,position=prenom)	lang	
leven	NOU-C(number=sg)	leven	
verleende	VRB(finiteness=fin,tense=past)	verlenen	
zou	VRB(finiteness=fin,tense=past)	zullen	
ik	PD(type=pers,position=free)	ik	
misschien	ADV(type=reg)	misschien	
nog	ADV(type=reg)	nog	
wel	ADV(type=reg)	wel	
geheel	AA(degree=pos,position=free)	geheel	
effen	AA(degree=pos,position=free)	effen	
kunnen	VRB(finiteness=inf)	kunnen	
geraken	VRB(finiteness=inf)	geraken	
,	PC	,	



"	PC	"	
De	PD(type=d-p,subtype=art,position=prenom)	de	
aanblik	NOU-C(number=sg)	aanblik	
uwer	PD(type=poss,position=prenom)	uw	
verrukking	NOU-C(number=sg)	verrukking	
,	PC	,	
edele	AA(degree=pos,position=prenom)	edel	
vriendin	NOU-C(number=sg)	vriendin	
,"	PC	,"	
gaf	VRB(finiteness=fin,tense=past)	geven	
Marcella	NOU-P	Marcella	
ten	ADP(type=pre)+PD(type=d-p,subtype=art,position=prenom)	te+het	
antwoord	NOU-C(number=sg)	antwoord	
,	PC	,	
"	PC	"	
verlevendigde	VRB(finiteness=fin,tense=past)	verlevendigen	
dezelfde	PD(type=d-p,subtype=oth,position=prenom)	dezelfde	
gewaarwording	NOU-C(number=sg)	gewaarwording	
in	ADP(type=pre)	in	
mijne	PD(type=poss,position=prenom)	mijn	
ziel	NOU-C(number=sg)	ziel	
,	PC	,	



Meer	PD(type=indef,position=free)	meer	
dan	CONJ(type=coor)	dan	
een	PD(type=indef,subtype=art,position=prenom)	een	
half	AA(degree=pos,position=prenom)	half	
millioen	NOU-C(number=sg)	miljoen	
huizen	NOU-C(number=pl)	huis	
in	ADP(type=pre)	in	
Londen	NOU-P	Londen	
wordt	VRB(finiteness=fin,tense=pres)	worden	
met	ADP(type=pre)	met	
gas	NOU-C(number=sg)	gas	
verlicht	VRB(finiteness=pastpart)	verlichten	
,	PC	,	



De	PD(type=d-p,subtype=art,position=prenom)	de	
eigenaardige	AA(degree=pos,position=prenom)	eigenaardig	
smaak	NOU-C(number=sg)	smaak	
en	CONJ(type=coor)	en	
geur	NOU-C(number=sg)	geur	
van	ADP(type=pre)	van	
't	PD(type=d-p,subtype=art,position=prenom)	het	
Inlandsch	NOU-C(number=sg)	inlands	
,	PC	,	
die	PD(type=d-p,position=free)	die	
beide	PD(type=indef,position=free)	beide	
niet	ADV(type=reg)	niet	
bepaald	AA(degree=pos,position=free)	bepaald	
aangenaam	AA(degree=pos,position=free)	aangenaam	
te	ADP(type=pre)	te	
noemen	VRB(finiteness=inf)	noemen	
zijn	VRB(finiteness=fin,tense=pres)	zijn	
,	PC	,	
verloochenen	VRB(finiteness=fin,tense=pres)	verloochenen	
zich	PD(type=refl,position=free)	zich	
…	PC	…	
nooit	ADV(type=reg)	nooit	
in	ADP(type=pre)	in	
de	PD(type=d-p,subtype=art,position=prenom)	de	
sigaar	NOU-C(number=sg)	sigaar	
,	PC	,	
en	CONJ(type=coor)	en	
zijn	VRB(finiteness=fin,tense=pres)	zijn	
voor	ADP(type=pre)	voor	
een	PD(type=indef,subtype=art,position=prenom)	een	
vakman	NOU-C(number=sg)	vakman	
altijd	ADV(type=reg)	altijd	
te	ADP(type=pre)	te	
herkennen	VRB(finiteness=inf)	herkennen	
,	PC	,	



Elk	PD(type=indef,position=free)	elk	
keerde	VRB(finiteness=fin,tense=past)	terugkeren	mw_532211
tot	ADP(type=pre)	tot	
zijnen	PD(type=poss,position=prenom)	zijn	
pligt	NOU-C(number=sg)	plicht	
terug	VRB(finiteness=fin,tense=past)	terugkeren	mw_532211
,	PC	,	
met	ADP(type=pre)	met	
het	PD(type=d-p,subtype=art,position=prenom)	het	
heilig	AA(degree=pos,position=prenom)	heilig	
voornemen	NOU-C(number=sg)	voornemen	
,	PC	,	
om	ADP(type=pre)	om	
den	PD(type=d-p,subtype=art,position=prenom)	de	
God	NOU-C(number=sg)	god	
zijns	PD(type=poss,position=prenom)	zijn	
vaders	NOU-C(number=sg)	vader	
getrouw	AA(degree=pos,position=free)	getrouw	
te	ADP(type=pre)	te	
blijven	VRB(finiteness=inf)	blijven	
,	PC	,	
en	CONJ(type=coor)	en	
zijnen	PD(type=poss,position=prenom)	zijn	
dienst	NOU-C(number=sg)	dienst	
niet	ADV(type=reg)	niet	
te	ADP(type=pre)	te	
onteeren	VRB(finiteness=inf)	onteren	
,	PC	,	
noch	CONJ(type=coor)	noch	
te	ADP(type=pre)	te	
verloochenen	VRB(finiteness=inf)	verloochenen	
,	PC	,	



Hij	PD(type=pers,position=free)	hij	
was	VRB(finiteness=fin,tense=past)	zijn	
zulk	PD(type=d-p,position=free)	zulk	
een	PD(type=indef,subtype=art,position=prenom)	een	
fier	AA(degree=pos,position=prenom)	fier	
karakter	NOU-C(number=sg)	karakter	
.	PC	.	
Wel	ADV(type=reg)	wel	
was	VRB(finiteness=fin,tense=past)	zijn	
hij	PD(type=pers,position=free)	hij	
arm	AA(degree=pos,position=free)	arm	
en	CONJ(type=coor)	en	
begreep	VRB(finiteness=fin,tense=past)	begrijpen	
hij	PD(type=pers,position=free)	hij	
,	PC	,	
dat	CONJ(type=sub)	dat	
er	ADV(type=reg)	er	
een	PD(type=indef,subtype=art,position=prenom)	een	
lange	AA(degree=pos,position=prenom)	lang	
tijd	NOU-C(number=sg)	tijd	
zou	VRB(finiteness=fin,tense=past)	zullen	
moeten	VRB(finiteness=inf)	moeten	
verloopen	VRB(finiteness=inf)	verlopen	
eer	CONJ(type=sub)	eer	
men	PD(type=pers,position=free)	men	
zijn	PD(type=poss,position=prenom)	zijn	
werken	NOU-C(number=pl)	werk	
zou	VRB(finiteness=fin,tense=past)	zullen	
waardeeren	VRB(finiteness=inf)	waarderen	
,	PC	,	



Ik	PD(type=pers,position=free)	ik	
weet	VRB(finiteness=fin,tense=pres)	weten	
voor	ADP(type=pre)	voor	
u	PD(type=pers,position=free)	u	
eene	PD(type=indef,subtype=art,position=prenom)	een	
gelegenheid	NOU-C(number=sg)	gelegenheid	
,	PC	,	
om	ADP(type=pre)	om	
u	PD(type=pers,position=free)	u	
aan	ADP(type=pre)	aan	
mijn	PD(type=poss,position=prenom)	mijn	
huis	NOU-C(number=sg)	huis	
te	ADP(type=pre)	te	
vermaagschappen	VRB(finiteness=inf)	vermaagschappen	
,	PC	,	



Nog	ADV(type=reg)	nog	
zoekt	VRB(finiteness=fin,tense=pres)	zoeken	
hij	PD(type=pers,position=free)	hij	
door	ADP(type=pre)	door	
zijn	PD(type=poss,position=prenom)	zijn	
goud	NOU-C(number=sg)	goud	
te	ADP(type=pre)	te	
verleiden	VRB(finiteness=inf)	verleiden	
,	PC	,	
die	PD(type=d-p,position=free)	die	
hij	PD(type=pers,position=free)	hij	
wel	ADV(type=reg)	wel	
eer	ADV(type=reg)	eer	
door	ADP(type=pre)	door	
andere	PD(type=indef,subtype=oth,position=prenom)	ander	
begoochelingen	NOU-C(number=pl)	begoocheling	
wist	VRB(finiteness=fin,tense=past)	weten	
te	ADP(type=pre)	te	
onder	ADV(type=reg)	onder	
te	ADP(type=pre)	te	
brengen	VRB(finiteness=inf)	brengen	
,	PC	,	



Reinier	NOU-P	Reinier	
III	NUM(type=card,position=postnom,representation=rom)	drie	
,	PC	,	
altyd	ADV(type=reg)	altijd	
begeerig	AA(degree=pos,position=free)	begerig	
om	ADP(type=pre)	om	
den	PD(type=d-p,subtype=art,position=prenom)	de	
tytel	NOU-C(number=sg)	titel	
van	ADP(type=pre)	van	
hertog	NOU-C(number=sg)	hertog	
te	ADP(type=pre)	te	
verkrygen	VRB(finiteness=inf)	verkrijgen	
,	PC	,	
en	CONJ(type=coor)	en	
willende	VRB(finiteness=prespart)	willen	
zich	PD(type=refl,position=free)	zich	
by	ADP(type=pre)	bij	
den	PD(type=d-p,subtype=art,position=prenom)	de	
keizer	NOU-C(number=sg)	keizer	
eenig	PD(type=indef,subtype=oth,position=prenom)	enig	
regt	NOU-C(number=sg)	recht	
daer	ADV(type=pron)	daartoe	mw_525265
toe	ADV(type=pron)	daartoe	mw_525265
aenwinnen	VRB(finiteness=inf)	aanwinnen	
,	PC	,	
vergaderde	VRB(finiteness=fin,tense=past)	vergaderen	
alle	PD(type=indef,position=free)	al	
de	PD(type=d-p,subtype=art,position=prenom)	de	
leenheeren	NOU-C(number=pl)	leenheer	
die	PD(type=d-p,position=free)	die	
met	ADP(type=pre)	met	
zyn	PD(type=poss,position=prenom)	zijn	
Huis	NOU-C(number=sg)	huis	
vermaegschapt	AA(degree=pos,position=free)	vermaagschapt	
waren	VRB(finiteness=fin,tense=past)	zijn	
,	PC	,	
en	CONJ(type=coor)	en	
kreeg	VRB(finiteness=fin,tense=past)	krijgen	
alzoo	ADV(type=reg)	alzo	
een	PD(type=indef,subtype=art,position=prenom)	een	
aenzienlyk	AA(degree=pos,position=prenom)	aanzienlijk	
leger	NOU-C(number=sg)	leger	
te	ADP(type=pre)	te	
been	NOU-C(number=sg)	been	
,	PC	,	



De	PD(type=d-p,subtype=art,position=prenom)	de	
bruggen	NOU-C(number=pl)	brug	
werden	VRB(finiteness=fin,tense=past)	worden	
niet	ADV(type=reg)	niet	
vermaakt	VRB(finiteness=pastpart)	vermaken	
,	PC	,	
voor	CONJ(type=sub)	voordat	mw_859309
dat	CONJ(type=sub)	voordat	mw_859309
ten	ADP(type=pre)+PD(type=d-p,subtype=art,position=prenom)	te+het	
minsten	NOU-C(number=sg)	minste	
een	PD(type=indef,subtype=art,position=prenom)	een	
paar	NOU-C(number=sg)	paar	
menschen	NOU-C(number=pl)	mens	
'	PC	'	
er	ADV(type=pron)	erop	mw_224108
de	PD(type=d-p,subtype=art,position=prenom)	de	
beenen	NOU-C(number=pl)	been	
op	ADV(type=pron)	erop	mw_224108
gebroken	VRB(finiteness=pastpart)	breken	
hadden	VRB(finiteness=fin,tense=past)	hebben	
,	PC	,	



Over	ADP(type=pre)	over	
de	PD(type=d-p,subtype=art,position=prenom)	de	
nieuwste	AA(degree=sup,position=prenom)	nieuw	
vorderingen	NOU-C(number=pl)	vordering	
in	ADP(type=pre)	in	
de	PD(type=d-p,subtype=art,position=prenom)	de	
fabrijkmatige	AA(degree=pos,position=prenom)	fabriekmatig	
bereiding	NOU-C(number=sg)	bereiding	
van	ADP(type=pre)	van	
Azijn	NOU-C(number=sg)	azijn	
…	PC	…	
Met	ADP(type=pre)	met	
aanmerkingen	NOU-C(number=pl)	aanmerking	
vermeerderd	VRB(finiteness=pastpart)	vermeerderen	
,	PC	,	



Als	CONJ(type=sub)	als	
,	PC	,	
over	ADP(type=pre)	over	
de	PD(type=d-p,subtype=art,position=prenom)	de	
akkerlanden	NOU-C(number=pl)	akkerland	
,	PC	,	
Zich	PD(type=refl,position=free)	zich	
't	PD(type=d-p,subtype=art,position=prenom)	het	
avondkoeltje	NOU-C(number=sg)	avondkoeltje	
,	PC	,	
net	AA(degree=pos,position=free)	net	
van	ADP(type=pre)	van	
pas	ADV(type=reg)	pas	
,	PC	,	
vermeien	VRB(finiteness=inf)	vermeien	
ging	VRB(finiteness=fin,tense=past)	gaan	
,	PC	,	



Jantje	NOU-P	Jantje	
Kaas	NOU-C(number=sg)	kaas	
vermuit	VRB(finiteness=fin,tense=pres)	vermuiten	
en	CONJ(type=coor)	en	
al	PD(type=indef,position=free)	al	
zijn	PD(type=poss,position=prenom)	zijn	
haar	NOU-C(number=sg)	haar	
valt	VRB(finiteness=fin,tense=pres)	uitvallen	mw_912325
uit	VRB(finiteness=fin,tense=pres)	uitvallen	mw_912325
;	PC	;	
hij	PD(type=pers,position=free)	hij	
ging	VRB(finiteness=fin,tense=past)	gaan	
aan	ADP(type=pre)	aan	
Leopold	NOU-P	Leopold	
gaan	VRB(finiteness=inf)	gaan	
vragen	VRB(finiteness=inf)	vragen	
of	CONJ(type=coor)	of	
hij	PD(type=pers,position=free)	hij	
mochte	VRB(finiteness=fin,tense=past)	mogen	
een	PD(type=indef,subtype=art,position=prenom)	een	
paruikske	NOU-C(number=sg)	pruikje	
dragen	VRB(finiteness=inf)	dragen	
,	PC	,	



Hij	PD(type=pers,position=free)	hij	
zal	VRB(finiteness=fin,tense=pres)	zullen	
meer	ADV(type=reg)	meer	
opregt	AA(degree=pos,position=free)	oprecht	
maar	CONJ(type=coor)	maar	
minder	ADV(type=reg)	minder	
voorzigtig	AA(degree=pos,position=free)	voorzichtig	
wraakneming	NOU-C(number=sg)	wraakneming	
over	ADP(type=pre)	over	
de	PD(type=d-p,subtype=art,position=prenom)	de	
Limburgsche	AA(degree=pos,position=prenom)	Limburgs	
schandalen	NOU-C(number=pl)	schandaal	
en	CONJ(type=coor)	en	
de	PD(type=d-p,subtype=art,position=prenom)	de	
vernedering	NOU-C(number=sg)	vernedering	
van	ADP(type=pre)	van	
Thorbecke	NOU-P	Thorbecke	
als	CONJ(type=sub)	als	
het	PD(type=d-p,subtype=art,position=prenom)	het	
hoofddoel	NOU-C(number=sg)	hoofddoel	
opgeven	VRB(finiteness=inf)	opgeven	
,	PC	,	



Van	NOU-P(WF=abbr)	Van H.	mw_45834
H.	NOU-P(WF=abbr)	Van H.	mw_45834
bracht	VRB(finiteness=fin,tense=past)	brengen	
zijne	PD(type=poss,position=prenom)	zijn	
zaak	NOU-C(number=sg)	zaak	
onmiddellijk	AA(degree=pos,position=free)	onmiddellijk	
voor	ADP(type=pre)	voor	
het	PD(type=d-p,subtype=art,position=prenom)	het	
Hof	NOU-C(number=sg)	hof	
van	ADP(type=pre)	van	
Friesland	NOU-P	Friesland	
en	CONJ(type=coor)	en	
vroeg	VRB(finiteness=fin,tense=past)	vragen	
veroordeeling	NOU-C(number=sg)	veroordeling	
of	CONJ(type=coor)	of	
vrijspraak	NOU-C(number=sg)	vrijspraak	
,	PC	,	



Zelden	ADV(type=reg)	zelden	
wel	ADV(type=reg)	wel	
en	CONJ(type=coor)	en	
nooit	ADV(type=reg)	nooit	
verpasse	ADV(type=reg)	verpasse	
,	PC	,	
zegt	VRB(finiteness=fin,tense=pres)	zeggen	
men	PD(type=pers,position=free)	men	
van	ADP(type=pre)	van	
iemand	PD(type=indef,position=free)	iemand	
die	PD(type=d-p,position=free)	die	
moeilijk	AA(degree=pos,position=free)	moeilijk	
is	VRB(finiteness=fin,tense=pres)	zijn	
om	ADP(type=pre)	om	
dienen	VRB(finiteness=inf)	dienen	
,	PC	,	
die	PD(type=d-p,position=free)	die	
nooit	ADV(type=reg)	nooit	
te	AA(degree=pos,position=free)	tevreden	mw_614436
vreden	AA(degree=pos,position=free)	tevreden	mw_614436
is	VRB(finiteness=fin,tense=pres)	zijn	
over	ADP(type=pre)	over	
't	PD(type=d-p,position=free)	hetgeen	mw_96283
geen	PD(type=d-p,position=free)	hetgeen	mw_96283
er	ADV(type=reg)	er	
gedaan	VRB(finiteness=pastpart)	doen	
wordt	VRB(finiteness=fin,tense=pres)	worden	
,	PC	,	



Er	ADV(type=reg)	er	
schuilt	VRB(finiteness=fin,tense=pres)	schuilen	
mercantilisme	NOU-C(number=sg)	mercantilisme	
in	ADP(type=pre)	in	
Goschen's	NOU-P	Goschen	
theorie	NOU-C(number=sg)	theorie	
,	PC	,	
volgens	ADP(type=pre)	volgens	
welke	PD(type=w-p,position=free)	welk	
de	PD(type=d-p,subtype=art,position=prenom)	de	
bewegingen	NOU-C(number=pl)	beweging	
in	ADP(type=pre)	in	
de	PD(type=d-p,subtype=art,position=prenom)	de	
wisselkoersen	NOU-C(number=pl)	wisselkoers	
aanwijzen	VRB(finiteness=fin,tense=pres)	aanwijzen	
in	ADP(type=pre)	in	
welke	PD(type=w-p,position=prenom)	welk	
richting	NOU-C(number=sg)	richting	
de	PD(type=d-p,subtype=art,position=prenom)	de	
kapitalen	NOU-C(number=pl)	kapitaal	
zich	PD(type=refl,position=free)	zich	
verplaatsen	VRB(finiteness=fin,tense=pres)	verplaatsen	
,	PC	,	



Zij	PD(type=pers,position=free)	zij	
…	PC	…	
duidden	VRB(finiteness=fin,tense=past)	duiden	
het	PD(type=pers,position=free)	het	
daarentegen	ADV(type=reg)	daarentegen	
aan	ADP(type=pre)	aan	
Buyck	NOU-P	Buyck	
ten	ADP(type=pre)+PD(type=d-p,subtype=art,position=prenom)	te+het	
hoogste	NOU-C(number=sg)	hoogste	
kwalijk	AA(degree=pos,position=free)	kwalijk	
,	PC	,	
dat	CONJ(type=sub)	dat	
hij	PD(type=pers,position=free)	hij	
als	CONJ(type=sub)	als	
een	PD(type=indef,subtype=art,position=prenom)	een	
kerkelijke	AA(degree=pos,position=prenom)	kerkelijk	
verplichting	NOU-C(number=sg)	verplichting	
van	ADP(type=pre)	van	
hen	PD(type=pers,position=free)	zij	
vergde	VRB(finiteness=fin,tense=past)	vergen	
hetgeen	PD(type=d-p,position=free)	hetgeen	
zoo	ADV(type=reg)	zo	
lijnrecht	AA(degree=pos,position=free)	lijnrecht	
met	ADP(type=pre)	met	
hun	PD(type=poss,position=prenom)	hun	
wereldlijk	AA(degree=pos,position=prenom)	wereldlijk	
belang	NOU-C(number=sg)	belang	
in	ADP(type=pre)	in	
strijd	NOU-C(number=sg)	strijd	
was	VRB(finiteness=fin,tense=past)	zijn	
,	PC	,	



Wat	PD(type=w-p,position=free)	wat	
is	VRB(finiteness=fin,tense=pres)	zijn	
zij	PD(type=pers,position=free)	zij	
vervaard	AA(degree=pos,position=free)	vervaard	
!	PC	!	
Wat	PD(type=w-p,position=free)	wat	
zal	VRB(finiteness=fin,tense=pres)	zullen	
zij	PD(type=pers,position=free)	zij	
verrigten	VRB(finiteness=inf)	verrichten	
?	PC	?	



Hij	PD(type=pers,position=free)	hij	
heiligde	VRB(finiteness=fin,tense=past)	heiligen	
hen	PD(type=pers,position=free)	zij	
dus	ADV(type=reg)	dus	
noemde	VRB(finiteness=fin,tense=past)	noemen	
men	PD(type=pers,position=free)	men	
de	PD(type=d-p,subtype=art,position=prenom)	de	
voorbereiding	NOU-C(number=sg)	voorbereiding	
,	PC	,	
die	PD(type=d-p,position=free)	die	
de	PD(type=d-p,subtype=art,position=prenom)	de	
verrigting	NOU-C(number=sg)	verrichting	
van	ADP(type=pre)	van	
groote	AA(degree=pos,position=prenom)	groot	
Godsdienstige	AA(degree=pos,position=prenom)	godsdienstig	
plegtigheden	NOU-C(number=pl)	plechtigheid	
vooraf	VRB(finiteness=fin,tense=past)	voorafgaan	mw_533350
ging	VRB(finiteness=fin,tense=past)	voorafgaan	mw_533350
:	PC	:	
zij	PD(type=pers,position=free)	zij	
bestond	VRB(finiteness=fin,tense=past)	bestaan	
deels	ADV(type=reg)	deels	
in	ADP(type=pre)	in	
uitwendige	AA(degree=pos,position=prenom)	uitwendig	
reinigingen	NOU-C(number=pl)	reiniging	
,	PC	,	
deels	ADV(type=reg)	deels	
in	ADP(type=pre)	in	
inwendige	AA(degree=pos,position=prenom)	inwendig	
toeschikking	NOU-C(number=sg)	toeschikking	
des	PD(type=d-p,subtype=art,position=prenom)	het	
harten	NOU-C(number=sg)	hart	
door	ADP(type=pre)	door	
ernstige	AA(degree=pos,position=prenom)	ernstig	
betrachtingen	NOU-C(number=pl)	betrachting	
,	PC	,	



Aanvaard	VRB(finiteness=fin,tense=pres)	aanvaarden	
dit	PD(type=d-p,subtype=oth,position=prenom)	dit	
wapen	NOU-C(number=sg)	wapen	
,	PC	,	
dat	PD(type=d-p,position=free)	dat	
Argostans	NOU-P	Argostan	
handen	NOU-C(number=pl)	hand	
zwaaiden	VRB(finiteness=fin,tense=past)	zwaaien	
…	PC	…	
't	PD(type=pers,position=free)	het	
Behoort	VRB(finiteness=fin,tense=pres)	behoren	
u	PD(type=pers,position=free)	u	
,	PC	,	



Idiaquez	NOU-P	Idiaquez	
,	PC	,	
een	NUM(type=card,position=free,representation=let)	een	
der	PD(type=d-p,subtype=art,position=prenom)	de	
twee	NUM(type=card,position=prenom,representation=let)	twee	
voornaamste	AA(degree=sup,position=prenom)	voornaam	
raadslieden	NOU-C(number=pl)	raadslieden	
van	ADP(type=pre)	van	
Philips	NOU-P	Philips	
,	PC	,	
en	CONJ(type=coor)	en	
Isabella	NOU-P	Isabella	
,	PC	,	
zijn	PD(type=poss,position=prenom)	zijn	
meest	ADV(type=reg)	meest	
geliefde	AA(degree=pos,position=prenom)	geliefd	
dochter	NOU-C(number=sg)	dochter	
,	PC	,	
waren	VRB(finiteness=fin,tense=past)	zijn	
begunstigers	NOU-C(number=pl)	begunstiger	
van	ADP(type=pre)	van	
Parma	NOU-P	Parma	
,	PC	,	



O	INT	o	
,	PC	,	
met	ADP(type=pre)	met	
dien	PD(type=d-p,subtype=oth,position=prenom)	die	
kreet	NOU-C(number=sg)	kreet	
verrees	VRB(finiteness=fin,tense=past)	verrijzen	
de	PD(type=d-p,subtype=art,position=prenom)	de	
beê	NOU-C(number=sg)	bede	
Om	ADP(type=pre)	om	
nieuwe	AA(degree=pos,position=prenom)	nieuw	
welvaart	NOU-C(number=sg)	welvaart	
,	PC	,	
heil	NOU-C(number=sg)	heil	
en	CONJ(type=coor)	en	
vreê	NOU-C(number=sg)	vrede	
,	PC	,	



—	PC	—	
Ik	PD(type=pers,position=free)	ik	
verrook	VRB(finiteness=fin,tense=pres)	verroken	
wekelijks	ADV(type=reg)	wekelijks	
meer	PD(type=indef,position=free)	meer	
dan	CONJ(type=coor)	dan	
een	PD(type=indef,subtype=art,position=prenom)	een	
pond	NOU-C(number=sg)	pond	
tabak	NOU-C(number=sg)	tabak	
,	PC	,	



—	PC	—	
Zijn	PD(type=poss,position=prenom)	zijn	
wakkre	AA(degree=pos,position=prenom)	wakker	
hoop	NOU-C(number=sg)	hoop	
verruimt	VRB(finiteness=fin,tense=pres)	verruimen	
de	PD(type=d-p,subtype=art,position=prenom)	de	
bres	NOU-C(number=sg)	bres	
,	PC	,	
Met	ADP(type=pre)	met	
lossen	AA(degree=pos,position=prenom)	los	
toom	NOU-C(number=sg)	toom	
gewonnen	VRB(finiteness=pastpart)	winnen	
!	PC	!	



Versche	AA(degree=pos,position=prenom)	vers	
schoot	NOU-C(number=sg)	schoot	
,	PC	,	
(	PC	(	
veroud	AA(degree=pos,position=free,WF=abbr)	verouderd	
.)	PC	.)	
—	PC	—	
Strook	NOU-C(number=sg)	strook	
zoet	AA(degree=pos,position=prenom)	zoet	
water	NOU-C(number=sg)	water	
,	PC	,	
die	PD(type=d-p,position=free)	die	
onvermengd	AA(degree=pos,position=free)	onvermengd	
een	PD(type=indef,subtype=art,position=prenom)	een	
eind	NOU-C(number=sg)	einde	
in	ADP(type=pre)	in	
zee	NOU-C(number=sg)	zee	
loopt	VRB(finiteness=fin,tense=pres)	lopen	
,	PC	,	



Hij	PD(type=pers,position=free)	hij	
(	PC	(	
doet	VRB(finiteness=fin,tense=pres)	opdoen	mw_994144
)	PC	)	
onbetaalbare	AA(degree=pos,position=prenom)	onbetaalbaar	
ondervinding	NOU-C(number=sg)	ondervinding	
op	VRB(finiteness=fin,tense=pres)	opdoen	mw_994144
voor	ADP(type=pre)	voor	
zijn	PD(type=poss,position=prenom)	zijn	
edel	AA(degree=pos,position=prenom)	edel	
beroep	NOU-C(number=sg)	beroep	
uit	ADP(type=pre)	uit	
de	PD(type=d-p,subtype=art,position=prenom)	de	
eindelooze	AA(degree=pos,position=prenom)	eindeloos	
verscheidenheid	NOU-C(number=sg)	verscheidenheid	
der	PD(type=d-p,subtype=art,position=prenom)	de	
voorkomende	AA(degree=pos,position=prenom)	voorkomend	
gevallen	NOU-C(number=pl)	geval	
,	PC	,	
het	PD(type=pers,position=free)	het	
is	VRB(finiteness=fin,tense=pres)	zijn	
ten	ADP(type=pre)+PD(type=d-p,subtype=art,position=prenom)	te+de	
koste	NOU-C(number=sg)	kost	
van	ADP(type=pre)	van	
gestadig	AA(degree=pos,position=prenom)	gestadig	
zelfvergeten	NOU-C(number=sg)	zelfvergeten	
,	PC	,	



De	PD(type=d-p,subtype=art,position=prenom)	de	
touwen	NOU-C(number=pl)	touw	
verschieten	VRB(finiteness=fin,tense=pres)	verschieten	
.	PC	.	
De	PD(type=d-p,subtype=art,position=prenom)	de	
zwaan-touwen	NOU-C(number=pl)	zwaantouw	
(	PC	(	
ankertouwen	NOU-C(number=pl)	ankertouw	
)	PC	)	
van	ADP(type=pre)	van	
de	PD(type=d-p,subtype=art,position=prenom)	de	
eene	NUM(type=card,position=prenom,representation=let)	een	
,	PC	,	
naar	ADP(type=pre)	naar	
de	PD(type=d-p,subtype=art,position=prenom)	de	
andere	NUM(type=ord,position=prenom,representation=let)	ander	
,	PC	,	
zyde	NOU-C(number=sg)	zijde	
van	ADP(type=pre)	van	
het	PD(type=d-p,subtype=art,position=prenom)	het	
Kabelgat	NOU-C(number=sg)	kabelgat	
,	PC	,	
of	CONJ(type=coor)	of	
van	ADP(type=pre)	van	
de	PD(type=d-p,subtype=art,position=prenom)	de	
touwen-stellingen	NOU-C(number=pl)	touwstelling	
,	PC	,	
verwerken	VRB(finiteness=inf)	verwerken	
,	PC	,	



Wonderlyk	AA(degree=pos,position=prenom)	wonderlijk	
voordeel	NOU-C(number=sg)	voordeel	
van	ADP(type=pre)	van	
den	PD(type=d-p,subtype=art,position=prenom)	de	
yzerweg	NOU-C(number=sg)	ijzerweg	
dat	CONJ(type=sub)	dat	
de	PD(type=d-p,subtype=art,position=prenom)	de	
peerden	NOU-C(number=pl)	paard	
niet	ADV(type=reg)	niet	
en	ADV(type=reg)	ne	
verschieten	VRB(finiteness=fin,tense=pres)	verschieten	
van	ADP(type=pre)	van	
't	PD(type=d-p,subtype=art,position=prenom)	het	
gebulder	NOU-C(number=sg)	gebulder	
des	PD(type=d-p,subtype=art,position=prenom)	het	
kanons	NOU-C(number=sg)	kanon	
…,	PC	…,	
anders	ADV(type=reg)	anders	
had	VRB(finiteness=fin,tense=past)	hebben	
het	PD(type=d-p,subtype=art,position=prenom)	het	
peerd	NOU-C(number=sg)	paard	
wel	ADV(type=reg)	wel	
degelyk	AA(degree=pos,position=free)	degelijk	
verschoten	VRB(finiteness=pastpart)	verschieten	
als	CONJ(type=sub)	als	
het	PD(type=pers,position=free)	het	
,	PC	,	
te	ADP(type=pre)	te	
Rousselare	NOU-P	Rousselare	
,	PC	,	
met	ADP(type=pre)	met	
den	PD(type=d-p,subtype=art,position=prenom)	de	
bisschop	NOU-C(number=sg)	bisschop	
,	PC	,	
binnen	VRB(finiteness=fin,tense=past)	binnenrijden	mw_858546
reed	VRB(finiteness=fin,tense=past)	binnenrijden	mw_858546
,	PC	,	



Groote	AA(degree=pos,position=prenom)	groot	
binnenkoeren	NOU-C(number=pl)	binnenkoer	
dienden	VRB(finiteness=fin,tense=past)	dienen	
tot	ADP(type=pre)	tot	
speelplaats	NOU-C(number=sg)	speelplaats	
aan	ADP(type=pre)	aan	
de	PD(type=d-p,subtype=art,position=prenom)	de	
verschillige	AA(degree=pos,position=prenom)	verschillig	
,	PC	,	
door	ADP(type=pre)	door	
de	PD(type=d-p,subtype=art,position=prenom)	de	
nonnen	NOU-C(number=pl)	non	
bestuurde	AA(degree=pos,position=prenom)	bestuurd	
scholen	NOU-C(number=pl)	school	
,	PC	,	



Ingeval	CONJ(type=sub)	ingeval	
van	ADP(type=pre)	van	
vervanging	NOU-C(number=sg)	vervanging	
van	ADP(type=pre)	van	
eenen	PD(type=indef,subtype=art,position=prenom)	een	
ambtenaar	NOU-C(number=sg)	ambtenaar	
zal	VRB(finiteness=fin,tense=pres)	zullen	
de	PD(type=d-p,subtype=art,position=prenom)	de	
opvolger	NOU-C(number=sg)	opvolger	
de	PD(type=d-p,subtype=art,position=prenom)	de	
gedane	AA(degree=pos,position=prenom)	gedaan	
verschotten	NOU-C(number=pl)	verschot	
tegen	ADP(type=pre)	tegen	
overneming	NOU-C(number=sg)	overneming	
der	PD(type=d-p,subtype=art,position=prenom)	de	
kwitantien	NOU-C(number=pl)	kwitantie	
aan	ADP(type=pre)	aan	
den	PD(type=d-p,subtype=art,position=prenom)	de	
afgetredenen	NOU-C(number=sg)	afgetredene	
voldoen	VRB(finiteness=inf)	voldoen	
,	PC	,	



De	PD(type=d-p,subtype=art,position=prenom)	de	
eerste	NUM(type=ord,position=prenom,representation=let)	eerste	
kamer	NOU-C(number=sg)	kamer	
,	PC	,	
…	PC	…	
behangen	VRB(finiteness=pastpart)	behangen	
met	ADP(type=pre)	met	
bruin	AA(degree=pos,position=prenom)	bruin	
papier	NOU-C(number=sg)	papier	
en	CONJ(type=coor)	en	
donkere	AA(degree=pos,position=prenom)	donker	
gordijnen	NOU-C(number=pl)	gordijn	
,	PC	,	
zou	VRB(finiteness=fin,tense=past)	zullen	
de	PD(type=d-p,subtype=art,position=prenom)	de	
spreekkamer	NOU-C(number=sg)	spreekkamer	
wezen	VRB(finiteness=inf)	wezen	
,	PC	,	



Van	ADP(type=pre)	van	
verdelgingswoede	NOU-C(number=sg)	verdelgingswoede	
giert	VRB(finiteness=fin,tense=pres)	gieren	
hy	PD(type=pers,position=free)	hij	
,	PC	,	
En	CONJ(type=coor)	en	
zijn	PD(type=poss,position=prenom)	zijn	
Helschen	AA(degree=pos,position=prenom)	hels	
kop	NOU-C(number=sg)	kop	
versiert	VRB(finiteness=fin,tense=pres)	versieren	
hy	PD(type=pers,position=free)	hij	
Met	ADP(type=pre)	met	
de	PD(type=d-p,subtype=art,position=prenom)	de	
kroon	NOU-C(number=sg)	kroon	
van	ADP(type=pre)	van	
Gods	NOU-P	God	
gezag	NOU-C(number=sg)	gezag	
,	PC	,	



Versieren	VRB(finiteness=inf)	versieren	
…	PC	…	
somtijds	ADV(type=reg)	somtijds	
nog	ADV(type=reg)	nog	
gebr.	VRB(finiteness=pastpart,WF=abbr)	gebruiken	
voor	ADP(type=pre)	voor	
:	PC	:	
uitvinding	NOU-C(number=sg)	uitvinding	
,	PC	,	
uitvindsel	NOU-C(number=sg)	uitvindsel	
,	PC	,	



Zij	PD(type=pers,position=free)	zij	
…	PC	…	
ijlde	VRB(finiteness=fin,tense=past)	ijlen	
van	ADP(type=pre)	van	
den	PD(type=d-p,subtype=art,position=prenom)	de	
wal	NOU-C(number=sg)	wal	
…	PC	…	
Tot	ADP(type=pre)	tot	
ginder	ADV(type=reg)	ginder	
in	ADP(type=pre)	in	
het	PD(type=d-p,subtype=art,position=prenom)	het	
dal	NOU-C(number=sg)	dal	
:	PC	:	
Daar	ADV(type=reg)	daar	
vond	VRB(finiteness=fin,tense=past)	vinden	
zij	PD(type=pers,position=free)	zij	
d	PD(type=d-p,subtype=art,position=prenom)	de	
'	PC	'	
uitverkoren	AA(degree=pos,position=prenom)	uitverkoren	
knaap	NOU-C(number=sg)	knaap	
,	PC	,	
Verslagen	AA(degree=pos,position=free)	verslagen	
naast	ADP(type=pre)	naast	
zijn	PD(type=poss,position=prenom)	zijn	
trouwen	AA(degree=pos,position=prenom)	trouw	
brak	NOU-C(number=sg)	brak	
,	PC	,	
In	ADP(type=pre)	in	
ademloozen	AA(degree=pos,position=prenom)	ademloos	
slaap	NOU-C(number=sg)	slaap	
,	PC	,	



Het	PD(type=d-p,subtype=art,position=prenom)	het	
Jubeljaar	NOU-C(number=sg)	jubeljaar	
is	VRB(finiteness=fin,tense=pres)	zijn	
thans	ADV(type=reg)	thans	
voldragen	VRB(finiteness=pastpart)	voldragen	
,	PC	,	
Door	ADP(type=pre)	door	
de	PD(type=d-p,subtype=art,position=prenom)	de	
oude	AA(degree=pos,position=prenom)	oud	
schaduwwet	NOU-C(number=sg)	schaduwwet	
verkond	VRB(finiteness=pastpart)	verkonden	
!	PC	!	
Versmelt	VRB(finiteness=fin,tense=pres)	versmelten	
,	PC	,	
o	INT	o	
Zevende	NOU-C(number=sg)	zevende	
der	PD(type=d-p,subtype=art,position=prenom)	de	
dagen	NOU-C(number=pl)	dag	
!	PC	!	
In	ADP(type=pre)	in	
d	PD(type=d-p,subtype=art,position=prenom)	de	
'	PC	'	
Eersten	NUM(type=ord,position=prenom,representation=let)	eerste	
dag	NOU-C(number=sg)	dag	
van	ADP(type=pre)	van	
't	PD(type=d-p,subtype=art,position=prenom)	het	
Nieuw	AA(degree=pos,position=prenom)	nieuw	
Verbond	NOU-C(number=sg)	verbond	
!	PC	!	



Hij	PD(type=pers,position=free)	hij	
moet	VRB(finiteness=fin,tense=pres)	moeten	
)	PC	)	
…	PC	…	
zuinig	AA(degree=pos,position=free)	zuinig	
weten	VRB(finiteness=inf)	weten	
te	ADP(type=pre)	te	
werken	VRB(finiteness=inf)	werken	
,	PC	,	
zoodat	CONJ(type=sub)	zodat	
hij	PD(type=pers,position=free)	hij	
geen	PD(type=indef,subtype=oth,position=prenom)	geen	
dek	NOU-C(number=sg)	dek	
versnijdt	VRB(finiteness=fin,tense=pres)	versnijden	
,	PC	,	



Ten	CONJ(type=sub)	teneinde	mw_834357
einde	CONJ(type=sub)	teneinde	mw_834357
eenig	PD(type=indef,subtype=oth,position=prenom)	enig	
kondschap	NOU-C(number=sg)	kondschap	
te	ADP(type=pre)	te	
bekomen	VRB(finiteness=inf)	bekomen	
over	ADP(type=pre)	over	
hetgeen	PD(type=d-p,position=free)	hetgeen	
er	ADV(type=reg)	er	
zou	VRB(finiteness=fin,tense=past)	zullen	
geschieden	VRB(finiteness=inf)	geschieden	
of	CONJ(type=coor)	of	
behandeld	VRB(finiteness=pastpart)	behandelen	
worden	VRB(finiteness=inf)	worden	
,	PC	,	
heb	VRB(finiteness=fin,tense=pres)	hebben	
ik	PD(type=pers,position=free)	ik	
eenige	PD(type=indef,subtype=oth,position=prenom)	enig	
Mooren	NOU-C(number=pl)	Moor	
en	CONJ(type=coor)	en	
Chinezen	NOU-C(number=pl)	Chinees	
als	CONJ(type=sub)	als	
geheime	AA(degree=pos,position=prenom)	geheim	
verspieders	NOU-C(number=pl)	verspieder	
tusschen	ADP(type=pre)	tussen	
de	PD(type=d-p,subtype=art,position=prenom)	de	
Javanen	NOU-C(number=pl)	Javaan	
gezonden	VRB(finiteness=pastpart)	zenden	
,	PC	,	



De	PD(type=d-p,subtype=art,position=prenom)	de	
roede	NOU-C(number=sg)	roede	
zwaaiend	VRB(finiteness=prespart)	zwaaien	
,	PC	,	
verstaalde	VRB(finiteness=fin,tense=past)	verstalen	
hij	PD(type=pers,position=free)	hij	
zijne	PD(type=poss,position=prenom)	zijn	
ingewanden	NOU-C(number=pl)	ingewand	
tegen	ADP(type=pre)	tegen	
het	PD(type=d-p,subtype=art,position=prenom)	het	
gejank	NOU-C(number=sg)	gejank	
der	PD(type=d-p,subtype=art,position=prenom)	de	
getuchtigden	NOU-C(number=pl)	getuchtigde	
,	PC	,	



Doet	VRB(finiteness=fin,tense=pres)	doen	
uw	PD(type=poss,position=prenom)	uw	
kind	NOU-C(number=sg)	kind	
een	PD(type=indef,subtype=art,position=prenom)	een	
ambacht	NOU-C(number=sg)	ambacht	
leeren	VRB(finiteness=inf)	leren	
,	PC	,	
dat	PD(type=d-p,position=free)	dat	
't	PD(type=pers,position=free)	het	
later	AA(degree=comp,position=free)	laat	
kan	VRB(finiteness=fin,tense=pres)	kunnen	
zijnen	PD(type=poss,position=prenom)	zijn	
kost	NOU-C(number=sg)	kost	
bejagen	VRB(finiteness=inf)	bejagen	
,	PC	,	



Dat	CONJ(type=sub)	dat	
de	PD(type=d-p,subtype=art,position=prenom)	de	
ton	NOU-C(number=sg)	ton	
zes	ADV(type=reg,WF=trunc)+ADV(type=reg,WF=trunc)+ADV(type=reg)	zesmaal+zevenmaal+achtmaal	mw_70681
-	PC	-	
à	ADP(type=pre)	à	
zeven	ADV(type=reg,WF=trunc)+ADV(type=reg,WF=trunc)+ADV(type=reg)	zesmaal+zevenmaal+achtmaal	mw_70681
-,	PC	-,	
enkele	PD(type=indef,subtype=oth,position=prenom)	enkel	
keeren	NOU-C(number=pl)	keer	
achtmaal	ADV(type=reg,WF=trunc)+ADV(type=reg,WF=trunc)+ADV(type=reg)	zesmaal+zevenmaal+achtmaal	mw_70681
's	PD(type=d-p,subtype=art,position=prenom)	de	
jaars	NOU-C(number=sg)	jaar	
verstoken	VRB(finiteness=pastpart)	versteken	
en	CONJ(type=coor)	en	
steeds	ADV(type=reg)	steeds	
gelet	VRB(finiteness=pastpart)	letten	
werd	VRB(finiteness=fin,tense=past)	worden	
,	PC	,	
dat	CONJ(type=sub)	dat	
in	ADP(type=pre)	in	
Mei	NOU-C(number=sg)	mei	
,	PC	,	
October	NOU-C(number=sg)	oktober	
en	CONJ(type=coor)	en	
December	NOU-C(number=sg)	december	
Meideunen	NOU-C(number=pl)	meideun	
,	PC	,	
Ontzetliederen	NOU-C(number=pl)	ontzetlied	
en	CONJ(type=coor)	en	
Kerstzangen	NOU-C(number=pl)	kerstzang	
te	ADP(type=pre)	te	
hooren	VRB(finiteness=inf)	horen	
waren	VRB(finiteness=fin,tense=past)	zijn	
,	PC	,	



De	PD(type=d-p,subtype=art,position=prenom)	de	
lade	NOU-C(number=sg)	lade	
van	ADP(type=pre)	van	
deze	PD(type=d-p,subtype=oth,position=prenom)	deze	
(	PC	(	
handvuur)wapens	NOU-C(number=pl)	handvuurwapen	
wordt	VRB(finiteness=fin,tense=pres)	worden	
verdeeld	VRB(finiteness=pastpart)	verdelen	
in	ADP(type=pre)	in	
eene	PD(type=indef,subtype=art,position=prenom)	een	
voorlade	NOU-C(number=sg)	voorlade	
,	PC	,	
waarin	ADV(type=pron)	waarin	
de	PD(type=d-p,subtype=art,position=prenom)	de	
loop	NOU-C(number=sg)	loop	
en	CONJ(type=coor)	en	
de	PD(type=d-p,subtype=art,position=prenom)	de	
versterking	NOU-C(number=sg)	versterking	
,	PC	,	
waarin	ADV(type=pron)	waarin	
het	PD(type=d-p,subtype=art,position=prenom)	het	
slot	NOU-C(number=sg)	slot	
geplaatst	VRB(finiteness=pastpart)	plaatsen	
is	VRB(finiteness=fin,tense=pres)	zijn	
,	PC	,	
een	PD(type=indef,subtype=art,position=prenom)	een	
breed	AA(degree=pos,position=prenom)	breed	
en	CONJ(type=coor)	en	
kort	AA(degree=pos,position=prenom)	kort	
gedeelte	NOU-C(number=sg)	gedeelte	
hetwelk	PD(type=w-p,position=free)	hetwelk	
dient	VRB(finiteness=fin,tense=pres)	dienen	
om	ADP(type=pre)	om	
het	PD(type=d-p,subtype=art,position=prenom)	het	
wapen	NOU-C(number=sg)	wapen	
tegen	ADP(type=pre)	tegen	
den	PD(type=d-p,subtype=art,position=prenom)	de	
schouder	NOU-C(number=sg)	schouder	
van	ADP(type=pre)	van	
den	PD(type=d-p,subtype=art,position=prenom)	de	
man	NOU-C(number=sg)	man	
te	ADP(type=pre)	te	
steunen	VRB(finiteness=inf)	steunen	



De	PD(type=d-p,subtype=art,position=prenom)	de	
kreet	NOU-C(number=sg)	kreet	
weêrgalmde	VRB(finiteness=fin,tense=past)	wedergalmen	
…,	PC	…,	
dat	CONJ(type=sub)	dat	
men	PD(type=pers,position=free)	men	
een	PD(type=indef,subtype=art,position=prenom)	een	
agrarische	AA(degree=pos,position=prenom)	agrarisch	
wet	NOU-C(number=sg)	wet	
verlangde	VRB(finiteness=fin,tense=past)	verlangen	
:	PC	:	
het	PD(type=d-p,subtype=art,position=prenom)	het	
communisme	NOU-C(number=sg)	communisme	
scheen	VRB(finiteness=fin,tense=past)	schijnen	
op	VRB(finiteness=inf)	optreden	mw_933286
te	ADP(type=pre)	te	
treden	VRB(finiteness=inf)	optreden	mw_933286
.	PC	.	
Ook	ADV(type=reg)	ook	
ditmaal	ADV(type=reg)	ditmaal	
echter	ADV(type=reg)	echter	
wisten	VRB(finiteness=fin,tense=past)	weten	
de	PD(type=d-p,subtype=art,position=prenom)	de	
burgerijen	NOU-C(number=pl)	burgerij	
in	ADP(type=pre)	in	
de	PD(type=d-p,subtype=art,position=prenom)	de	
steden	NOU-C(number=pl)	stad	
die	PD(type=d-p,subtype=oth,position=prenom)	die	
anarchistische	AA(degree=pos,position=prenom)	anarchistisch	
beweging	NOU-C(number=sg)	beweging	
te	ADP(type=pre)	te	
verstikken	VRB(finiteness=inf)	verstikken	
,	PC	,	



Verstoorder	NOU-C(number=sg)	verstoorder	
,	PC	,	
die	PD(type=d-p,position=free)	die	
stoort	VRB(finiteness=fin,tense=pres)	storen	



In	ADP(type=pre)	in	
veel	PD(type=indef,subtype=oth,position=prenom)	veel	
kalkhoudende	AA(degree=pos,position=prenom)	kalkhoudend	
gronden	NOU-C(number=pl)	grond	
zijn	VRB(finiteness=fin,tense=pres)	zijn	
verstoppingen	NOU-C(number=pl)	verstopping	
met	ADP(type=pre)	met	
koolzuren	AA(degree=pos,position=prenom)	koolzuur	
kalk	NOU-C(number=sg)	kalk	
…	PC	…	
voorgekomen	VRB(finiteness=pastpart)	voorkomen	
,	PC	,	



Verstopping	NOU-C(number=sg)	verstopping	
in	ADP(type=pre)	in	
het	PD(type=d-p,subtype=art,position=prenom)	het	
hoofd	NOU-C(number=sg)	hoofd	
,	PC	,	
die	RES(type=for)	die	
Erkältung	RES(type=for)	erkältung	
des	RES(type=for)	des	
Kopfes	RES(type=for)	kopfes	
,	PC	,	
Verstopfung	RES(type=for)	verstopfung	
im	RES(type=for)	im	
Kopfe	RES(type=for)	kopfe	



Zy	PD(type=pers,position=free)	zij	
hadden	VRB(finiteness=fin,tense=past)	hebben	
my	PD(type=pers,position=free)	ik	
't	PD(type=d-p,subtype=art,position=prenom)	het	
air	NOU-C(number=sg)	air	
van	ADP(type=pre)	van	
…	PC	…	
my	PD(type=pers,position=free)	ik	
slechts	ADV(type=reg)	slechts	
eens	ADV(type=reg)	eens	
te	ADP(type=pre)	te	
komen	VRB(finiteness=inf)	komen	
bekijken	VRB(finiteness=inf)	bekijken	
als	CONJ(type=sub)	als	
een	PD(type=indef,subtype=art,position=prenom)	een	
soort	NOU-C(number=sg)	soort	
van	ADP(type=pre)	van	
Ourang-outan	NOU-C(number=sg)	orang-oetang	
,	PC	,	



Hy	PD(type=pers,position=free)	hij	
moog	VRB(finiteness=fin,tense=pres)	mogen	
…	PC	…	
vangen	VRB(finiteness=inf)	vangen	
uit	ADP(type=pre)	uit	
des	PD(type=d-p,subtype=art,position=prenom)	de	
Haviks	NOU-C(number=sg)	havik	
kluiven	NOU-C(number=pl)	kluif	
De	PD(type=d-p,subtype=art,position=prenom)	de	
veêren	NOU-C(number=pl)	veder	
die	PD(type=d-p,position=free)	die	
hy	PD(type=pers,position=free)	hij	
ziet	VRB(finiteness=fin,tense=pres)	zien	
verstuiven	VRB(finiteness=inf)	verstuiven	
Van	ADP(type=pre)	van	
armen	AA(degree=pos,position=prenom)	arm	
tortel	NOU-C(number=sg)	tortel	
of	CONJ(type=coor)	of	
plevier	NOU-C(number=sg)	pluvier	
!	PC	!	



Reeds	ADV(type=reg)	reeds	
vele	PD(type=indef,subtype=oth,position=prenom)	veel	
jaren	NOU-C(number=pl)	jaar	
was	VRB(finiteness=fin,tense=past)	zijn	
als	CONJ(type=sub)	als	
de	PD(type=d-p,subtype=art,position=prenom)	de	
laagst	AA(degree=sup,position=free)	laag	
ontwikkelde	AA(degree=pos,position=prenom)	ontwikkeld	
vertegenwoordiger	NOU-C(number=sg)	vertegenwoordiger	
van	ADP(type=pre)	van	
de	PD(type=d-p,subtype=art,position=prenom)	de	
werveldieren	NOU-C(number=pl)	werveldier	
de	PD(type=d-p,subtype=art,position=prenom)	de	
zoogenoemde	AA(degree=pos,position=prenom)	zogenoemd	
lancetvisch	NOU-C(number=sg)	lancetvis	
(	PC	(	
Amphioxus	RES(type=for)	amphioxus	
lanceolatus	RES(type=for)	lanceolatus	
)	PC	)	
bekend	AA(degree=pos,position=free)	bekend	
,	PC	,	



Ik	PD(type=pers,position=free)	ik	
raakte	VRB(finiteness=fin,tense=past)	raken	
in	ADP(type=pre)	in	
de	PD(type=d-p,subtype=art,position=prenom)	de	
draden	NOU-C(number=pl)	draad	
vertist	VRB(finiteness=pastpart)	vertissen	
en	CONJ(type=coor)	en	
kon	VRB(finiteness=fin,tense=past)	kunnen	
er	ADV(type=pron)	eruit	mw_67737
temet	ADV(type=reg)	temet	
(	PC	(	
haast	ADV(type=reg)	haast	
)	PC	)	
niet	ADV(type=reg)	niet	
uit	ADV(type=pron)	eruit	mw_67737
loskomme	VRB(finiteness=inf)	loskomen	
,	PC	,	



Vertraging	NOU-C(number=sg)	vertraging	
is	VRB(finiteness=fin,tense=pres)	zijn	
…	PC	…	
eene	PD(type=indef,subtype=art,position=prenom)	een	
negatieve	AA(degree=pos,position=prenom)	negatief	
versnelling	NOU-C(number=sg)	versnelling	
,	PC	,	
en	CONJ(type=coor)	en	
ook	ADV(type=reg)	ook	
die	PD(type=d-p,subtype=oth,position=prenom)	die	
vertraging	NOU-C(number=sg)	vertraging	
is	VRB(finiteness=fin,tense=pres)	zijn	
dan	ADV(type=reg)	dan	
bij	ADP(type=pre)	bij	
standvastige	AA(degree=pos,position=prenom)	standvastig	
krachten	NOU-C(number=pl)	kracht	
in	ADP(type=pre)	in	
iedere	PD(type=indef,subtype=oth,position=prenom)	ieder	
gelijke	AA(degree=pos,position=prenom)	gelijk	
tijdseenheid	NOU-C(number=sg)	tijdseenheid	
even	AA(degree=pos,position=free)	even	
groot	AA(degree=pos,position=free)	groot	
,	PC	,	



Vertreden	VRB(finiteness=inf)	vertreden	
of	CONJ(type=coor)	of	
verterren	VRB(finiteness=inf)	vertreden	
,	PC	,	
…	PC	…	
ook	ADV(type=reg)	ook	
gezegd	VRB(finiteness=pastpart)	zeggen	
van	ADP(type=pre)	van	
peerden	NOU-C(number=pl)	paard	
die	PD(type=d-p,position=free)	die	
over	ADP(type=pre)	over	
hunne	PD(type=poss,position=prenom)	hun	
strengen	NOU-C(number=pl)	streng	
treden	VRB(finiteness=fin,tense=pres)	treden	
en	CONJ(type=coor)	en	
zoo	ADV(type=reg)	zo	
in	ADP(type=pre)	in	
den	PD(type=d-p,subtype=art,position=prenom)	de	
war	NOU-C(number=sg)	war	
geraken	VRB(finiteness=fin,tense=pres)	geraken	
,	PC	,	



Hy	PD(type=pers,position=free)	hij	
kreeg	VRB(finiteness=fin,tense=past)	krijgen	
grooten	AA(degree=pos,position=prenom)	groot	
kak	NOU-C(number=sg)	kak	
…,	PC	…,	
En	CONJ(type=coor)	en	
spoeyde	VRB(finiteness=fin,tense=past)	spoeden	
nae	ADP(type=pre)	na	
't	PD(type=d-p,subtype=art,position=prenom)	het	
vertrek	NOU-C(number=sg)	vertrek	
,	PC	,	



Het	PD(type=pers,position=free)	het	
(	PC	(	
is	VRB(finiteness=fin,tense=pres)	zijn	
)	PC	)	
zeker	AA(degree=pos,position=free)	zeker	
,	PC	,	
dat	CONJ(type=sub)	dat	
men	PD(type=pers,position=free)	men	
op	ADP(type=pre)	op	
de	PD(type=d-p,subtype=art,position=prenom)	de	
opgaaf	NOU-C(number=sg)	opgave	
van	ADP(type=pre)	van	
den	PD(type=d-p,subtype=art,position=prenom)	de	
leeftijd	NOU-C(number=sg)	leeftijd	
der	PD(type=d-p,subtype=art,position=prenom)	de	
studenten	NOU-C(number=pl)	student	
in	ADP(type=pre)	in	
het	PD(type=d-p,subtype=art,position=prenom)	het	
Album	NOU-C(number=sg)	album	
niet	ADV(type=reg)	niet	
vertrouwen	VRB(finiteness=inf)	vertrouwen	
kan	VRB(finiteness=fin,tense=pres)	kunnen	
,	PC	,	



Zij	PD(type=pers,position=free)	zij	
verklaarden	VRB(finiteness=fin,tense=past)	verklaren	
…	PC	…	
zich	PD(type=refl,position=free)	zich	
niet	ADV(type=reg)	niet	
te	ADP(type=pre)	te	
kunnen	VRB(finiteness=inf)	kunnen	
vertrouwen	VRB(finiteness=inf)	vertrouwen	
op	ADP(type=pre)	op	
de	PD(type=d-p,subtype=art,position=prenom)	de	
inwoners	NOU-C(number=pl)	inwoner	
van	ADP(type=pre)	van	
Utica	NOU-P	Utica	
,	PC	,	
die	PD(type=d-p,position=free)	die	
bij	ADP(type=pre)	bij	
hen	PD(type=pers,position=free)	zij	
even	AA(degree=pos,position=free)	even	
verdacht	AA(degree=pos,position=free)	verdacht	
stonden	VRB(finiteness=fin,tense=past)	staan	
,	PC	,	
als	CONJ(type=sub)	als	
weleer	ADV(type=reg)	weleer	
de	PD(type=d-p,subtype=art,position=prenom)	de	
Carthagers	NOU-C(number=pl)	Carthager	
waren	VRB(finiteness=fin,tense=past)	zijn	
,	PC	,	



Zij	PD(type=pers,position=free)	zij	
was	VRB(finiteness=fin,tense=past)	zijn	
…	PC	…	
ondanks	ADP(type=pre)	ondanks	
haar	PD(type=poss,position=prenom)	haar	
verval	NOU-C(number=sg)	verval	
zoo	ADV(type=reg)	zo	
innemend	AA(degree=pos,position=free)	innemend	
schoon	AA(degree=pos,position=free)	schoon	
,	PC	,	
dat	CONJ(type=sub)	dat	
hij	PD(type=pers,position=free)	hij	
zich	PD(type=refl,position=free)	zich	
niet	ADV(type=reg)	niet	
kon	VRB(finiteness=fin,tense=past)	kunnen	
voorstellen	VRB(finiteness=inf)	voorstellen	
dat	CONJ(type=sub)	dat	
het	PD(type=pers,position=free)	het	
zoo	ADV(type=reg)	zo	
spoedig	AA(degree=pos,position=free)	spoedig	
met	ADP(type=pre)	met	
haar	PD(type=pers,position=free)	zij	
gedaan	VRB(finiteness=pastpart)	doen	
zou	VRB(finiteness=fin,tense=past)	zullen	
kunnen	VRB(finiteness=inf)	kunnen	
zijn	VRB(finiteness=inf)	zijn	
,	PC	,	



Scheikundig	AA(degree=pos,position=prenom)	scheikundig	
onderzoek	NOU-C(number=sg)	onderzoek	
aangaande	ADP(type=pre)	aangaande	
de	PD(type=d-p,subtype=art,position=prenom)	de	
zamenstelling	NOU-C(number=sg)	samenstelling	
van	ADP(type=pre)	van	
het	PD(type=d-p,subtype=art,position=prenom)	het	
Kamhout	NOU-C(number=sg)	kamhout	
of	CONJ(type=coor)	of	
Cam-wood	NOU-C(number=sg)	camwood	
,	PC	,	
en	CONJ(type=coor)	en	
de	PD(type=d-p,subtype=art,position=prenom)	de	
daarin	ADV(type=pron)	daarin	
vervatte	AA(degree=pos,position=prenom)	vervat	
kleurstof	NOU-C(number=sg)	kleurstof	
,	PC	,	



Ik	PD(type=pers,position=free)	ik	
reik	VRB(finiteness=fin,tense=pres)	uitreiken	mw_89605
,	PC	,	
van	ADP(type=pre)	van	
zoeten	AA(degree=pos,position=prenom)	zoet	
waan	NOU-C(number=sg)	waan	
bedrogen	VRB(finiteness=pastpart)	bedriegen	
,	PC	,	
Mijne	PD(type=poss,position=prenom)	mijn	
armen	NOU-C(number=pl)	arm	
naar	ADP(type=pre)	naar	
uw	PD(type=poss,position=prenom)	uw	
beeldtnis	NOU-C(number=sg)	beeltenis	
uit	VRB(finiteness=fin,tense=pres)	uitreiken	mw_89605
;	PC	;	
Zij	PD(type=pers,position=free)	zij	
deinst	VRB(finiteness=fin,tense=pres)	terugdeinzen	mw_222109
terug	VRB(finiteness=fin,tense=pres)	terugdeinzen	mw_222109
;	PC	;	
zij	PD(type=pers,position=free)	zij	
is	VRB(finiteness=fin,tense=pres)	zijn	
vervlogen	VRB(finiteness=pastpart)	vervliegen	
,	PC	,	
En	CONJ(type=coor)	en	
laat	VRB(finiteness=fin,tense=pres)	laten	
me	PD(type=pers,position=free)	ik	
alleen	AA(degree=pos,position=free)	alleen	
,	PC	,	
der	PD(type=d-p,subtype=art,position=prenom)	de	
smart	NOU-C(number=sg)	smart	
ten	ADP(type=pre)+PD(type=d-p,subtype=art,position=prenom)	te+de	
buit	NOU-C(number=sg)	buit	
!	PC	!	



Hoezeer	CONJ(type=sub)	hoezeer	
wij	PD(type=pers,position=free)	wij	
nu	ADV(type=reg)	nu	
niet	ADV(type=reg)	niet	
alle	PD(type=indef,subtype=oth,position=prenom)	al	
brandbare	AA(degree=pos,position=prenom)	brandbaar	
ligchamen	NOU-C(number=pl)	lichaam	
in	ADP(type=pre)	in	
gas	NOU-C(number=sg)	gas	
kunnen	VRB(finiteness=fin,tense=pres)	kunnen	
veranderen	VRB(finiteness=inf)	veranderen	
,	PC	,	
en	CONJ(type=coor)	en	
de	PD(type=d-p,subtype=art,position=prenom)	de	
meesten	NOU-C(number=pl)	meeste	
derzelven	PD(type=d-p,position=free)	dezelve	
,	PC	,	
die	PD(type=d-p,position=free)	die	
wij	PD(type=pers,position=free)	wij	
in	ADP(type=pre)	in	
staat	NOU-C(number=sg)	staat	
zijn	VRB(finiteness=fin,tense=pres)	zijn	
te	ADP(type=pre)	te	
vervlugtigen	VRB(finiteness=inf)	vervluchtigen	
,	PC	,	
hunnen	PD(type=poss,position=prenom)	hun	
gasvorm	NOU-C(number=sg)	gasvorm	
alleen	AA(degree=pos,position=free)	alleen	
bij	ADP(type=pre)	bij	
zulk	PD(type=d-p,position=free)	zulk	
eene	PD(type=indef,subtype=art,position=prenom)	een	
hooge	AA(degree=pos,position=prenom)	hoog	
temperatuur	NOU-C(number=sg)	temperatuur	
behouden	VRB(finiteness=inf)	behouden	
,	PC	,	
dat	CONJ(type=sub)	dat	
wij	PD(type=pers,position=free)	wij	
dezelve	PD(type=d-p,position=free)	dezelve	
niet	ADV(type=reg)	niet	
meer	ADV(type=reg)	meer	
kunnen	VRB(finiteness=fin,tense=pres)	kunnen	
meten	VRB(finiteness=inf)	meten	
,	PC	,	
zoo	ADV(type=reg)	zo	
hebben	VRB(finiteness=fin,tense=pres)	hebben	
wij	PD(type=pers,position=free)	wij	
toch	ADV(type=reg)	toch	
reden	NOU-C(number=sg)	reden	
om	ADP(type=pre)	om	
te	ADP(type=pre)	te	
vermoeden	VRB(finiteness=inf)	vermoeden	
,	PC	,	
dat	CONJ(type=sub)	dat	



Vervolgens	ADV(type=reg)	vervolgens	
richtte	VRB(finiteness=fin,tense=past)	richten	
de	PD(type=d-p,subtype=art,position=prenom)	de	
heer	NOU-C(number=sg)	heer	
des	PD(type=d-p,subtype=art,position=prenom)	het	
huizes	NOU-C(number=sg)	huis	
zich	PD(type=refl,position=free)	zich	
tot	ADP(type=pre)	tot	
zijne	PD(type=poss,position=prenom)	zijn	
oudste	NOU-C(number=sg)	oudste	
,	PC	,	



Hy	PD(type=pers,position=free)	hij	
begon	VRB(finiteness=fin,tense=past)	beginnen	
aen	ADP(type=pre)	aan	
hunne	PD(type=poss,position=prenom)	hun	
opvoeding	NOU-C(number=sg)	opvoeding	
te	ADP(type=pre)	te	
denken	VRB(finiteness=inf)	denken	
en	CONJ(type=coor)	en	
zond	VRB(finiteness=fin,tense=past)	zenden	
ze	PD(type=pers,position=free)	zij	
beiden	PD(type=indef,position=free)	beide	
naer	ADP(type=pre)	naar	
eene	PD(type=indef,subtype=art,position=prenom)	een	
school	NOU-C(number=sg)	school	
te	ADP(type=pre)	te	
Antwerpen	NOU-P	Antwerpen	
.	PC	.	
Op	ADP(type=pre)	op	
die	PD(type=d-p,subtype=oth,position=prenom)	die	
wyze	NOU-C(number=sg)	wijze	
stonden	VRB(finiteness=fin,tense=past)	staan	
zy	PD(type=pers,position=free)	zij	
buiten	ADP(type=pre)	buiten	
den	PD(type=d-p,subtype=art,position=prenom)	de	
droeven	AA(degree=pos,position=prenom)	droef	
kring	NOU-C(number=sg)	kring	
van	ADP(type=pre)	van	
dagelyksche	AA(degree=pos,position=prenom)	dagelijks	
vervolgingen	NOU-C(number=pl)	vervolging	
binnen	ADV(type=reg)	binnenshuis	mw_24150
's	ADV(type=reg)	binnenshuis	mw_24150
huis	ADV(type=reg)	binnenshuis	mw_24150
,	PC	,	



Het	PD(type=d-p,subtype=art,position=prenom)	het	
licht	NOU-C(number=sg)	licht	
omhulde	VRB(finiteness=fin,tense=past)	omhullen	
u	PD(type=pers,position=free)	u	
met	ADP(type=pre)	met	
zijn	PD(type=poss,position=prenom)	zijn	
glans	NOU-C(number=sg)	glans	
,	PC	,	
Van	ADP(type=pre)	van	
de	PD(type=d-p,subtype=art,position=prenom)	de	
ongenaakbre	AA(degree=pos,position=prenom)	ongenaakbaar	
scheppingtrans	NOU-C(number=sg)	scheppingtrans	
In	ADP(type=pre)	in	
diamanten	AA(degree=pos,position=prenom)	diamanten	
gloed	NOU-C(number=sg)	gloed	
vervonklend	VRB(finiteness=pastpart)	vervonkelen	
afgevloten	VRB(finiteness=pastpart)	afvlieten	
,	PC	,	



De	PD(type=d-p,subtype=art,position=prenom)	de	
Jonkheid	NOU-C(number=sg)	jonkheid	
biedt	VRB(finiteness=fin,tense=pres)	bieden	
den	PD(type=d-p,subtype=art,position=prenom)	de	
Zanger	NOU-C(number=sg)	zanger	
heur	PD(type=poss,position=prenom)	haar	
vermaken	NOU-C(number=pl)	vermaak	
,	PC	,	
Maar	CONJ(type=coor)	maar	
hooger	AA(degree=comp,position=prenom)	hoog	
Drift	NOU-C(number=sg)	drift	
vervreemdt	VRB(finiteness=fin,tense=pres)	vervreemden	
hem	PD(type=pers,position=free)	hij	
van	ADP(type=pre)	van	
heur	PD(type=poss,position=prenom)	haar	
lust	NOU-C(number=sg)	lust	
,	PC	,	



Het	PD(type=d-p,subtype=art,position=prenom)	het	
welbegrepen	AA(degree=pos,position=prenom)	welbegrepen	
eigenbelang	NOU-C(number=sg)	eigenbelang	
zoude	VRB(finiteness=fin,tense=past)	zullen	
reeds	ADV(type=reg)	reeds	
vorderen	VRB(finiteness=inf)	vorderen	
dat	CONJ(type=sub)	dat	
men	PD(type=pers,position=free)	men	
de	PD(type=d-p,subtype=art,position=prenom)	de	
gelegenheid	NOU-C(number=sg)	gelegenheid	
niet	ADV(type=reg)	niet	
verwaarloosde	VRB(finiteness=fin,tense=past)	verwaarlozen	
om	ADP(type=pre)	om	
een	PD(type=indef,subtype=art,position=prenom)	een	
woordvoerder	NOU-C(number=sg)	woordvoerder	
van	ADP(type=pre)	van	
dusdanig	PD(type=d-p,subtype=oth,position=prenom)	dusdanig	
aanzien	NOU-C(number=sg)	aanzien	
…	PC	…	
in	ADP(type=pre)	in	
eene	PD(type=indef,subtype=art,position=prenom)	een	
gunstige	AA(degree=pos,position=prenom)	gunstig	
stemming	NOU-C(number=sg)	stemming	
te	ADP(type=pre)	te	
houden	VRB(finiteness=inf)	houden	
,	PC	,	



Dat	CONJ(type=sub)	dat	
…	PC	…	
hy	PD(type=pers,position=free)	hij	
,	PC	,	
in	ADP(type=pre)	in	
plaats	NOU-C(number=sg)	plaats	
van	ADP(type=pre)	van	
eer	NOU-C(number=sg)	eer	
,	PC	,	
belediging	NOU-C(number=sg)	belediging	
ontfangt	VRB(finiteness=fin,tense=pres)	ontvangen	
,	PC	,	



Het	PD(type=d-p,subtype=art,position=prenom)	het	
verstandige	AA(degree=pos,position=prenom)	verstandig	
en	CONJ(type=coor)	en	
dwaze	AA(degree=pos,position=prenom)	dwaas	
kind	NOU-C(number=sg)	kind	
…	PC	…	
is	VRB(finiteness=fin,tense=pres)	zijn	
dus	ADV(type=reg)	dus	
niet	ADV(type=reg)	niet	
…	PC	…	
dat	PD(type=d-p,subtype=oth,position=prenom)	dat	
kind	NOU-C(number=sg)	kind	
,	PC	,	
hetwelk	PD(type=w-p,position=free)	hetwelk	
zijne	PD(type=poss,position=prenom)	zijn	
geestvermogens	NOU-C(number=pl)	geestvermogen	
,	PC	,	
in	ADP(type=pre)	in	
het	PD(type=d-p,subtype=art,position=prenom)	het	
aanleeren	NOU-C(number=sg)	aanleren	
van	ADP(type=pre)	van	
nuttige	AA(degree=pos,position=prenom)	nuttig	
kundigheden	NOU-C(number=pl)	kundigheid	
,	PC	,	
wel	ADV(type=reg)	wel	
besteedt	VRB(finiteness=fin,tense=pres)	besteden	
,	PC	,	
of	CONJ(type=coor)	of	
verwaarloost	VRB(finiteness=fin,tense=pres)	verwaarlozen	
,	PC	,	



Elk	PD(type=indef,subtype=oth,position=prenom)	elk	
bericht	NOU-C(number=sg)	bericht	
van	ADP(type=pre)	van	
eene	PD(type=indef,subtype=art,position=prenom)	een	
dergelijke	PD(type=d-p,subtype=oth,position=prenom)	dergelijk	
wèl	ADV(type=reg)	wel	
geslaagde	AA(degree=pos,position=prenom)	geslaagd	
synthese	NOU-C(number=sg)	synthese	
(	PC	(	
wekte	VRB(finiteness=fin,tense=past)	wekken	
)	PC	)	
bezorgdheid	NOU-C(number=sg)	bezorgdheid	
bij	ADP(type=pre)	bij	
den	PD(type=d-p,subtype=art,position=prenom)	de	
een	NUM(type=card,position=free,representation=let)	een	
,	PC	,	
blijde	AA(degree=pos,position=prenom)	blij	
verwachtingen	NOU-C(number=pl)	verwachting	
bij	ADP(type=pre)	bij	
den	PD(type=d-p,subtype=art,position=prenom)	de	
ander	NUM(type=ord,position=free,representation=let)	ander	
,	PC	,	
belangstelling	NOU-C(number=sg)	belangstelling	
bij	ADP(type=pre)	bij	
allen	PD(type=indef,position=free)	al	
,	PC	,	
die	PD(type=d-p,position=free)	die	
het	PD(type=d-p,subtype=art,position=prenom)	het	
belang	NOU-C(number=sg)	belang	
der	PD(type=d-p,subtype=art,position=prenom)	de	
zaak	NOU-C(number=sg)	zaak	
konden	VRB(finiteness=fin,tense=past)	kunnen	
beoordeelen	VRB(finiteness=inf)	beoordelen	
,	PC	,	



Verwantschap	NOU-C(number=sg)	verwantschap	
der	PD(type=d-p,subtype=art,position=prenom)	de	
toonsoorten	NOU-C(number=pl)	toonsoort	
en	CONJ(type=coor)	en	
accoorden	NOU-C(number=pl)	akkoord	
wordt	VRB(finiteness=fin,tense=pres)	worden	
bepaald	VRB(finiteness=pastpart)	bepalen	
door	ADP(type=pre)	door	
het	PD(type=d-p,subtype=art,position=prenom)	het	
gemeenschappelijk	AA(degree=pos,position=prenom)	gemeenschappelijk	
bezit	NOU-C(number=sg)	bezit	
van	ADP(type=pre)	van	
dezelfde	PD(type=d-p,subtype=oth,position=prenom)	dezelfde	
tonen	NOU-C(number=pl)	toon	
;	PC	;	
hoe	ADV(type=reg)	hoe	
meer	PD(type=indef,subtype=oth,position=prenom)	meer	
tonen	NOU-C(number=pl)	toon	
twee	NUM(type=card,position=prenom,representation=let)	twee	
toonsoorten	NOU-C(number=pl)	toonsoort	
of	CONJ(type=coor)	of	
accoorden	NOU-C(number=pl)	akkoord	
gemeenschappelijk	AA(degree=pos,position=free)	gemeenschappelijk	
bezitten	VRB(finiteness=fin,tense=pres)	bezitten	
,	PC	,	
des	ADV(type=reg)	des	
te	ADV(type=reg)	te	
grooter	AA(degree=comp,position=free)	groot	
is	VRB(finiteness=fin,tense=pres)	zijn	
de	PD(type=d-p,subtype=art,position=prenom)	de	
verwantschap	NOU-C(number=sg)	verwantschap	
,	PC	,	



De	PD(type=d-p,subtype=art,position=prenom)	de	
hoesholn	NOU-C(number=sg)	huishouden	
verwoaren	VRB(finiteness=inf)	verwaren	
,	PC	,	
de	PD(type=d-p,subtype=art,position=prenom)	de	
huishouding	NOU-C(number=sg)	huishouding	
besturen	VRB(finiteness=inf)	besturen	
,	PC	,	
waarnemen	VRB(finiteness=inf)	waarnemen	
,	PC	,	
huishoudster	NOU-C(number=sg)	huishoudster	
zijn	VRB(finiteness=inf)	zijn	
,	PC	,	



Maar	CONJ(type=coor)	maar	
ongelukkig	AA(degree=pos,position=free)	ongelukkig	
…	PC	…	
verwarden	VRB(finiteness=fin,tense=past)	verwarren	
zich	PD(type=refl,position=free)	zich	
mijne	PD(type=poss,position=prenom)	mijn	
lange	AA(degree=pos,position=prenom)	lang	
haren	NOU-C(number=pl)	haar	
…	PC	…	
in	ADP(type=pre)	in	
de	PD(type=d-p,subtype=art,position=prenom)	de	
doornen	NOU-C(number=pl)	doorn	
,	PC	,	
en	CONJ(type=coor)	en	
het	PD(type=pers,position=free)	het	
was	VRB(finiteness=fin,tense=past)	zijn	
mij	PD(type=pers,position=free)	ik	
onmogelijk	AA(degree=pos,position=free)	onmogelijk	
dezelve	PD(type=d-p,position=free)	dezelve	
spoedig	AA(degree=pos,position=free)	spoedig	
genoeg	ADV(type=reg)	genoeg	
los	VRB(finiteness=inf)	losmaken	mw_649290
te	ADP(type=pre)	te	
maken	VRB(finiteness=inf)	losmaken	mw_649290
,	PC	,	



Beteekent	VRB(finiteness=fin,tense=pres)	betekenen	
het	PD(type=pers,position=free)	het	
weinig	PD(type=indef,position=free)	weinig	
voor	ADP(type=pre)	voor	
een	PD(type=indef,subtype=art,position=prenom)	een	
verweelderd	AA(degree=pos,position=prenom)	verweelderd	
volk	NOU-C(number=sg)	volk	
,	PC	,	
geleerd	VRB(finiteness=pastpart)	leren	
te	ADP(type=pre)	te	
hebben	VRB(finiteness=inf)	hebben	
op	ADP(type=pre)	op	
eigen	AA(degree=pos,position=prenom)	eigen	
kracht	NOU-C(number=sg)	kracht	
te	ADP(type=pre)	te	
steunen	VRB(finiteness=inf)	steunen	
,	PC	,	
nieuwe	AA(degree=pos,position=prenom)	nieuw	
hulpmiddelen	NOU-C(number=pl)	hulpmiddel	
tot	ADP(type=pre)	tot	
bestaan	NOU-C(number=sg)	bestaan	
en	CONJ(type=coor)	en	
welvaart	NOU-C(number=sg)	welvaart	
uittedenken	VRB(finiteness=inf)+ADP(type=pre)	uitdenken+te	
?	PC	?	



Vooral	ADV(type=reg)	vooral	
ook	ADV(type=reg)	ook	
in	ADP(type=pre)	in	
het	PD(type=d-p,subtype=art,position=prenom)	het	
enten	NOU-C(number=sg)	enten	
schiep	VRB(finiteness=fin,tense=past)	scheppen	
hij	PD(type=pers,position=free)	hij	
groot	AA(degree=pos,position=prenom)	groot	
behagen	NOU-C(number=sg)	behagen	
;	PC	;	
terwijl	CONJ(type=sub)	terwijl	
hij	PD(type=pers,position=free)	hij	
niet	ADV(type=reg)	niet	
minder	ADV(type=reg)	minder	
zich	PD(type=refl,position=free)	zich	
verheugde	VRB(finiteness=fin,tense=past)	verheugen	
,	PC	,	
als	CONJ(type=sub)	als	
het	PD(type=pers,position=free)	het	
hem	PD(type=pers,position=free)	hij	
gelukte	VRB(finiteness=fin,tense=past)	gelukken	
boomgewas	NOU-C(number=sg)	boomgewas	
uit	ADP(type=pre)	uit	
zaad	NOU-C(number=sg)	zaad	
te	ADP(type=pre)	te	
verwerven	VRB(finiteness=inf)	verwerven	
,	PC	,	



Wat	PD(type=w-p,position=prenom)	wat	
afstand	NOU-C(number=sg)	afstand	
tusschen	ADP(type=pre)	tussen	
ons	PD(type=pers,position=free)	wij	
,	PC	,	
wat	PD(type=w-p,position=prenom)	wat	
talloos	AA(degree=pos,position=prenom)	talloos	
tal	NOU-C(number=sg)	tal	
van	ADP(type=pre)	van	
mijlen	NOU-C(number=pl)	mijl	
,	PC	,	
Wat	PD(type=w-p,position=prenom)	wat	
kruispaân	NOU-C(number=pl)	kruispad	
,	PC	,	
die	PD(type=d-p,position=free)	die	
den	PD(type=d-p,subtype=art,position=prenom)	de	
togt	NOU-C(number=sg)	tocht	
verwarren	VRB(finiteness=fin,tense=pres)	verwarren	
en	CONJ(type=coor)	en	
verwijlen	VRB(finiteness=fin,tense=pres)	verwijlen	
,	PC	,	



Toen	CONJ(type=sub)	toen	
…	PC	…	
van	ADP(type=pre)	van	
den	PD(type=d-p,subtype=art,position=prenom)	de	
torentop	NOU-C(number=sg)	torentop	
Bengaalsche	AA(degree=pos,position=prenom)	Bengaals	
vuren	NOU-C(number=pl)	vuur	
tooverkleuren	NOU-C(number=pl)	toverkleur	
spreidden	VRB(finiteness=fin,tense=past)	spreiden	
…,	PC	…,	
Bleek	VRB(finiteness=fin,tense=past)	blijken	
Benjamin	NOU-P	Benjamin	
stil	AA(degree=pos,position=free)	stil	
opgestaan	VRB(finiteness=pastpart)	opstaan	
,	PC	,	



"	PC	"	
Betoont	VRB(finiteness=fin,tense=pres)	betonen	
ge	PD(type=pers,position=free)	gij	
aldus	ADV(type=reg)	aldus	
uw	PD(type=poss,position=prenom)	uw	
heldenaart	NOU-C(number=sg)	heldenaard	
?	PC	?	
En	CONJ(type=coor)	en	
is	VRB(finiteness=fin,tense=pres)	zijn	
uw	PD(type=poss,position=prenom)	uw	
wrok	NOU-C(number=sg)	wrok	
dus	ADV(type=reg)	dus	
uitgelaten	VRB(finiteness=pastpart)	uitlaten	
,	PC	,	
Dat	CONJ(type=sub)	dat	
ouderdom	NOU-C(number=sg)	ouderdom	
noch	CONJ(type=coor)	noch	
kunne	VRB(finiteness=fin,tense=pres)	kunnen	
baten	VRB(finiteness=inf)	baten	
?"	PC	?"	
—	PC	—	
De	PD(type=d-p,subtype=art,position=prenom)	de	
norsche	AA(degree=pos,position=prenom)	nors	
Wilt	NOU-P	Wilt	
houdt	VRB(finiteness=fin,tense=pres)	afhouden	mw_182650
af	VRB(finiteness=fin,tense=pres)	afhouden	mw_182650
,	PC	,	
vol	AA(degree=pos,position=free)	vol	
spijt	NOU-C(number=sg)	spijt	
Om	ADP(type=pre)	om	
's	PD(type=d-p,subtype=art,position=prenom)	de	
Prinsen	NOU-C(number=sg)	prins	
welverdiend	AA(degree=pos,position=prenom)	welverdiend	
verwijt	NOU-C(number=sg)	verwijt	
,	PC	,	



Het	PD(type=d-p,subtype=art,position=prenom)	het	
haar	NOU-C(number=sg)	haar	
,	PC	,	
nog	ADV(type=reg)	nog	
als	CONJ(type=sub)	als	
voorheen	ADV(type=reg)	voorheen	
verwilderd	AA(degree=pos,position=free)	verwilderd	
,	PC	,	
had	VRB(finiteness=fin,tense=past)	hebben	
den	PD(type=d-p,subtype=art,position=prenom)	de	
glans	NOU-C(number=sg)	glans	
verloren	VRB(finiteness=pastpart)	verliezen	
,	PC	,	



Maar	CONJ(type=coor)	maar	
wee	INT	wee	
,	PC	,	
o	INT	o	
wee	INT	wee	
!	PC	!	
hij	PD(type=pers,position=free)	hij	
was	VRB(finiteness=fin,tense=past)	zijn	
wreed	AA(degree=pos,position=free)	wreed	
en	CONJ(type=coor)	en	
verwoed	AA(degree=pos,position=free)	verwoed	
Voor	ADP(type=pre)	voor	
zijn	PD(type=poss,position=prenom)	zijn	
gravinne	NOU-C(number=sg)	gravin	
,	PC	,	



Uit	ADP(type=pre)	uit	
Leeuwarden	NOU-P	Leeuwarden	
meldt	VRB(finiteness=fin,tense=pres)	melden	
men	PD(type=pers,position=free)	men	
,	PC	,	
dat	CONJ(type=sub)	dat	
door	ADP(type=pre)	door	
den	PD(type=d-p,subtype=art,position=prenom)	de	
persoon	NOU-C(number=sg)	persoon	
van	ADP(type=pre)	van	
T	NOU-P(WF=abbr)	T.	
.,	PC	.,	
oud	AA(degree=pos,position=free)	oud	
23	NUM(type=card,position=prenom,representation=dig)	drieëntwintig	
jaren	NOU-C(number=pl)	jaar	
,	PC	,	
gedetineerd	VRB(finiteness=pastpart)	detineren	
in	ADP(type=pre)	in	
het	PD(type=d-p,subtype=art,position=prenom)	het	
huis	NOU-C(number=sg)	huis	
van	ADP(type=pre)	van	
reclusie	NOU-C(number=sg)	reclusie	
en	CONJ(type=coor)	en	
tuchtiging	NOU-C(number=sg)	tuchtiging	
aldaar	ADV(type=reg)	aldaar	
…,	PC	…,	
op	ADP(type=pre)	op	
een	PD(type=indef,subtype=art,position=prenom)	een	
bewaarder	NOU-C(number=sg)	bewaarder	
in	ADP(type=pre)	in	
bovengenoemd	AA(degree=pos,position=prenom)	bovengenoemd	
huis	NOU-C(number=sg)	huis	
een	PD(type=indef,subtype=art,position=prenom)	een	
aanval	NOU-C(number=sg)	aanval	
gedaan	VRB(finiteness=pastpart)	doen	
en	CONJ(type=coor)	en	
dezen	PD(type=d-p,position=free)	deze	
eene	PD(type=indef,subtype=art,position=prenom)	een	
verwonding	NOU-C(number=sg)	verwonding	
toegebragt	VRB(finiteness=pastpart)	toebrengen	
is	VRB(finiteness=fin,tense=pres)	zijn	
,	PC	,	



Wildet	VRB(finiteness=fin,tense=pres)	willen	
ge	PD(type=pers,position=free)	gij	
dat	CONJ(type=sub)	dat	
de	PD(type=d-p,subtype=art,position=prenom)	de	
dadelijke	AA(degree=pos,position=prenom)	dadelijk	
aanspraak	NOU-C(number=sg)	aanspraak	
dier	PD(type=d-p,subtype=oth,position=prenom)	die	
prediking	NOU-C(number=sg)	prediking	
de	PD(type=d-p,subtype=art,position=prenom)	de	
uitverkorenen	NOU-C(number=pl)	uitverkorene	
van	ADP(type=pre)	van	
de	PD(type=d-p,subtype=art,position=prenom)	de	
verworpenen	NOU-C(number=pl)	verworpene	
onderscheiden	VRB(finiteness=inf)	onderscheiden	
zou	VRB(finiteness=fin,tense=past)	zullen	
?	PC	?	



Na	ADP(type=pre)	na	
deze	PD(type=d-p,subtype=oth,position=prenom)	deze	
bereiding	NOU-C(number=sg)	bereiding	
verzamele	VRB(finiteness=fin,tense=pres)	verzamelen	
men	PD(type=pers,position=free)	men	
het	PD(type=d-p,subtype=art,position=prenom)	het	
koren	NOU-C(number=sg)	koren	
tot	ADP(type=pre)	tot	
een	PD(type=indef,subtype=art,position=prenom)	een	
'	PC	'	
hoop	NOU-C(number=sg)	hoop	
,	PC	,	
en	CONJ(type=coor)	en	
men	PD(type=pers,position=free)	men	
zette	VRB(finiteness=fin,tense=pres)	dooreenzetten	mw_492039
het	PD(type=pers,position=free)	het	
gedurende	ADP(type=pre)	gedurende	
drie	NUM(type=card,position=prenom,representation=let)	drie	
dagen	NOU-C(number=pl)	dag	
verscheidene	AA(degree=pos,position=prenom)	verscheiden	
malen	NOU-C(number=pl)	maal	
daags	ADV(type=reg)	daags	
dooreen	VRB(finiteness=fin,tense=pres)	dooreenzetten	mw_492039
,	PC	,	
waarna	ADV(type=pron)	waarna	
men	PD(type=pers,position=free)	men	
het	PD(type=pers,position=free)	het	
kan	VRB(finiteness=fin,tense=pres)	kunnen	
verzaaijen	VRB(finiteness=inf)	verzaaien	
,	PC	,	



Om	ADP(type=pre)	om	
den	PD(type=d-p,subtype=art,position=prenom)	de	
indruk	NOU-C(number=sg)	indruk	
te	ADP(type=pre)	te	
verzachten	VRB(finiteness=inf)	verzachten	
,	PC	,	
dien	PD(type=d-p,position=free)	die	
het	PD(type=d-p,subtype=art,position=prenom)	het	
aan	ADP(type=pre)	aan	
de	PD(type=d-p,subtype=art,position=prenom)	de	
Maas	NOU-P	Maas	
en	CONJ(type=coor)	en	
den	PD(type=d-p,subtype=art,position=prenom)	de	
Amstel	NOU-P	Amstel	
maken	VRB(finiteness=inf)	maken	
zal	VRB(finiteness=fin,tense=pres)	zullen	
,	PC	,	



Ge	PD(type=pers,position=free)	gij	
gaat	VRB(finiteness=fin,tense=pres)	gaan	
u	PD(type=refl,position=free)	u	
geheel	AA(degree=pos,position=free)	geheel	
verzeerden	VRB(finiteness=inf)	verzeerden	
,	PC	,	
met	ADP(type=pre)	met	
te	ADP(type=pre)	te	
willen	VRB(finiteness=inf)	willen	
uitgaan	VRB(finiteness=inf)	uitgaan	
,	PC	,	
in	ADP(type=pre)	in	
dat	PD(type=d-p,subtype=oth,position=prenom)	dat	
koud	AA(degree=pos,position=prenom)	koud	
,	PC	,	
vochtig	AA(degree=pos,position=prenom)	vochtig	
weêre	NOU-C(number=sg)	weder	
,	PC	,	



Verzeild	VRB(finiteness=pastpart)	verzeilen	
,	PC	,	
…	PC	…	
een	NUM(type=card,position=free,representation=let)	een	
die	PD(type=d-p,position=free)	die	
er	ADV(type=reg)	er	
als	CONJ(type=sub)	als	
een	PD(type=indef,subtype=art,position=prenom)	een	
bedronken	NOU-C(number=sg)	bedronken	
uitziet	VRB(finiteness=fin,tense=pres)	uitzien	
,	PC	,	
die	PD(type=d-p,position=free)	die	
door	ADP(type=pre)	door	
den	PD(type=d-p,subtype=art,position=prenom)	de	
drank	NOU-C(number=sg)	drank	
er	ADV(type=pron)	eruit	mw_302961
verwaaid	AA(degree=pos,position=free)	verwaaid	
uit	ADV(type=pron)	eruit	mw_302961
ziet	VRB(finiteness=fin,tense=pres)	zien	
,	PC	,	



—	PC	—	
Jammer	AA(degree=pos,position=free)	jammer	
is	VRB(finiteness=fin,tense=pres)	zijn	
het	PD(type=pers,position=free)	het	
,	PC	,	
dat	CONJ(type=sub)	dat	
A.	NOU-P(WF=abbr)	A.	
dit	PD(type=d-p,subtype=oth,position=prenom)	dit	
Handschrift	NOU-C(number=sg)	handschrift	
niet	ADV(type=reg)	niet	
voltooid	AA(degree=pos,position=free)	voltooid	
en	CONJ(type=coor)	en	
in	ADP(type=pre)	in	
het	PD(type=d-p,subtype=art,position=prenom)	het	
licht	NOU-C(number=sg)	licht	
gegeven	VRB(finiteness=pastpart)	geven	
heeft	VRB(finiteness=fin,tense=pres)	hebben	
.	PC	.	
Behoorlijk	AA(degree=pos,position=free)	behoorlijk	
geschikt	AA(degree=pos,position=free)	geschikt	
,	PC	,	
hier	ADV(type=reg)	hier	
en	CONJ(type=coor)	en	
daar	ADV(type=reg)	daar	
wijdloopiger	AA(degree=pos,position=free)	wijdlopig	
behandeld	VRB(finiteness=pastpart)	behandelen	
,	PC	,	
zoo	CONJ(type=sub)	zoals	mw_604449
als	CONJ(type=sub)	zoals	mw_604449
hij	PD(type=pers,position=free)	hij	
,	PC	,	
blijkens	ADP(type=pre)	blijkens	
zijne	PD(type=poss,position=prenom)	zijn	
verzendingen	NOU-C(number=pl)	verzending	
naar	ADP(type=pre)	naar	
andere	PD(type=indef,subtype=oth,position=prenom)	ander	
Handschriften	NOU-C(number=pl)	handschrift	
,	PC	,	
daartoe	ADV(type=pron)	daartoe	
het	PD(type=d-p,subtype=art,position=prenom)	het	
oogmerk	NOU-C(number=sg)	oogmerk	
had	VRB(finiteness=fin,tense=past)	hebben	
,	PC	,	



Zaagt	VRB(finiteness=fin,tense=past)	zien	
ge	PD(type=pers,position=free)	gij	
ooit	ADV(type=reg)	ooit	
d'Orion	PD(type=d-p,subtype=art,position=prenom)+NOU-P	de+Orion	
aan	ADP(type=pre)	aan	
d'onmeetbren	PD(type=d-p,subtype=art,position=prenom)+AA(degree=pos,position=prenom)	de+onmeetbaar	
hemel	NOU-C(number=sg)	hemel	
blinken	VRB(finiteness=inf)	blinken	
,	PC	,	
Het	PD(type=d-p,subtype=art,position=prenom)	het	
minder	AA(degree=comp,position=prenom)	minder	
sterrenheir	NOU-C(number=sg)	sterrenheer	
voor	ADP(type=pre)	voor	
hem	PD(type=pers,position=free)	hij	
in	ADP(type=pre)	in	
't	PD(type=d-p,subtype=art,position=prenom)	het	
niet	NOU-C(number=sg)	niet	
verzinken	VRB(finiteness=inf)	verzinken	
,	PC	,	



Elk	PD(type=indef,subtype=oth,position=prenom)	elk	
koopman	NOU-C(number=sg)	koopman	
die	PD(type=d-p,position=free)	die	
ophoudt	VRB(finiteness=fin,tense=pres)	ophouden	
te	ADP(type=pre)	te	
betalen	VRB(finiteness=inf)	betalen	
,	PC	,	
wordt	VRB(finiteness=fin,tense=pres)	worden	
bij	ADP(type=pre)	bij	
regterlijk	AA(degree=pos,position=prenom)	rechterlijk	
vonnis	NOU-C(number=sg)	vonnis	
verklaard	VRB(finiteness=pastpart)	verklaren	
te	ADP(type=pre)	te	
zijn	VRB(finiteness=inf)	zijn	
in	ADP(type=pre)	in	
staat	NOU-C(number=sg)	staat	
van	ADP(type=pre)	van	
faillissement	NOU-C(number=sg)	faillissement	
…,	PC	…,	
het	CONJ(type=coor)	hetzij	mw_397645
zij	CONJ(type=coor)	hetzij	mw_397645
ten	ADP(type=pre)+PD(type=d-p,subtype=art,position=prenom)	te+het	
verzoeke	NOU-C(number=sg)	verzoek	
van	ADP(type=pre)	van	
eenen	NUM(type=card,position=prenom,representation=let)	een	
of	CONJ(type=coor)	of	
meer	PD(type=indef,subtype=oth,position=prenom)	meer	
schuldeischers	NOU-C(number=pl)	schuldeiser	
,	PC	,	
het	CONJ(type=coor)	hetzij	mw_974935
zij	CONJ(type=coor)	hetzij	mw_974935
eindelijk	ADV(type=reg)	eindelijk	
op	ADP(type=pre)	op	
requisitoir	NOU-C(number=sg)	requisitoir	
van	ADP(type=pre)	van	
het	PD(type=d-p,subtype=art,position=prenom)	het	
openbaar	AA(degree=pos,position=prenom)	openbaar	
ministerie	NOU-C(number=sg)	ministerie	
,	PC	,	



Het	PD(type=d-p,subtype=art,position=prenom)	het	
verzoek	NOU-C(number=sg)	verzoek	
tot	ADP(type=pre)	tot	
interventie	NOU-C(number=sg)	interventie	
heeft	VRB(finiteness=fin,tense=pres)	hebben	
…	PC	…	
de	PD(type=d-p,subtype=art,position=prenom)	de	
strekking	NOU-C(number=sg)	strekking	
te	ADP(type=pre)	te	
vragen	VRB(finiteness=inf)	vragen	
dat	CONJ(type=sub)	dat	
de	PD(type=d-p,subtype=art,position=prenom)	de	
verzoeker	NOU-C(number=sg)	verzoeker	
zal	VRB(finiteness=fin,tense=pres)	zullen	
toegelaten	VRB(finiteness=pastpart)	toelaten	
worden	VRB(finiteness=inf)	worden	
tot	ADP(type=pre)	tot	
deelneming	NOU-C(number=sg)	deelneming	
aan	ADP(type=pre)	aan	
den	PD(type=d-p,subtype=art,position=prenom)	de	
tusschen	ADP(type=pre)	tussen	
anderen	PD(type=indef,position=free)	ander	
gevoerden	AA(degree=pos,position=prenom)	gevoerd	
rechtsstrijd	NOU-C(number=sg)	rechtsstrijd	
om	ADP(type=pre)	om	
langs	ADP(type=pre)	langs	
dien	PD(type=d-p,subtype=oth,position=prenom)	die	
weg	NOU-C(number=sg)	weg	
voor	ADP(type=pre)	voor	
eigen	AA(degree=pos,position=prenom)	eigen	
recht	NOU-C(number=sg)	recht	
te	ADP(type=pre)	te	
kunnen	VRB(finiteness=inf)	kunnen	
opkomen	VRB(finiteness=inf)	opkomen	
of	CONJ(type=coor)	of	
waken	VRB(finiteness=inf)	waken	
,	PC	,	



Eene	PD(type=indef,subtype=art,position=prenom)	een	
lange	AA(degree=pos,position=prenom)	lang	
wyl	NOU-C(number=sg)	wijl	
bleef	VRB(finiteness=fin,tense=past)	blijven	
de	PD(type=d-p,subtype=art,position=prenom)	de	
weerwolf	NOU-C(number=sg)	weerwolf	
met	ADP(type=pre)	met	
eene	PD(type=indef,subtype=art,position=prenom)	een	
…	PC	…	
toornige	AA(degree=pos,position=prenom)	toornig	
uitdrukking	NOU-C(number=sg)	uitdrukking	
in	ADP(type=pre)	in	
de	PD(type=d-p,subtype=art,position=prenom)	de	
hut	NOU-C(number=sg)	hut	
blikken	VRB(finiteness=inf)	blikken	
;	PC	;	
allengskens	ADV(type=reg)	allengsjes	
nochtans	ADV(type=reg)	nochtans	
verzoette	VRB(finiteness=fin,tense=past)	verzoeten	
hy	PD(type=pers,position=free)	hij	
zyn	PD(type=poss,position=prenom)	zijn	
gelaet	NOU-C(number=sg)	gelaat	
en	CONJ(type=coor)	en	
hy	PD(type=pers,position=free)	hij	
scheen	VRB(finiteness=fin,tense=past)	schijnen	
welhaest	ADV(type=reg)	welhaast	
geheel	AA(degree=pos,position=free)	geheel	
kalm	AA(degree=pos,position=free)	kalm	
,	PC	,	



In	ADP(type=pre)	in	
dergelijke	PD(type=d-p,subtype=oth,position=prenom)	dergelijk	
inrigtingen	NOU-C(number=pl)	inrichting	
konden	VRB(finiteness=fin,tense=past)	kunnen	
ouders	NOU-C(number=pl)	ouder	
,	PC	,	
welker	PD(type=w-p,position=free)	welk	
huisselijke	AA(degree=pos,position=prenom)	huiselijk	
,	PC	,	
ambtelijke	AA(degree=pos,position=prenom)	ambtelijk	
,	PC	,	
of	CONJ(type=coor)	of	
betrekkelijke	AA(degree=pos,position=prenom)	betrekkelijk	
omstandigheden	NOU-C(number=pl)	omstandigheid	
de	PD(type=d-p,subtype=art,position=prenom)	de	
verzorging	NOU-C(number=sg)	verzorging	
der	PD(type=d-p,subtype=art,position=prenom)	de	
kinderen	NOU-C(number=pl)	kind	
in	ADP(type=pre)	in	
persoon	NOU-C(number=sg)	persoon	
niet	ADV(type=reg)	niet	
veroorloofden	VRB(finiteness=fin,tense=past)	veroorloven	
,	PC	,	
hunne	PD(type=poss,position=prenom)	hun	
kinderen	NOU-C(number=pl)	kind	
…	PC	…	
met	ADP(type=pre)	met	
vrijmoedigheid	NOU-C(number=sg)	vrijmoedigheid	
en	CONJ(type=coor)	en	
vrucht	NOU-C(number=sg)	vrucht	
zenden	VRB(finiteness=inf)	zenden	
,	PC	,	



Ik	PD(type=pers,position=free)	ik	
wil	VRB(finiteness=fin,tense=pres)	willen	
geene	PD(type=indef,subtype=oth,position=prenom)	geen	
namen	NOU-C(number=pl)	naam	
noemen	VRB(finiteness=inf)	noemen	
,	PC	,	
want	CONJ(type=coor)	want	
ik	PD(type=pers,position=free)	ik	
zoude	VRB(finiteness=fin,tense=past)	zullen	
hen	PD(type=pers,position=free)	zij	
beleedigen	VRB(finiteness=inf)	beledigen	
,	PC	,	
die	PD(type=d-p,position=free)	die	
ik	PD(type=pers,position=free)	ik	
verzweeg	VRB(finiteness=fin,tense=past)	verzwijgen	
,	PC	,	



Hij	PD(type=pers,position=free)	hij	
die	PD(type=d-p,position=free)	die	
…	PC	…	
het	PD(type=d-p,subtype=art,position=prenom)	het	
publiek	NOU-C(number=sg)	publiek	
tot	ADP(type=pre)	tot	
inschrijving	NOU-C(number=sg)	inschrijving	
…	PC	…	
tracht	VRB(finiteness=fin,tense=pres)	trachten	
te	ADP(type=pre)	te	
bewegen	VRB(finiteness=inf)	bewegen	
door	ADP(type=pre)	door	
het	PD(type=d-p,subtype=art,position=prenom)	het	
opzettelijk	AA(degree=pos,position=free)	opzettelijk	
verzwijgen	NOU-C(number=sg)	verzwijgen	
of	CONJ(type=coor)	of	
verminken	NOU-C(number=sg)	verminken	
van	ADP(type=pre)	van	
ware	AA(degree=pos,position=prenom)	waar	
of	CONJ(type=coor)	of	
voorspiegelen	NOU-C(number=sg)	voorspiegelen	
van	ADP(type=pre)	van	
valsche	AA(degree=pos,position=prenom)	vals	
feiten	NOU-C(number=pl)	feit	
of	CONJ(type=coor)	of	
omstandigheden	NOU-C(number=pl)	omstandigheid	
,	PC	,	
wordt	VRB(finiteness=fin,tense=pres)	worden	
gestraft	VRB(finiteness=pastpart)	straffen	
,	PC	,	



Verhopend	VRB(finiteness=prespart)	verhopen	
,	PC	,	
dat	CONJ(type=sub)	dat	
de	PD(type=d-p,subtype=art,position=prenom)	de	
…	PC	…	
man	NOU-C(number=sg)	man	
Misschien	ADV(type=reg)	misschien	
't	PD(type=d-p,subtype=art,position=prenom)	het	
gebrek	NOU-C(number=sg)	gebrek	
beregten	VRB(finiteness=inf)	berechten	
kan	VRB(finiteness=fin,tense=pres)	kunnen	
,	PC	,	



Klein	AA(degree=pos,position=free)	klein	
waart	VRB(finiteness=fin,tense=past)	zijn	
gij	PD(type=pers,position=free)	gij	
,	PC	,	
als	CONJ(type=sub)	als	
de	PD(type=d-p,subtype=art,position=prenom)	de	
Rijn	NOU-P	Rijn	
,	PC	,	
bij	ADP(type=pre)	bij	
uw	PD(type=poss,position=prenom)	uw	
geboortestond	NOU-C(number=sg)	geboortestond	
,	PC	,	
Naauw	AA(degree=pos,position=free)	nauw	
waardig	AA(degree=pos,position=free)	waardig	
dat	CONJ(type=sub)	dat	
een	PD(type=indef,subtype=art,position=prenom)	een	
volk	NOU-C(number=sg)	volk	
zich	PD(type=refl,position=free)	zich	
vestigde	VRB(finiteness=fin,tense=past)	vestigen	
op	ADP(type=pre)	op	
uw	PD(type=poss,position=prenom)	uw	
'	PC	'	
grond	NOU-C(number=sg)	grond	



Van	ADP(type=pre)	van	
belang	NOU-C(number=sg)	belang	
zou	VRB(finiteness=fin,tense=past)	zullen	
het	PD(type=pers,position=free)	het	
zijn	VRB(finiteness=inf)	zijn	
te	ADP(type=pre)	te	
weten	VRB(finiteness=inf)	weten	
,	PC	,	
of	CONJ(type=sub)	of	
bedoelde	VRB(finiteness=fin,tense=past)	bedoelen	
twee	NUM(type=card,position=prenom,representation=let)	twee	
geweren	NOU-C(number=pl)	geweer	
,	PC	,	
ook	ADV(type=reg)	ook	
met	ADP(type=pre)	met	
kogels	NOU-C(number=pl)	kogel	
en	CONJ(type=coor)	en	
vetlappen	NOU-C(number=pl)	vetlap	
(	PC	(	
die	PD(type=d-p,position=free)	die	
men	PD(type=pers,position=free)	men	
in	ADP(type=pre)	in	
Duitschland	NOU-P	Duitsland	
,	PC	,	
voor	ADP(type=pre)	voor	
de	PD(type=d-p,subtype=art,position=prenom)	de	
meer	ADV(type=reg)	meer	
gebruikelijke	AA(degree=pos,position=prenom)	gebruikelijk	
jagt	NOU-C(number=sg)	jacht	
op	ADP(type=pre)	op	
grof	AA(degree=pos,position=prenom)	grof	
wild	NOU-C(number=sg)	wild	
,	PC	,	
gewoonlijk	AA(degree=pos,position=free)	gewoonlijk	
bezigt	VRB(finiteness=fin,tense=pres)	bezigen	
)	PC	)	
geladen	VRB(finiteness=pastpart)	laden	
waren	VRB(finiteness=fin,tense=past)	zijn	
,	PC	,	



Me	PD(type=pers,position=free)	wij	
hebben	VRB(finiteness=fin,tense=pres)	hebben	
twee	NUM(type=card,position=prenom,representation=let)	twee	
kalvers	NOU-C(number=pl)	kalf	
staan	VRB(finiteness=inf)	staan	
,	PC	,	
een	NUM(type=card,position=free,representation=let)	een	
veur	ADP(type=pre)	voor	
't	PD(type=d-p,subtype=art,position=prenom)	het	
houden	NOU-C(number=sg)	houden	
en	CONJ(type=coor)	en	
'	PC	'	
nen	PD(type=indef,subtype=art,position=prenom)	een	
vetter	NOU-C(number=sg)	vetter	
,	PC	,	



De	PD(type=d-p,subtype=art,position=prenom)	de	
Raad	NOU-C(number=sg)	raad	
van	ADP(type=pre)	van	
justitie	NOU-C(number=sg)	justitie	
zal	VRB(finiteness=fin,tense=pres)	zullen	
bestaan	VRB(finiteness=inf)	bestaan	
uit	ADP(type=pre)	uit	
één	NUM(type=card,position=prenom,representation=let)	een	
president	NOU-C(number=sg)	president	
,	PC	,	
één	NUM(type=card,position=prenom,representation=let)	een	
vicepresident	NOU-C(number=sg)	vicepresident	



Vidimatie	NOU-C(number=sg)	vidimatie	
,	PC	,	
de	PD(type=d-p,subtype=art,position=prenom)	de	
bekrachtiging	NOU-C(number=sg)	bekrachtiging	
,	PC	,	
goedverklaring	NOU-C(number=sg)	goedverklaring	
,	PC	,	
vergelijking	NOU-C(number=sg)	vergelijking	
en	CONJ(type=coor)	en	
bevestiging	NOU-C(number=sg)	bevestiging	
van	ADP(type=pre)	van	
een	PD(type=indef,subtype=art,position=prenom)	een	
geschrift	NOU-C(number=sg)	geschrift	
,	PC	,	



bestaat	VRB(finiteness=fin,tense=pres)	bestaan	
uit	ADP(type=pre)	uit	
16	NUM(type=card,position=prenom,representation=dig)	zestien	
bolletjes	NOU-C(number=pl)	bolletje	
,	PC	,	
van	ADP(type=pre)	van	
welke	PD(type=w-p,position=free)	welk	
vier	NUM(type=card,position=prenom,representation=let)	vier	
in	ADP(type=pre)	in	
het	PD(type=d-p,subtype=art,position=prenom)	het	
midden	NOU-C(number=sg)	midden	
een	PD(type=indef,subtype=art,position=prenom)	een	
vierkant	NOU-C(number=sg)	vierkant	
uitmaken	VRB(finiteness=fin,tense=pres)	uitmaken	
,	PC	,	
en	CONJ(type=coor)	en	
rondom	ADP(type=pre)	rondom	
,	PC	,	
welke	PD(type=w-p,position=free)	welk	
de	PD(type=d-p,subtype=art,position=prenom)	de	
overige	AA(degree=pos,position=prenom)	overig	
,	PC	,	
doch	CONJ(type=coor)	doch	
niet	ADV(type=reg)	niet	
zeer	AA(degree=pos,position=free)	zeer	
regelmatig	AA(degree=pos,position=free)	regelmatig	
geplaatst	AA(degree=pos,position=free)	geplaatst	
zijn	VRB(finiteness=fin,tense=pres)	zijn	
,	PC	,	
evenwel	ADV(type=reg)	evenwel	
in	ADP(type=pre)	in	
diervoege	PD(type=d-p,subtype=oth,position=prenom)+NOU-C(number=sg)	die+voeg	
,	PC	,	
dat	CONJ(type=sub)	dat	
alle	PD(type=indef,subtype=oth,position=prenom)	al	
16	NUM(type=card,position=free,representation=dig)	zestien	
te	ADV(type=reg)	samen	mw_743088
zamen	ADV(type=reg)	samen	mw_743088
bijna	ADV(type=reg)	bijna	
een	PD(type=indef,subtype=art,position=prenom)	een	
'	PC	'	
vierhoek	NOU-C(number=sg)	vierhoek	
uitmaken	VRB(finiteness=fin,tense=pres)	uitmaken	
,	PC	,	



Ik	PD(type=pers,position=free)	ik	
haat	VRB(finiteness=fin,tense=pres)	haten	
ze	PD(type=pers,position=free)	zij	
,	PC	,	
de	PD(type=d-p,subtype=art,position=prenom)	de	
vierkantjes	NOU-C(number=pl)	vierkantje	
grond	NOU-C(number=sg)	grond	
…,	PC	…,	
ik	PD(type=pers,position=free)	ik	
haat	VRB(finiteness=fin,tense=pres)	haten	
ze	PD(type=pers,position=free)	zij	
,	PC	,	
de	PD(type=d-p,subtype=art,position=prenom)	de	
…	PC	…	
verburgerlijkte	AA(degree=pos,position=prenom)	verburgerlijkt	
tuinen	NOU-C(number=pl)	tuin	
,	PC	,	



De	PD(type=d-p,subtype=art,position=prenom)	de	
jonker	NOU-C(number=sg)	jonker	
van	ADP(type=pre)	van	
't	PD(type=d-p,subtype=art,position=prenom)	het	
Sticht	NOU-P	Sticht	
vloog	VRB(finiteness=fin,tense=past)	vliegen	
te	ADP(type=pre)	te	
viervoet	NOU-C(number=sg)	viervoet	
daarheen	ADV(type=pron)	daarheen	
;	PC	;	
Zijn	PD(type=poss,position=prenom)	zijn	
ros	NOU-C(number=sg)	ros	
was	VRB(finiteness=fin,tense=past)	zijn	
het	PD(type=d-p,subtype=art,position=prenom)	het	
vurigst	AA(degree=sup,position=prenom)	vurig	
,	PC	,	
dat	PD(type=d-p,position=free)	dat	
ooit	ADV(type=reg)	ooit	
werd	VRB(finiteness=fin,tense=past)	worden	
bereden	VRB(finiteness=pastpart)	berijden	
,	PC	,	



Kom	VRB(finiteness=fin,tense=pres)	komen	
spoedig	AA(degree=pos,position=free)	spoedig	
dan	ADV(type=reg)	dan	
!	PC	!	
gij	PD(type=pers,position=free)	gij	
zult	VRB(finiteness=fin,tense=pres)	zullen	
bij	ADP(type=pre)	bij	
uw	PD(type=poss,position=prenom)	uw	
lectuur	NOU-C(number=sg)	lectuur	
verwelken	VRB(finiteness=inf)	verwelken	
;	PC	;	
…	PC	…	
Wij	PD(type=pers,position=free)	wij	
lezen	VRB(finiteness=fin,tense=pres)	lezen	
bruisend	AA(degree=pos,position=prenom)	bruisend	
nat	NOU-C(number=sg)	nat	
uit	ADP(type=pre)	uit	
kristallijnen	AA(degree=pos,position=prenom)	kristallijnen	
kelken	NOU-C(number=pl)	kelk	
,	PC	,	
Gij	PD(type=pers,position=free)	gij	
—	PC	—	
vijgen	NOU-C(number=pl)	vijg	
van	ADP(type=pre)	van	
een	PD(type=indef,subtype=art,position=prenom)	een	
'	PC	'	
dorenboom	NOU-C(number=sg)	doornboom	
,	PC	,	



't	PD(type=pers,position=free)	het	
Is	VRB(finiteness=fin,tense=pres)	zijn	
wel	AA(degree=pos,position=free)	wel	
,	PC	,	
Mevrouw	NOU-C(number=sg)	mevrouw	
!	PC	!	
ik	PD(type=pers,position=free)	ik	
zal	VRB(finiteness=fin,tense=pres)	zullen	
dat	PD(type=d-p,position=free)	dat	
dus	ADV(type=reg)	dus	
beredderen	VRB(finiteness=inf)	beredderen	
,	PC	,	



Zue	ADV(type=reg)	zolang	mw_91863
lang	ADV(type=reg)	zolang	mw_91863
as	CONJ(type=sub)	als	
de	PD(type=d-p,subtype=art,position=prenom)	de	
pierebolle	NOU-C(number=sg)	pierenbol	
op	ADP(type=pre)	op	
de	PD(type=d-p,subtype=art,position=prenom)	de	
keete	NOU-C(number=sg)	keet	
vylde	VRB(finiteness=fin,tense=past)	vijlen	
,	PC	,	



Den	PD(type=d-p,subtype=art,position=prenom)	de	
vierkantswortel	NOU-C(number=sg)	vierkantswortel	
uit	ADP(type=pre)	uit	
eenig	PD(type=indef,subtype=oth,position=prenom)	enig	
getal	NOU-C(number=sg)	getal	
4096	NUM(type=card,position=free,representation=dig)	4096	
te	ADP(type=pre)	te	
trekken	VRB(finiteness=inf)	trekken	
,	PC	,	
is	VRB(finiteness=fin,tense=pres)	zijn	
het	PD(type=d-p,subtype=art,position=prenom)	het	
getal	NOU-C(number=sg)	getal	
64	NUM(type=card,position=postnom,representation=dig)	vierenzestig	
te	ADP(type=pre)	te	
vinden	VRB(finiteness=inf)	vinden	
,	PC	,	
hetwelk	PD(type=w-p,position=free)	hetwelk	
met	ADP(type=pre)	met	
zich	PD(type=refl,position=free)	zich	
zelven	PD(type=d-p,position=free)	zelf	
vermenigvuldigd	VRB(finiteness=pastpart)	vermenigvuldigen	
zijnde	VRB(finiteness=prespart)	zijn	
,	PC	,	
het	PD(type=d-p,subtype=art,position=prenom)	het	
getal	NOU-C(number=sg)	getal	
4096	NUM(type=card,position=free,representation=dig)	4096	
zal	VRB(finiteness=fin,tense=pres)	zullen	
voortbrengen	VRB(finiteness=inf)	voortbrengen	
,	PC	,	



Ook	ADV(type=reg)	ook	
van	ADP(type=pre)	van	
het	PD(type=d-p,subtype=art,position=prenom)	het	
strafrecht	NOU-C(number=sg)	strafrecht	
moet	VRB(finiteness=fin,tense=pres)	moeten	
de	PD(type=d-p,subtype=art,position=prenom)	de	
mensch	NOU-C(number=sg)	mens	
de	PD(type=d-p,subtype=art,position=prenom)	de	
vinder	NOU-C(number=sg)	vinder	
zijn	VRB(finiteness=inf)	zijn	
.	PC	.	
Veilig	AA(degree=pos,position=free)	veilig	
ga	VRB(finiteness=fin,tense=pres)	gaan	
hij	PD(type=pers,position=free)	hij	
zijnen	PD(type=poss,position=prenom)	zijn	
gang	NOU-C(number=sg)	gang	
…,	PC	…,	
wanneer	CONJ(type=sub)	wanneer	
maar	ADV(type=reg)	maar	
de	PD(type=d-p,subtype=art,position=prenom)	de	
gedachte	NOU-C(number=sg)	gedachte	
aan	ADP(type=pre)	aan	
de	PD(type=d-p,subtype=art,position=prenom)	de	
heerschappij	NOU-C(number=sg)	heerschappij	
van	ADP(type=pre)	van	
hetgeen	PD(type=d-p,position=free)	hetgeen	
hij	PD(type=pers,position=free)	hij	
zoekt	VRB(finiteness=fin,tense=pres)	zoeken	
bij	ADP(type=pre)	bij	
dien	PD(type=d-p,subtype=oth,position=prenom)	die	
ernstigen	AA(degree=pos,position=prenom)	ernstig	
arbeid	NOU-C(number=sg)	arbeid	
boven	ADP(type=pre)	boven	
alles	PD(type=indef,position=free)	alles	
wege	VRB(finiteness=fin,tense=pres)	wegen	
,	PC	,	



Montrer	RES(type=for)	monter	
q.q.	RES(type=for,WF=abbr)	q.q.	
au	RES(type=for)	au	
doigt	RES(type=for)	doigt	
,	PC	,	
met	ADP(type=pre)	met	
den	PD(type=d-p,subtype=art,position=prenom)	de	
vinger	NOU-C(number=sg)	vinger	
op	ADP(type=pre)	op	
iemand	PD(type=indef,position=free)	iemand	
wijzen	VRB(finiteness=inf)	wijzen	
;	PC	;	
met	ADP(type=pre)	met	
hem	PD(type=pers,position=free)	hij	
openlijk	AA(degree=pos,position=free)	openlijk	
den	PD(type=d-p,subtype=art,position=prenom)	de	
gek	NOU-C(number=sg)	gek	
steken	VRB(finiteness=inf)	steken	
,	PC	,	



Hij	PD(type=pers,position=free)	hij	
(	PC	(	
droeg	VRB(finiteness=fin,tense=past)	opdragen	mw_83629
)	PC	)	
Murmellius	NOU-P	Murmellius	
op	VRB(finiteness=fin,tense=past)	opdragen	mw_83629
,	PC	,	
hun	PD(type=poss,position=prenom)	hun	
gemeenschappelijken	AA(degree=pos,position=prenom)	gemeenschappelijk	
jongen	AA(degree=pos,position=prenom)	jong	
vriend	NOU-C(number=sg)	vriend	
J.	NOU-P(WF=abbr)	J.	
H.	NOU-P(WF=abbr)	H.	
bij	ADP(type=pre)	bij	
gelegenheid	NOU-C(number=sg)	gelegenheid	
te	ADP(type=pre)	te	
herinneren	VRB(finiteness=inf)	herinneren	
dat	CONJ(type=sub)	dat	
deze	PD(type=d-p,position=free)	deze	
,	PC	,	
uit	ADP(type=pre)	uit	
erkentelijkheid	NOU-C(number=sg)	erkentelijkheid	
voor	ADP(type=pre)	voor	
bijzondere	AA(degree=pos,position=prenom)	bijzonder	
grieksche	AA(degree=pos,position=prenom)	Grieks	
vingerwijzingen	NOU-C(number=pl)	vingerwijzing	
,	PC	,	
hem	PD(type=pers,position=free)	hij	
twee	NUM(type=card,position=prenom,representation=let)	twee	
westfaalsche	AA(degree=pos,position=prenom)	Westfaals	
hammen	NOU-C(number=pl)	ham	
beloofd	VRB(finiteness=pastpart)	beloven	
had	VRB(finiteness=fin,tense=past)	hebben	
,	PC	,	



”	PC	”	
Zou	VRB(finiteness=fin,tense=past)	zullen	
ik	PD(type=pers,position=free)	ik	
het	PD(type=pers,position=free)	het	
wel	ADV(type=reg)	wel	
gehoord	VRB(finiteness=pastpart)	horen	
en	CONJ(type=coor)	en	
zou	VRB(finiteness=fin,tense=past)	zullen	
Caroline	NOU-P	Caroline	
…”	PC	…”	
”	PC	”	
O	INT	o	
misschien	ADV(type=reg)	misschien	
dat	PD(type=d-p,subtype=oth,position=prenom)	dat	
vinkje	NOU-C(number=sg)	vinkje	
van	ADP(type=pre)	van	
den	PD(type=d-p,subtype=art,position=prenom)	de	
heer	NOU-C(number=sg)	heer	
B	NOU-P(WF=abbr)	B.	
.!”,	PC	.!”,	



Viola	NOU-C(number=sg)	viola d'amore	mw_712599
d'amore	NOU-C(number=sg)	viola d'amore	mw_712599
,	PC	,	
een	PD(type=indef,subtype=art,position=prenom)	een	
oudtijds	ADV(type=reg)	oudtijds	
zeer	AA(degree=pos,position=free)	zeer	
geliefd	AA(degree=pos,position=prenom)	geliefd	
strijkinstrument	NOU-C(number=sg)	strijkinstrument	
.	PC	.	
Het	PD(type=pers,position=free)	het	
was	VRB(finiteness=fin,tense=past)	zijn	
doorgaans	ADV(type=reg)	doorgaans	
met	ADP(type=pre)	met	
zes	NUM(type=card,position=prenom,representation=let)	zes	
,	PC	,	
soms	ADV(type=reg)	soms	
ook	ADV(type=reg)	ook	
met	ADP(type=pre)	met	
vijf	NUM(type=card,position=prenom,representation=let)	vijf	
of	CONJ(type=coor)	of	
met	ADP(type=pre)	met	
zeven	NUM(type=card,position=prenom,representation=let)	zeven	
snaren	NOU-C(number=pl)	snaar	
bespannen	VRB(finiteness=pastpart)	bespannen	
,	PC	,	
die	PD(type=d-p,position=free)	die	
in	ADP(type=pre)	in	
den	PD(type=d-p,subtype=art,position=prenom)	de	
drieklank	NOU-C(number=sg)	drieklank	
der	PD(type=d-p,subtype=art,position=prenom)	de	
tonica	NOU-C(number=sg)	tonica	
van	ADP(type=pre)	van	
het	PD(type=d-p,subtype=art,position=prenom)	het	
uit	VRB(finiteness=inf)	uitvoeren	mw_748694
te	ADP(type=pre)	te	
voeren	VRB(finiteness=inf)	uitvoeren	mw_748694
stuk	NOU-C(number=sg)	stuk	
gestemd	VRB(finiteness=pastpart)	stemmen	
werden	VRB(finiteness=fin,tense=past)	worden	
.	PC	.	
Behalvedeze	ADP(type=pre,WF=mis)+PD(type=d-p,subtype=oth,position=prenom,WF=mis)	behalve+deze	
darmsnaren	NOU-C(number=pl)	darmsnaar	
had	VRB(finiteness=fin,tense=past)	hebben	
het	PD(type=d-p,subtype=art,position=prenom)	het	
instrument	NOU-C(number=sg)	instrument	
nog	ADV(type=reg)	nog	
koperen	AA(degree=pos,position=prenom)	koperen	
of	CONJ(type=coor)	of	
stalen	AA(degree=pos,position=prenom)	stalen	
snaren	NOU-C(number=pl)	snaar	
,	PC	,	
die	PD(type=d-p,position=free)	die	
met	ADP(type=pre)	met	
de	PD(type=d-p,subtype=art,position=prenom)	de	
anderen	PD(type=indef,position=free)	ander	
gelijk	AA(degree=pos,position=free)	gelijk	
of	CONJ(type=coor)	of	
een	PD(type=indef,subtype=art,position=prenom)	een	
octaaf	NOU-C(number=sg)	octaaf	
hooger	AA(degree=comp,position=free)	hoog	
gestemd	VRB(finiteness=pastpart)	stemmen	
waren	VRB(finiteness=fin,tense=past)	zijn	
en	CONJ(type=coor)	en	
door	ADP(type=pre)	door	
medetrilling	NOU-C(number=sg)	medetrilling	
den	PD(type=d-p,subtype=art,position=prenom)	de	
klank	NOU-C(number=sg)	klank	
versterkten	VRB(finiteness=fin,tense=past)	versterken	
,	PC	,	



Het	PD(type=d-p,subtype=art,position=prenom)	het	
vel	NOU-C(number=sg)	vel	
eens	PD(type=indef,subtype=art,position=prenom)	een	
diers	NOU-C(number=sg)	dier	
,	PC	,	
omgeslagen	VRB(finiteness=pastpart)	omslaan	
,	PC	,	
en	CONJ(type=coor)	en	
met	ADP(type=pre)	met	
een	PD(type=indef,subtype=art,position=prenom)	een	
doorn	NOU-C(number=sg)	doorn	
,	PC	,	
gesplitst	AA(degree=pos,position=prenom)	splitsen	
hout	NOU-C(number=sg)	hout	
of	CONJ(type=coor)	of	
vischgraat	NOU-C(number=sg)	visgraat	
vastgemaakt	VRB(finiteness=pastpart)	vastmaken	
,	PC	,	
moest	VRB(finiteness=fin,tense=past)	moeten	
…	PC	…	
het	PD(type=d-p,subtype=art,position=prenom)	het	
ongemakkelijkste	AA(degree=sup,position=prenom)	ongemakkelijk	
kleed	NOU-C(number=sg)	kleed	
zijn	VRB(finiteness=inf)	zijn	
…	PC	…	
dat	PD(type=d-p,position=free)	dat	
men	PD(type=pers,position=free)	men	
zich	PD(type=refl,position=free)	zich	
verkiezen	VRB(finiteness=inf)	verkiezen	
kon	VRB(finiteness=fin,tense=past)	kunnen	
,	PC	,	



Als	CONJ(type=sub)	als	
ik	PD(type=pers,position=free)	ik	
het	PD(type=pers,position=free)	het	
indenk	VRB(finiteness=fin,tense=pres)	indenken	
,	PC	,	
weet	VRB(finiteness=fin,tense=pres)	weten	
ik	PD(type=pers,position=free)	ik	
naauwelijks	ADV(type=reg)	nauwelijks	
van	ADV(type=pron)	vanwaar	mw_887719
waar	ADV(type=pron)	vanwaar	mw_887719
my	PD(type=pers,position=free)	ik	
de	PD(type=d-p,subtype=art,position=prenom)	de	
vermetelheid	NOU-C(number=sg)	vermetelheid	
is	VRB(finiteness=fin,tense=pres)	zijn	
aangewaaid	VRB(finiteness=pastpart)	aanwaaien	
om	ADP(type=pre)	om	
hem	PD(type=pers,position=free)	hij	
u	PD(type=pers,position=free)	u	
voor	VRB(finiteness=inf)	voorstellen	mw_418182
te	ADP(type=pre)	te	
stellen	VRB(finiteness=inf)	voorstellen	mw_418182
,	PC	,	



Als	CONJ(type=sub)	als	
hij	PD(type=pers,position=free)	hij	
op	ADP(type=pre)	op	
het	PD(type=d-p,subtype=art,position=prenom)	het	
punt	NOU-C(number=sg)	punt	
was	VRB(finiteness=fin,tense=past)	zijn	
van	ADP(type=pre)	van	
die	PD(type=d-p,subtype=oth,position=prenom)	die	
misdaad	NOU-C(number=sg)	misdaad	
te	ADP(type=pre)	te	
plegen	VRB(finiteness=inf)	plegen	
,	PC	,	
hij	PD(type=pers,position=free)	hij	
beroerde	VRB(finiteness=fin,tense=past)	beroeren	
zoodanig	ADV(type=reg)	zodanig	
dat	CONJ(type=sub)	dat	
hij	PD(type=pers,position=free)	hij	
er	ADV(type=pron)	ervan	mw_214771
van	ADV(type=pron)	ervan	mw_214771
afzag	VRB(finiteness=fin,tense=past)	afzien	
,	PC	,	



De	PD(type=d-p,subtype=art,position=prenom)	de	
administratie	NOU-C(number=sg)	administratie	
van	ADP(type=pre)	van	
dat	PD(type=d-p,subtype=oth,position=prenom)	dat	
fonds	NOU-C(number=sg)	fonds	
(	PC	(	
zal	VRB(finiteness=fin,tense=pres)	zullen	
)	PC	)	
aan	ADP(type=pre)	aan	
het	PD(type=d-p,subtype=art,position=prenom)	het	
hoofd	NOU-C(number=sg)	hoofd	
der	PD(type=d-p,subtype=art,position=prenom)	de	
praauw	NOU-C(number=pl,WF=trunc)+NOU-C(number=pl)	prauwvoerder+tjuniavoerder	mw_509522
-	PC	-	
of	CONJ(type=coor)	of	
tjunia-voerders	NOU-C(number=pl,WF=trunc)+NOU-C(number=pl)	prauwvoerder+tjuniavoerder	mw_509522
worden	VRB(finiteness=inf)	worden	
toebetrouwd	VRB(finiteness=pastpart)	toebetrouwen	
,	PC	,	
mits	CONJ(type=sub)	mits	
hij	PD(type=pers,position=free)	hij	
…	PC	…	
maandelijks	ADV(type=reg)	maandelijks	
behoorlijk	AA(degree=pos,position=free)	behoorlijk	
rekening	NOU-C(number=sg)	rekening	
doe	VRB(finiteness=fin,tense=pres)	doen	
,	PC	,	
en	CONJ(type=coor)	en	
,	PC	,	
des	ADV(type=reg)	des	
gevergd	VRB(finiteness=pastpart)	vergen	
,	PC	,	
de	PD(type=d-p,subtype=art,position=prenom)	de	
kas	NOU-C(number=sg)	kas	
ten	ADP(type=pre)	te	
allen	PD(type=indef,subtype=oth,position=prenom)	al	
tijde	NOU-C(number=sg)	tijd	
laat	VRB(finiteness=fin,tense=pres)	laten	
visiteren	VRB(finiteness=inf)	visiteren	
,	PC	,	



Geen	PD(type=indef,subtype=oth,position=prenom)	geen	
hulp	NOU-C(number=sg)	hulp	
,	PC	,	
die	PD(type=d-p,position=free)	die	
,	PC	,	
sints	ADV(type=reg)	sints	
met	ADP(type=pre)	met	
felle	AA(degree=pos,position=prenom)	fel	
vlagen	NOU-C(number=pl)	vlaag	
De	PD(type=d-p,subtype=art,position=prenom)	de	
jicht	NOU-C(number=sg)	jicht	
hem	PD(type=pers,position=free)	hij	
't	PD(type=d-p,subtype=art,position=prenom)	het	
voos	AA(degree=pos,position=prenom)	voos	
gestel	NOU-C(number=sg)	gestel	
kwam	VRB(finiteness=fin,tense=past)	komen	
plagen	VRB(finiteness=inf)	plagen	
,	PC	,	
De	PD(type=d-p,subtype=art,position=prenom)	de	
lijder	NOU-C(number=sg)	lijder	
niet	ADV(type=reg)	niet	
genoten	VRB(finiteness=pastpart)	genieten	
heeft	VRB(finiteness=fin,tense=pres)	hebben	
,	PC	,	



De	PD(type=d-p,subtype=art,position=prenom)	de	
Vlaamse	AA(degree=pos,position=prenom)	Vlaams	
school	NOU-C(number=sg)	school	
,	PC	,	
gesticht	VRB(finiteness=pastpart)	stichten	
door	ADP(type=pre)	door	
de	PD(type=d-p,subtype=art,position=prenom)	de	
gebroeders	NOU-C(number=pl)	gebroeders	
Van	NOU-P	Van Eyck	mw_220469
Eyck	NOU-P	Van Eyck	mw_220469
in	ADP(type=pre)	in	
de	PD(type=d-p,subtype=art,position=prenom)	de	
15e	NUM(type=ord,position=prenom,representation=mix-dig)	vijftiende	
eeuw	NOU-C(number=sg)	eeuw	
.	PC	.	
De	PD(type=d-p,subtype=art,position=prenom)	de	
grootste	AA(degree=sup,position=prenom)	groot	
meesters	NOU-C(number=pl)	meester	
uit	ADP(type=pre)	uit	
later	AA(degree=comp,position=prenom)	laat	
tijd	NOU-C(number=sg)	tijd	
bloeiden	VRB(finiteness=fin,tense=past)	bloeien	
te	ADP(type=pre)	te	
Antwerpen	NOU-P	Antwerpen	
:	PC	:	
Rubens	NOU-P	Rubens	
,	PC	,	
Van	NOU-P	Van Dyck	mw_543002
Dyck	NOU-P	Van Dyck	mw_543002
,	PC	,	
Jordaens	NOU-P	Jordaens	
,	PC	,	
Teniers	NOU-P	Teniers	
de	PD(type=d-p,subtype=art,position=prenom)	de	
Jonge	AA(degree=pos,position=prenom)	jong	
.	PC	.	
Ze	PD(type=pers,position=free)	zij	
munt	VRB(finiteness=fin,tense=pres)	uitmunten	mw_325442
uit	VRB(finiteness=fin,tense=pres)	uitmunten	mw_325442
door	ADP(type=pre)	door	
koloriet	NOU-C(number=sg)	coloriet	
en	CONJ(type=coor)	en	
navolging	NOU-C(number=sg)	navolging	
der	PD(type=d-p,subtype=art,position=prenom)	de	
natuur	NOU-C(number=sg)	natuur	
,	PC	,	



Vla	NOU-C(number=sg)	vlade	
…,	PC	…,	
zek.	AA(degree=pos,position=prenom,WF=abbr)	zeker	
toespijs	NOU-C(number=sg)	toespijs	
,	PC	,	
dessertspijs	NOU-C(number=sg)	dessertspijs	
(	PC	(	
van	ADP(type=pre)	van	
eijeren	NOU-C(number=pl)	ei	
,	PC	,	
melk	NOU-C(number=sg)	melk	
,	PC	,	
kaneel	NOU-C(number=sg)	kaneel	
.),	PC	.),	



Het	PD(type=d-p,subtype=art,position=prenom)	het	
schot	NOU-C(number=sg)	schot	
had	VRB(finiteness=fin,tense=past)	hebben	
het	PD(type=d-p,subtype=art,position=prenom)	het	
lieve	AA(degree=pos,position=prenom)	lief	
kind	NOU-C(number=sg)	kind	
vlak	AA(degree=pos,position=free)	vlak	
onder	ADP(type=pre)	onder	
het	PD(type=d-p,subtype=art,position=prenom)	het	
hart	NOU-C(number=sg)	hart	
getroffen	VRB(finiteness=pastpart)	treffen	
,	PC	,	



Verre	AA(degree=pos,position=free)	ver	
van	ADP(type=pre)	van	
mij	PD(type=refl,position=free)	mij	
te	ADP(type=pre)	te	
beteren	VRB(finiteness=inf)	beteren	
en	CONJ(type=coor)	en	
mij	PD(type=refl,position=free)	mij	
te	ADP(type=pre)	te	
berouwen	VRB(finiteness=inf)	berouwen	
,	PC	,	
voelde	VRB(finiteness=fin,tense=past)	voelen	
ik	PD(type=pers,position=free)	ik	
,	PC	,	
dat	CONJ(type=sub)	dat	



Háár	PD(type=pers,position=free)	zij	
sierde	VRB(finiteness=fin,tense=past)	opsieren	mw_99908
hy	PD(type=pers,position=free)	hij	
op	VRB(finiteness=fin,tense=past)	opsieren	mw_99908
in	ADP(type=pre)	in	
z'n	PD(type=poss,position=prenom)	zijn	
vlammende	AA(degree=pos,position=prenom)	vlammend	
verbeelding	NOU-C(number=sg)	verbeelding	
…,	PC	…,	
haar	PD(type=pers,position=free)	zij	
't	PD(type=d-p,subtype=art,position=prenom)	het	
meest	NOU-C(number=sg)	meeste	
,	PC	,	



Geheugnis	NOU-C(number=sg)	geheugenis	
slaakte	VRB(finiteness=fin,tense=past)	slaken	
een	PD(type=indef,subtype=art,position=prenom)	een	
dankbren	AA(degree=pos,position=prenom)	dankbaar	
toon	NOU-C(number=sg)	toon	
,	PC	,	
Verrukking	NOU-C(number=sg)	verrukking	
vlechtte	VRB(finiteness=fin,tense=past)	vlechten	
een	PD(type=indef,subtype=art,position=prenom)	een	
eerekroon	NOU-C(number=sg)	erekroon	
,	PC	,	



De	PD(type=d-p,subtype=art,position=prenom)	de	
vlechting	NOU-C(number=sg)	vlechting	
(	PC	(	
Plexus	RES(type=for)	plexus	
)	PC	)	
der	PD(type=d-p,subtype=art,position=prenom)	de	
oorspronkelijke	AA(degree=pos,position=prenom)	oorspronkelijk	
zenuwvezels	NOU-C(number=pl)	zenuwvezel	
uit	ADP(type=pre)	uit	
het	PD(type=d-p,subtype=art,position=prenom)	het	
merg	NOU-C(number=sg)	merg	
,	PC	,	



De	PD(type=d-p,subtype=art,position=prenom)	de	
(	PC	(	
ik	PD(type=pers,position=free)	ik	
mag	VRB(finiteness=fin,tense=pres)	mogen	
wegens	ADP(type=pre)	wegens	
hare	PD(type=poss,position=prenom)	haar	
magerheid	NOU-C(number=sg)	magerheid	
haast	ADV(type=reg)	haast	
niet	ADV(type=reg)	niet	
zeggen	VRB(finiteness=inf)	zeggen	
vleeschelijke	AA(degree=pos,position=prenom)	vleselijk	
,	PC	,	
maar	CONJ(type=coor)	maar	
toch	ADV(type=reg)	toch	
eigene	AA(degree=pos,position=prenom)	eigen	
)	PC	)	
zuster	NOU-C(number=sg)	zuster	
van	ADP(type=pre)	van	
D	NOU-P	D.	
.,	PC	.,	



Aanstonds	ADV(type=reg)	aanstonds	
ving	VRB(finiteness=fin,tense=past)	aanvangen	mw_387747
de	PD(type=d-p,subtype=art,position=prenom)	de	
gastheer	NOU-C(number=sg)	gastheer	
aan	VRB(finiteness=fin,tense=past)	aanvangen	mw_387747
:	PC	:	
”	PC	”	
Vergeef	VRB(finiteness=fin,tense=pres)	vergeven	
het	PD(type=pers,position=free)	het	
dat	CONJ(type=sub)	dat	
gij	PD(type=pers,position=free)	gij	
vleesch	NOU-C(number=sg)	vlees	
ziet	VRB(finiteness=fin,tense=pres)	zien	
staan	VRB(finiteness=inf)	staan	
Ik	PD(type=pers,position=free)	ik	
heb	VRB(finiteness=fin,tense=pres)	hebben	
een	PD(type=indef,subtype=art,position=prenom)	een	
lompen	AA(degree=pos,position=prenom)	lomp	
kok	NOU-C(number=sg)	kok	
in	ADP(type=pre)	in	
huis	NOU-C(number=sg)	huis	
:	PC	:	
De	PD(type=d-p,subtype=art,position=prenom)	de	
Vlegel	NOU-C(number=sg)	vlegel	
heeft	VRB(finiteness=fin,tense=pres)	hebben	
altijd	ADV(type=reg)	altijd	
abuis	NOU-C(number=sg)	abuis	
”,	PC	”,	



De	PD(type=d-p,subtype=art,position=prenom)	de	
slaap	NOU-C(number=sg)	slaap	
daalt	VRB(finiteness=fin,tense=pres)	nederdalen	mw_67857
uit	ADP(type=pre)	uit	
het	PD(type=d-p,subtype=art,position=prenom)	het	
geestenrijk	NOU-C(number=sg)	geestenrijk	
,	PC	,	
Op	ADP(type=pre)	op	
donzen	AA(degree=pos,position=prenom)	donzen	
vlerk	NOU-C(number=sg)	vlerk	
,	PC	,	
bij	ADP(type=pre)	bij	
allen	PD(type=indef,position=free)	al	
neder	VRB(finiteness=fin,tense=pres)	nederdalen	mw_67857
,	PC	,	



(	PC	(	
Zekere	PD(type=indef,subtype=oth,position=prenom)	zeker	
figuur	NOU-C(number=sg)	figuur	
)	PC	)	
vertoont	VRB(finiteness=fin,tense=pres)	vertonen	
het	PD(type=d-p,subtype=art,position=prenom)	het	
hoofd	NOU-C(number=sg)	hoofd	
van	ADP(type=pre)	van	
een	PD(type=indef,subtype=art,position=prenom)	een	
Vaars	NOU-C(number=sg)	vaars	
,	PC	,	
dat	PD(type=d-p,position=free)	dat	
met	ADP(type=pre)	met	
zijn	PD(type=poss,position=prenom)	zijn	
eerste	NUM(type=ord,position=prenom,representation=let)	eerste	
Kalf	NOU-C(number=sg)	kalf	
is	VRB(finiteness=fin,tense=pres)	zijn	
,	PC	,	
als	CONJ(type=sub)	als	
wanneer	CONJ(type=sub)	wanneer	
…	PC	…	
de	PD(type=d-p,subtype=art,position=prenom)	de	
kuif	NOU-C(number=sg)	kuif	
op	ADP(type=pre)	op	
de	PD(type=d-p,subtype=art,position=prenom)	de	
kroon	NOU-C(number=sg)	kroon	
merkelijk	AA(degree=pos,position=free)	merkelijk	
met	ADP(type=pre)	met	
haar	PD(type=pers,position=free)	zij	
begint	VRB(finiteness=fin,tense=pres)	beginnen	
uit	VRB(finiteness=inf)	uitsteken	mw_190127
te	ADP(type=pre)	te	
steken	VRB(finiteness=inf)	uitsteken	mw_190127
,	PC	,	
gelijk	CONJ(type=sub)	gelijk	
ook	ADV(type=reg)	ook	
de	PD(type=d-p,subtype=art,position=prenom)	de	
kol	NOU-C(number=sg)	kol	
of	CONJ(type=coor)	of	
star	NOU-C(number=sg)	ster	
duidelijker	AA(degree=comp,position=prenom)	duidelijk	
vleugt	VRB(finiteness=fin,tense=pres)	vleugen	
,	PC	,	



Naar	ADP(type=pre)	naar	
geld	NOU-C(number=sg)	geld	
te	ADP(type=pre)	te	
jagen	VRB(finiteness=inf)	jagen	
?	PC	?	
neen	ADV(type=reg)	neen	
,	PC	,	
dat	PD(type=d-p,position=free)	dat	
loont	VRB(finiteness=fin,tense=pres)	lonen	
zijn	PD(type=poss,position=prenom)	zijn	
moeite	NOU-C(number=sg)	moeite	
niet	ADV(type=reg)	niet	
.	PC	.	
—	PC	—	
Welaan	INT	welaan	
,	PC	,	
men	PD(type=pers,position=free)	men	
vlieg	VRB(finiteness=fin,tense=pres)	vliegen	
'	PC	'	
naar	ADP(type=pre)	naar	
lof	NOU-C(number=sg)	lof	
!	PC	!	



In	ADP(type=pre)	in	
den	PD(type=d-p,subtype=art,position=prenom)	de	
boezem	NOU-C(number=sg)	boezem	
van	ADP(type=pre)	van	
den	PD(type=d-p,subtype=art,position=prenom)	de	
leerling	NOU-C(number=sg)	leerling	
(	PC	(	
werd	VRB(finiteness=fin,tense=past)	worden	
)	PC	)	
…	PC	…	
strijd	NOU-C(number=sg)	strijd	
gevoerd	VRB(finiteness=pastpart)	voeren	
tusschen	ADP(type=pre)	tussen	
christelijke	AA(degree=pos,position=prenom)	christelijk	
beschouwing	NOU-C(number=sg)	beschouwing	
en	CONJ(type=coor)	en	
hartstochtelijke	AA(degree=pos,position=prenom)	hartstochtelijk	
liefde	NOU-C(number=sg)	liefde	
voor	ADP(type=pre)	voor	
de	PD(type=d-p,subtype=art,position=prenom)	de	
natuur	NOU-C(number=sg)	natuur	
,	PC	,	



De	PD(type=d-p,subtype=art,position=prenom)	de	
Singalezen	NOU-C(number=pl)	Singalees	
,	PC	,	
op	ADP(type=pre)	op	
en	CONJ(type=coor)	en	
achter	ADP(type=pre)	achter	
de	PD(type=d-p,subtype=art,position=prenom)	de	
zware	AA(degree=pos,position=prenom)	zwaar	
en	CONJ(type=coor)	en	
digt	AA(degree=pos,position=free)	dicht	
bebladerde	AA(degree=pos,position=prenom)	bebladerd	
boomen	NOU-C(number=pl)	boom	
verborgen	VRB(finiteness=pastpart)	verbergen	
,	PC	,	
verspreidden	VRB(finiteness=fin,tense=past)	verspreiden	
den	PD(type=d-p,subtype=art,position=prenom)	de	
dood	NOU-C(number=sg)	dood	
alom	ADV(type=reg)	alom	
,	PC	,	
zonder	ADP(type=pre)	zonder	
dat	CONJ(type=sub)	dat	
men	PD(type=pers,position=free)	men	
…	PC	…	
zien	VRB(finiteness=inf)	zien	
konde	VRB(finiteness=fin,tense=past)	kunnen	
van	ADV(type=pron)	vanwaar	mw_588648
waar	ADV(type=pron)	vanwaar	mw_588648
de	PD(type=d-p,subtype=art,position=prenom)	de	
doodelijke	AA(degree=pos,position=prenom)	dodelijk	
schicht	NOU-C(number=sg)	schicht	
vloog	VRB(finiteness=fin,tense=past)	vliegen	
,	PC	,	



't	PD(type=d-p,subtype=art,position=prenom)	het	
Uitzigt	NOU-C(number=sg)	uitzicht	
op	ADP(type=pre)	op	
den	PD(type=d-p,subtype=art,position=prenom)	de	
Delftschen	AA(degree=pos,position=prenom)	Delfts	
vliet	NOU-C(number=sg)	vliet	
,	PC	,	
Wie	PD(type=w-p,position=free)	wie	
het	PD(type=pers,position=free)	het	
plat	AA(degree=pos,position=free)	plat	
of	CONJ(type=coor)	of	
stijf	AA(degree=pos,position=free)	stijf	
mag	VRB(finiteness=fin,tense=pres)	mogen	
noemen	VRB(finiteness=inf)	noemen	
—	PC	—	
Weissenbruch	NOU-P	Weissenbruch	
of	CONJ(type=coor)	of	
Waldorp	NOU-P	Waldorp	
niet	ADV(type=reg)	niet	
,	PC	,	



Gy	PD(type=pers,position=free)	gij	
zult	VRB(finiteness=fin,tense=pres)	zullen	
dezen	PD(type=d-p,subtype=oth,position=prenom)	deze	
zondag	NOU-C(number=sg)	zondag	
nog	ADV(type=reg)	nog	
op	ADP(type=pre)	op	
den	PD(type=d-p,subtype=art,position=prenom)	de	
molen	NOU-C(number=sg)	molen	
blyven	VRB(finiteness=inf)	blijven	
en	CONJ(type=coor)	en	
vlytig	AA(degree=pos,position=free)	vlijtig	
rondzien	VRB(finiteness=inf)	rondzien	



Eer	CONJ(type=sub)	eer	
een	PD(type=indef,subtype=art,position=prenom)	een	
droppel	NOU-C(number=sg)	druppel	
stolt	VRB(finiteness=fin,tense=pres)	stollen	
van	ADP(type=pre)	van	
't	PD(type=d-p,subtype=art,position=prenom)	het	
bloed	NOU-C(number=sg)	bloed	
,	PC	,	
Dat	PD(type=d-p,position=free)	dat	
heden	ADV(type=reg)	heden	
avond	NOU-C(number=sg)	avond	
vloeien	VRB(finiteness=inf)	vloeien	
moet	VRB(finiteness=fin,tense=pres)	moeten	
,	PC	,	
Herziet	VRB(finiteness=fin,tense=pres)	herzien	
ge	PD(type=pers,position=free)	gij	
uw	PD(type=poss,position=prenom)	uw	
dierbaar	AA(degree=pos,position=prenom)	dierbaar	
vaderland	NOU-C(number=sg)	vaderland	
,	PC	,	



(	PC	(	
Beethoven	NOU-P	Beethoven	
)	PC	)	
leefde	VRB(finiteness=fin,tense=past)	leven	
reeds	ADV(type=reg)	reeds	
vroegtijdig	AA(degree=pos,position=free)	vroegtijdig	
op	ADP(type=pre)	op	
een	PD(type=indef,subtype=art,position=prenom)	een	
klein	AA(degree=pos,position=prenom)	klein	
kamertje	NOU-C(number=sg)	kamertje	
voor	ADP(type=pre)	voor	
zich	PD(type=refl,position=free)	zich	
zelve	PD(type=d-p,position=free)	zelf	
en	CONJ(type=coor)	en	
voor	ADP(type=pre)	voor	
de	PD(type=d-p,subtype=art,position=prenom)	de	
kunst	NOU-C(number=sg)	kunst	
…;	PC	…;	
zonder	ADP(type=pre)	zonder	
kennis	NOU-C(number=sg)	kennis	
van	ADP(type=pre)	van	
de	PD(type=d-p,subtype=art,position=prenom)	de	
wereld	NOU-C(number=sg)	wereld	
,	PC	,	
noch	CONJ(type=coor)	noch	
van	ADP(type=pre)	van	
hare	PD(type=poss,position=prenom)	haar	
gebruiken	NOU-C(number=pl)	gebruik	
en	CONJ(type=coor)	en	
vermaken	NOU-C(number=pl)	vermaak	
:	PC	:	
hij	PD(type=pers,position=free)	hij	
leefde	VRB(finiteness=fin,tense=past)	leven	
in	ADP(type=pre)	in	
het	PD(type=d-p,subtype=art,position=prenom)	het	
Rijk	NOU-C(number=sg)	rijk	
der	PD(type=d-p,subtype=art,position=prenom)	de	
toonen	NOU-C(number=pl)	toon	
,	PC	,	



Daar	ADV(type=reg)	daar	
trad	VRB(finiteness=fin,tense=past)	intreden	mw_786595
een	PD(type=indef,subtype=art,position=prenom)	een	
hofbode	NOU-C(number=sg)	hofbode	
in	VRB(finiteness=fin,tense=past)	intreden	mw_786595
,	PC	,	
En	CONJ(type=coor)	en	
riep	VRB(finiteness=fin,tense=past)	roepen	
,	PC	,	
wijl	CONJ(type=sub)	wijl	
aanstonds	ADV(type=reg)	aanstonds	
ieder	PD(type=indef,position=free)	ieder	
zweeg	VRB(finiteness=fin,tense=past)	zwijgen	
:	PC	:	
"	PC	"	
Mijn	PD(type=poss,position=prenom)	mijn	
Heeren	NOU-C(number=pl)	heer	
!	PC	!	
de	PD(type=d-p,subtype=art,position=prenom)	de	
Gravin	NOU-C(number=sg)	gravin	
!"	PC	!"	
—	PC	—	
En	CONJ(type=coor)	en	
daad'lijk	AA(degree=pos,position=free)	dadelijk	
stond	VRB(finiteness=fin,tense=past)	staan	
,	PC	,	
met	ADP(type=pre)	met	
eed'len	AA(degree=pos,position=prenom)	edel	
zwier	NOU-C(number=sg)	zwier	
…,	PC	…,	
De	PD(type=d-p,subtype=art,position=prenom)	de	
aanminnige	AA(degree=pos,position=prenom)	aanminnig	
Vorstin	NOU-C(number=sg)	vorstin	
,	PC	,	
Gedoscht	VRB(finiteness=pastpart)	dossen	
in	ADP(type=pre)	in	
vrolijk	AA(degree=pos,position=prenom)	vrolijk	
jachtgewaad	NOU-C(number=sg)	jachtgewaad	
,	PC	,	
Met	ADP(type=pre)	met	
lachende	AA(degree=pos,position=prenom)	lachend	
oogen	NOU-C(number=pl)	oog	
voor	ADP(type=pre)	voor	
den	PD(type=d-p,subtype=art,position=prenom)	de	
Raad	NOU-C(number=sg)	raad	
,	PC	,	



—	PC	—	
Eén	PD(type=indef,subtype=art,position=prenom)	een	
God	NOU-C(number=sg)	god	
,	PC	,	
ééne	PD(type=indef,subtype=art,position=prenom)	een	
vrouw	NOU-C(number=sg)	vrouw	
,	PC	,	
maar	CONJ(type=coor)	maar	
veel	PD(type=indef,subtype=oth,position=prenom)	veel	
vrienden	NOU-C(number=pl)	vriend	
,	PC	,	



Daar	ADV(type=reg)	daar	
zyn	VRB(finiteness=fin,tense=pres)	zijn	
,	PC	,	
de	PD(type=d-p,subtype=art,position=prenom)	de	
wereld	NOU-C(number=sg)	wereld	
rond	ADP(type=post)	rond	
,	PC	,	
't	PD(type=pers,position=free)	het	
is	VRB(finiteness=fin,tense=pres)	zijn	
waar	AA(degree=pos,position=free)	waar	
,	PC	,	
veel	PD(type=indef,subtype=oth,position=prenom)	veel	
menschen	NOU-C(number=pl)	mens	
,	PC	,	
slecht	AA(degree=pos,position=free)	slecht	
getrouwd	AA(degree=pos,position=free)	getrouwd	
,	PC	,	
lyk	CONJ(type=sub)	lijk	
water	NOU-C(number=sg)	water	
en	CONJ(type=coor)	en	
lyk	CONJ(type=sub)	lijk	
vier	NUM(type=card,position=free,representation=let)	vier	
te	ADV(type=reg)	te	
gaar	AA(degree=pos,position=free)	gaar	
,	PC	,	
gemand	VRB(finiteness=pastpart)	mannen	
ofwel	CONJ(type=coor)	ofwel	
gevrouwd	VRB(finiteness=pastpart)	vrouwen	
,	PC	,	



Een	PD(type=indef,subtype=art,position=prenom)	een	
woordeken	NOU-C(number=sg)	woordje	
ten	ADP(type=pre)+PD(type=d-p,subtype=art,position=prenom)	te+het	
beste	NOU-C(number=sg)	best	
spreken	VRB(finiteness=inf)	spreken	
(	PC	(	
of	CONJ(type=coor)	of	
doen	VRB(finiteness=inf)	doen	
)	PC	)	
voor	ADP(type=pre)	voor	
iemand	PD(type=indef,position=free)	iemand	
,	PC	,	
gewoon	AA(degree=pos,position=free)	gewoon	
in	ADP(type=pre)	in	
Zuid-Nederland	NOU-P	Zuid-Nederland	



Het	PD(type=d-p,subtype=art,position=prenom)	het	
geld	NOU-C(number=sg)	geld	
heeft	VRB(finiteness=fin,tense=pres)	hebben	
voor	ADP(type=pre)	voor	
my	PD(type=pers,position=free)	ik	
geene	PD(type=indef,subtype=oth,position=prenom)	geen	
weerde	NOU-C(number=sg)	waarde	
dan	CONJ(type=coor)	dan	
voor	ADP(type=pre)	voor	
zooveel	CONJ(type=sub)	zoveel	
het	PD(type=pers,position=free)	het	
de	PD(type=d-p,subtype=art,position=prenom)	de	
vrucht	NOU-C(number=sg)	vrucht	
van	ADP(type=pre)	van	
mynen	PD(type=poss,position=prenom)	mijn	
arbeid	NOU-C(number=sg)	arbeid	
zy	VRB(finiteness=fin,tense=pres)	zijn	
,	PC	,	



Ik	PD(type=pers,position=free)	ik	
zwijg	VRB(finiteness=fin,tense=pres)	zwijgen	
,	PC	,	
ik	PD(type=pers,position=free)	ik	
andwoord	VRB(finiteness=fin,tense=pres)	antwoorden	
nooit	ADV(type=reg)	nooit	
op	ADP(type=pre)	op	
vuige	AA(degree=pos,position=prenom)	vuig	
lastertaal	NOU-C(number=sg)	lastertaal	
,	PC	,	



Als	CONJ(type=sub)	als	
't	PD(type=pers,position=free)	het	
op	ADP(type=pre)	op	
stuk	NOU-C(number=sg)	stuk	
van	ADP(type=pre)	van	
zaken	NOU-C(number=pl)	zaak	
aankomt	VRB(finiteness=fin,tense=pres)	aankomen	
,	PC	,	
wil	VRB(finiteness=fin,tense=pres)	willen	
niemand	PD(type=indef,position=free)	niemand	
de	PD(type=d-p,subtype=art,position=prenom)	de	
kat	NOU-C(number=sg)	kat	
de	PD(type=d-p,subtype=art,position=prenom)	de	
bel	NOU-C(number=sg)	bel	
aanbinden	VRB(finiteness=inf)	aanbinden	
,	PC	,	
en	CONJ(type=coor)	en	
tracht	VRB(finiteness=fin,tense=pres)	trachten	
met	ADP(type=pre)	met	
andermans	PD(type=indef,subtype=oth,position=prenom)	anderman	
handen	NOU-C(number=pl)	hand	
de	PD(type=d-p,subtype=art,position=prenom)	de	
kastanjes	NOU-C(number=pl)	kastanje	
uit	ADP(type=pre)	uit	
het	PD(type=d-p,subtype=art,position=prenom)	het	
vuur	NOU-C(number=sg)	vuur	
te	ADP(type=pre)	te	
halen	VRB(finiteness=inf)	halen	
,	PC	,	



—	PC	—	
Om	ADP(type=pre)	om	
met	ADP(type=pre)	met	
de	PD(type=d-p,subtype=art,position=prenom)	de	
wage	NOU-C(number=sg)	waag	
iets	PD(type=indef,position=free)	iets	
te	ADP(type=pre)	te	
heffen	VRB(finiteness=inf)	heffen	
of	CONJ(type=coor)	of	
te	ADP(type=pre)	te	
verporren	VRB(finiteness=inf)	verporren	
,	PC	,	
stelt	VRB(finiteness=fin,tense=pres)	stellen	
men	PD(type=pers,position=free)	men	
er	ADV(type=pron)	eronder	mw_696523
een	PD(type=indef,subtype=art,position=prenom)	een	
stuk	NOU-C(number=sg)	stuk	
hout	NOU-C(number=sg)	hout	
of	CONJ(type=coor)	of	
ander	PD(type=indef,subtype=oth,position=prenom)	ander	
vast	AA(degree=pos,position=prenom)	vast	
steunpunt	NOU-C(number=sg)	steunpunt	
onder	ADV(type=pron)	eronder	mw_696523
,	PC	,	
waar	ADV(type=pron)	waarop	mw_479
de	PD(type=d-p,subtype=art,position=prenom)	de	
wage	NOU-C(number=sg)	waag	
op	ADV(type=pron)	waarop	mw_479
rust	VRB(finiteness=fin,tense=pres)	rusten	
gelijk	CONJ(type=sub)	gelijk	
een	PD(type=indef,subtype=art,position=prenom)	een	
wiphout	NOU-C(number=sg)	wiphout	
,	PC	,	



Sluiten	VRB(finiteness=fin,tense=pres)	sluiten	
wij	PD(type=pers,position=free)	wij	
slechts	ADV(type=reg)	slechts	
't	PD(type=d-p,subtype=art,position=prenom)	het	
vleeschlijk	AA(degree=pos,position=prenom)	vleselijk	
oog	NOU-C(number=sg)	oog	
,	PC	,	
't	PD(type=d-p,subtype=art,position=prenom)	het	
Ware	AA(degree=pos,position=prenom)	waar	
leven	NOU-C(number=sg)	leven	
is	VRB(finiteness=fin,tense=pres)	zijn	
omhoog	ADV(type=reg)	omhoog	
,	PC	,	



Het	PD(type=pers,position=free)	het	
gaat	VRB(finiteness=fin,tense=pres)	aangaan	mw_809558
…	PC	…	
niet	ADV(type=reg)	niet	
aan	VRB(finiteness=fin,tense=pres)	aangaan	mw_809558
,	PC	,	
dat	CONJ(type=sub)	dat	
eene	PD(type=indef,subtype=art,position=prenom)	een	
partij	NOU-C(number=sg)	partij	
van	ADP(type=pre)	van	
zijne	PD(type=poss,position=prenom)	zijn	
verplichtingen	NOU-C(number=pl)	verplichting	
moet	VRB(finiteness=fin,tense=pres)	moeten	
worden	VRB(finiteness=inf)	worden	
geacht	VRB(finiteness=pastpart)	achten	
ontslagen	VRB(finiteness=pastpart)	ontslaan	
te	ADP(type=pre)	te	
zijn	VRB(finiteness=inf)	zijn	
,	PC	,	
op	ADP(type=pre)	op	
grond	NOU-C(number=sg)	grond	
,	PC	,	
dat	CONJ(type=sub)	dat	
hij	PD(type=pers,position=free)	hij	
vermeent	VRB(finiteness=fin,tense=pres)	vermenen	
niet	ADV(type=reg)	niet	
voldoende	AA(degree=pos,position=free)	voldoende	
gewaarborgd	AA(degree=pos,position=free)	gewaarborgd	
te	ADP(type=pre)	te	
zijn	VRB(finiteness=inf)	zijn	
,	PC	,	
dat	CONJ(type=sub)	dat	
zijn	PD(type=poss,position=prenom)	zijn	
mede-contractant	NOU-C(number=sg)	medecontractant	
de	PD(type=d-p,subtype=art,position=prenom)	de	
zijne	NOU-C(number=sg)	zijne	
niet	ADV(type=reg)	niet	
geheel	AA(degree=pos,position=free)	geheel	
zal	VRB(finiteness=fin,tense=pres)	zullen	
naleven	VRB(finiteness=inf)	naleven	
,	PC	,	



Soms	ADV(type=reg)	soms	
zijn	VRB(finiteness=fin,tense=pres)	zijn	
ze	PD(type=pers,position=free)	zij	
niet	ADV(type=reg)	niet	
tevreden	AA(degree=pos,position=free)	tevreden	
met	ADP(type=pre)	met	
kopieeren	NOU-C(number=sg)	kopiëren	
,	PC	,	
maar	CONJ(type=coor)	maar	
meenen	VRB(finiteness=fin,tense=pres)	menen	
ze	PD(type=pers,position=free)	zij	
hun	PD(type=poss,position=prenom)	hun	
werk	NOU-C(number=sg)	werk	
in	ADP(type=pre)	in	
waarde	NOU-C(number=sg)	waarde	
en	CONJ(type=coor)	en	
zedelijkheid	NOU-C(number=sg)	zedelijkheid	
te	ADP(type=pre)	te	
doen	VRB(finiteness=inf)	doen	
toenemen	VRB(finiteness=inf)	toenemen	
door	ADP(type=pre)	door	
de	PD(type=d-p,subtype=art,position=prenom)	de	
verklaring	NOU-C(number=sg)	verklaring	
,	PC	,	
dat	CONJ(type=sub)	dat	
hetgeen	PD(type=d-p,position=free)	hetgeen	
ze	PD(type=pers,position=free)	zij	
mededeelen	VRB(finiteness=fin,tense=pres)	mededelen	
de	PD(type=d-p,subtype=art,position=prenom)	de	
werkelijkheid	NOU-C(number=sg)	werkelijkheid	
zelve	PD(type=d-p,position=postnom)	zelf	
is	VRB(finiteness=fin,tense=pres)	zijn	
,	PC	,	



Hoeveel	PD(type=indef,subtype=oth,position=prenom)	hoeveel	
vlijt	NOU-C(number=sg)	vlijt	
en	CONJ(type=coor)	en	
zorg	NOU-C(number=sg)	zorg	
aan	ADP(type=pre)	aan	
het	PD(type=d-p,subtype=art,position=prenom)	het	
zamenstellen	NOU-C(number=sg)	samenstellen	
dezer	PD(type=d-p,subtype=oth,position=prenom)	deze	
geschiedenis	NOU-C(number=sg)	geschiedenis	
was	VRB(finiteness=fin,tense=past)	zijn	
besteed	VRB(finiteness=pastpart)	besteden	
,	PC	,	



Het	PD(type=pers,position=free)	het	
is	VRB(finiteness=fin,tense=pres)	zijn	
buiten	ADP(type=pre)	buiten	
twijfel	NOU-C(number=sg)	twijfel	
,	PC	,	
dat	CONJ(type=sub)	dat	
bijtende	AA(degree=pos,position=prenom)	bijtend	
zuren	NOU-C(number=pl)	zuur	
,	PC	,	
waaronder	ADV(type=pron)	waaronder	
men	PD(type=pers,position=free)	men	
de	PD(type=d-p,subtype=art,position=prenom)	de	
verzuurde	AA(degree=pos,position=prenom)	verzuurd	
wijn	NOU-C(number=sg)	wijn	
of	CONJ(type=coor)	of	
scherpe	AA(degree=pos,position=prenom)	scherp	
azijn	NOU-C(number=sg)	azijn	
inzonderheid	ADV(type=reg)	inzonderheid	
tellen	VRB(finiteness=inf)	tellen	
mag	VRB(finiteness=fin,tense=pres)	mogen	
,	PC	,	
voor	ADP(type=pre)	voor	
de	PD(type=d-p,subtype=art,position=prenom)	de	
tanden	NOU-C(number=pl)	tand	
zeer	AA(degree=pos,position=free)	zeer	
nadeelig	AA(degree=pos,position=free)	nadelig	
zijn	VRB(finiteness=inf)	zijn	
,	PC	,	



Het	PD(type=pers,position=free)	het	
was	VRB(finiteness=fin,tense=past)	zijn	
een	PD(type=indef,subtype=art,position=prenom)	een	
gansch	AA(degree=pos,position=free)	gans	
andere	PD(type=indef,subtype=oth,position=prenom)	ander	
staf	NOU-C(number=sg)	staf	
dan	CONJ(type=coor)	dan	
waarover	ADV(type=pron)	waarover	
hij	PD(type=pers,position=free)	hij	
vroeger	AA(degree=comp,position=free)	vroeg	
te	ADP(type=pre)	te	
beschikken	VRB(finiteness=inf)	beschikken	
had	VRB(finiteness=fin,tense=past)	hebben	
,	PC	,	



Die	PD(type=d-p,subtype=oth,position=prenom)	die	
bevreemding	NOU-C(number=sg)	bevreemding	
zal	VRB(finiteness=fin,tense=pres)	zullen	
moeten	VRB(finiteness=inf)	moeten	
verminderen	VRB(finiteness=inf)	verminderen	
,	PC	,	
wanneer	CONJ(type=sub)	wanneer	
men	PD(type=pers,position=free)	men	
het	PD(type=pers,position=free)	het	
waarschijnlijk	AA(degree=pos,position=free)	waarschijnlijk	
kan	VRB(finiteness=fin,tense=pres)	kunnen	
maken	VRB(finiteness=inf)	maken	
,	PC	,	
dat	CONJ(type=sub)	dat	
de	PD(type=d-p,subtype=art,position=prenom)	de	
oorsprong	NOU-C(number=sg)	oorsprong	
der	PD(type=d-p,subtype=art,position=prenom)	de	
Grieksche	AA(degree=pos,position=prenom)	Grieks	
μαντεια	RES(type=for)	manteia	
niet	ADV(type=reg)	niet	
in	ADP(type=pre)	in	
eene	PD(type=indef,subtype=art,position=prenom)	een	
nieuwsgierigheid	NOU-C(number=sg)	nieuwsgierigheid	
naar	ADP(type=pre)	naar	
de	PD(type=d-p,subtype=art,position=prenom)	de	
toekomst	NOU-C(number=sg)	toekomst	
lag	VRB(finiteness=fin,tense=past)	liggen	
,	PC	,	



Ééne	NUM(type=card,position=prenom,representation=let)	een	
waarschuwing	NOU-C(number=sg)	waarschuwing	
,	PC	,	
of	CONJ(type=sub)	of	
ik	PD(type=pers,position=free)	ik	
uw	PD(type=poss,position=prenom)	uw	
vader	NOU-C(number=sg)	vader	
ware	VRB(finiteness=fin,tense=past)	zijn	
!	PC	!	
Gij	PD(type=pers,position=free)	gij	
kiest	VRB(finiteness=fin,tense=pres)	kiezen	
de	PD(type=d-p,subtype=art,position=prenom)	de	
baan	NOU-C(number=sg)	baan	
der	PD(type=d-p,subtype=art,position=prenom)	de	
kunst	NOU-C(number=sg)	kunst	
!	PC	!	
—	PC	—	
weet	VRB(finiteness=fin,tense=pres)	weten	
gij	PD(type=pers,position=free)	gij	
,	PC	,	
hoe	ADV(type=reg)	hoe	
glibberig	AA(degree=pos,position=free)	glibberig	
zij	PD(type=pers,position=free)	zij	
is	VRB(finiteness=fin,tense=pres)	zijn	
?	PC	?	



Indien	CONJ(type=sub)	indien	
men	PD(type=pers,position=free)	men	
zeer	AA(degree=pos,position=free)	zeer	
scherp	AA(degree=pos,position=free)	scherp	
hadde	VRB(finiteness=fin,tense=past)	hebben	
toegezien	VRB(finiteness=pastpart)	toezien	
,	PC	,	
zou	VRB(finiteness=fin,tense=past)	zullen	
men	PD(type=pers,position=free)	men	
…	PC	…	
een	PD(type=indef,subtype=art,position=prenom)	een	
waas	NOU-C(number=sg)	waas	
van	ADP(type=pre)	van	
ontroering	NOU-C(number=sg)	ontroering	
op	ADP(type=pre)	op	
het	PD(type=d-p,subtype=art,position=prenom)	het	
gelaat	NOU-C(number=sg)	gelaat	
der	PD(type=d-p,subtype=art,position=prenom)	de	
gravin	NOU-C(number=sg)	gravin	
bespeurd	VRB(finiteness=pastpart)	bespeuren	
hebben	VRB(finiteness=inf)	hebben	
,	PC	,	
doch	CONJ(type=coor)	doch	
dit	PD(type=d-p,subtype=oth,position=prenom)	dit	
alles	PD(type=indef,position=free)	alles	
was	VRB(finiteness=fin,tense=past)	zijn	
zóó	ADV(type=reg)	zo	
vluchtig	AA(degree=pos,position=free)	vluchtig	
,	PC	,	
dat	CONJ(type=sub)	dat	
men	PD(type=pers,position=free)	men	
een	PD(type=indef,subtype=art,position=prenom)	een	
oogenblik	NOU-C(number=sg)	ogenblik	
daarna	ADV(type=pron)	daarna	
vermeende	VRB(finiteness=fin,tense=past)	vermenen	
gedwaald	VRB(finiteness=pastpart)	dwalen	
te	ADP(type=pre)	te	
hebben	VRB(finiteness=inf)	hebben	
,	PC	,	



De	PD(type=d-p,subtype=art,position=prenom)	de	
wagenaars	NOU-C(number=pl)	wagenaar	
zaten	VRB(finiteness=fin,tense=past)	zitten	
…	PC	…	
op	ADP(type=pre)	op	
de	PD(type=d-p,subtype=art,position=prenom)	de	
bokken	NOU-C(number=pl)	bok	
van	ADP(type=pre)	van	
hunne	PD(type=poss,position=prenom)	hun	
rijtuigen	NOU-C(number=pl)	rijtuig	
,	PC	,	



K.	NOU-P(WF=abbr)	K.	
greep	VRB(finiteness=fin,tense=past)	grijpen	
het	PD(type=d-p,subtype=art,position=prenom)	het	
papier	NOU-C(number=sg)	papier	
met	ADP(type=pre)	met	
waggelende	AA(degree=pos,position=prenom)	waggelend	
handen	NOU-C(number=pl)	hand	
,	PC	,	
bestaerde	VRB(finiteness=fin,tense=past)	bestaren	
het	PD(type=pers,position=free)	het	
en	CONJ(type=coor)	en	
slaekte	VRB(finiteness=fin,tense=past)	slaken	
eenen	PD(type=indef,subtype=art,position=prenom)	een	
zegevierenden	AA(degree=pos,position=prenom)	zegevierend	
schreeuw	NOU-C(number=sg)	schreeuw	
,	PC	,	
wyl	CONJ(type=sub)	wijl	
hy	PD(type=pers,position=free)	hij	
zyn	PD(type=poss,position=prenom)	zijn	
noodlottig	AA(degree=pos,position=prenom)	noodlottig	
handteeken	NOU-C(number=sg)	handteken	
eraf	ADV(type=pron)	eraf	
scheurde	VRB(finiteness=fin,tense=past)	scheuren	
,	PC	,	



Wel	ADV(type=reg)	wel	
had	VRB(finiteness=fin,tense=past)	hebben	
men	PD(type=pers,position=free)	men	
met	ADP(type=pre)	met	
wijkwast	NOU-C(number=sg)	wijkwast	
en	CONJ(type=coor)	en	
ban	NOU-C(number=sg)	ban	
Hem	PD(type=pers,position=free)	hij	
vaak	ADV(type=reg)	vaak	
al	ADV(type=reg)	al	
op	ADP(type=pre)	op	
't	PD(type=d-p,subtype=art,position=prenom)	het	
wambuis	NOU-C(number=sg)	wambuis	
gezeten	VRB(finiteness=pastpart)	zitten	
,	PC	,	



Schrikkelijke	AA(degree=pos,position=prenom)	schrikkelijk	
herinneringen	NOU-C(number=pl)	herinnering	
zijn	VRB(finiteness=fin,tense=pres)	zijn	
noodig	AA(degree=pos,position=free)	nodig	
opdat	CONJ(type=sub)	opdat	
wij	PD(type=pers,position=free)	wij	
het	PD(type=pers,position=free)	het	
niet	ADV(type=reg)	niet	
vergeten	VRB(finiteness=fin,tense=pres)	vergeten	
,	PC	,	
opdat	CONJ(type=sub)	opdat	
wij	PD(type=pers,position=free)	wij	
niet	ADV(type=reg)	niet	
handelen	VRB(finiteness=fin,tense=pres)	handelen	
of	CONJ(type=coor)	of	
wandelen	VRB(finiteness=fin,tense=pres)	wandelen	
alsof	CONJ(type=sub)	alsof	
wij	PD(type=pers,position=free)	wij	
het	PD(type=pers,position=free)	het	
vergaten	VRB(finiteness=fin,tense=past)	vergeten	
;	PC	;	
in	ADP(type=pre)	in	
het	PD(type=d-p,subtype=art,position=prenom)	het	
vleesch	NOU-C(number=sg)	vlees	
betrouwende	VRB(finiteness=prespart)	betrouwen	
,	PC	,	
en	CONJ(type=coor)	en	
zooveel	PD(type=indef,position=free)	zoveel	
hechtende	VRB(finiteness=prespart)	hechten	
aan	ADP(type=pre)	aan	
het	PD(type=d-p,subtype=art,position=prenom)	het	
vergankelijk	AA(degree=pos,position=prenom)	vergankelijk	
goed	NOU-C(number=sg)	goed	
,	PC	,	



Alleen	AA(degree=pos,position=free)	alleen	
vrij	AA(degree=pos,position=free)	vrij	
te	ADP(type=pre)	te	
wezen	VRB(finiteness=inf)	wezen	
te	ADP(type=pre)	te	
midden	NOU-C(number=sg)	midden	
van	ADP(type=pre)	van	
overheerde	AA(degree=pos,position=prenom)	overheerd	
en	CONJ(type=coor)	en	
slecht	AA(degree=pos,position=free)	slecht	
bestuurde	AA(degree=pos,position=prenom)	bestuurd	
rijken	NOU-C(number=pl)	rijk	
,	PC	,	
scheen	VRB(finiteness=fin,tense=past)	schijnen	
het	PD(type=d-p,subtype=art,position=prenom)	het	
hoogste	AA(degree=sup,position=prenom)	hoog	
goed	NOU-C(number=sg)	goed	
,	PC	,	



Ieder	PD(type=indef,position=free)	ieder	
heeft	VRB(finiteness=fin,tense=pres)	hebben	
de	PD(type=d-p,subtype=art,position=prenom)	de	
kleur	NOU-C(number=sg)	kleur	
der	PD(type=d-p,subtype=art,position=prenom)	de	
blijdschap	NOU-C(number=sg)	blijdschap	
op	ADP(type=pre)	op	
de	PD(type=d-p,subtype=art,position=prenom)	de	
wangen	NOU-C(number=pl)	wang	
,	PC	,	



Dat	CONJ(type=sub)	dat	
zij	PD(type=pers,position=free)	zij	
…	PC	…	
ernstiger	AA(degree=comp,position=free)	ernstig	
dan	CONJ(type=coor)	dan	
ooit	ADV(type=reg)	ooit	
voornam	VRB(finiteness=fin,tense=past)	voornemen	
hare	PD(type=poss,position=prenom)	haar	
lichtzinnigheid	NOU-C(number=sg)	lichtzinnigheid	
te	ADP(type=pre)	te	
bestrijden	VRB(finiteness=inf)	bestrijden	
…	PC	…	
en	CONJ(type=coor)	en	
voor	ADP(type=pre)	voor	
haar	PD(type=poss,position=prenom)	haar	
wankel	AA(degree=pos,position=prenom)	wankel	
hart	NOU-C(number=sg)	hart	
steun	NOU-C(number=sg)	steun	
te	ADP(type=pre)	te	
zoeken	VRB(finiteness=inf)	zoeken	
bij	ADP(type=pre)	bij	
hem	PD(type=pers,position=free)	hij	
,	PC	,	
dien	PD(type=d-p,position=free)	die	
zij	PD(type=pers,position=free)	zij	
voor	ADP(type=pre)	voor	
het	PD(type=d-p,subtype=art,position=prenom)	het	
altaar	NOU-C(number=sg)	altaar	
liefde	NOU-C(number=sg)	liefde	
en	CONJ(type=coor)	en	
trouw	NOU-C(number=sg)	trouw	
beloofd	VRB(finiteness=pastpart)	beloven	
had	VRB(finiteness=fin,tense=past)	hebben	
,	PC	,	



Wantsen	NOU-C(number=pl)	wants	
.	PC	.	
Deze	PD(type=d-p,subtype=oth,position=prenom)	deze	
insecten	NOU-C(number=pl)	insect	
maken	VRB(finiteness=fin,tense=pres)	uitmaken	mw_616902
met	ADP(type=pre)	met	
de	PD(type=d-p,subtype=art,position=prenom)	de	
Cicaden	NOU-C(number=pl)	cicade	
,	PC	,	
plant	NOU-C(number=pl,WF=trunc)+NOU-C(number=pl)	plantluis+schildluis	mw_597733
-	PC	-	
en	CONJ(type=coor)	en	
schildluizen	NOU-C(number=pl,WF=trunc)+NOU-C(number=pl)	plantluis+schildluis	mw_597733
de	PD(type=d-p,subtype=art,position=prenom)	de	
orde	NOU-C(number=sg)	orde	
der	PD(type=d-p,subtype=art,position=prenom)	de	
Hemiptera	NOU-C(number=pl)	hemiptera	
of	CONJ(type=coor)	of	
Halfvleugeligen	NOU-C(number=pl)	halfvleugelige	
uit	VRB(finiteness=fin,tense=pres)	uitmaken	mw_616902
.	PC	.	
Hunne	PD(type=poss,position=prenom)	hun	
bovenvleugels	NOU-C(number=pl)	bovenvleugel	
zijn	VRB(finiteness=fin,tense=pres)	zijn	
half	AA(degree=pos,position=free)	half	
lederachtig	AA(degree=pos,position=free)	lederachtig	
,	PC	,	
half	AA(degree=pos,position=free)	half	
vliezig	AA(degree=pos,position=free)	vliezig	
,	PC	,	
hunne	PD(type=poss,position=prenom)	hun	
ondervleugels	NOU-C(number=pl)	ondervleugel	
geheel	AA(degree=pos,position=free)	geheel	
vliezig	AA(degree=pos,position=free)	vliezig	
;	PC	;	
sommige	PD(type=indef,subtype=oth,position=prenom)	sommig	
soorten	NOU-C(number=pl)	soort	
hebben	VRB(finiteness=fin,tense=pres)	hebben	
echter	ADV(type=reg)	echter	
in	ADP(type=pre)	in	
het	PD(type=d-p,subtype=art,position=prenom)	het	
geheel	NOU-C(number=sg)	geheel	
geene	PD(type=indef,subtype=oth,position=prenom)	geen	
vleugels	NOU-C(number=pl)	vleugel	



—	PC	—	
Besluit	NOU-C(number=sg)	besluit	
,	PC	,	
houdende	VRB(finiteness=prespart)	houden	
organisatie	NOU-C(number=sg)	organisatie	
,	PC	,	
en	CONJ(type=coor)	en	
bepalingen	NOU-C(number=pl)	bepaling	
der	PD(type=d-p,subtype=art,position=prenom)	de	
traktementen	NOU-C(number=pl)	traktement	
en	CONJ(type=coor)	en	
soldijen	NOU-C(number=pl)	soldij	
voor	ADP(type=pre)	voor	
alle	PD(type=indef,position=free)	al	
de	PD(type=d-p,subtype=art,position=prenom)	de	
wapens	NOU-C(number=pl)	wapen	
der	PD(type=d-p,subtype=art,position=prenom)	de	
armee	NOU-C(number=sg)	armee	
van	ADP(type=pre)	van	
den	PD(type=d-p,subtype=art,position=prenom)	de	
Staat	NOU-C(number=sg)	staat	
,	PC	,	



Het	PD(type=d-p,subtype=art,position=prenom)	het	
…	PC	…	
drijf	NOU-C(number=sg,WF=trunc)+NOU-C(number=sg)	drijfroer+blaasroer	mw_974234
-	PC	-	
of	CONJ(type=coor)	of	
blaasroer	NOU-C(number=sg,WF=trunc)+NOU-C(number=sg)	drijfroer+blaasroer	mw_974234
…	PC	…	
is	VRB(finiteness=fin,tense=pres)	zijn	
veeltijds	ADV(type=reg)	veeltijds	
voorzien	AA(degree=pos,position=free)	voorzien	
van	ADP(type=pre)	van	
een	PD(type=indef,subtype=art,position=prenom)	een	
vizier	NOU-C(number=sg)	vizier	
of	CONJ(type=coor)	of	
mik	NOU-C(number=sg)	mik	
-	PC	-	
en	CONJ(type=coor)	en	
altijd	ADV(type=reg)	altijd	
van	ADP(type=pre)	van	
eene	PD(type=indef,subtype=art,position=prenom)	een	
lans-punt	NOU-C(number=sg)	lanspunt	
.	PC	.	
Dit	PD(type=d-p,subtype=oth,position=prenom)	dit	
wapen	NOU-C(number=sg)	wapen	
…	PC	…	
is	VRB(finiteness=fin,tense=pres)	zijn	
van	ADP(type=pre)	van	
hunnen	PD(type=poss,position=prenom)	hun	
persoon	NOU-C(number=sg)	persoon	
even	AA(degree=pos,position=free)	even	
onafscheidelijk	AA(degree=pos,position=free)	onafscheidelijk	
als	CONJ(type=sub)	als	
het	PD(type=d-p,subtype=art,position=prenom)	het	
korte	AA(degree=pos,position=prenom)	kort	
zwaard	NOU-C(number=sg)	zwaard	
,	PC	,	



Ik	PD(type=pers,position=free)	ik	
hoop	VRB(finiteness=fin,tense=pres)	hopen	
niet	ADV(type=reg)	niet	
te	ADP(type=pre)	te	
worden	VRB(finiteness=inf)	worden	
misverstaan	VRB(finiteness=pastpart)	misverstaan	
,	PC	,	
en	CONJ(type=coor)	en	
dit	PD(type=d-p,position=free)	dit	
zou	VRB(finiteness=fin,tense=past)	zullen	
zeker	AA(degree=pos,position=free)	zeker	
het	PD(type=d-p,subtype=art,position=prenom)	het	
geval	NOU-C(number=sg)	geval	
zijn	VRB(finiteness=inf)	zijn	
,	PC	,	
wanneer	CONJ(type=sub)	wanneer	
men	PD(type=pers,position=free)	men	
het	PD(type=d-p,subtype=art,position=prenom)	het	
voorgaande	NOU-C(number=sg)	voorgaande	
aanmerkte	VRB(finiteness=fin,tense=past)	aanmerken	
als	CONJ(type=sub)	als	
eene	PD(type=indef,subtype=art,position=prenom)	een	
soort	NOU-C(number=sg)	soort	
van	ADP(type=pre)	van	
wapenkreet	NOU-C(number=sg)	wapenkreet	
tegen	ADP(type=pre)	tegen	
het	PD(type=d-p,subtype=art,position=prenom)	het	
nieuwe	AA(degree=pos,position=prenom)	nieuw	
gouvernement	NOU-C(number=sg)	gouvernement	
,	PC	,	



Heeft	VRB(finiteness=fin,tense=pres)	hebben	
ook	ADV(type=reg)	ook	
meneer	NOU-C(number=sg)	mijnheer	
nog	ADV(type=reg)	nog	
buiten	ADP(type=pre)	buiten	
dat	PD(type=d-p,position=free)	dat	
iets	PD(type=indef,position=free)	iets	
noodig	AA(degree=pos,position=free)	nodig	
?	PC	?	
Verlang	VRB(finiteness=fin,tense=pres)	verlangen	
je	PD(type=pers,position=free)	jij	
't	PD(type=d-p,subtype=art,position=prenom)	het	
bed	NOU-C(number=sg)	bed	
gewarmd	VRB(finiteness=pastpart)	warmen	
?	PC	?	



De	PD(type=d-p,subtype=art,position=prenom)	de	
heer	NOU-C(number=sg)	heer	
Masson	NOU-P	Masson	
,	PC	,	
eerste	NUM(type=ord,position=prenom,representation=let)	eerste	
hovenier	NOU-C(number=sg)	hovenier	
en	CONJ(type=coor)	en	
warmoezenier	NOU-C(number=sg)	warmoezenier	
der	PD(type=d-p,subtype=art,position=prenom)	de	
algemeene	AA(degree=pos,position=prenom)	algemeen	
maatschappij	NOU-C(number=sg)	maatschappij	
van	ADP(type=pre)	van	
tuinbouw	NOU-C(number=sg)	tuinbouw	
in	ADP(type=pre)	in	
Frankrijk	NOU-P	Frankrijk	
,	PC	,	



Dien	PD(type=d-p,subtype=oth,position=prenom)	die	
alles	PD(type=indef,position=free)	alles	
vermogenden	AA(degree=pos,position=prenom)	vermogend	
,	PC	,	
dien	PD(type=d-p,subtype=oth,position=prenom)	die	
verschrikkelijken	AA(degree=pos,position=prenom)	verschrikkelijk	
invloed	NOU-C(number=sg)	invloed	
die	PD(type=d-p,position=free)	die	
zijn	PD(type=poss,position=prenom)	zijn	
bestuur	NOU-C(number=sg)	bestuur	
kenmerkte	VRB(finiteness=fin,tense=past)	kenmerken	
,	PC	,	



Is	VRB(finiteness=fin,tense=pres)	zijn	
goedgevonden	VRB(finiteness=pastpart)	goedvinden	
en	CONJ(type=coor)	en	
verstaan	VRB(finiteness=pastpart)	verstaan	
…	PC	…	
aan	ADP(type=pre)	aan	
Lambertus	NOU-P	Lambertus	
Zegers	NOU-P	Zegers	
Veeckens	NOU-P	Veeckens	
om	ADP(type=pre)	om	
op	ADP(type=pre)	op	
het	PD(type=d-p,subtype=art,position=prenom)	het	
hem	PD(type=pers,position=free)	hij	
in	ADP(type=pre)	in	
eigendom	NOU-C(number=sg)	eigendom	
toebehorende	AA(degree=pos,position=prenom)	toebehorend	
landgoed	NOU-C(number=sg)	landgoed	
Tjabang	NOU-P	Tjabang Boengin	mw_615799
Boengin	NOU-P	Tjabang Boengin	mw_615799
,	PC	,	
in	ADP(type=pre)	in	
stede	NOU-C(number=sg)	stede	
van	ADP(type=pre)	van	
de	PD(type=d-p,subtype=art,position=prenom)	de	
te	ADP(type=pre)	te	
Cadaun	NOU-P	Cadaun	
geëtablisseerde	AA(degree=pos,position=prenom)	geëtablisseerd	
warong	NOU-C(number=sg)	warong	
,	PC	,	
een	PD(type=indef,subtype=art,position=prenom)	een	
effective	AA(degree=pos,position=prenom)	effectief	
bazaar	NOU-C(number=sg)	bazaar	
op	VRB(finiteness=inf)	oprichten	mw_39729
te	ADP(type=pre)	te	
rigten	VRB(finiteness=inf)	oprichten	mw_39729
en	CONJ(type=coor)	en	
op	ADP(type=pre)	op	
dezelve	PD(type=d-p,position=free)	dezelve	
twee	NUM(type=card,position=prenom,representation=let)	twee	
maal	NOU-C(number=sg)	maal	
's	PD(type=d-p,subtype=art,position=prenom)	de	
weeks	NOU-C(number=sg)	week	
des	PD(type=d-p,subtype=art,position=prenom)	de	
Maandags	NOU-C(number=sg)	maandag	
en	CONJ(type=coor)	en	
des	PD(type=d-p,subtype=art,position=prenom)	de	
Vrijdags	NOU-C(number=sg)	vrijdag	
openbare	AA(degree=pos,position=prenom)	openbaar	
markt	NOU-C(number=sg)	markt	
te	ADP(type=pre)	te	
houden	VRB(finiteness=inf)	houden	
,	PC	,	



De	PD(type=d-p,subtype=art,position=prenom)	de	
doodsgil	NOU-C(number=sg)	doodsgil	
der	PD(type=d-p,subtype=art,position=prenom)	de	
zinkenden	NOU-C(number=pl)	zinkende	
,	PC	,	
weergalmde	VRB(finiteness=fin,tense=past)	weergalmen	
in	ADP(type=pre)	in	
dit	PD(type=d-p,subtype=oth,position=prenom)	dit	
schrikkelijk	AA(degree=pos,position=prenom)	schrikkelijk	
gewoel	NOU-C(number=sg)	gewoel	
!	PC	!	
—	PC	—	
men	PD(type=pers,position=free)	men	
hoorde	VRB(finiteness=fin,tense=past)	horen	
in	ADP(type=pre)	in	
warrende	AA(degree=pos,position=prenom)	warrend	
vermenging	NOU-C(number=sg)	vermenging	
het	PD(type=d-p,subtype=art,position=prenom)	het	
klaagelijk	AA(degree=pos,position=prenom)	klaaglijk	
roepen	NOU-C(number=sg)	roepen	
om	ADP(type=pre)	om	
hulp	NOU-C(number=sg)	hulp	
,	PC	,	



—	PC	—	
Het	PD(type=d-p,subtype=art,position=prenom)	het	
houtblok	NOU-C(number=sg)	houtblok	
komt	VRB(finiteness=fin,tense=pres)	komen	
op	ADP(type=pre)	op	
de	PD(type=d-p,subtype=art,position=prenom)	de	
dwarsrichels	NOU-C(number=pl)	dwarsrichel	
of	CONJ(type=coor)	of	
schotels	NOU-C(number=pl)	schotel	
te	ADP(type=pre)	te	
liggen	VRB(finiteness=inf)	liggen	
en	CONJ(type=coor)	en	
de	PD(type=d-p,subtype=art,position=prenom)	de	
bevestiging	NOU-C(number=sg)	bevestiging	
geschiedt	VRB(finiteness=fin,tense=pres)	geschieden	
hier	ADV(type=reg)	hier	
uiterst	AA(degree=sup,position=free)	uiterst	
gemakkelijk	AA(degree=pos,position=free)	gemakkelijk	
door	ADP(type=pre)	door	
de	PD(type=d-p,subtype=art,position=prenom)	de	
span	NOU-C(number=sg)	span	
-	PC	-	
of	CONJ(type=coor)	of	
balkijzers	NOU-C(number=pl)	balkijzer	
(	PC	(	
knevelboomen	NOU-C(number=pl)	knevelboom	
)	PC	)	
met	ADP(type=pre)	met	
behulp	NOU-C(number=sg)	behulp	
van	ADP(type=pre)	van	
een	PD(type=indef,subtype=art,position=prenom)	een	
koord	NOU-C(number=sg)	koord	
en	CONJ(type=coor)	en	
het	PD(type=d-p,subtype=art,position=prenom)	het	
spanhout	NOU-C(number=sg)	spanhout	
(	PC	(	
wartel	NOU-C(number=sg)	wartel	
).	PC	).	
De	PD(type=d-p,subtype=art,position=prenom)	de	
uiteinden	NOU-C(number=pl)	uiteinde	
van	ADP(type=pre)	van	
het	PD(type=d-p,subtype=art,position=prenom)	het	
blok	NOU-C(number=sg)	blok	
liggen	VRB(finiteness=fin,tense=pres)	liggen	
geheel	AA(degree=pos,position=free)	geheel	
vrij	AA(degree=pos,position=free)	vrij	



Eindelijk	ADV(type=reg)	eindelijk	
nam	VRB(finiteness=fin,tense=past)	nemen	
zij	PD(type=pers,position=free)	zij	
hare	PD(type=poss,position=prenom)	haar	
beurs	NOU-C(number=sg)	beurs	
en	CONJ(type=coor)	en	
wierp	VRB(finiteness=fin,tense=past)	toewerpen	mw_48316
die	PD(type=d-p,position=free)	die	
toe	VRB(finiteness=fin,tense=past)	toewerpen	mw_48316
aan	ADP(type=pre)	aan	
Toby	NOU-P	Toby	
,	PC	,	
zeggende	VRB(finiteness=prespart)	zeggen	
met	ADP(type=pre)	met	
eene	PD(type=indef,subtype=art,position=prenom)	een	
verteederde	AA(degree=pos,position=prenom)	vertederd	
stem	NOU-C(number=sg)	stem	
—	PC	—	
"	PC	"	
Daar	ADV(type=reg)	daar	
jongen	NOU-C(number=sg)	jongen	
!	PC	!	
hebt	VRB(finiteness=fin,tense=pres)	hebben	
gij	PD(type=pers,position=free)	gij	
ten	ADV(type=reg)	tenminste	mw_903498
minste	ADV(type=reg)	tenminste	mw_903498
wat	PD(type=indef,position=free)	wat	
—	PC	—	
en	CONJ(type=coor)	en	
gij	PD(type=pers,position=free)	gij	
behoeft	VRB(finiteness=fin,tense=pres)	behoeven	
geen	PD(type=indef,subtype=oth,position=prenom)	geen	
honger	NOU-C(number=sg)	honger	
te	ADP(type=pre)	te	
lijden	VRB(finiteness=inf)	lijden	
met	ADP(type=pre)	met	
uwe	PD(type=poss,position=prenom)	uw	
moeder	NOU-C(number=sg)	moeder	
",	PC	",	



Wat	PD(type=w-p,position=prenom)	wat	
wild	NOU-C(number=sg)	wild	
het	PD(type=pers,position=free)	het	
zy	VRB(finiteness=fin,tense=pres)	zijn	
,	PC	,	
't	PD(type=pers,position=free)	het	
is	VRB(finiteness=fin,tense=pres)	zijn	
altoos	ADV(type=reg)	altoos	
goed	AA(degree=pos,position=free)	goed	
;	PC	;	
De	PD(type=d-p,subtype=art,position=prenom)	de	
groote	AA(degree=pos,position=prenom)	groot	
vraeg	NOU-C(number=sg)	vraag	
is	VRB(finiteness=fin,tense=pres)	zijn	
hoe	ADV(type=reg)	hoe	
het	PD(type=pers,position=free)	het	
vangen	VRB(finiteness=fin,tense=pres)	vangen	
,	PC	,	



De	PD(type=d-p,subtype=art,position=prenom)	de	
heer	NOU-C(number=sg)	heer	
Bruis	NOU-P	Bruis	
had	VRB(finiteness=fin,tense=past)	hebben	
alles	PD(type=indef,position=free)	alles	
willen	VRB(finiteness=inf)	willen	
geven	VRB(finiteness=inf)	geven	
voor	ADP(type=pre)	voor	
een	PD(type=indef,subtype=art,position=prenom)	een	
glas	NOU-C(number=sg)	glas	
bier	NOU-C(number=sg)	bier	
of	CONJ(type=coor)	of	
een	PD(type=indef,subtype=art,position=prenom)	een	
glas	NOU-C(number=sg)	glas	
wijn	NOU-C(number=sg)	wijn	
en	CONJ(type=coor)	en	
water	NOU-C(number=sg)	water	
,	PC	,	



Watergat	NOU-C(number=sg)	watergat	
…,	PC	…,	
eene	PD(type=indef,subtype=art,position=prenom)	een	
slechte	AA(degree=pos,position=prenom)	slecht	
plaats	NOU-C(number=sg)	plaats	
,	PC	,	
die	PD(type=d-p,position=free)	die	
rondom	ADV(type=reg)	rondom	
in	ADP(type=pre)	in	
het	PD(type=d-p,subtype=art,position=prenom)	het	
water	NOU-C(number=sg)	water	
ligt	VRB(finiteness=fin,tense=pres)	liggen	
,	PC	,	



Het	PD(type=d-p,subtype=art,position=prenom)	het	
vaarpeil	NOU-C(number=sg)	vaarpeil	
op	ADP(type=pre)	op	
het	PD(type=d-p,subtype=art,position=prenom)	het	
kanaal	NOU-C(number=sg)	kanaal	
van	ADP(type=pre)	van	
Maastricht	NOU-P	Maastricht	
naar	ADP(type=pre)	naar	
's	NOU-P	's-Hertogenbosch	mw_343096
Hertogenbosch	NOU-P	's-Hertogenbosch	mw_343096
(	PC	(	
wordt	VRB(finiteness=fin,tense=pres)	worden	
)	PC	)	
bepaald	VRB(finiteness=pastpart)	bepalen	
als	CONJ(type=sub)	als	
volgt	VRB(finiteness=fin,tense=pres)	volgen	
:	PC	:	
voor	ADP(type=pre)	voor	
den	PD(type=d-p,subtype=art,position=prenom)	de	
afvoer	NOU-C(number=sg)	afvoer	
van	ADP(type=pre)	van	
6	NUM(type=card,position=prenom,representation=dig)	zes	
M³.00	AA(degree=pos,position=prenom,WF=abbr)+NOU-C(number=sg,WF=abbr)	kubiek+meter	
en	CONJ(type=coor)	en	
7	NUM(type=card,position=prenom,representation=dig)	zeven	
M³.50	AA(degree=pos,position=prenom,WF=abbr)+NOU-C(number=sg,WF=abbr)+NUM(type=card,position=free,representation=dig)	kubiek+meter+vijftig	
onmiddellijk	AA(degree=pos,position=free)	onmiddellijk	
boven	ADP(type=pre)	boven	
sluis	NOU-C(number=sg)	sluis	
18	NUM(type=card,position=postnom,representation=dig)	achttien	
te	ADP(type=pre)	te	
Bocholt	NOU-P	Bocholt	
het	PD(type=d-p,subtype=art,position=prenom)	het	
peil	NOU-C(number=sg)	peil	
van	ADP(type=pre)	van	
negen	NUM(type=card,position=prenom,representation=let)	negenendertig	mw_525599
en	NUM(type=card,position=prenom,representation=let)	negenendertig	mw_525599
dertig	NUM(type=card,position=prenom,representation=let)	negenendertig	mw_525599
meters	NOU-C(number=pl)	meter	
drie	NUM(type=card,position=prenom,representation=let)	drieentachtig	mw_405402
en	NUM(type=card,position=prenom,representation=let)	drieentachtig	mw_405402
tachtig	NUM(type=card,position=prenom,representation=let)	drieentachtig	mw_405402
centimeters	NOU-C(number=pl)	centimeter	
…	PC	…	
+	ADP(type=pre)	plus	
AP	NOU-C(number=sg,WF=abbr)	AP	
.,	PC	.,	
overeenkomende	VRB(finiteness=prespart)	overeenkomen	
met	ADP(type=pre)	met	
de	PD(type=d-p,subtype=art,position=prenom)	de	
hoogte	NOU-C(number=sg)	hoogte	
van	ADP(type=pre)	van	
een	NUM(type=card,position=prenom,representation=let)	eenenveertig	mw_694046
en	NUM(type=card,position=prenom,representation=let)	eenenveertig	mw_694046
veertig	NUM(type=card,position=prenom,representation=let)	eenenveertig	mw_694046
meters	NOU-C(number=pl)	meter	
vijftig	NUM(type=card,position=prenom,representation=let)	vijftig	
centimeters	NOU-C(number=pl)	centimeter	
…	PC	…	
boven	ADP(type=pre)	boven	
het	PD(type=d-p,subtype=art,position=prenom)	het	
vergelijkingsvlak	NOU-C(number=sg)	vergelijkingsvlak	
der	PD(type=d-p,subtype=art,position=prenom)	de	
algemeene	AA(degree=pos,position=prenom)	algemeen	
waterpassing	NOU-C(number=sg)	waterpassing	
van	ADP(type=pre)	van	
België	NOU-P	België	
,	PC	,	



Het	CONJ(type=coor)	hetzij	mw_693578
zij	CONJ(type=coor)	hetzij	mw_693578
men	PD(type=pers,position=free)	men	
de	PD(type=d-p,subtype=art,position=prenom)	de	
vrouw	NOU-C(number=sg)	vrouw	
beschouwe	VRB(finiteness=fin,tense=pres)	beschouwen	
als	CONJ(type=sub)	als	
de	PD(type=d-p,subtype=art,position=prenom)	de	
…	PC	…	
gezellin	NOU-C(number=sg)	gezellin	
onzes	PD(type=poss,position=prenom)	ons	
levens	NOU-C(number=sg)	leven	
,	PC	,	
of	CONJ(type=coor)	of	
als	CONJ(type=sub)	als	
de	PD(type=d-p,subtype=art,position=prenom)	de	
bestuurderesse	NOU-C(number=sg)	bestuurderes	
onzer	PD(type=poss,position=prenom)	ons	
huisselijke	AA(degree=pos,position=prenom)	huiselijk	
aangelegenheden	NOU-C(number=pl)	aangelegenheid	
,	PC	,	
of	CONJ(type=coor)	of	



Anagallis	NOU-C(number=sg)	anagallis	
L.	NOU-P(WF=abbr)	Linnaeus	
de	PD(type=d-p,subtype=art,position=prenom)	de	
naam	NOU-C(number=sg)	naam	
van	ADP(type=pre)	van	
een	PD(type=indef,subtype=art,position=prenom)	een	
plantengeslacht	NOU-C(number=sg)	plantengeslacht	
,	PC	,	
behoorende	VRB(finiteness=prespart)	behoren	
tot	ADP(type=pre)	tot	
de	PD(type=d-p,subtype=art,position=prenom)	de	
Primulaceae	NOU-C(number=pl)	primulaceae	
;	PC	;	
vroeger	AA(degree=comp,position=free)	vroeg	
was	VRB(finiteness=fin,tense=past)	zijn	
deze	PD(type=d-p,subtype=oth,position=prenom)	deze	
Eerenprijs	NOU-C(number=sg)	ereprijs	
namelijk	AA(degree=pos,position=free)	namelijk	
onder	ADP(type=pre)	onder	
de	PD(type=d-p,subtype=art,position=prenom)	de	
benaming	NOU-C(number=sg)	benaming	
van	ADP(type=pre)	van	
Anagallis	NOU-C(number=sg)	anagallis aquatica	mw_305867
aquatica	NOU-C(number=sg)	anagallis aquatica	mw_305867
of	CONJ(type=coor)	of	
water-Anagallis	NOU-C(number=sg)	wateranagallis	
bekend	AA(degree=pos,position=free)	bekend	
,	PC	,	
Water-Eerenprijs	NOU-C(number=sg)	waterereprijs	
,	PC	,	
water-pimpernel	NOU-C(number=sg)	waterpimpernel	
,	PC	,	
waterponge	NOU-C(number=sg)	waterpunge	
met	ADP(type=pre)	met	
groote	AA(degree=pos,position=prenom)	groot	
lange	AA(degree=pos,position=prenom)	lang	
bladeren	NOU-C(number=pl)	blad	
,	PC	,	



—	PC	—	
Nog	ADV(type=reg)	nog	
éénen	NUM(type=card,position=prenom,representation=let)	een	
dag	NOU-C(number=sg)	dag	
en	CONJ(type=coor)	en	
't	PD(type=pers,position=free)	het	
is	VRB(finiteness=fin,tense=pres)	zijn	
te	ADV(type=reg)	te	
spa	AA(degree=pos,position=free)	spade	
En	CONJ(type=coor)	en	
'k	PD(type=pers,position=free)	ik	
zie	VRB(finiteness=fin,tense=pres)	zien	
niets	PD(type=indef,position=free)	niets	
van	ADP(type=pre)	van	
Victoria	NOU-P	Victoria	
!	PC	!	
Je	PD(type=pers,position=free)	jij	
durft	VRB(finiteness=fin,tense=pres)	durven	
nog	ADV(type=reg)	nog	
met	ADP(type=pre)	met	
mijn	PD(type=poss,position=prenom)	mijn	
zielsmart	NOU-C(number=sg)	zielenmart	
spotten	VRB(finiteness=inf)	spotten	
.	PC	.	
O	INT	o	
,	PC	,	
ongelikte	AA(degree=pos,position=prenom)	ongelikt	
waterrotten	NOU-C(number=pl)	waterrot	
?!	PC	?!	
Doet	VRB(finiteness=fin,tense=pres)	doen	
,	PC	,	
doet	VRB(finiteness=fin,tense=pres)	opendoen	mw_69356
toch	ADV(type=reg)	toch	
open	VRB(finiteness=fin,tense=pres)	opendoen	mw_69356
,	PC	,	
'k	PD(type=pers,position=free)	ik	
moet	VRB(finiteness=fin,tense=pres)	moeten	
er	ADV(type=pron)	eruit	mw_76331
uit	ADV(type=pron)	eruit	mw_76331
!	PC	!	



Hij	PD(type=pers,position=free)	hij	
houdt	VRB(finiteness=fin,tense=pres)	houden	
zijn	PD(type=poss,position=prenom)	zijn	
woord	NOU-C(number=sg)	woord	
als	CONJ(type=sub)	als	
het	PD(type=d-p,subtype=art,position=prenom)	het	
weêr	NOU-C(number=sg)	weder	
in	ADP(type=pre)	in	
April	NOU-C(number=sg)	april	
,	PC	,	



Geen	PD(type=indef,subtype=oth,position=prenom)	geen	
uiterste	AA(degree=pos,position=prenom)	uiterst	
wil	NOU-C(number=sg)	wil	
kan	VRB(finiteness=fin,tense=pres)	kunnen	
bij	ADP(type=pre)	bij	
dezelfde	PD(type=d-p,subtype=oth,position=prenom)	dezelfde	
akte	NOU-C(number=sg)	akte	
door	ADP(type=pre)	door	
twee	NUM(type=card,position=prenom,representation=let)	twee	
of	CONJ(type=coor)	of	
meer	PD(type=indef,subtype=oth,position=prenom)	meer	
personen	NOU-C(number=pl)	persoon	
gemaakt	VRB(finiteness=pastpart)	maken	
worden	VRB(finiteness=inf)	worden	
,	PC	,	
het	CONJ(type=coor)	hetzij	mw_359773
zij	CONJ(type=coor)	hetzij	mw_359773
ten	ADP(type=pre)+PD(type=d-p,subtype=art,position=prenom)	te+het	
voordeele	NOU-C(number=sg)	voordeel	
van	ADP(type=pre)	van	
eenen	PD(type=indef,subtype=art,position=prenom)	een	
derde	NOU-C(number=sg)	derde	
,	PC	,	
het	CONJ(type=coor)	hetzij	mw_995551
zij	CONJ(type=coor)	hetzij	mw_995551
onder	ADP(type=pre)	onder	
den	PD(type=d-p,subtype=art,position=prenom)	de	
titel	NOU-C(number=sg)	titel	
van	ADP(type=pre)	van	
eene	PD(type=indef,subtype=art,position=prenom)	een	
wederkeerige	AA(degree=pos,position=prenom)	wederkerig	
of	CONJ(type=coor)	of	
onderlinge	AA(degree=pos,position=prenom)	onderling	
beschikking	NOU-C(number=sg)	beschikking	
,	PC	,	



Hij	PD(type=pers,position=free)	hij	
(	PC	(	
geeft	VRB(finiteness=fin,tense=pres)	toegeven	mw_100972
)	PC	)	
aan	ADP(type=pre)	aan	
Dr.	NOU-C(number=sg,WF=abbr)	doctor	
Fruin	NOU-P	Fruin	
toe	VRB(finiteness=fin,tense=pres)	toegeven	mw_100972
,	PC	,	
dat	CONJ(type=sub)	dat	
eene	PD(type=indef,subtype=art,position=prenom)	een	
stelselmatige	AA(degree=pos,position=prenom)	stelselmatig	
wederlegging	NOU-C(number=sg)	wederlegging	
der	PD(type=d-p,subtype=art,position=prenom)	de	
partij	NOU-C(number=sg)	partij	
niet	ADV(type=reg)	niet	
wel	ADV(type=reg)	wel	
mogelijk	AA(degree=pos,position=free)	mogelijk	
is	VRB(finiteness=fin,tense=pres)	zijn	
,	PC	,	
omdat	CONJ(type=sub)	omdat	
ze	PD(type=pers,position=free)	zij	
wel	ADV(type=reg)	wel	
…	PC	…	
een	PD(type=indef,subtype=art,position=prenom)	een	
kort	AA(degree=pos,position=prenom)	kort	
overzigt	NOU-C(number=sg)	overzicht	
harer	PD(type=poss,position=prenom)	haar	
beginsels	NOU-C(number=pl)	beginsel	
,	PC	,	
maar	CONJ(type=coor)	maar	
nooit	ADV(type=reg)	nooit	
een	PD(type=indef,subtype=art,position=prenom)	een	
eigenlijk	AA(degree=pos,position=prenom)	eigenlijk	
stelsel	NOU-C(number=sg)	stelsel	
voordroeg	VRB(finiteness=fin,tense=past)	voordragen	
,	PC	,	



Een	PD(type=indef,subtype=art,position=prenom)	een	
daverend	AA(degree=pos,position=prenom)	daverend	
geluid	NOU-C(number=sg)	geluid	
trof	VRB(finiteness=fin,tense=past)	treffen	
de	PD(type=d-p,subtype=art,position=prenom)	de	
ooren	NOU-C(number=pl)	oor	
;	PC	;	
De	PD(type=d-p,subtype=art,position=prenom)	de	
bergen	NOU-C(number=pl)	berg	
kaatsten	VRB(finiteness=fin,tense=past)	wederomkaatsen	mw_318575
't	PD(type=pers,position=free)	het	
bang	AA(degree=pos,position=free)	bang	
weêrom	VRB(finiteness=fin,tense=past)	wederomkaatsen	mw_318575
:	PC	:	
Geluid	NOU-C(number=sg)	geluid	
,	PC	,	
weêr	ADV(type=reg)	weder	
in	ADP(type=pre)	in	
geluid	NOU-C(number=sg)	geluid	
bedolven	VRB(finiteness=pastpart)	bedelven	
,	PC	,	



Het	PD(type=d-p,subtype=art,position=prenom)	het	
geheele	AA(degree=pos,position=prenom)	geheel	
rapport	NOU-C(number=sg)	rapport	
van	ADP(type=pre)	van	
zijn	PD(type=poss,position=prenom)	zijn	
wedervaren	NOU-C(number=sg)	wedervaren	
en	CONJ(type=coor)	en	
bevinding	NOU-C(number=sg)	bevinding	
wordt	VRB(finiteness=fin,tense=pres)	worden	
thans	ADV(type=reg)	thans	
aan	ADP(type=pre)	aan	
U.M.	PD(type=poss,position=prenom,WF=abbr)+NOU-C(number=sg,WF=abbr)	uw+majesteit	
aangeboden	VRB(finiteness=pastpart)	aanbieden	
,	PC	,	



Keer	VRB(finiteness=fin,tense=pres)	keren	
tot	ADP(type=pre)	tot	
uw	PD(type=poss,position=prenom)	uw	
broeder	NOU-C(number=sg)	broeder	
,	PC	,	
die	PD(type=d-p,position=free)	die	
met	ADP(type=pre)	met	
kinderlijken	AA(degree=pos,position=prenom)	kinderlijk	
mond	NOU-C(number=sg)	mond	
U	PD(type=pers,position=free)	u	
rustloos	AA(degree=pos,position=free)	rusteloos	
wedervraagt	VRB(finiteness=fin,tense=pres)	wedervragen	
aan	ADP(type=pre)	aan	
elke	PD(type=indef,subtype=oth,position=prenom)	elk	
morgenstond	NOU-C(number=sg)	morgenstond	
,	PC	,	



Wij	PD(type=pers,position=free)	wij	
zelven	PD(type=d-p,position=free)	zelf	
hebben	VRB(finiteness=fin,tense=pres)	hebben	
op	ADP(type=pre)	op	
de	PD(type=d-p,subtype=art,position=prenom)	de	
beteekenis	NOU-C(number=sg)	betekenis	
van	ADP(type=pre)	van	
dat	PD(type=d-p,subtype=oth,position=prenom)	dat	
boek	NOU-C(number=sg)	boek	
in	ADP(type=pre)	in	
het	PD(type=d-p,subtype=art,position=prenom)	het	
Januari-nummer	NOU-C(number=sg)	januarinummer	
van	ADP(type=pre)	van	
de	PD(type=d-p,subtype=art,position=prenom)	de	
Gids	NOU-C(number=sg)	gids	
van	ADP(type=pre)	van	
1883	NUM(type=card,position=free,representation=dig)	1883	
gewezen	VRB(finiteness=pastpart)	wijzen	
,	PC	,	



Men	PD(type=pers,position=free)	men	
verlaet	VRB(finiteness=fin,tense=pres)	verlaten	
zyn	PD(type=poss,position=prenom)	zijn	
vaderland	NOU-C(number=sg)	vaderland	
niet	ADV(type=reg)	niet	
zonder	ADP(type=pre)	zonder	
treurnis	NOU-C(number=sg)	treurnis	
,	PC	,	
—	PC	—	
als	CONJ(type=sub)	als	
men	PD(type=pers,position=free)	men	
niet	ADV(type=reg)	niet	
weet	VRB(finiteness=fin,tense=pres)	weten	
of	CONJ(type=sub)	of	
men	PD(type=pers,position=free)	men	
het	PD(type=pers,position=free)	het	
nog	ADV(type=reg)	nog	
wel	ADV(type=reg)	wel	
ooit	ADV(type=reg)	ooit	
zal	VRB(finiteness=fin,tense=pres)	zullen	
mogen	VRB(finiteness=inf)	mogen	
wederzien	VRB(finiteness=inf)	wederzien	
,	PC	,	



Nimmer	ADV(type=reg)	nimmer	
dreigde	VRB(finiteness=fin,tense=past)	dreigen	
een	PD(type=indef,subtype=art,position=prenom)	een	
storm	NOU-C(number=sg)	storm	
van	ADP(type=pre)	van	
wee	NOU-C(number=sg)	wee	
Een	PD(type=indef,subtype=art,position=prenom)	een	
dierbre	AA(degree=pos,position=prenom)	dierbaar	
Oranjebloem	NOU-C(number=sg)	oranjebloem	
te	ADP(type=pre)	te	
knakken	VRB(finiteness=inf)	knakken	
,	PC	,	
Of	CONJ(type=coor)	of	
Hollands	NOU-P	Holland	
boom	NOU-C(number=sg)	boom	
…	PC	…	
trilde	VRB(finiteness=fin,tense=past)	medetrillen	mw_430842
tot	ADP(type=pre)	tot	
den	PD(type=d-p,subtype=art,position=prenom)	de	
wortel	NOU-C(number=sg)	wortel	
meê	VRB(finiteness=fin,tense=past)	medetrillen	mw_430842
!	PC	!	



Tormentilla	NOU-C(number=sg)	tormentilla	
,	PC	,	
tormentum	RES(type=for)	tormentum	
(	PC	(	
kwelling	NOU-C(number=sg)	kwelling	
,	PC	,	
plaag	NOU-C(number=sg)	plaag	
),	PC	),	
naar	ADP(type=pre)	naar	
het	PD(type=d-p,subtype=art,position=prenom)	het	
geneeskrachtig	AA(degree=pos,position=prenom)	geneeskrachtig	
gebruik	NOU-C(number=sg)	gebruik	
van	ADP(type=pre)	van	
den	PD(type=d-p,subtype=art,position=prenom)	de	
wortel	NOU-C(number=sg)	wortel	
tegen	ADP(type=pre)	tegen	
kiespijn	NOU-C(number=sg)	kiespijn	
en	CONJ(type=coor)	en	
,	PC	,	
als	CONJ(type=sub)	als	
een	PD(type=indef,subtype=art,position=prenom)	een	
zamentrekkend	AA(degree=pos,position=prenom)	samentrekkend	
middel	NOU-C(number=sg)	middel	
,	PC	,	
tegen	ADP(type=pre)	tegen	
diarrhoea	NOU-C(number=sg)	diarree	
.	PC	.	
N	NOU-P(WF=abbr)	Nederlands	
:	PC	:	
Tormentille	NOU-C(number=sg)	tormentil	
,	PC	,	
gemeene	AA(degree=pos,position=prenom)	gemeen	
tormentil	NOU-C(number=sg)	tormentil	
,	PC	,	
zevenblad	NOU-C(number=sg)	zevenblad	
…,	PC	…,	
wee	NOU-C(number=sg,WF=trunc)+NOU-C(number=sg,WF=trunc)+NOU-C(number=sg)	weewortel+schijtwortel+meerwortel	mw_333392
-,	PC	-,	
schijt	NOU-C(number=sg,WF=trunc)+NOU-C(number=sg,WF=trunc)+NOU-C(number=sg)	weewortel+schijtwortel+meerwortel	mw_333392
-	PC	-	
en	CONJ(type=coor)	en	
meerwortel	NOU-C(number=sg,WF=trunc)+NOU-C(number=sg,WF=trunc)+NOU-C(number=sg)	weewortel+schijtwortel+meerwortel	mw_333392
,	PC	,	
weeblaadje	NOU-C(number=sg)	weeblaadje	
;	PC	;	
de	PD(type=d-p,subtype=art,position=prenom)	de	
laatstgenoemde	AA(degree=pos,position=prenom)	laatstgenoemd	
benamingen	NOU-C(number=pl)	benaming	
hebben	VRB(finiteness=fin,tense=pres)	hebben	
betrekking	NOU-C(number=sg)	betrekking	
op	ADP(type=pre)	op	
het	PD(type=d-p,subtype=art,position=prenom)	het	
gebruik	NOU-C(number=sg)	gebruik	
van	ADP(type=pre)	van	
den	PD(type=d-p,subtype=art,position=prenom)	de	
wortel	NOU-C(number=sg)	wortel	
in	ADP(type=pre)	in	
de	PD(type=d-p,subtype=art,position=prenom)	de	
veeartsenijkunde	NOU-C(number=sg)	veeartsenijkunde	
tegen	ADP(type=pre)	tegen	
doorloop	NOU-C(number=sg)	doorloop	
en	CONJ(type=coor)	en	
tegen	ADP(type=pre)	tegen	
het	PD(type=d-p,subtype=art,position=prenom)	het	
bloedpissen	NOU-C(number=sg)	bloedpissen	
of	CONJ(type=coor)	of	
wee	NOU-C(number=sg)	wee	
,	PC	,	



S	NOU-P(WF=abbr)	S.	
.	PC	.	
Bij	ADP(type=pre)	bij	
Moeder	NOU-C(number=sg)	moeder	
kunt	VRB(finiteness=fin,tense=pres)	kunnen	
Gij	PD(type=pers,position=free)	gij	
…	PC	…	
uw	PD(type=poss,position=prenom)	uw	
vermaak	NOU-C(number=sg)	vermaak	
nemen	VRB(finiteness=inf)	nemen	
met	ADP(type=pre)	met	
haar	PD(type=poss,position=prenom)	haar	
spinnewiel	NOU-C(number=sg)	spinnewiel	
,	PC	,	
of	CONJ(type=coor)	of	
weeftouw	NOU-C(number=sg)	weeftouw	
;	PC	;	
ja	ADV(type=reg)	ja	
aan	ADP(type=pre)	aan	
alle	PD(type=indef,position=free)	al	
de	PD(type=d-p,subtype=art,position=prenom)	de	
gereedschappen	NOU-C(number=pl)	gereedschap	
van	ADP(type=pre)	van	
haar	PD(type=poss,position=prenom)	haar	
vrouwlijk	AA(degree=pos,position=prenom)	vrouwelijk	
handwerk	NOU-C(number=sg)	handwerk	
moogt	VRB(finiteness=fin,tense=pres)	mogen	
Gij	PD(type=pers,position=free)	gij	
vrijelijk	ADV(type=reg)	vrijelijk	
de	PD(type=d-p,subtype=art,position=prenom)	de	
handen	NOU-C(number=pl)	hand	
slaan	VRB(finiteness=inf)	slaan	
?	PC	?	



Verstoort	VRB(finiteness=fin,tense=pres)	verstoren	
het	PD(type=pers,position=free)	het	
u	PD(type=pers,position=free)	u	
,	PC	,	
dat	CONJ(type=sub)	dat	
ik	PD(type=pers,position=free)	ik	
om	ADP(type=pre)	om	
Moeder	NOU-C(number=sg)	moeder	
weene	VRB(finiteness=fin,tense=pres)	wenen	
,	PC	,	
Nu	ADV(type=reg)	nu	
pas	ADV(type=reg)	pas	
haar	PD(type=poss,position=prenom)	haar	
lijk	NOU-C(number=sg)	lijk	
geborgen	VRB(finiteness=pastpart)	bergen	
werd	VRB(finiteness=fin,tense=past)	worden	
in	ADP(type=pre)	in	
't	PD(type=d-p,subtype=art,position=prenom)	het	
graf	NOU-C(number=sg)	graf	
?	PC	?	



Het	PD(type=d-p,subtype=art,position=prenom)	het	
paar	NOU-C(number=sg)	paar	
(	PC	(	
zet	VRB(finiteness=fin,tense=pres)	ternederzetten	mw_336773
)	PC	)	
zich	PD(type=refl,position=free)	zich	
op	ADP(type=pre)	op	
de	PD(type=d-p,subtype=art,position=prenom)	de	
kist	NOU-C(number=sg)	kist	
ter	VRB(finiteness=fin,tense=pres)	ternederzetten	mw_336773
neder	VRB(finiteness=fin,tense=pres)	ternederzetten	mw_336773
;	PC	;	
Die	PD(type=d-p,subtype=oth,position=prenom)	die	
twee	NUM(type=card,position=free,representation=let)	twee	
er	ADV(type=pron)	erop	mw_714297
op	ADV(type=pron)	erop	mw_714297
zijn	VRB(finiteness=fin,tense=pres)	zijn	
beurtlings	ADV(type=reg)	beurtelings	
dartel	AA(degree=pos,position=free)	dartel	
,	PC	,	
teeder	AA(degree=pos,position=free)	teder	
!	PC	!	
Die	PD(type=d-p,subtype=oth,position=prenom)	die	
een	NUM(type=card,position=free,representation=let)	een	
er	ADV(type=pron)	erin	mw_458796
in	ADV(type=pron)	erin	mw_458796
weent	VRB(finiteness=fin,tense=pres)	wenen	
van	ADP(type=pre)	van	
verdriet	NOU-C(number=sg)	verdriet	
en	CONJ(type=coor)	en	
pijn	NOU-C(number=sg)	pijn	
,	PC	,	



Hij	PD(type=pers,position=free)	hij	
bezit	VRB(finiteness=fin,tense=pres)	bezitten	
…	PC	…	
een	PD(type=indef,subtype=art,position=prenom)	een	
volhardende	AA(degree=pos,position=prenom)	volhardend	
trouw	NOU-C(number=sg)	trouw	
aan	ADP(type=pre)	aan	
den	PD(type=d-p,subtype=art,position=prenom)	de	
opgelegden	AA(degree=pos,position=prenom)	opgelegd	
plicht	NOU-C(number=sg)	plicht	
,	PC	,	
die	PD(type=d-p,position=free)	die	
meestal	ADV(type=reg)	meestal	
eindigt	VRB(finiteness=fin,tense=pres)	eindigen	
met	ADP(type=pre)	met	
het	PD(type=d-p,subtype=art,position=prenom)	het	
weerbarstig	AA(degree=pos,position=prenom)	weerbarstig	
lot	NOU-C(number=sg)	lot	
te	ADP(type=pre)	te	
dwingen	VRB(finiteness=inf)	dwingen	
,	PC	,	



Die	PD(type=d-p,subtype=oth,position=prenom)	die	
druiven	NOU-C(number=pl)	druif	
en	CONJ(type=coor)	en	
perziken	NOU-C(number=pl)	perzik	
hebben	VRB(finiteness=fin,tense=pres)	hebben	
drie	NUM(type=card,position=prenom,representation=let)	drie	
uren	NOU-C(number=pl)	uur	
in	ADP(type=pre)	in	
het	PD(type=d-p,subtype=art,position=prenom)	het	
rond	NOU-C(number=sg)	rond	
hare	PD(type=poss,position=prenom)	haar	
weêrga	NOU-C(number=sg)	wedergade	
niet	ADV(type=reg)	niet	
,	PC	,	



Die	PD(type=d-p,position=free)	die	
geen	PD(type=indef,subtype=oth,position=prenom)	geen	
schuilplaats	NOU-C(number=sg)	schuilplaats	
by	ADP(type=pre)	bij	
uw	PD(type=poss,position=prenom)	uw	
dooden	NOU-C(number=pl)	dode	
…	PC	…	
beuren	VRB(finiteness=inf)	beuren	
mocht	VRB(finiteness=fin,tense=past)	mogen	



Morgen	ADV(type=reg)	morgen	
,	PC	,	
hebben	VRB(finiteness=fin,tense=pres)	hebben	
zij	PD(type=pers,position=free)	zij	
u	PD(type=pers,position=free)	u	
gezegd	VRB(finiteness=pastpart)	zeggen	
,	PC	,	
zou	VRB(finiteness=fin,tense=past)	zullen	
die	PD(type=d-p,subtype=oth,position=prenom)	die	
vreeselijke	AA(degree=pos,position=prenom)	vreselijk	
slag	NOU-C(number=sg)	slag	
door	ADP(type=pre)	door	
't	PD(type=d-p,subtype=art,position=prenom)	het	
land	NOU-C(number=sg)	land	
weêrgalmen	VRB(finiteness=inf)	wedergalmen	
;	PC	;	
—	PC	—	
o	INT	o	
,	PC	,	
wie	PD(type=w-p,position=free)	wie	
zegt	VRB(finiteness=fin,tense=pres)	zeggen	
het	PD(type=pers,position=free)	het	
u	PD(type=pers,position=free)	u	
,	PC	,	
dat	CONJ(type=sub)	dat	
zij	PD(type=pers,position=free)	zij	
niet	ADV(type=reg)	niet	
heden	ADV(type=reg)	heden	
nog	ADV(type=reg)	nog	
voornemens	NOU-C(number=sg)	voornemen	
zijn	VRB(finiteness=fin,tense=pres)	zijn	
,	PC	,	
hun	PD(type=poss,position=prenom)	hun	
schrikkelijk	AA(degree=pos,position=prenom)	schrikkelijk	
besluit	NOU-C(number=sg)	besluit	
te	ADP(type=pre)	te	
volvoeren	VRB(finiteness=inf)	volvoeren	
?	PC	?	
…	PC	…	
Wie	PD(type=w-p,position=free)	wie	
weet	VRB(finiteness=fin,tense=pres)	weten	
,	PC	,	
of	CONJ(type=sub)	of	
de	PD(type=d-p,subtype=art,position=prenom)	de	
Prins	NOU-C(number=sg)	prins	
nog	ADV(type=reg)	nog	
een	PD(type=indef,subtype=art,position=prenom)	een	
uur	NOU-C(number=sg)	uur	
zijn	PD(type=poss,position=prenom)	zijn	
leven	NOU-C(number=sg)	leven	
veilig	AA(degree=pos,position=free)	veilig	
is	VRB(finiteness=fin,tense=pres)	zijn	
!	PC	!	



Alhier	ADV(type=reg)	alhier	
(	PC	(	
is	VRB(finiteness=fin,tense=pres)	zijn	
)	PC	)	
een	PD(type=indef,subtype=art,position=prenom)	een	
zwaar	AA(degree=pos,position=prenom)	zwaar	
onweer	NOU-C(number=sg)	onweer	
geweest	VRB(finiteness=pastpart)	zijn	
,	PC	,	
bestaande	VRB(finiteness=prespart)	bestaan	
in	ADP(type=pre)	in	
3	NUM(type=card,position=prenom,representation=dig)	drie	
donderslagen	NOU-C(number=pl)	donderslag	
vergezeld	VRB(finiteness=pastpart)	vergezellen	
met	ADP(type=pre)	met	
weerlicht	NOU-C(number=sg)	weerlicht	
,	PC	,	
doch	CONJ(type=coor)	doch	
heeft	VRB(finiteness=fin,tense=pres)	hebben	
hier	ADV(type=reg)	hier	
geen	PD(type=indef,subtype=oth,position=prenom)	geen	
schaade	NOU-C(number=sg)	schade	
bijgebragt	VRB(finiteness=pastpart)	bijbrengen	
,	PC	,	



Weêrlichten	VRB(finiteness=inf)	wederlichten	
.	PC	.	
Wordt	VRB(finiteness=fin,tense=pres)	worden	
ook	ADV(type=reg)	ook	
persoonlijk	AA(degree=pos,position=free)	persoonlijk	
gebezigd	VRB(finiteness=pastpart)	bezigen	
,	PC	,	
sprekende	VRB(finiteness=prespart)	spreken	
van	ADP(type=pre)	van	
iemand	PD(type=indef,position=free)	iemand	
die	PD(type=d-p,position=free)	die	
glarioogt	VRB(finiteness=fin,tense=pres)	glariogen	
…	PC	…	
van	ADP(type=pre)	van	
gramschap	NOU-C(number=sg)	gramschap	
,	PC	,	



De	PD(type=d-p,subtype=art,position=prenom)	de	
professoren	NOU-C(number=pl)	professor	
zullen	VRB(finiteness=fin,tense=pres)	zullen	
zich	PD(type=refl,position=free)	zich	
in	ADP(type=pre)	in	
't	PD(type=d-p,subtype=art,position=prenom)	het	
eind	NOU-C(number=sg)	einde	
ongeduldig	AA(degree=pos,position=free)	ongeduldig	
maken	VRB(finiteness=inf)	maken	
…,	PC	…,	
de	PD(type=d-p,subtype=art,position=prenom)	de	
wederslag	NOU-C(number=sg)	wederslag	
hunner	PD(type=poss,position=prenom)	hun	
kwade	AA(degree=pos,position=prenom)	kwaad	
luim	NOU-C(number=sg)	luim	
zal	VRB(finiteness=fin,tense=pres)	zullen	
op	ADP(type=pre)	op	
mij	PD(type=pers,position=free)	ik	
afschampen	VRB(finiteness=inf)	afschampen	
,	PC	,	



"	PC	"	
Ik	PD(type=pers,position=free)	ik	
geloof	VRB(finiteness=fin,tense=pres)	geloven	
niet	ADV(type=reg)	niet	
aan	ADP(type=pre)	aan	
meeuwen	NOU-C(number=pl)	meeuw	
."	PC	."	
"	PC	"	
Ik	PD(type=pers,position=free)	ik	
wel	ADV(type=reg)	wel	
."	PC	."	
"	PC	"	
Wat	PD(type=w-p,position=free)	wat	
gelooft	VRB(finiteness=fin,tense=pres)	geloven	
u	PD(type=pers,position=free)	u	
er	ADV(type=pron)	ervan	mw_7273
dan	ADV(type=reg)	dan	
van	ADV(type=pron)	ervan	mw_7273
?"	PC	?"	
"	PC	"	
Wel	ADV(type=reg)	wel	
,	PC	,	
dat	CONJ(type=sub)	dat	
ze	PD(type=pers,position=free)	zij	
weêrwijzers	NOU-C(number=pl)	weerwijzer	
zijn	VRB(finiteness=fin,tense=pres)	zijn	
",	PC	",	



Wat	PD(type=w-p,position=free)	wat	
doen	VRB(finiteness=fin,tense=pres)	doen	
de	PD(type=d-p,subtype=art,position=prenom)	de	
tooveraars	NOU-C(number=pl)	tovenaar	
toen	ADV(type=reg)	toen	
,	PC	,	
en	CONJ(type=coor)	en	
de	PD(type=d-p,subtype=art,position=prenom)	de	
tooverheksen	NOU-C(number=pl)	toverheks	
?	PC	?	
Hewel	INT	awel	
ze	PD(type=pers,position=free)	zij	
hebben	VRB(finiteness=fin,tense=pres)	hebben	
de	PD(type=d-p,subtype=art,position=prenom)	de	
wonderlyke	AA(degree=pos,position=prenom)	wonderlijk	
macht	NOU-C(number=sg)	macht	
,	PC	,	
zeggen	VRB(finiteness=fin,tense=pres)	zeggen	
die	PD(type=d-p,subtype=oth,position=prenom)	die	
wonderlyke	AA(degree=pos,position=prenom)	wonderlijk	
philosophen	NOU-C(number=pl)	filosoof	
van	ADP(type=pre)	van	
achterwaards	ADV(type=reg)	achterwaarts	
's	PD(type=d-p,subtype=art,position=prenom)	de	
jaars	NOU-C(number=sg)	jaar	
,	PC	,	
de	PD(type=d-p,subtype=art,position=prenom)	de	
macht	NOU-C(number=sg)	macht	
van	ADP(type=pre)	van	
hun	PD(type=poss,position=prenom)	hun	
eigen	NOU-C(number=sg)	eigen	
te	ADP(type=pre)	te	
verbergen	VRB(finiteness=inf)	verbergen	
onder	ADP(type=pre)	onder	
een	PD(type=indef,subtype=art,position=prenom)	een	
wulvenvel	NOU-C(number=sg)	wolfsvel	
,	PC	,	
en	CONJ(type=coor)	en	
't	PD(type=pers,position=free)	het	
worden	VRB(finiteness=fin,tense=pres)	worden	
"	PC	"	
weerwulven	NOU-C(number=pl)	weerwolf	
",	PC	",	
ofwel	CONJ(type=coor)	ofwel	
,	PC	,	
nog	ADV(type=reg)	nog	
beter	AA(degree=comp,position=free)	beter	
,	PC	,	
ze	PD(type=pers,position=free)	zij	
gaan	VRB(finiteness=fin,tense=pres)	gaan	
en	CONJ(type=coor)	en	
ze	PD(type=pers,position=free)	zij	
veranderen	VRB(finiteness=fin,tense=pres)	veranderen	
in	ADP(type=pre)	in	
kraayen	NOU-C(number=pl)	kraai	
en	CONJ(type=coor)	en	
aksters	NOU-C(number=pl)	ekster	
en	CONJ(type=coor)	en	
raven	NOU-C(number=pl)	raaf	
,	PC	,	



De	PD(type=d-p,subtype=art,position=prenom)	de	
weerwolf	NOU-C(number=sg)	weerwolf	
…	PC	…	
doorloopt	VRB(finiteness=fin,tense=pres)	doorlopen	
de	PD(type=d-p,subtype=art,position=prenom)	de	
bosschen	NOU-C(number=pl)	bos	
,	PC	,	
mensch	NOU-C(number=sg)	mens	
en	CONJ(type=coor)	en	
dier	NOU-C(number=sg)	dier	
staat	VRB(finiteness=fin,tense=pres)	blootstaan	mw_246421
aan	ADP(type=pre)	aan	
zijnen	PD(type=poss,position=prenom)	zijn	
beet	NOU-C(number=sg)	beet	
en	CONJ(type=coor)	en	
razernij	NOU-C(number=sg)	razernij	
bloot	VRB(finiteness=fin,tense=pres)	blootstaan	mw_246421
;	PC	;	
bijzonder	AA(degree=pos,position=free)	bijzonder	
vrouwen	NOU-C(number=pl)	vrouw	
en	CONJ(type=coor)	en	
kinderen	NOU-C(number=pl)	kind	
,	PC	,	
die	PD(type=d-p,position=free)	die	
hij	PD(type=pers,position=free)	hij	
,	PC	,	
door	ADP(type=pre)	door	
zijne	PD(type=poss,position=prenom)	zijn	
gaaf	NOU-C(number=sg)	gave	
om	ADP(type=pre)	om	
het	PD(type=d-p,subtype=art,position=prenom)	het	
kindergeschrei	NOU-C(number=sg)	kindergeschrei	
na	VRB(finiteness=inf)	nabootsen	mw_193174
te	ADP(type=pre)	te	
bootsen	VRB(finiteness=inf)	nabootsen	mw_193174
,	PC	,	
naar	ADP(type=pre)	naar	
afgelegene	AA(degree=pos,position=prenom)	afgelegen	
plaatsen	NOU-C(number=pl)	plaats	
lokt	VRB(finiteness=fin,tense=pres)	lokken	
en	CONJ(type=coor)	en	
verscheurt	VRB(finiteness=fin,tense=pres)	verscheuren	
,	PC	,	



De			
weesjongens	RES(type=for)	weesjongens	
scille	RES(type=for)	scille	
wol	RES(type=for)	wol	
for	RES(type=for)	for	
ús	RES(type=for)	ús	
bidde	RES(type=for)	bidde	
.	PC	.	
Gezegd	VRB(finiteness=pastpart)	zeggen	
als	CONJ(type=sub)	als	
men	PD(type=pers,position=free)	men	
meent	VRB(finiteness=fin,tense=pres)	menen	
voor	ADP(type=pre)	voor	
een	PD(type=indef,subtype=art,position=prenom)	een	
keer	NOU-C(number=sg)	keer	
het	PD(type=d-p,subtype=art,position=prenom)	het	
bidden	NOU-C(number=sg)	bidden	
voor	ADP(type=pre)	voor	
het	PD(type=d-p,subtype=art,position=prenom)	het	
eten	NOU-C(number=sg)	eten	
te	ADP(type=pre)	te	
kunnen	VRB(finiteness=inf)	kunnen	
nalaten	VRB(finiteness=inf)	nalaten	
,	PC	,	
omdat	CONJ(type=sub)	omdat	
de	PD(type=d-p,subtype=art,position=prenom)	de	
weesjongens	NOU-C(number=pl)	weesjongen	
dit	PD(type=d-p,position=free)	dit	
zeker	AA(degree=pos,position=free)	zeker	
niet	ADV(type=reg)	niet	
zullen	VRB(finiteness=fin,tense=pres)	zullen	
doen	VRB(finiteness=inf)	doen	
,	PC	,	



Het	PD(type=d-p,subtype=art,position=prenom)	het	
wegkrijgen	NOU-C(number=sg)	wegkrijgen	
,	PC	,	
is	VRB(finiteness=fin,tense=pres)	zijn	
,	PC	,	
onpasselijk	AA(degree=pos,position=free)	onpasselijk	
,	PC	,	
aangedaan	AA(degree=pos,position=free)	aangedaan	
,	PC	,	
verliefd	AA(degree=pos,position=free)	verliefd	
enz.	ADV(type=reg,WF=abbr)|ADV(type=reg,WF=abbr)	enzovoort|enzovoorts	
worden	VRB(finiteness=inf)	worden	
…	PC	…	
Het	PD(type=d-p,subtype=art,position=prenom)	het	
spek	NOU-C(number=sg)	spek	
wegkrijgen	VRB(finiteness=inf)	wegkrijgen	
,	PC	,	
is	VRB(finiteness=fin,tense=pres)	zijn	
genoegzaam	AA(degree=pos,position=free)	genoegzaam	
hetzelfde	PD(type=d-p,position=free)	hetzelfde	
,	PC	,	



Wreevle	AA(degree=pos,position=prenom)	wrevel	
slaven	NOU-C(number=pl)	slaaf	
Verheffen	VRB(finiteness=fin,tense=pres)	verheffen	
tegen	ADP(type=pre)	tegen	
ons	PD(type=pers,position=free)	wij	
hun	PD(type=poss,position=prenom)	hun	
trotsche	AA(degree=pos,position=prenom)	trots	
legerstaven	NOU-C(number=pl)	legerstaf	
!	PC	!	
Pinéhel	NOU-P	Pinéhel	
,	PC	,	
Fuäl	NOU-P	Fuäl	
,	PC	,	
en	CONJ(type=coor)	en	
gy	PD(type=pers,position=free)	gij	
allen	PD(type=indef,position=free)	al	
,	PC	,	
ziet	VRB(finiteness=fin,tense=pres)	aanzien	mw_677818
gy	PD(type=pers,position=free)	gij	
't	PD(type=pers,position=free)	het	
aan	VRB(finiteness=fin,tense=pres)	aanzien	mw_677818
,	PC	,	
En	CONJ(type=coor)	en	
wachten	VRB(finiteness=fin,tense=pres)	wachten	
we	PD(type=pers,position=free)	wij	
,	PC	,	
uit	ADP(type=pre)	uit	
de	PD(type=d-p,subtype=art,position=prenom)	de	
lucht	NOU-C(number=sg)	lucht	
hen	PD(type=pers,position=free)	zij	
ijlings	ADV(type=reg)	ijlings	
neêr	VRB(finiteness=inf)	nederslaan	mw_598973
te	ADP(type=pre)	te	
slaan	VRB(finiteness=inf)	nederslaan	mw_598973
?	PC	?	



Lauweren	NOU-C(number=pl)	lauwer	
,	PC	,	
in	ADP(type=pre)	in	
het	PD(type=d-p,subtype=art,position=prenom)	het	
veld	NOU-C(number=sg)	veld	
der	PD(type=d-p,subtype=art,position=prenom)	de	
…	PC	…	
letteren	NOU-C(number=pl)	letter	
bevochten	VRB(finiteness=pastpart)	bevochten	
,	PC	,	



Wegdrijven	VRB(finiteness=inf)	wegdrijven	
,	PC	,	
…	PC	…	
auf	RES(type=for)	auf	
dem	RES(type=for)	dem	
Wasser	RES(type=for)	wasser	
treibend	RES(type=for)	treibend	
sich	RES(type=for)	sich	
entfernen	RES(type=for)	entfernen	
,	PC	,	



Als	CONJ(type=sub)	als	
ge	PD(type=pers,position=free)	gij	
,	PC	,	
in	ADP(type=pre)	in	
't	PD(type=d-p,subtype=art,position=prenom)	het	
genot	NOU-C(number=sg)	genot	
verward	VRB(finiteness=pastpart)	verwarren	
en	CONJ(type=coor)	en	
van	ADP(type=pre)	van	
gevoel	NOU-C(number=sg)	gevoel	
bewogen	VRB(finiteness=pastpart)	bewegen	
,	PC	,	
Het	PD(type=pers,position=free)	het	
wegdrukt	VRB(finiteness=fin,tense=pres)	wegdrukken	
aan	ADP(type=pre)	aan	
uw	PD(type=poss,position=prenom)	uw	
borst	NOU-C(number=sg)	borst	
en	CONJ(type=coor)	en	
spiegelt	VRB(finiteness=fin,tense=pres)	spiegelen	
in	ADP(type=pre)	in	
uwe	PD(type=poss,position=prenom)	uw	
oogen	NOU-C(number=pl)	oog	
,	PC	,	



Wegenis	NOU-C(number=sg)	wegenis	
,	PC	,	
een	PD(type=indef,subtype=art,position=prenom)	een	
nieuwbakken	AA(degree=pos,position=prenom)	nieuwbakken	
woord	NOU-C(number=sg)	woord	
veel	ADV(type=reg)	veel	
in	ADP(type=pre)	in	
de	PD(type=d-p,subtype=art,position=prenom)	de	
dagbladen	NOU-C(number=pl)	dagblad	
gebezigd	VRB(finiteness=pastpart)	bezigen	
voor	ADP(type=pre)	voor	
het	PD(type=d-p,subtype=art,position=prenom)	het	
fr.	NOU-P(WF=abbr)	Frans	
voierie	RES(type=for)	voierie	
,	PC	,	
toezicht	NOU-C(number=sg)	toezicht	
der	PD(type=d-p,subtype=art,position=prenom)	de	
openbare	AA(degree=pos,position=prenom)	openbaar	
wegen	NOU-C(number=pl)	weg	
,	PC	,	
wegopzienersampt	NOU-C(number=sg)	wegopzienersambt	
,	PC	,	



Wegge	NOU-C(number=sg)	wegge	
zie	VRB(finiteness=fin,tense=pres)	zien	
ik	PD(type=pers,position=free)	ik	
vertaald	VRB(finiteness=pastpart)	vertalen	
panis	RES(type=for)	panis	
albus	RES(type=for)	albus	
bij	ADP(type=pre)	bij	
REITZ	NOU-P	Reitz	
,	PC	,	
Belga	RES(type=for)	belga	
Graeciss.	RES(type=for,WF=abbr)	graecissans	
p.	NOU-C(number=sg,WF=abbr)	pagina	
295	NUM(type=card,position=postnom,representation=dig)	295	
,	PC	,	
en	CONJ(type=coor)	en	
inderdaad	ADV(type=reg)	inderdaad	
noemde	VRB(finiteness=fin,tense=past)	noemen	
men	PD(type=pers,position=free)	men	
nog	ADV(type=reg)	nog	
voor	ADP(type=pre)	voor	
eenige	PD(type=indef,subtype=oth,position=prenom)	enig	
jaren	NOU-C(number=pl)	jaar	
te	ADP(type=pre)	te	
's	NOU-P	's-Hertogenbosch	mw_755867
Hertogenbosch	NOU-P	's-Hertogenbosch	mw_755867
aldus	ADV(type=reg)	aldus	
langwerpige	AA(degree=pos,position=prenom)	langwerpig	
,	PC	,	
aan	ADP(type=pre)	aan	
elkander	PD(type=recip,position=free)	elkander	
gebakkene	AA(degree=pos,position=prenom)	gebakken	
witte	AA(degree=pos,position=prenom)	wit	
brooden	NOU-C(number=pl)	brood	
,	PC	,	



Wat	PD(type=w-p,position=free)	wat	
de	PD(type=d-p,subtype=art,position=prenom)	de	
groenlanden	NOU-C(number=pl)	groenland	
betreft	VRB(finiteness=fin,tense=pres)	betreffen	
,	PC	,	
loopt	VRB(finiteness=fin,tense=pres)	lopen	
de	PD(type=d-p,subtype=art,position=prenom)	de	
huurprijs	NOU-C(number=sg)	huurprijs	
in	ADP(type=pre)	in	
jaren	NOU-C(number=pl)	jaar	
,	PC	,	
dat	CONJ(type=sub)	dat	
de	PD(type=d-p,subtype=art,position=prenom)	de	
klaver	NOU-C(number=sg)	klaver	
niet	ADV(type=reg)	niet	
goed	AA(degree=pos,position=free)	goed	
is	VRB(finiteness=fin,tense=pres)	zijn	
aangeslagen	VRB(finiteness=pastpart)	aanslaan	
of	CONJ(type=coor)	of	
door	ADP(type=pre)	door	
de	PD(type=d-p,subtype=art,position=prenom)	de	
vorst	NOU-C(number=sg)	vorst	
is	VRB(finiteness=fin,tense=pres)	zijn	
weggenomen	VRB(finiteness=pastpart)	wegnemen	
,	PC	,	
soms	ADV(type=reg)	soms	
vrij	AA(degree=pos,position=free)	vrij	
hoog	AA(degree=pos,position=free)	hoog	
,	PC	,	



Het	PD(type=d-p,subtype=art,position=prenom)	het	
fraaije	AA(degree=pos,position=prenom)	fraai	
saizoen	NOU-C(number=sg)	seizoen	
,	PC	,	
de	PD(type=d-p,subtype=art,position=prenom)	de	
aangename	AA(degree=pos,position=prenom)	aangenaam	
bloementijd	NOU-C(number=sg)	bloementijd	
,	PC	,	
de	PD(type=d-p,subtype=art,position=prenom)	de	
lange	AA(degree=pos,position=prenom)	lang	
dagen	NOU-C(number=pl)	dag	
zijn	VRB(finiteness=fin,tense=pres)	zijn	
voorbij	ADV(type=reg)	voorbij	
.	PC	.	
Die	PD(type=d-p,position=free)	die	
zich	PD(type=refl,position=free)	zich	
reeds	ADV(type=reg)	reeds	
gewend	VRB(finiteness=pastpart)	wennen	
hebben	VRB(finiteness=fin,tense=pres)	hebben	
,	PC	,	
om	ADP(type=pre)	om	
,	PC	,	
bij	ADP(type=pre)	bij	
het	PD(type=d-p,subtype=art,position=prenom)	het	
maken	NOU-C(number=sg)	maken	
harer	PD(type=poss,position=prenom)	haar	
bloemen	NOU-C(number=pl)	bloem	
de	PD(type=d-p,subtype=art,position=prenom)	de	
Natuur	NOU-C(number=sg)	natuur	
tot	ADP(type=pre)	tot	
leidsvrouw	NOU-C(number=sg)	leidsvrouw	
te	ADP(type=pre)	te	
kiezen	VRB(finiteness=inf)	kiezen	
,	PC	,	
moeten	VRB(finiteness=fin,tense=pres)	moeten	
deze	PD(type=d-p,position=free)	deze	
nu	ADV(type=reg)	nu	
missen	VRB(finiteness=inf)	missen	
,	PC	,	
en	CONJ(type=coor)	en	
zien	VRB(finiteness=fin,tense=pres)	afzien	mw_967259
welligt	ADV(type=reg)	wellicht	
voor	ADP(type=pre)	voor	
eenige	PD(type=indef,subtype=oth,position=prenom)	enig	
maanden	NOU-C(number=pl)	maand	
van	ADP(type=pre)	van	
dezen	PD(type=d-p,subtype=oth,position=prenom)	deze	
wegslependen	AA(degree=pos,position=prenom)	wegslepend	
arbeid	NOU-C(number=sg)	arbeid	
af	VRB(finiteness=fin,tense=pres)	afzien	mw_967259
,	PC	,	



Na	CONJ(type=sub)	nadat	mw_531580
dat	CONJ(type=sub)	nadat	mw_531580
de	PD(type=d-p,subtype=art,position=prenom)	de	
twee	NUM(type=card,position=prenom,representation=let)	twee	
legers	NOU-C(number=pl)	leger	
byna	ADV(type=reg)	bijna	
tot	ADP(type=pre)	tot	
niets	PD(type=indef,position=free)	niets	
weggesmolten	VRB(finiteness=pastpart)	wegsmelten	
waren	VRB(finiteness=fin,tense=past)	zijn	
,	PC	,	
keerden	VRB(finiteness=fin,tense=past)	terugkeren	mw_812530
de	PD(type=d-p,subtype=art,position=prenom)	de	
meeste	AA(degree=sup,position=prenom)	meest	
vorsten	NOU-C(number=pl)	vorst	
en	CONJ(type=coor)	en	
graven	NOU-C(number=pl)	graf	
naer	ADP(type=pre)	naar	
hun	PD(type=poss,position=prenom)	hun	
vaderland	NOU-C(number=sg)	vaderland	
terug	VRB(finiteness=fin,tense=past)	terugkeren	mw_812530
,	PC	,	



Die	PD(type=d-p,subtype=oth,position=prenom)	die	
heeren	NOU-C(number=pl)	heer	
verzoeken	VRB(finiteness=fin,tense=pres)	verzoeken	
u	PD(type=pers,position=free)	u	
zoo	ADV(type=reg)	zo	
vriendelyk	AA(degree=pos,position=free)	vriendelijk	
dit	PD(type=d-p,subtype=oth,position=prenom)	dit	
liedeken	NOU-C(number=sg)	liedje	
nog	ADV(type=reg)	nog	
eens	ADV(type=reg)	eens	
te	ADP(type=pre)	te	
zingen	VRB(finiteness=inf)	zingen	
,	PC	,	
en	CONJ(type=coor)	en	
gy	PD(type=pers,position=free)	gij	
zyt	VRB(finiteness=fin,tense=pres)	zijn	
onbeleefd	AA(degree=pos,position=free)	onbeleefd	
genoeg	ADV(type=reg)	genoeg	
om	ADP(type=pre)	om	
te	ADP(type=pre)	te	
weigeren	VRB(finiteness=inf)	weigeren	
!	PC	!	
Gy	PD(type=pers,position=free)	gij	
moet	VRB(finiteness=fin,tense=pres)	moeten	
uwe	PD(type=poss,position=prenom)	uw	
stem	NOU-C(number=sg)	stem	
niet	ADV(type=reg)	niet	
wegsteken	VRB(finiteness=inf)	wegsteken	
,	PC	,	
meisken	NOU-C(number=sg)	meisje	
;	PC	;	
zy	PD(type=pers,position=free)	zij	
mag	VRB(finiteness=fin,tense=pres)	mogen	
gehoord	VRB(finiteness=pastpart)	horen	
worden	VRB(finiteness=inf)	worden	
,	PC	,	



De	PD(type=d-p,subtype=art,position=prenom)	de	
woedende	AA(degree=pos,position=prenom)	woedend	
Willem	NOU-P	Willem	
stiet	VRB(finiteness=fin,tense=past)	wegstoten	mw_820868
Mynheer	NOU-C(number=sg)	mijnheer	
Standel	NOU-P	Standel	
van	ADP(type=pre)	van	
zich	PD(type=refl,position=free)	zich	
weg	VRB(finiteness=fin,tense=past)	wegstoten	mw_820868
,	PC	,	
wierp	VRB(finiteness=fin,tense=past)	werpen	
de	PD(type=d-p,subtype=art,position=prenom)	de	
brieventesch	NOU-C(number=sg)	brieventas	
op	ADP(type=pre)	op	
den	PD(type=d-p,subtype=art,position=prenom)	de	
grond	NOU-C(number=sg)	grond	
en	CONJ(type=coor)	en	
vertrapte	VRB(finiteness=fin,tense=past)	vertrappen	
ze	PD(type=pers,position=free)	zij	
met	ADP(type=pre)	met	
de	PD(type=d-p,subtype=art,position=prenom)	de	
voeten	NOU-C(number=pl)	voet	
,	PC	,	



Ik	PD(type=pers,position=free)	ik	
…	PC	…	
meende	VRB(finiteness=fin,tense=past)	menen	
…	PC	…	
genoegzaam	AA(degree=pos,position=free)	genoegzaam	
beveiligd	VRB(finiteness=pastpart)	beveiligen	
te	ADP(type=pre)	te	
zijn	VRB(finiteness=inf)	zijn	
door	ADP(type=pre)	door	
den	PD(type=d-p,subtype=art,position=prenom)	de	
kneppel	NOU-C(number=sg)	kneppel	
,	PC	,	
dien	PD(type=d-p,position=free)	die	
ik	PD(type=pers,position=free)	ik	
over	ADP(type=pre)	over	
den	PD(type=d-p,subtype=art,position=prenom)	de	
rechterschouder	NOU-C(number=sg)	rechterschouder	
droeg	VRB(finiteness=fin,tense=past)	dragen	
,	PC	,	



Aan	ADP(type=pre)	aan	
het	PD(type=d-p,subtype=art,position=prenom)	het	
bovenste	AA(degree=sup,position=prenom)	bovenst	
eind	NOU-C(number=sg)	einde	
heeft	VRB(finiteness=fin,tense=pres)	hebben	
zij	PD(type=pers,position=free)	zij	
een	PD(type=indef,subtype=art,position=prenom)	een	
scherp	AA(degree=pos,position=prenom)	scherp	
puntje	NOU-C(number=sg)	puntje	
,	PC	,	
't	PD(type=d-p,position=free)	hetgeen	mw_793289
geen	PD(type=d-p,position=free)	hetgeen	mw_793289
de	PD(type=d-p,subtype=art,position=prenom)	de	
bloeisem	NOU-C(number=sg)	bloesem	
weggestoten	VRB(finiteness=pastpart)	wegstoten	
heeft	VRB(finiteness=fin,tense=pres)	hebben	
,	PC	,	



Naauwelijks	ADV(type=reg)	nauwelijks	
eenige	PD(type=indef,subtype=oth,position=prenom)	enig	
schreden	NOU-C(number=pl)	schrede	
gedaan	VRB(finiteness=pastpart)	doen	
hebbende	VRB(finiteness=prespart)	hebben	
,	PC	,	
hoorde	VRB(finiteness=fin,tense=past)	horen	
hij	PD(type=pers,position=free)	hij	
den	PD(type=d-p,subtype=art,position=prenom)	de	
tijger	NOU-C(number=sg)	tijger	
zich	PD(type=refl,position=free)	zich	
bewegen	VRB(finiteness=inf)	bewegen	
.	PC	.	
Zich	PD(type=refl,position=free)	zich	
hierop	ADV(type=pron)	hierop	
reeds	ADV(type=reg)	reeds	
verloren	VRB(finiteness=pastpart)	verliezen	
achtende	VRB(finiteness=prespart)	achten	
,	PC	,	
had	VRB(finiteness=fin,tense=past)	hebben	
hij	PD(type=pers,position=free)	hij	
,	PC	,	
ten	CONJ(type=sub)	teneinde	mw_340604
einde	CONJ(type=sub)	teneinde	mw_340604
zich	PD(type=refl,position=free)	zich	
te	ADV(type=reg)	te	
beter	AA(degree=comp,position=free)	beter	
te	ADP(type=pre)	te	
kunnen	VRB(finiteness=inf)	kunnen	
redden	VRB(finiteness=inf)	redden	
,	PC	,	
zijn	PD(type=poss,position=prenom)	zijn	
geweer	NOU-C(number=sg)	geweer	
weg	VRB(finiteness=pastpart)	wegwerpen	mw_236796
geworpen	VRB(finiteness=pastpart)	wegwerpen	mw_236796
,	PC	,	



Hij	PD(type=pers,position=free)	hij	
spreekt	VRB(finiteness=fin,tense=pres)	spreken	
…	PC	…	
en	CONJ(type=coor)	en	
wendt	VRB(finiteness=fin,tense=pres)	wenden	
zich	PD(type=refl,position=free)	zich	
ras	AA(degree=pos,position=free)	ras	
Naar	ADP(type=pre)	naar	
't	PD(type=d-p,subtype=art,position=prenom)	het	
oord	NOU-C(number=sg)	oord	
,	PC	,	
waar	ADV(type=reg)	waar	
't	PD(type=d-p,subtype=art,position=prenom)	het	
meerendeel	NOU-C(number=sg)	merendeel	
der	PD(type=d-p,subtype=art,position=prenom)	de	
magre	AA(degree=pos,position=prenom)	mager	
zwijnen	NOU-C(number=pl)	zwijn	
was	VRB(finiteness=fin,tense=past)	zijn	
.	PC	.	
Hij	PD(type=pers,position=free)	hij	
neemt	VRB(finiteness=fin,tense=pres)	nemen	
en	CONJ(type=coor)	en	
weit	VRB(finiteness=fin,tense=pres)	weiden	
er	ADV(type=reg)	er	
twee	NUM(type=card,position=free,representation=let)	twee	
en	CONJ(type=coor)	en	
doet	VRB(finiteness=fin,tense=pres)	doen	
zijn	PD(type=poss,position=prenom)	zijn	
haardsteê	NOU-C(number=sg)	haardstede	
rooken	VRB(finiteness=inf)	roken	
,	PC	,	



De	PD(type=d-p,subtype=art,position=prenom)	de	
weldadigheid	NOU-C(number=sg)	weldadigheid	
van	ADP(type=pre)	van	
Baron	NOU-C(number=sg)	baron	
de	NOU-P	De Pret	mw_370490
Pret	NOU-P	De Pret	mw_370490
liet	VRB(finiteness=fin,tense=past)	toelaten	mw_470998
aen	ADP(type=pre)	aan	
Frans	NOU-P	Frans	
toe	VRB(finiteness=fin,tense=past)	toelaten	mw_470998
,	PC	,	
zyne	PD(type=poss,position=prenom)	zijn	
studiën	NOU-C(number=pl)	studie	
zonder	ADP(type=pre)	zonder	
hartzeer	NOU-C(number=sg)	hartzeer	
te	ADP(type=pre)	te	
vervoorderen	VRB(finiteness=inf)	vervorderen	
,	PC	,	



Betje	NOU-P	Betje	
Uljé	NOU-P	Uljé	
en	CONJ(type=coor)	en	
Mama	NOU-C(number=sg)	mama	
hielden	VRB(finiteness=fin,tense=past)	vasthouden	mw_468452
heur	PD(type=poss,position=prenom)	haar	
hart	NOU-C(number=sg)	hart	
vast	VRB(finiteness=fin,tense=past)	vasthouden	mw_468452
,	PC	,	
dat	CONJ(type=sub)	dat	
de	PD(type=d-p,subtype=art,position=prenom)	de	
logika	NOU-C(number=sg)	logica	
der	PD(type=d-p,subtype=art,position=prenom)	de	
kinderen	NOU-C(number=pl)	kind	
de	PD(type=d-p,subtype=art,position=prenom)	de	
weldoende	AA(degree=pos,position=prenom)	weldoend	
fabel	NOU-C(number=sg)	fabel	
die	PD(type=d-p,position=free)	die	
het	PD(type=d-p,subtype=art,position=prenom)	het	
straffen	NOU-C(number=sg)	straffen	
en	CONJ(type=coor)	en	
beloonen	NOU-C(number=sg)	belonen	
zoo	ADV(type=reg)	zoveel	mw_738140
veel	ADV(type=reg)	zoveel	mw_738140
vruchtbaarder	AA(degree=comp,position=free)	vruchtbaar	
maakt	VRB(finiteness=fin,tense=pres)	maken	
,	PC	,	
geheel	AA(degree=pos,position=free)	geheel	
onttakelen	VRB(finiteness=inf)	onttakelen	
zoû	VRB(finiteness=fin,tense=past)	zullen	
,	PC	,	



Welkom	INT	welkom	
,	PC	,	
minlijke	AA(degree=pos,position=prenom)	minnelijk	
avondsterre	NOU-C(number=sg)	avondster	
,	PC	,	
Aan	ADP(type=pre)	aan	
de	PD(type=d-p,subtype=art,position=prenom)	de	
blaauwe	AA(degree=pos,position=prenom)	blauw	
hemeltin	NOU-C(number=sg)	hemeltin	
!	PC	!	



Vondels	NOU-P	Vondel	
muse	NOU-C(number=sg)	muze	
zong	VRB(finiteness=fin,tense=past)	toezingen	mw_334861
…	PC	…	
den	PD(type=d-p,subtype=art,position=prenom)	de	
jongen	AA(degree=pos,position=prenom)	jong	
Willem	NOU-P	Willem	
van	ADP(type=pre)	van	
Oranje	NOU-P	Oranje	
het	PD(type=d-p,subtype=art,position=prenom)	het	
eerste	NUM(type=ord,position=prenom,representation=let)	eerste	
welkom	NOU-C(number=sg)	welkom	
in	ADP(type=pre)	in	
het	PD(type=d-p,subtype=art,position=prenom)	het	
leven	NOU-C(number=sg)	leven	
toe	VRB(finiteness=fin,tense=past)	toezingen	mw_334861
,	PC	,	



Had	VRB(finiteness=fin,tense=past)	hebben	
Engeland	NOU-P	Engeland	
…	PC	…	
misslagen	NOU-C(number=pl)	misslag	
begaan	VRB(finiteness=pastpart)	begaan	
,	PC	,	
het	PD(type=pers,position=free)	het	
ware	VRB(finiteness=fin,tense=past)	zijn	
niet	ADV(type=reg)	niet	
bevreemdend	AA(degree=pos,position=free)	bevreemdend	
geweest	VRB(finiteness=pastpart)	zijn	
,	PC	,	



Het	PD(type=pers,position=free)	het	
regent	VRB(finiteness=fin,tense=pres)	regenen	
,	PC	,	
regent	VRB(finiteness=fin,tense=pres)	regenen	
,	PC	,	
jongens	NOU-C(number=pl)	jongen	
,	PC	,	
Nu	ADV(type=reg)	nu	
is	VRB(finiteness=fin,tense=pres)	zijn	
het	PD(type=pers,position=free)	het	
weder	ADV(type=reg)	weder	
frisch	AA(degree=pos,position=free)	fris	
!	PC	!	
Sa	INT	sa	
roept	VRB(finiteness=fin,tense=pres)	roepen	
maar	ADV(type=reg)	maar	
door	ADP(type=pre)	door	
het	PD(type=d-p,subtype=art,position=prenom)	het	
venster	NOU-C(number=sg)	venster	
Dat	PD(type=d-p,position=free)	dat	
regen	NOU-C(number=sg)	regen	
welkom	AA(degree=pos,position=free)	welkom	
is	VRB(finiteness=fin,tense=pres)	zijn	
!	PC	!	



De	PD(type=d-p,subtype=art,position=prenom)	de	
welwillende	AA(degree=pos,position=prenom)	welwillend	
,	PC	,	
onbekende	AA(degree=pos,position=prenom)	onbekend	
lezer	NOU-C(number=sg)	lezer	
verschoone	VRB(finiteness=fin,tense=pres)	verschonen	
den	PD(type=d-p,subtype=art,position=prenom)	de	
eigenaartigen	AA(degree=pos,position=prenom)	eigenaardig	
vorm	NOU-C(number=sg)	vorm	
van	ADP(type=pre)	van	
dit	PD(type=d-p,subtype=oth,position=prenom)	dit	
opstel	NOU-C(number=sg)	opstel	
,	PC	,	
geschreven	VRB(finiteness=pastpart)	schrijven	
met	ADP(type=pre)	met	
het	PD(type=d-p,subtype=art,position=prenom)	het	
oog	NOU-C(number=sg)	oog	
op	ADP(type=pre)	op	
een	PD(type=indef,subtype=art,position=prenom)	een	
bekend	AA(degree=pos,position=prenom)	bekend	
en	CONJ(type=coor)	en	
genegen	AA(degree=pos,position=prenom)	genegen	
publiek	NOU-C(number=sg)	publiek	
,	PC	,	



Dat	CONJ(type=sub)	dat	
dat	PD(type=d-p,subtype=oth,position=prenom)	dat	
gedeelte	NOU-C(number=sg)	gedeelte	
der	PD(type=d-p,subtype=art,position=prenom)	de	
zonnestralen	NOU-C(number=pl)	zonnestraal	
,	PC	,	
welke	PD(type=w-p,position=free)	welk	
op	ADP(type=pre)	op	
de	PD(type=d-p,subtype=art,position=prenom)	de	
planeten	NOU-C(number=pl)	planeet	
vallen	VRB(finiteness=fin,tense=pres)	vallen	
,	PC	,	
die	PD(type=d-p,position=free)	die	
om	ADP(type=pre)	om	
de	PD(type=d-p,subtype=art,position=prenom)	de	
zon	NOU-C(number=sg)	zon	
wentelen	VRB(finiteness=fin,tense=pres)	wentelen	
,	PC	,	
oneindig	AA(degree=pos,position=free)	oneindig	
klein	AA(degree=pos,position=free)	klein	
is	VRB(finiteness=fin,tense=pres)	zijn	
in	ADP(type=pre)	in	
vergelijking	NOU-C(number=sg)	vergelijking	
van	ADP(type=pre)	van	
het	PD(type=d-p,subtype=art,position=prenom)	het	
aantal	NOU-C(number=sg)	aantal	
dier	PD(type=d-p,subtype=oth,position=prenom)	die	
zonnestralen	NOU-C(number=pl)	zonnestraal	
,	PC	,	
welke	PD(type=w-p,position=free)	welk	
zonder	ADP(type=pre)	zonder	
ophouden	NOU-C(number=sg)	ophouden	
in	ADP(type=pre)	in	
het	PD(type=d-p,subtype=art,position=prenom)	het	
heelal	NOU-C(number=sg)	heelal	
stroomen	VRB(finiteness=fin,tense=pres)	stromen	
,	PC	,	



Overleg	VRB(finiteness=fin,tense=pres)	overleggen	
ondertusschen	ADV(type=reg)	ondertussen	
eens	ADV(type=reg)	eens	
met	ADP(type=pre)	met	
uw	PD(type=poss,position=prenom)	uw	
vrouw	NOU-C(number=sg)	vrouw	
wat	PD(type=w-p,position=free)	wat	
'	PC	'	
er	ADV(type=reg)	er	
dan	ADV(type=reg)	dan	
verder	AA(degree=comp,position=free)	verder	
van	ADP(type=pre)	van	
mij	PD(type=pers,position=free)	ik	
worden	VRB(finiteness=inf)	worden	
moet	VRB(finiteness=fin,tense=pres)	moeten	
;	PC	;	
want	CONJ(type=coor)	want	
ik	PD(type=pers,position=free)	ik	
zelf	PD(type=d-p,position=free)	zelf	
kan	VRB(finiteness=fin,tense=pres)	kunnen	
'	PC	'	
er	ADV(type=pron)	ervan	mw_471419
mij	PD(type=refl,position=free)	mij	
op	ADP(type=pre)	op	
de	PD(type=d-p,subtype=art,position=prenom)	de	
waereld	NOU-C(number=sg)	wereld	
geen	PD(type=indef,subtype=oth,position=prenom)	geen	
begrip	NOU-C(number=sg)	begrip	
van	ADV(type=pron)	ervan	mw_471419
maken	VRB(finiteness=inf)	maken	
,	PC	,	



Wij	PD(type=pers,position=free)	wij	
,	PC	,	
die	PD(type=d-p,position=free)	die	
vroeger	AA(degree=comp,position=free)	vroeg	
in	ADP(type=pre)	in	
het	PD(type=d-p,subtype=art,position=prenom)	het	
bezit	NOU-C(number=sg)	bezit	
van	ADP(type=pre)	van	
den	PD(type=d-p,subtype=art,position=prenom)	de	
wereldhandel	NOU-C(number=sg)	wereldhandel	
waren	VRB(finiteness=fin,tense=past)	zijn	
,	PC	,	



Dat	CONJ(type=sub)	dat	
slechts	ADV(type=reg)	slechts	
bij	ADP(type=pre)	bij	
eenige	PD(type=indef,subtype=oth,position=prenom)	enig	
weinigen	PD(type=indef,position=free)	weinig	
eenig	PD(type=indef,subtype=oth,position=prenom)	enig	
land	NOU-C(number=sg)	land	
,	PC	,	
bij	ADP(type=pre)	bij	
velen	PD(type=indef,position=free)	veel	
zelfs	ADV(type=reg)	zelfs	
maar	ADV(type=reg)	maar	
een	PD(type=indef,subtype=art,position=prenom)	een	
kleinen	AA(degree=pos,position=prenom)	klein	
hoek	NOU-C(number=sg)	hoek	
aan	ADP(type=pre)	aan	
hunne	PD(type=poss,position=prenom)	hun	
woning	NOU-C(number=sg)	woning	
gelegen	VRB(finiteness=pastpart)	liggen	
is	VRB(finiteness=fin,tense=pres)	zijn	
,	PC	,	
hetgeen	PD(type=d-p,position=free)	hetgeen	
zij	PD(type=pers,position=free)	zij	
hun	PD(type=poss,position=prenom)	hun	
werf	NOU-C(number=sg)	werf	
of	CONJ(type=coor)	of	
de	PD(type=d-p,subtype=art,position=prenom)	de	
werf	NOU-C(number=sg)	werf	
noemen	VRB(finiteness=fin,tense=pres)	noemen	
,	PC	,	
…	PC	…	
welke	PD(type=w-p,position=prenom)	welk	
naam	NOU-C(number=sg)	naam	
hier	ADV(type=reg)	hier	
gebruikt	VRB(finiteness=pastpart)	gebruiken	
wordt	VRB(finiteness=fin,tense=pres)	worden	
in	ADP(type=pre)	in	
den	PD(type=d-p,subtype=art,position=prenom)	de	
zin	NOU-C(number=sg)	zin	
van	ADP(type=pre)	van	
een	PD(type=indef,subtype=art,position=prenom)	een	
plek	NOU-C(number=sg)	plek	
gronds	NOU-C(number=sg)	grond	
,	PC	,	
in	ADP(type=pre)	in	
zijn	PD(type=poss,position=prenom)	zijn	
ringsloot	NOU-C(number=sg)	ringsloot	
,	PC	,	
greppel	NOU-C(number=sg)	greppel	
of	CONJ(type=coor)	of	
hegge	NOU-C(number=sg)	heg	
liggende	VRB(finiteness=prespart)	liggen	
,	PC	,	
waarop	ADV(type=pron)	waarop	
dan	ADV(type=reg)	dan	
een	PD(type=indef,subtype=art,position=prenom)	een	
boomgaard	NOU-C(number=sg)	boomgaard	
,	PC	,	
moestuin	NOU-C(number=sg)	moestuin	
,	PC	,	
bleekveld	NOU-C(number=sg)	bleekveld	
,	PC	,	
hooiberg	NOU-C(number=sg)	hooiberg	
,	PC	,	
hooiklamp	NOU-C(number=sg)	hooiklamp	
,	PC	,	
schuur	NOU-C(number=sg)	schuur	
en	CONJ(type=coor)	en	
wagenhok	NOU-C(number=sg)	wagenhok	
staan	VRB(finiteness=inf)	staan	
kan	VRB(finiteness=fin,tense=pres)	kunnen	
,	PC	,	



Wörf	NOU-C(number=sg)	werf	
,	PC	,	
het	PD(type=d-p,subtype=art,position=prenom)	het	
plateau	NOU-C(number=sg)	plateau	
tusschen	ADP(type=pre)	tussen	
de	PD(type=d-p,subtype=art,position=prenom)	de	
huizen	NOU-C(number=pl)	huis	
en	CONJ(type=coor)	en	
het	PD(type=d-p,subtype=art,position=prenom)	het	
strand	NOU-C(number=sg)	strand	
,	PC	,	
waar	ADV(type=reg)	waar	
meest	ADV(type=reg)	meest	
altijd	ADV(type=reg)	altijd	
menschen	NOU-C(number=pl)	mens	
bij	ADP(type=pre)	bij	
goed	AA(degree=pos,position=prenom)	goed	
weer	NOU-C(number=sg)	weder	
staan	VRB(finiteness=fin,tense=pres)	staan	
te	ADP(type=pre)	te	
praten	VRB(finiteness=inf)	praten	
;	PC	;	
ze	PD(type=pers,position=free)	zij	
hebben	VRB(finiteness=fin,tense=pres)	hebben	
van	ADV(type=reg)	vandaar	mw_634223
daar	ADV(type=reg)	vandaar	mw_634223
ruimzigt	AA(degree=pos,position=free)+NOU-C(number=sg)	ruim+zicht	
over	ADP(type=pre)	over	
zee	NOU-C(number=sg)	zee	
.	PC	.	
Bij	ADP(type=pre)	bij	
slecht	AA(degree=pos,position=prenom)	slecht	
weer	NOU-C(number=sg)	weder	
staan	VRB(finiteness=fin,tense=pres)	staan	
of	CONJ(type=coor)	of	
zitten	VRB(finiteness=fin,tense=pres)	zitten	
zij	PD(type=pers,position=free)	zij	
op	ADP(type=pre)	op	
vaste	AA(degree=pos,position=prenom)	vast	
banken	NOU-C(number=pl)	bank	
,	PC	,	
in	ADP(type=pre)	in	
een	PD(type=indef,subtype=art,position=prenom)	een	
daartoe	ADV(type=pron)	daartoe	
expresselijk	AA(degree=pos,position=free)	expresselijk	
gebouwde	AA(degree=pos,position=prenom)	gebouwd	
loods	NOU-C(number=sg)	loods	
of	CONJ(type=coor)	of	
keet	NOU-C(number=sg)	keet	
,	PC	,	
met	ADP(type=pre)	met	
smalle	AA(degree=pos,position=prenom)	smal	
reeten	NOU-C(number=pl)	reet	
naar	ADP(type=pre)	naar	
den	PD(type=d-p,subtype=art,position=prenom)	de	
zeekant	NOU-C(number=sg)	zeekant	
,	PC	,	
die	PD(type=d-p,position=free)	die	
met	ADP(type=pre)	met	
schuiven	NOU-C(number=pl)	schuif	
gesloten	VRB(finiteness=pastpart)	sluiten	
worden	VRB(finiteness=fin,tense=pres)	worden	
:	PC	:	
dat	PD(type=d-p,position=free)	dat	
noemt	VRB(finiteness=fin,tense=pres)	noemen	
men	PD(type=pers,position=free)	men	
het	PD(type=d-p,subtype=art,position=prenom)	het	
klaphuis	NOU-C(number=sg)	klaphuis	
,	PC	,	



Ik	PD(type=pers,position=free)	ik	
…	PC	…	
voel	VRB(finiteness=fin,tense=pres)	voelen	
me	PD(type=refl,position=free)	mij	
volkomen	AA(degree=pos,position=free)	volkomen	
in-staat	ADP(type=pre)+NOU-C(number=sg)	in+staat	
haar	PD(type=pers,position=free)	zij	
met	ADP(type=pre)	met	
bewyzen	NOU-C(number=pl)	bewijs	
te	ADP(type=pre)	te	
staven	VRB(finiteness=inf)	staven	
,	PC	,	



Ik	PD(type=pers,position=free)	ik	
ga	VRB(finiteness=fin,tense=pres)	voortgaan	mw_855269
voort	VRB(finiteness=fin,tense=pres)	voortgaan	mw_855269
met	ADP(type=pre)	met	
m'n	PD(type=poss,position=prenom)	mijn	
vertelling	NOU-C(number=sg)	vertelling	
,	PC	,	
na	ADP(type=pre)	na	
eerst	ADV(type=reg)	eerst	
de	PD(type=d-p,subtype=art,position=prenom)	de	
protestanten	NOU-C(number=pl)	protestant	
te	ADP(type=pre)	te	
hebben	VRB(finiteness=inf)	hebben	
uitgenoodigd	VRB(finiteness=pastpart)	uitnodigen	
,	PC	,	
de	PD(type=d-p,subtype=art,position=prenom)	de	
werking	NOU-C(number=sg)	werking	
van	ADP(type=pre)	van	
't	PD(type=d-p,subtype=art,position=prenom)	het	
katholicismus	NOU-C(number=sg)	katholicismus	
te	ADP(type=pre)	te	
gaan	VRB(finiteness=inf)	gaan	
waarnemen	VRB(finiteness=inf)	waarnemen	
in	ADP(type=pre)	in	
katholieke	AA(degree=pos,position=prenom)	katholiek	
landen	NOU-C(number=pl)	land	
,	PC	,	



Ongewapend	AA(degree=pos,position=free)	ongewapend	
en	CONJ(type=coor)	en	
onërvaren	AA(degree=pos,position=free)	onervaren	
treedt	VRB(finiteness=fin,tense=pres)	treden	
de	PD(type=d-p,subtype=art,position=prenom)	de	
mensch	NOU-C(number=sg)	mens	
te	ADV(type=reg)	tevoorschijn	mw_221382
voorschijn	ADV(type=reg)	tevoorschijn	mw_221382
op	ADP(type=pre)	op	
dit	PD(type=d-p,subtype=oth,position=prenom)	dit	
tooneel	NOU-C(number=sg)	toneel	
,	PC	,	
dat	PD(type=d-p,position=free)	dat	
voor	ADP(type=pre)	voor	
zijne	PD(type=poss,position=prenom)	zijn	
werkzaamheid	NOU-C(number=sg)	werkzaamheid	
bestemd	VRB(finiteness=pastpart)	bestemmen	
is	VRB(finiteness=fin,tense=pres)	zijn	
,	PC	,	



—	PC	—	
De	PD(type=d-p,subtype=art,position=prenom)	de	
werkzaamheid	NOU-C(number=sg)	werkzaamheid	
van	ADP(type=pre)	van	
een	PD(type=indef,subtype=art,position=prenom)	een	
middel	NOU-C(number=sg)	middel	
,	PC	,	
geneesmiddel	NOU-C(number=sg)	geneesmiddel	
,	PC	,	
l'efficacité	RES(type=for)	l'efficacité	
d'un	RES(type=for)	d'un	
moyen	RES(type=for)	moyen	
,	PC	,	
d'un	RES(type=for)	d'un	
remède	RES(type=for)	remède	
,	PC	,	



Omtrent	ADP(type=pre)	omtrent	
het	PD(type=d-p,subtype=art,position=prenom)	het	
werpen	NOU-C(number=sg)	werpen	
met	ADP(type=pre)	met	
hand	NOU-C(number=sg)	hand	
-,	PC	-,	
bij	ADP(type=pre)	bij	
wijze	NOU-C(number=sg)	wijze	
van	ADP(type=pre)	van	
spiegelgranaten	NOU-C(number=pl)	spiegelgranaat	
uit	ADP(type=pre)	uit	
den	PD(type=d-p,subtype=art,position=prenom)	de	
mortier	NOU-C(number=sg)	mortier	
van	ADP(type=pre)	van	
20	NUM(type=card,position=prenom,representation=dig)	twintig	
dm	NOU-C(number=sg,WF=abbr)	decimeter	
.,	PC	.,	
hebben	VRB(finiteness=fin,tense=pres)	hebben	
de	PD(type=d-p,subtype=art,position=prenom)	de	
proeven	NOU-C(number=pl)	proef	
met	ADP(type=pre)	met	
dien	PD(type=d-p,subtype=oth,position=prenom)	die	
vuurmond	NOU-C(number=sg)	vuurmond	
…	PC	…	
bewezen	VRB(finiteness=pastpart)	bewijzen	
,	PC	,	
dat	CONJ(type=sub)	dat	



Hij	PD(type=pers,position=free)	hij	
(	PC	(	
moet	VRB(finiteness=fin,tense=pres)	moeten	
)	PC	)	
minder	PD(type=indef,position=free)	minder	
dan	CONJ(type=coor)	dan	
9	NUM(type=card,position=prenom,representation=dig)	negen	
oogen	NOU-C(number=pl)	oog	
werpen	VRB(finiteness=inf)	werpen	
om	ADP(type=pre)	om	
iets	PD(type=indef,position=free)	iets	
te	ADP(type=pre)	te	
winnen	VRB(finiteness=inf)	winnen	
,	PC	,	



De	PD(type=d-p,subtype=art,position=prenom)	de	
hier	ADV(type=reg)	hier	
bedoelde	AA(degree=pos,position=prenom)	bedoeld	
beenders	NOU-C(number=pl)	been	
heeten	VRB(finiteness=fin,tense=pres)	heten	
wervelbeenders	NOU-C(number=pl)	wervelbeen	
,	PC	,	



Ten	ADP(type=pre)+PD(type=d-p,subtype=art,position=prenom)	te+het	
onrecht	NOU-C(number=sg)	onrecht	
heette	VRB(finiteness=fin,tense=past)	heten	
't	PD(type=pers,position=free)	het	
ruggegraat	NOU-C(number=sg)	ruggengraat	
;	PC	;	
't	PD(type=pers,position=free)	het	
Moet	VRB(finiteness=fin,tense=pres)	moeten	
wezen	VRB(finiteness=inf)	wezen	
wervelkolom	NOU-C(number=sg)	wervelkolom	
!	PC	!	
…	PC	…	
De	PD(type=d-p,subtype=art,position=prenom)	de	
rechte	AA(degree=pos,position=prenom)	recht	
naam	NOU-C(number=sg)	naam	
brengt	VRB(finiteness=fin,tense=pres)	brengen	
weinig	PD(type=indef,subtype=oth,position=prenom)	weinig	
baat	NOU-C(number=sg)	baat	
;	PC	;	
Die	PD(type=d-p,position=free)	die	
krom	AA(degree=pos,position=free)	krom	
zijn	VRB(finiteness=fin,tense=pres)	zijn	
blijven	VRB(finiteness=fin,tense=pres)	blijven	
krom	AA(degree=pos,position=free)	krom	
,	PC	,	



Dat	CONJ(type=sub)	dat	
het	PD(type=d-p,subtype=art,position=prenom)	het	
collateraal	NOU-C(number=sg)	collateraal	
zal	VRB(finiteness=fin,tense=pres)	zullen	
moeten	VRB(finiteness=inf)	moeten	
worden	VRB(finiteness=inf)	worden	
bereekend	VRB(finiteness=pastpart)	berekenen	
,	PC	,	
niet	ADV(type=reg)	niet	
naar	ADP(type=pre)	naar	
de	PD(type=d-p,subtype=art,position=prenom)	de	
geëmaneerde	AA(degree=pos,position=prenom)	geëmaneerd	
wetten	NOU-C(number=pl)	wet	
op	ADP(type=pre)	op	
dit	PD(type=d-p,subtype=oth,position=prenom)	dit	
middel	NOU-C(number=sg)	middel	
ter	ADP(type=pre)+PD(type=d-p,subtype=art,position=prenom)	te+de	
plaatze	NOU-C(number=sg)	plaats	
,	PC	,	
alwaar	ADV(type=reg)	alwaar	
de	PD(type=d-p,subtype=art,position=prenom)	de	
goederen	NOU-C(number=pl)	goed	
gelegen	VRB(finiteness=pastpart)	liggen	
zyn	VRB(finiteness=fin,tense=pres)	zijn	
,	PC	,	
maar	CONJ(type=coor)	maar	
na	ADP(type=pre)	na	
de	PD(type=d-p,subtype=art,position=prenom)	de	
hier	ADV(type=reg)	hier	
vigeerende	AA(degree=pos,position=prenom)	vigerend	
orders	NOU-C(number=pl)	order	
op	ADP(type=pre)	op	
dit	PD(type=d-p,subtype=oth,position=prenom)	dit	
stuk	NOU-C(number=sg)	stuk	
,	PC	,	
bereeds	ADV(type=reg,WF=mis)	bereids	
gemaakt	VRB(finiteness=pastpart)	maken	
of	CONJ(type=coor)	of	
nog	ADV(type=reg)	nog	
te	ADP(type=pre)	te	
maken	VRB(finiteness=inf)	maken	
,	PC	,	



Een	PD(type=indef,subtype=art,position=prenom)	een	
bezeild	AA(degree=pos,position=prenom)	bezeild	
vaartuig	NOU-C(number=sg)	vaartuig	
te	ADP(type=pre)	te	
koop	NOU-C(number=sg)	koop	
,	PC	,	
…	PC	…	
tonnenmaat	NOU-C(number=sg)	tonnenmaat	
25	NUM(type=card,position=postnom,representation=dig)	vijfentwintig	
,	PC	,	



Daaruit	ADV(type=pron)	daaruit	
blijkt	VRB(finiteness=fin,tense=pres)	blijken	
dat	CONJ(type=sub)	dat	
de	PD(type=d-p,subtype=art,position=prenom)	de	
wetten	NOU-C(number=pl)	wet	
aangaande	ADP(type=pre)	aangaande	
de	PD(type=d-p,subtype=art,position=prenom)	de	
onafhankelijkheid	NOU-C(number=sg)	onafhankelijkheid	
van	ADP(type=pre)	van	
de	PD(type=d-p,subtype=art,position=prenom)	de	
breedte	NOU-C(number=sg)	breedte	
en	CONJ(type=coor)	en	
de	PD(type=d-p,subtype=art,position=prenom)	de	
evenredigheid	NOU-C(number=sg)	evenredigheid	
van	ADP(type=pre)	van	
het	PD(type=d-p,subtype=art,position=prenom)	het	
trillingsgetal	NOU-C(number=sg)	trillingsgetal	
met	ADP(type=pre)	met	
de	PD(type=d-p,subtype=art,position=prenom)	de	
dikte	NOU-C(number=sg)	dikte	
volkomen	AA(degree=pos,position=free)	volkomen	
ook	ADV(type=reg)	ook	
voor	ADP(type=pre)	voor	
stemvorken	NOU-C(number=pl)	stemvork	
doorgaan	VRB(finiteness=fin,tense=pres)	doorgaan	
,	PC	,	



Door	ADP(type=pre)	door	
al	PD(type=indef,position=free)	al	
de	PD(type=d-p,subtype=art,position=prenom)	de	
trekken	NOU-C(number=pl)	trek	
op	ADP(type=pre)	op	
één	NUM(type=card,position=free,representation=let)	een	
na	VRB(finiteness=inf)	namaken	mw_686763
te	ADP(type=pre)	te	
maken	VRB(finiteness=inf)	namaken	mw_686763
,	PC	,	
telde	VRB(finiteness=fin,tense=past)	tellen	
men	PD(type=pers,position=free)	men	
zes	NUM(type=card,position=prenom,representation=let)	zes	
punten	NOU-C(number=pl)	punt	
en	CONJ(type=coor)	en	
,	PC	,	
had	VRB(finiteness=fin,tense=past)	hebben	
men	PD(type=pers,position=free)	men	
er	ADV(type=pron)	erbij	mw_748375
de	PD(type=d-p,subtype=art,position=prenom)	de	
vier	NUM(type=card,position=prenom,representation=let)	vier	
honneurs	NOU-C(number=pl)	honneur	
bij	ADV(type=pron)	erbij	mw_748375
,	PC	,	
dan	ADV(type=reg)	dan	
kon	VRB(finiteness=fin,tense=past)	kunnen	
de	PD(type=d-p,subtype=art,position=prenom)	de	
partij	NOU-C(number=sg)	partij	
in	ADP(type=pre)	in	
éene	PD(type=indef,subtype=art,position=prenom)	een	
gift	NOU-C(number=sg)	gift	
uit	ADV(type=reg)	uit	
wezen	VRB(finiteness=inf)	wezen	
,	PC	,	



L	NOU-P(WF=abbr)	L.	
.	PC	.	
Wat	PD(type=w-p,position=free)	wat	
?	PC	?	
Is	VRB(finiteness=fin,tense=pres)	zijn	
die	PD(type=d-p,subtype=oth,position=prenom)	die	
vereeniging	NOU-C(number=sg)	vereniging	
hier	ADV(type=reg)	hier	
?	PC	?	
Hier	ADV(type=reg)	hier	
in	ADP(type=pre)	in	
huis	NOU-C(number=sg)	huis	
?	PC	?	
S.	NOU-P(WF=abbr)	S.	
Ja	ADV(type=reg)	ja	
,	PC	,	
Juffer	NOU-C(number=sg)	juffer	
,	PC	,	
waar	ADV(type=reg)	waar	
zou	VRB(finiteness=fin,tense=past)	zullen	
die	PD(type=d-p,position=free)	die	
anders	ADV(type=reg)	anders	
wezen	VRB(finiteness=inf)	wezen	
?	PC	?	



Daor	ADV(type=reg)	daor	
is	VRB(finiteness=fin,tense=pres)	zijn	
't	PD(type=pers,position=free)	het	
wel	ADV(type=reg)	wel	
te	ADP(type=pre)	te	
wezen	VRB(finiteness=inf)	wezen	
,	PC	,	
daar	ADV(type=reg)	daar	
heeft	VRB(finiteness=fin,tense=pres)	hebben	
men	PD(type=pers,position=free)	men	
het	PD(type=pers,position=free)	het	
goed	AA(degree=pos,position=free)	goed	
,	PC	,	



—	PC	—	
Op	ADP(type=pre)	op	
wapenborden	NOU-C(number=pl)	wapenbord	
en	CONJ(type=coor)	en	
muntspecien	NOU-C(number=pl)	muntspecie	
mogten	VRB(finiteness=fin,tense=past)	mogen	
de	PD(type=d-p,subtype=art,position=prenom)	de	
pijlen	NOU-C(number=pl)	pijl	
die	PD(type=d-p,position=free)	die	
de	PD(type=d-p,subtype=art,position=prenom)	de	
leeuw	NOU-C(number=sg)	leeuw	
met	ADP(type=pre)	met	
het	PD(type=d-p,subtype=art,position=prenom)	het	
zwaard	NOU-C(number=sg)	zwaard	
in	ADP(type=pre)	in	
den	PD(type=d-p,subtype=art,position=prenom)	de	
forschen	AA(degree=pos,position=prenom)	fors	
klaauw	NOU-C(number=sg)	klauw	
hield	VRB(finiteness=fin,tense=past)	houden	
,	PC	,	
zich	PD(type=refl,position=free)	zich	
geheel	AA(degree=pos,position=free)	geheel	
gelijkvormig	AA(degree=pos,position=free)	gelijkvormig	
vertoonen	VRB(finiteness=fin,tense=pres)	vertonen	
,	PC	,	
in	ADP(type=pre)	in	
het	PD(type=d-p,subtype=art,position=prenom)	het	
wezen	NOU-C(number=sg)	wezen	
der	PD(type=d-p,subtype=art,position=prenom)	de	
zaak	NOU-C(number=sg)	zaak	
woog	VRB(finiteness=fin,tense=past)	wegen	
één	NUM(type=card,position=free,representation=let)	een	
dier	PD(type=d-p,subtype=oth,position=prenom)	die	
pijlen	NOU-C(number=pl)	pijl	
zwaarder	AA(degree=comp,position=free)	zwaar	
dan	CONJ(type=coor)	dan	
al	PD(type=indef,position=free)	al	
de	PD(type=d-p,subtype=art,position=prenom)	de	
zes	NUM(type=card,position=prenom,representation=let)	zes	
overige	AA(degree=pos,position=prenom)	overig	
,	PC	,	



Mannen	NOU-C(number=pl)	man	
willen	VRB(finiteness=fin,tense=pres)	willen	
meestal	ADV(type=reg)	meestal	
een	PD(type=indef,subtype=art,position=prenom)	een	
meisje	NOU-C(number=sg)	meisje	
bemachtigen	VRB(finiteness=inf)	bemachtigen	
,	PC	,	
onderwerpen	VRB(finiteness=inf)	onderwerpen	
;	PC	;	
zij	PD(type=pers,position=free)	zij	
willen	VRB(finiteness=fin,tense=pres)	willen	
dat	CONJ(type=sub)	dat	
eene	PD(type=indef,subtype=art,position=prenom)	een	
vrouw	NOU-C(number=sg)	vrouw	
hare	PD(type=poss,position=prenom)	haar	
zelfstandigheid	NOU-C(number=sg)	zelfstandigheid	
afstaat	VRB(finiteness=fin,tense=pres)	afstaan	
;	PC	;	
zij	PD(type=pers,position=free)	zij	
vorderen	VRB(finiteness=fin,tense=pres)	vorderen	
dat	CONJ(type=sub)	dat	
wij	PD(type=pers,position=free)	wij	
in	ADP(type=pre)	in	
hun	PD(type=poss,position=prenom)	hun	
wezen	NOU-C(number=sg)	wezen	
opgaan	VRB(finiteness=fin,tense=pres)	opgaan	
,	PC	,	
en	CONJ(type=coor)	en	
zij	PD(type=pers,position=free)	zij	
vergeten	VRB(finiteness=fin,tense=pres)	vergeten	
dat	CONJ(type=sub)	dat	
wij	PD(type=pers,position=free)	wij	
ook	ADV(type=reg)	ook	
een	PD(type=indef,subtype=art,position=prenom)	een	
wezen	NOU-C(number=sg)	wezen	
hebben	VRB(finiteness=fin,tense=pres)	hebben	
,	PC	,	



De	PD(type=d-p,subtype=art,position=prenom)	de	
wezens	NOU-C(number=pl)	wezen	
onderscheidt	VRB(finiteness=fin,tense=pres)	onderscheiden	
men	PD(type=pers,position=free)	men	
in	ADP(type=pre)	in	
redelijke	AA(degree=pos,position=prenom)	redelijk	
en	CONJ(type=coor)	en	
redelooze	AA(degree=pos,position=prenom)	redeloos	
,	PC	,	
menschelijke	AA(degree=pos,position=prenom)	menselijk	
en	CONJ(type=coor)	en	
dierlijke	AA(degree=pos,position=prenom)	dierlijk	
,	PC	,	
hoogere	AA(degree=comp,position=prenom)	hoog	
en	CONJ(type=coor)	en	
lagere	AA(degree=comp,position=prenom)	laag	
,	PC	,	
.,	PC	.,	



Onnoozle	NOU-C(number=sg)	onnozele	
,	PC	,	
ga	VRB(finiteness=fin,tense=pres)	voortgaan	mw_40531
niet	ADV(type=reg)	niet	
voort	VRB(finiteness=fin,tense=pres)	voortgaan	mw_40531
,	PC	,	
Eer	CONJ(type=sub)	eer	
't	PD(type=d-p,subtype=art,position=prenom)	het	
lieve	AA(degree=pos,position=prenom)	lief	
wichtjen	NOU-C(number=sg)	wichtje	
voor	ADP(type=pre)	voor	
uw	PD(type=poss,position=prenom)	uw	
weldaad	NOU-C(number=sg)	weldaad	
u	PD(type=pers,position=free)	u	
vermoord	VRB(finiteness=fin,tense=pres)	vermoorden	
'!	PC	'!	
Helaas	INT	helaas	
!	PC	!	
gy	PD(type=pers,position=free)	gij	
hoort	VRB(finiteness=fin,tense=pres)	horen	
niet	ADV(type=reg)	niet	
;	PC	;	
en	CONJ(type=coor)	en	
,	PC	,	
uw	PD(type=poss,position=prenom)	uw	
boezem	NOU-C(number=sg)	boezem	
eens	ADV(type=reg)	eens	
aan	ADP(type=pre)	aan	
't	PD(type=d-p,subtype=art,position=prenom)	het	
vloeien	NOU-C(number=sg)	vloeien	
,	PC	,	
Schijnt	VRB(finiteness=fin,tense=pres)	schijnen	
de	PD(type=d-p,subtype=art,position=prenom)	de	
onuitputbre	AA(degree=pos,position=prenom)	onuitputbaar	
melk	NOU-C(number=sg)	melk	
gedurig	AA(degree=pos,position=free)	gedurig	
meer	ADV(type=reg)	meer	
te	ADP(type=pre)	te	
groeien	VRB(finiteness=inf)	groeien	
,	PC	,	



Altyd	ADV(type=reg)	altijd	
mymert	VRB(finiteness=fin,tense=pres)	mijmeren	
hy	PD(type=pers,position=free)	hij	
van	ADP(type=pre)	van	
dezelfde	PD(type=d-p,subtype=oth,position=prenom)	dezelfde	
dingen	NOU-C(number=pl)	ding	
;	PC	;	
zyne	PD(type=poss,position=prenom)	zijn	
oogen	NOU-C(number=pl)	oog	
zien	VRB(finiteness=fin,tense=pres)	zien	
het	PD(type=d-p,subtype=art,position=prenom)	het	
vaderlyk	AA(degree=pos,position=prenom)	vaderlijk	
huis	NOU-C(number=sg)	huis	
en	CONJ(type=coor)	en	
de	PD(type=d-p,subtype=art,position=prenom)	de	
vlakte	NOU-C(number=sg)	vlakte	
of	CONJ(type=coor)	of	
de	PD(type=d-p,subtype=art,position=prenom)	de	
bergen	NOU-C(number=pl)	berg	
waer	ADV(type=reg)	waar	
zyne	PD(type=poss,position=prenom)	zijn	
wiege	NOU-C(number=sg)	wieg	
stond	VRB(finiteness=fin,tense=past)	staan	
,	PC	,	



Dat	CONJ(type=sub)	dat	
het	PD(type=d-p,subtype=art,position=prenom)	het	
bedoelde	AA(degree=pos,position=prenom)	bedoeld	
wier	NOU-C(number=sg)	wier	
eene	PD(type=indef,subtype=art,position=prenom)	een	
groote	AA(degree=pos,position=prenom)	groot	
hoeveelheid	NOU-C(number=sg)	hoeveelheid	
diertjes	NOU-C(number=pl)	diertje	
ingemengd	VRB(finiteness=pastpart)	inmengen	
bevatte	VRB(finiteness=fin,tense=past)	bevatten	
en	CONJ(type=coor)	en	
dat	CONJ(type=sub)	dat	
het	PD(type=pers,position=free)	het	
na	ADP(type=pre)	na	
eenigen	PD(type=indef,subtype=oth,position=prenom)	enig	
tijd	NOU-C(number=sg)	tijd	
aan	ADP(type=pre)	aan	
zich	PD(type=refl,position=free)	zich	
zelf	PD(type=d-p,position=free)	zelf	
te	ADP(type=pre)	te	
zijn	VRB(finiteness=inf)	zijn	
overgelaten	VRB(finiteness=pastpart)	overlaten	
,	PC	,	
een	PD(type=indef,subtype=art,position=prenom)	een	
sterken	AA(degree=pos,position=prenom)	sterk	
stank	NOU-C(number=sg)	stank	
verspreidde	VRB(finiteness=fin,tense=past)	verspreiden	
:	PC	:	
wel	ADV(type=reg)	wel	
een	PD(type=indef,subtype=art,position=prenom)	een	
bewijs	NOU-C(number=sg)	bewijs	
,	PC	,	
dat	CONJ(type=sub)	dat	
het	PD(type=pers,position=free)	het	
als	CONJ(type=sub)	als	
meststof	NOU-C(number=sg)	meststof	
nuttig	AA(degree=pos,position=free)	nuttig	
is	VRB(finiteness=fin,tense=pres)	zijn	
,	PC	,	



Wel	ADV(type=reg)	wel	
bezien	VRB(finiteness=pastpart)	bezien	
is	VRB(finiteness=fin,tense=pres)	zijn	
het	PD(type=d-p,subtype=art,position=prenom)	het	
(	PC	(	
bericht	NOU-C(number=sg)	bericht	
)	PC	)	
moeilijk	AA(degree=pos,position=free)	moeilijk	
te	ADP(type=pre)	te	
rijmen	VRB(finiteness=inf)	rijmen	
met	ADP(type=pre)	met	
wat	PD(type=w-p,position=free)	wat	
er	ADV(type=pron)	eraan	mw_824439
aan	ADV(type=pron)	eraan	mw_824439
voorafgaat	VRB(finiteness=fin,tense=pres)	voorafgaan	
,	PC	,	



Melpomenees	NOU-P	Melpomene	
altaar	NOU-C(number=sg)	altaar	
(	PC	(	
zal	VRB(finiteness=fin,tense=pres)	zullen	
),	PC	),	
By	ADP(type=pre)	bij	
't	PD(type=d-p,subtype=art,position=prenom)	het	
wijrook	NOU-C(number=sg)	wierook	
haar	PD(type=pers,position=free)	zij	
ten	ADP(type=pre)+PD(type=d-p,subtype=art,position=prenom)	te+het	
offer	NOU-C(number=sg)	offer	
aangestoken	VRB(finiteness=pastpart)	aansteken	
…	PC	…	
rooken	VRB(finiteness=inf)	roken	
,	PC	,	



Is	VRB(finiteness=fin,tense=pres)	zijn	
't	PD(type=pers,position=free)	het	
mooglijk	AA(degree=pos,position=free)	mogelijk	
,	PC	,	
dat	CONJ(type=sub)	dat	
het	PD(type=pers,position=free)	het	
waarheid	NOU-C(number=sg)	waarheid	
zij	VRB(finiteness=fin,tense=pres)	zijn	
!	PC	!	
Wee	INT	wee	
onzer	PD(type=pers,position=free)	wij	
,	PC	,	
moesten	VRB(finiteness=fin,tense=past)	moeten	
wij	PD(type=pers,position=free)	wij	
't	PD(type=pers,position=free)	het	
gelooven	VRB(finiteness=inf)	geloven	
!	PC	!	



Dáár	ADV(type=reg)	daar	
zult	VRB(finiteness=fin,tense=pres)	zullen	
ge	PD(type=pers,position=free)	gij	
een	PD(type=indef,subtype=art,position=prenom)	een	
duizendtal	NOU-C(number=sg)	duizendtal	
van	ADP(type=pre)	van	
zwaarden	NOU-C(number=pl)	zwaard	
u	PD(type=pers,position=free)	u	
zien	VRB(finiteness=inf)	zien	
wijden	VRB(finiteness=inf)	wijden	
,	PC	,	
Gereed	AA(degree=pos,position=free)	gereed	
op	ADP(type=pre)	op	
uw	PD(type=poss,position=prenom)	uw	
bevel	NOU-C(number=sg)	bevel	
,	PC	,	
tot	ADP(type=pre)	tot	
afweer	NOU-C(number=sg)	afweer	
,	PC	,	
tot	ADP(type=pre)	tot	
bestrijden	NOU-C(number=sg)	bestrijden	
,	PC	,	



Daar	CONJ(type=sub)	daar	
hij	PD(type=pers,position=free)	hij	
gewoon	AA(degree=pos,position=free)	gewoon	
was	VRB(finiteness=fin,tense=past)	zijn	
ettelijke	PD(type=indef,subtype=oth,position=prenom)	ettelijke	
uren	NOU-C(number=pl)	uur	
van	ADP(type=pre)	van	
den	PD(type=d-p,subtype=art,position=prenom)	de	
dag	NOU-C(number=sg)	dag	
aan	ADP(type=pre)	aan	
eene	PD(type=indef,subtype=art,position=prenom)	een	
stadswandeling	NOU-C(number=sg)	stadswandeling	
te	ADP(type=pre)	te	
wijden	VRB(finiteness=inf)	wijden	
,	PC	,	



—	PC	—	
Welkom	AA(degree=pos,position=free)	welkom	
zou	VRB(finiteness=fin,tense=past)	zullen	
mij	PD(type=pers,position=free)	ik	
zijn	VRB(finiteness=inf)	zijn	
eene	PD(type=indef,subtype=art,position=prenom)	een	
wijdgapende	AA(degree=pos,position=prenom)	wijdgapend	
wonde	NOU-C(number=sg)	wond	
der	PD(type=d-p,subtype=art,position=prenom)	de	
spiets	NOU-C(number=sg)	spiets	
,	PC	,	
Mag	VRB(finiteness=fin,tense=pres)	mogen	
ik	PD(type=pers,position=free)	ik	
slechts	ADV(type=reg)	slechts	
tevens	ADV(type=reg)	tevens	
door	ADP(type=pre)	door	
pijlen	NOU-C(number=pl)	pijl	
getroffen	VRB(finiteness=pastpart)	treffen	
worden	VRB(finiteness=inf)	worden	
,	PC	,	
Uit	ADP(type=pre)	uit	
groote	AA(degree=pos,position=prenom)	groot	
,	PC	,	
heldere	AA(degree=pos,position=prenom)	helder	
oogen	NOU-C(number=pl)	oog	
geschoten	VRB(finiteness=pastpart)	schieten	
,	PC	,	



Mijn	PD(type=poss,position=prenom)	mijn	
voornemen	NOU-C(number=sg)	voornemen	
is	VRB(finiteness=fin,tense=pres)	zijn	
niet	ADV(type=reg)	niet	
,	PC	,	
met	ADP(type=pre)	met	
U	PD(type=pers,position=free)	u	
in	ADP(type=pre)	in	
eenen	PD(type=indef,subtype=art,position=prenom)	een	
wijdloopigen	AA(degree=pos,position=prenom)	wijdlopig	
pennestrijd	NOU-C(number=sg)	pennenstrijd	
te	ADP(type=pre)	te	
treden	VRB(finiteness=inf)	treden	
,	PC	,	



Het	PD(type=pers,position=free)	het	
is	VRB(finiteness=fin,tense=pres)	zijn	
een	PD(type=indef,subtype=art,position=prenom)	een	
wrange	AA(degree=pos,position=prenom)	wrang	
hond	NOU-C(number=sg)	hond	
,	PC	,	
zei	VRB(finiteness=fin,tense=past)	zeggen	
de	PD(type=d-p,subtype=art,position=prenom)	de	
boer	NOU-C(number=sg)	boer	
,	PC	,	
en	CONJ(type=coor)	en	
hij	PD(type=pers,position=free)	hij	
dronk	VRB(finiteness=fin,tense=past)	ledigdrinken	mw_223545
bij	ADP(type=pre)	bij	
vergissing	NOU-C(number=sg)	vergissing	
eene	PD(type=indef,subtype=art,position=prenom)	een	
flesch	NOU-C(number=sg)	fles	
wijnazijn	NOU-C(number=sg)	wijnazijn	
voor	ADP(type=pre)	voor	
rijnwijn	NOU-C(number=sg)	rijnwijn	
leêg	VRB(finiteness=fin,tense=past)	ledigdrinken	mw_223545
,	PC	,	



Nu	INT	nu	
,	PC	,	
'k	PD(type=pers,position=free)	ik	
zal	VRB(finiteness=fin,tense=pres)	zullen	
't	PD(type=pers,position=free)	het	
er	ADV(type=pron)	erbij	mw_985579
maar	ADV(type=reg)	maar	
bij	ADV(type=pron)	erbij	mw_985579
laten	VRB(finiteness=inf)	laten	
,	PC	,	
'k	PD(type=pers,position=free)	ik	
Had	VRB(finiteness=fin,tense=past)	hebben	
anders	ADV(type=reg)	anders	
ligt	VRB(finiteness=fin,tense=pres)	liggen	
den	PD(type=d-p,subtype=art,position=prenom)	de	
schijn	NOU-C(number=sg)	schijn	
Dat	CONJ(type=sub)	dat	
ik	PD(type=pers,position=free)	ik	
heel	AA(degree=pos,position=free)	heel	
wijs	AA(degree=pos,position=free)	wijs	
wou	VRB(finiteness=fin,tense=past)	willen	
praten	VRB(finiteness=inf)	praten	
En	CONJ(type=coor)	en	
'k	PD(type=pers,position=free)	ik	
wil	VRB(finiteness=fin,tense=pres)	willen	
geen	PD(type=indef,subtype=oth,position=prenom)	geen	
wijsgeer	NOU-C(number=sg)	wijsgeer	
zijn	VRB(finiteness=inf)	zijn	
,	PC	,	



(	PC	(	
Letje	NOU-P	Letje	
),	PC	),	
welke	PD(type=w-p,position=free)	welk	
laatste	NOU-C(number=sg)	laatste	
de	PD(type=d-p,subtype=art,position=prenom)	de	
wijze	AA(degree=pos,position=prenom)	wijs	
partij	NOU-C(number=sg)	partij	
gekozen	VRB(finiteness=pastpart)	kiezen	
had	VRB(finiteness=fin,tense=past)	hebben	
,	PC	,	
weêr	ADV(type=reg)	weder	
bij	ADP(type=pre)	bij	
haar	PD(type=poss,position=prenom)	haar	
pozitieven	NOU-C(number=pl)	positieve	
te	ADP(type=pre)	te	
komen	VRB(finiteness=inf)	komen	
,	PC	,	



De	PD(type=d-p,subtype=art,position=prenom)	de	
kunst	NOU-C(number=sg)	kunst	
wijst	VRB(finiteness=fin,tense=pres)	wijzen	
nog	ADV(type=reg)	nog	
steeds	ADV(type=reg)	steeds	
op	ADP(type=pre)	op	
den	PD(type=d-p,subtype=art,position=prenom)	de	
roem	NOU-C(number=sg)	roem	
van	ADP(type=pre)	van	
Jan	NOU-P	Jan	
Steen	NOU-P	Steen	
!	PC	!	



Eerst	ADV(type=reg)	eerst	
waren	VRB(finiteness=fin,tense=past)	zijn	
ze	PD(type=pers,position=free)	zij	
bleek	AA(degree=pos,position=free)	bleek	
geworden	VRB(finiteness=pastpart)	worden	
,	PC	,	
doodsch	AA(degree=pos,position=free)	doodsbleek	mw_750648
bleek	AA(degree=pos,position=free)	doodsbleek	mw_750648
;	PC	;	
later	AA(degree=comp,position=free)	laat	
wierden	VRB(finiteness=fin,tense=past)	worden	
ze	PD(type=pers,position=free)	zij	
geluwbruin	AA(degree=pos,position=free)	geelbruin	
,	PC	,	
en	CONJ(type=coor)	en	
dan	ADV(type=reg)	dan	
gingen	VRB(finiteness=fin,tense=past)	gaan	
ze	PD(type=pers,position=free)	zij	
aan	ADP(type=pre)	aan	
't	PD(type=d-p,subtype=art,position=prenom)	het	
zwemelen	NOU-C(number=sg)	zwemelen	
,	PC	,	
en	CONJ(type=coor)	en	
aan	ADP(type=pre)	aan	
't	PD(type=d-p,subtype=art,position=prenom)	het	
wikkelen	NOU-C(number=sg)	wikkelen	
,	PC	,	
zoo	ADV(type=reg)	zo	
aardig	AA(degree=pos,position=free)	aardig	
,	PC	,	
zoo	ADV(type=reg)	zo	
slak	AA(degree=pos,position=free)	slak	
,	PC	,	
gelijk	CONJ(type=sub)	gelijk	
vlerken	NOU-C(number=pl)	vlerk	
van	ADP(type=pre)	van	
stervende	AA(degree=pos,position=prenom)	stervend	
vogels	NOU-C(number=pl)	vogel	
,	PC	,	



De	PD(type=d-p,subtype=art,position=prenom)	de	
algemeene	AA(degree=pos,position=prenom)	algemeen	
spontaneïteit	NOU-C(number=sg)	spontaneïteit	
wordt	VRB(finiteness=fin,tense=pres)	worden	
bij	ADP(type=pre)	bij	
den	PD(type=d-p,subtype=art,position=prenom)	de	
mensch	NOU-C(number=sg)	mens	
eene	PD(type=indef,subtype=art,position=prenom)	een	
electio	NOU-C(number=sg)	electio spontanea	mw_568224
spontanea	NOU-C(number=sg)	electio spontanea	mw_568224
.	PC	.	
Dit	PD(type=d-p,subtype=oth,position=prenom)	dit	
kiesvermogen	NOU-C(number=sg)	kiesvermogen	
staat	VRB(finiteness=fin,tense=pres)	staan	
in	ADP(type=pre)	in	
het	PD(type=d-p,subtype=art,position=prenom)	het	
naauwste	AA(degree=sup,position=prenom)	nauw	
verband	NOU-C(number=sg)	verband	
met	ADP(type=pre)	met	
den	PD(type=d-p,subtype=art,position=prenom)	de	
wil	NOU-C(number=sg)	wil	
,	PC	,	



Onder	ADP(type=pre)	onder	
't	PD(type=d-p,subtype=art,position=prenom)	het	
Wildbraad	NOU-C(number=sg)	wildbraad	
komt	VRB(finiteness=fin,tense=pres)	komen	
het	PD(type=d-p,subtype=art,position=prenom)	het	
rood	AA(degree=pos,position=prenom)	rood	
en	CONJ(type=coor)	en	
zwart	AA(degree=pos,position=prenom)	zwart	
wild	NOU-C(number=sg)	wild	
,	PC	,	
dat	PD(type=d-p,position=free)	dat	
is	VRB(finiteness=fin,tense=pres)	zijn	
het	PD(type=d-p,subtype=art,position=prenom)	het	
Zwyn	NOU-C(number=sg)	zwijn	
,	PC	,	
het	PD(type=d-p,subtype=art,position=prenom)	het	
Hart	NOU-C(number=sg)	hart	
en	CONJ(type=coor)	en	
't	PD(type=d-p,subtype=art,position=prenom)	het	
Ree	NOU-C(number=sg)	ree	
de	PD(type=d-p,subtype=art,position=prenom)	de	
rang	NOU-C(number=sg)	rang	
toe	ADV(type=reg)	toe	
,	PC	,	



In	ADP(type=pre)	in	
het	PD(type=d-p,subtype=art,position=prenom)	het	
wild	NOU-C(number=sg)	wild	
loopen	VRB(finiteness=inf)	lopen	
,	PC	,	
is	VRB(finiteness=fin,tense=pres)	zijn	
,	PC	,	
in	ADP(type=pre)	in	
verwarring	NOU-C(number=sg)	verwarring	
geraken	VRB(finiteness=inf)	geraken	
,	PC	,	



Goudplevier	NOU-C(number=sg)	goudpluvier	
,	PC	,	
…	PC	…	
in	ADP(type=pre)	in	
Friesland	NOU-P	Friesland	
:	PC	:	
Wilster	NOU-C(number=sg)	wilster	
.	PC	.	
In	ADP(type=pre)	in	
kleinen	AA(degree=pos,position=prenom)	klein	
getale	NOU-C(number=sg)	getal	
broedende	VRB(finiteness=prespart)	broeden	
op	ADP(type=pre)	op	
heidevelden	NOU-C(number=pl)	heideveld	
,	PC	,	
in	ADP(type=pre)	in	
Noord-Brabant	NOU-P	Noord-Brabant	
,	PC	,	
Gelderland	NOU-P	Gelderland	
en	CONJ(type=coor)	en	
Friesland	NOU-P	Friesland	
,	PC	,	
als	CONJ(type=sub)	als	
ook	ADV(type=reg)	ook	
op	ADP(type=pre)	op	
Ameland	NOU-P	Ameland	
.	PC	.	
In	ADP(type=pre)	in	
het	PD(type=d-p,subtype=art,position=prenom)	het	
voor	NOU-C(number=sg,WF=trunc)+NOU-C(number=sg)	voorjaar+najaar	mw_729358
-	PC	-	
en	CONJ(type=coor)	en	
najaar	NOU-C(number=sg,WF=trunc)+NOU-C(number=sg)	voorjaar+najaar	mw_729358
in	ADP(type=pre)	in	
ontelbare	AA(degree=pos,position=prenom)	ontelbaar	
menigte	NOU-C(number=sg)	menigte	
doortrekkende	VRB(finiteness=prespart)	doortrekken	
,	PC	,	



In	ADP(type=pre)	in	
den	PD(type=d-p,subtype=art,position=prenom)	de	
wind	NOU-C(number=sg)	wind	
gaan	VRB(finiteness=inf)	gaan	
,	PC	,	
aller	RES(type=for)	aller	
courir	RES(type=for)	courir	
les	RES(type=for)	les	
rues	RES(type=for)	rues	
et	RES(type=for)	et	
les	RES(type=for)	les	
cabarets	RES(type=for)	cabarets	
,	PC	,	
se	RES(type=for)	se	
mettre	RES(type=for)	mettre	
à	RES(type=for)	à	
courir	RES(type=for)	courir	
le	RES(type=for)	le	
guilledon	RES(type=for)	guilledon	
,	PC	,	



Er	ADV(type=reg)	er	
waait	VRB(finiteness=fin,tense=pres)	waaien	
geen	PD(type=indef,subtype=oth,position=prenom)	geen	
wind	NOU-C(number=sg)	wind	
of	CONJ(type=coor)	of	
hy	PD(type=pers,position=free)	hij	
is	VRB(finiteness=fin,tense=pres)	zijn	
iemand	PD(type=indef,position=free)	iemand	
dienstig	AA(degree=pos,position=free)	dienstig	
,	PC	,	
elke	PD(type=indef,subtype=oth,position=prenom)	elk	
zaak	NOU-C(number=sg)	zaak	
heeft	VRB(finiteness=fin,tense=pres)	hebben	
hare	PD(type=poss,position=prenom)	haar	
goede	AA(degree=pos,position=prenom)	goed	
zijde	NOU-C(number=sg)	zijde	
,	PC	,	



Wil	VRB(finiteness=fin,tense=pres)	willen	
je	PD(type=pers,position=free)	jij	
een	PD(type=indef,subtype=art,position=prenom)	een	
jong	AA(degree=pos,position=prenom)	jong	
meisje	NOU-C(number=sg)	meisje	
,	PC	,	
in	ADP(type=pre)	in	
zekere	PD(type=indef,subtype=oth,position=prenom)	zeker	
aisance	NOU-C(number=sg)	aisance	
groot	VRB(finiteness=pastpart)	grootbrengen	mw_81284
gebracht	VRB(finiteness=pastpart)	grootbrengen	mw_81284
,	PC	,	
forceeren	VRB(finiteness=inf)	forceren	
ook	ADV(type=reg)	ook	
hare	PD(type=poss,position=prenom)	haar	
behoeften	NOU-C(number=pl)	behoefte	
in	VRB(finiteness=inf)	inrichten	mw_772998
te	ADP(type=pre)	te	
richten	VRB(finiteness=inf)	inrichten	mw_772998
naar	ADP(type=pre)	naar	
jou	PD(type=poss,position=prenom)	jouw	
middelen	NOU-C(number=pl)	middel	
?	PC	?	
Geloof	VRB(finiteness=fin,tense=pres)	geloven	
mij	PD(type=pers,position=free)	ik	
,	PC	,	
Georgeslief	NOU-P+AA(degree=pos,position=postnom)	Georges+lief	
,	PC	,	
de	PD(type=d-p,subtype=art,position=prenom)	de	
tijden	NOU-C(number=pl)	tijd	
zijn	VRB(finiteness=fin,tense=pres)	zijn	
voorbij	ADV(type=reg)	voorbij	
,	PC	,	
dat	CONJ(type=sub)	dat	
je	PD(type=pers,position=free)	jij	
alleen	AA(degree=pos,position=free)	alleen	
leeft	VRB(finiteness=fin,tense=pres)	leven	
van	ADP(type=pre)	van	
den	PD(type=d-p,subtype=art,position=prenom)	de	
wind	NOU-C(number=sg)	wind	
,	PC	,	



Hij	PD(type=pers,position=free)	hij	
was	VRB(finiteness=fin,tense=past)	zijn	
zeer	AA(degree=pos,position=free)	zeer	
edelmoedig	AA(degree=pos,position=free)	edelmoedig	
—	PC	—	
en	CONJ(type=coor)	en	
als	CONJ(type=sub)	als	
een	PD(type=indef,subtype=art,position=prenom)	een	
Hollander	NOU-C(number=sg)	Hollander	
—	PC	—	
comme	RES(type=for)	comme	
il	RES(type=for)	il	
faut	RES(type=for)	faut	
,	PC	,	
extrêmement	RES(type=for)	extrêmement	
riche	RES(type=for)	riche	
.	PC	.	
Ik	PD(type=pers,position=free)	ik	
moest	VRB(finiteness=fin,tense=past)	moeten	
hierom	ADV(type=pron)	hierom	
grimlagchen	VRB(finiteness=inf)	grimlachen	
,	PC	,	
vooral	ADV(type=reg)	vooral	
over	ADP(type=pre)	over	
de	PD(type=d-p,subtype=art,position=prenom)	de	
wijze	NOU-C(number=sg)	wijze	
,	PC	,	
waarop	ADV(type=pron)	waarop	
Monsieur	NOU-C(number=sg)	monsieur	
Berquin	NOU-P	Berquin	
dit	PD(type=d-p,position=free)	dit	
zeide	VRB(finiteness=fin,tense=past)	zeggen	
,	PC	,	
en	CONJ(type=coor)	en	
schrijf	VRB(finiteness=fin,tense=pres)	schrijven	
het	PD(type=pers,position=free)	het	
dus	ADV(type=reg)	dus	
winderig	AA(degree=pos,position=free)	winderig	
,	PC	,	
en	CONJ(type=coor)	en	
in	ADP(type=pre)	in	
de	PD(type=d-p,subtype=art,position=prenom)	de	
taal	NOU-C(number=sg)	taal	
,	PC	,	
waarin	ADV(type=pron)	waarin	
de	PD(type=d-p,subtype=art,position=prenom)	de	
man	NOU-C(number=sg)	man	
het	PD(type=pers,position=free)	het	
zeide	VRB(finiteness=fin,tense=past)	zeggen	
,	PC	,	



Zij	PD(type=pers,position=free)	zij	
stierf	VRB(finiteness=fin,tense=past)	sterven	
bijna	ADV(type=reg)	bijna	
van	ADP(type=pre)	van	
angst	NOU-C(number=sg)	angst	
voor	ADP(type=pre)	voor	
dat	PD(type=d-p,subtype=oth,position=prenom)	dat	
donker	NOU-C(number=sg)	donker	
,	PC	,	
dat	PD(type=d-p,position=free)	dat	
haar	PD(type=pers,position=free)	zij	
als	CONJ(type=sub)	als	
een	PD(type=indef,subtype=art,position=prenom)	een	
floers	NOU-C(number=sg)	floers	
van	ADP(type=pre)	van	
smart	NOU-C(number=sg)	smart	
omwaaide	VRB(finiteness=fin,tense=past)	omwaaien	
,	PC	,	
voor	ADP(type=pre)	voor	
dien	PD(type=d-p,subtype=oth,position=prenom)	die	
zondvloed	NOU-C(number=sg)	zondvloed	
,	PC	,	
die	PD(type=d-p,position=free)	die	
zich	PD(type=refl,position=free)	zich	
op	ADP(type=pre)	op	
haar	PD(type=poss,position=prenom)	haar	
bloot	AA(degree=pos,position=prenom)	bloot	
hoofd	NOU-C(number=sg)	hoofd	
uitgoot	VRB(finiteness=fin,tense=past)	uitgieten	
,	PC	,	
zonderdat	ADP(type=pre)+CONJ(type=sub)	zonder+dat	
zij	PD(type=pers,position=free)	zij	
zich	PD(type=refl,position=free)	zich	
beschutten	VRB(finiteness=inf)	beschutten	
kon	VRB(finiteness=fin,tense=past)	kunnen	
,	PC	,	
voor	ADP(type=pre)	voor	
die	PD(type=d-p,subtype=oth,position=prenom)	die	
windstooten	NOU-C(number=pl)	windstoot	
,	PC	,	
die	PD(type=d-p,position=free)	die	
haar	PD(type=pers,position=free)	zij	
bijkans	ADV(type=reg)	bijkans	
heur	PD(type=poss,position=prenom)	haar	
mantel	NOU-C(number=sg)	mantel	
afrukten	VRB(finiteness=fin,tense=past)	afrukken	
,	PC	,	



Hy	PD(type=pers,position=free)	hij	
tracht	VRB(finiteness=fin,tense=pres)	trachten	
de	PD(type=d-p,subtype=art,position=prenom)	de	
stad	NOU-C(number=sg)	stad	
te	ADP(type=pre)	te	
winnen	VRB(finiteness=inf)	winnen	
;	PC	;	
Doch	CONJ(type=coor)	doch	
eer	CONJ(type=sub)	eer	
hy	PD(type=pers,position=free)	hij	
nog	ADV(type=reg)	nog	
de	PD(type=d-p,subtype=art,position=prenom)	de	
wallen	NOU-C(number=pl)	wal	
speurt	VRB(finiteness=fin,tense=pres)	speuren	
,	PC	,	
Heeft	VRB(finiteness=fin,tense=pres)	hebben	
de	PD(type=d-p,subtype=art,position=prenom)	de	
avond	NOU-C(number=sg)	avond	
alles	PD(type=indef,position=free)	alles	
vael	AA(degree=pos,position=free)	vaal	
gekleurd	VRB(finiteness=pastpart)	kleuren	
,	PC	,	



De	PD(type=d-p,subtype=art,position=prenom)	de	
verkoop	NOU-C(number=sg)	verkoop	
van	ADP(type=pre)	van	
amphioen	NOU-C(number=sg)	amfioen	
zal	VRB(finiteness=fin,tense=pres)	zullen	
alleen	AA(degree=pos,position=free)	alleen	
aan	ADP(type=pre)	aan	
den	PD(type=d-p,subtype=art,position=prenom)	de	
Oosthoeks	NOU-C(number=sg)	oosthoek	
gezaghebber	NOU-C(number=sg)	gezaghebber	
en	CONJ(type=coor)	en	
de	PD(type=d-p,subtype=art,position=prenom)	de	
respective	AA(degree=pos,position=prenom)	respectief	
prefecten	NOU-C(number=pl)	prefect	
zijn	VRB(finiteness=inf)	zijn	
gedefereerd	VRB(finiteness=pastpart)	defereren	
,	PC	,	
terwijl	CONJ(type=sub)	terwijl	
voor	ADP(type=pre)	voor	
iedere	PD(type=indef,subtype=oth,position=prenom)	ieder	
kist	NOU-C(number=sg)	kist	
amphioen	NOU-C(number=sg)	amfioen	
door	ADP(type=pre)	door	
dezelve	PD(type=d-p,position=free)	dezelve	
,	PC	,	
boven	ADP(type=pre)	boven	
de	PD(type=d-p,subtype=art,position=prenom)	de	
aanrekening	NOU-C(number=sg)	aanrekening	
prijs	NOU-C(number=sg)	prijs	
,	PC	,	
voor	ADP(type=pre)	voor	
winst	NOU-C(number=sg)	winst	
zal	VRB(finiteness=fin,tense=pres)	zullen	
mogen	VRB(finiteness=inf)	mogen	
werden	VRB(finiteness=inf)	worden	
genomen	VRB(finiteness=pastpart)	nemen	
een	NUM(type=card,position=prenom,representation=let)	een	
honderd	NUM(type=card,position=prenom,representation=let)	honderd	
Spaansche	AA(degree=pos,position=prenom)	Spaans	
realen	NOU-C(number=pl)	reaal	
,	PC	,	



Wat	PD(type=w-p,position=free)	wat	
bragt	VRB(finiteness=fin,tense=past)	doorbrengen	mw_164700
zij	PD(type=pers,position=free)	zij	
vaak	ADV(type=reg)	vaak	
den	PD(type=d-p,subtype=art,position=prenom)	de	
winternacht	NOU-C(number=sg)	winternacht	
Aan	ADP(type=pre)	aan	
't	PD(type=d-p,subtype=art,position=prenom)	het	
zorglijk	AA(degree=pos,position=prenom)	zorgelijk	
leger	NOU-C(number=sg)	leger	
door	VRB(finiteness=fin,tense=past)	doorbrengen	mw_164700
!	PC	!	



Julia	NOU-P	Julia	
.	PC	.	
Spreekt	VRB(finiteness=fin,tense=pres)	spreken	
ge	PD(type=pers,position=free)	gij	
uit	ADP(type=pre)	uit	
uws	PD(type=poss,position=prenom)	uw	
harten	NOU-C(number=sg)	hart	
grond	NOU-C(number=sg)	grond	
?	PC	?	
Voedster	NOU-C(number=sg)	voedster	
.	PC	.	
Wel	ADV(type=reg)	wel	
wis	AA(degree=pos,position=free)	wis	
en	CONJ(type=coor)	en	
drie	NUM(type=card,position=free,representation=let)	drie	
,	PC	,	



Het	PD(type=pers,position=free)	het	
is	VRB(finiteness=fin,tense=pres)	zijn	
de	PD(type=d-p,subtype=art,position=prenom)	de	
moeite	NOU-C(number=sg)	moeite	
waard	AA(degree=pos,position=free)	waard	
het	PD(type=d-p,subtype=art,position=prenom)	het	
woekeren	NOU-C(number=sg)	woekeren	
van	ADP(type=pre)	van	
de	PD(type=d-p,subtype=art,position=prenom)	de	
vogellijm	NOU-C(number=sg)	vogellijm	
met	ADP(type=pre)	met	
het	PD(type=d-p,subtype=art,position=prenom)	het	
kunstmatige	AA(degree=pos,position=prenom)	kunstmatig	
enten	NOU-C(number=sg)	enten	
te	ADP(type=pre)	te	
vergelijken	VRB(finiteness=inf)	vergelijken	
,	PC	,	



Al-gauw	ADV(type=reg)+ADV(type=reg)	al+gauw	
stond	VRB(finiteness=fin,tense=past)	staan	
er	ADV(type=reg)	er	
geen-een	PD(type=indef,subtype=oth,position=prenom)+PD(type=indef,position=free)	geen+een	
van	ADP(type=pre)	van	
de	PD(type=d-p,subtype=art,position=prenom)	de	
groote	AA(degree=pos,position=prenom)	groot	
lijven	NOU-C(number=pl)	lijf	
meer	ADV(type=reg)	meer	
vol-uit	ADV(type=reg)	voluit	
,	PC	,	
maar	CONJ(type=coor)	maar	
stonden	VRB(finiteness=fin,tense=past)	staan	
de	PD(type=d-p,subtype=art,position=prenom)	de	
wit-bepoetelde	AA(degree=pos,position=prenom)	witbepoeteld	
borstingen	NOU-C(number=pl)	borsting	
op	ADP(type=pre)	op	
de	PD(type=d-p,subtype=art,position=prenom)	de	
bovenbeenen	NOU-C(number=pl)	bovenbeen	
over	ADP(type=pre)	over	
den	PD(type=d-p,subtype=art,position=prenom)	de	
grond	NOU-C(number=sg)	grond	
,	PC	,	
de	PD(type=d-p,subtype=art,position=prenom)	de	
haren	NOU-C(number=pl)	haar	
nat	AA(degree=pos,position=free)	nat	
en	CONJ(type=coor)	en	
verwilderd	AA(degree=pos,position=free)	verwilderd	
,	PC	,	
en	CONJ(type=coor)	en	
lagen	VRB(finiteness=fin,tense=past)	liggen	
de	PD(type=d-p,subtype=art,position=prenom)	de	
anderen	NUM(type=ord,position=free,representation=let)	ander	
nog	ADV(type=reg)	nog	
door	ADP(type=pre)	door	
de	PD(type=d-p,subtype=art,position=prenom)	de	
sneeuw	NOU-C(number=sg)	sneeuw	
te	ADP(type=pre)	te	
woesten	VRB(finiteness=inf)	woesten	
met	ADP(type=pre)	met	
grinnikende	AA(degree=pos,position=prenom)	grinnikend	
koppen	NOU-C(number=pl)	kop	
en	CONJ(type=coor)	en	
rondende	AA(degree=pos,position=prenom)	rondend	
ruggen	NOU-C(number=pl)	rug	
,	PC	,	



Wij	PD(type=pers,position=free)	wij	
(	PC	(	
willen	VRB(finiteness=fin,tense=pres)	willen	
)	PC	)	
…	PC	…	
kortelijk	ADV(type=reg)	kortelijk	
eenige	PD(type=indef,subtype=oth,position=prenom)	enig	
gewassen	NOU-C(number=pl)	gewas	
leeren	VRB(finiteness=inf)	leren	
kennen	VRB(finiteness=inf)	kennen	
,	PC	,	
welke	PD(type=w-p,position=free)	welk	
de	PD(type=d-p,subtype=art,position=prenom)	de	
bijen	NOU-C(number=pl)	bij	
niet	ADV(type=reg)	niet	
goed	AA(degree=pos,position=free)	goed	
en	CONJ(type=coor)	en	
dus	ADV(type=reg)	dus	
onvoordeelig	AA(degree=pos,position=free)	onvoordelig	
zijn	VRB(finiteness=fin,tense=pres)	zijn	
;	PC	;	
als	CONJ(type=sub)	als	
daar	ADV(type=reg)	daar	
zijn	VRB(finiteness=fin,tense=pres)	zijn	
:	PC	:	
de	PD(type=d-p,subtype=art,position=prenom)	de	
camillen	NOU-C(number=pl)	kamille	
,	PC	,	
het	PD(type=d-p,subtype=art,position=prenom)	het	
valkruid	NOU-C(number=sg)	valkruid	
,	PC	,	
de	PD(type=d-p,subtype=art,position=prenom)	de	
nieswortel	NOU-C(number=sg)	nieswortel	
,	PC	,	
de	PD(type=d-p,subtype=art,position=prenom)	de	
wolfswortel	NOU-C(number=sg)	wolfswortel	
en	CONJ(type=coor)	en	
de	PD(type=d-p,subtype=art,position=prenom)	de	
alsem	NOU-C(number=sg)	alsem	
,	PC	,	



Veelairig	AA(degree=pos,position=prenom)	veeljarig	
Wollegras	NOU-C(number=sg)	wollegras	
met	ADP(type=pre)	met	
vlakke	AA(degree=pos,position=prenom)	vlak	
aan	ADP(type=pre)	aan	
de	PD(type=d-p,subtype=art,position=prenom)	de	
punt	NOU-C(number=sg)	punt	
driekantige	AA(degree=pos,position=prenom)	driekantig	
bladen	NOU-C(number=pl)	blad	
,	PC	,	
overhellende	AA(degree=pos,position=prenom)	overhellend	
gesteelde	AA(degree=pos,position=prenom)	gesteeld	
bloemairtjes	NOU-C(number=pl)	bloemaartje	
,	PC	,	
aan	ADP(type=pre)	aan	
het	PD(type=d-p,subtype=art,position=prenom)	het	
omwindsel	NOU-C(number=sg)	omwindsel	
bijna	ADV(type=reg)	bijna	
gelijk	AA(degree=pos,position=free)	gelijk	
,	PC	,	



Het	PD(type=d-p,subtype=art,position=prenom)	het	
ruwe	AA(degree=pos,position=prenom)	ruw	
en	CONJ(type=coor)	en	
wollige	AA(degree=pos,position=prenom)	wollig	
touwwerk	NOU-C(number=sg)	touwwerk	
toont	VRB(finiteness=fin,tense=pres)	aantonen	mw_1883
aan	VRB(finiteness=fin,tense=pres)	aantonen	mw_1883
,	PC	,	
dat	CONJ(type=sub)	dat	
de	PD(type=d-p,subtype=art,position=prenom)	de	
hennep	NOU-C(number=sg)	hennep	
zeer	AA(degree=pos,position=free)	zeer	
kort	AA(degree=pos,position=free)	kort	
is	VRB(finiteness=fin,tense=pres)	zijn	
,	PC	,	



Wolverlei	NOU-C(number=sg)	wolverlei	
.	PC	.	
De	PD(type=d-p,subtype=art,position=prenom)	de	
schubben	NOU-C(number=pl)	schub	
van	ADP(type=pre)	van	
het	PD(type=d-p,subtype=art,position=prenom)	het	
omwindsel	NOU-C(number=sg)	omwindsel	
zijn	VRB(finiteness=fin,tense=pres)	zijn	
gelijk	AA(degree=pos,position=free)	gelijk	
en	CONJ(type=coor)	en	
in	ADP(type=pre)	in	
eene	PD(type=indef,subtype=art,position=prenom)	een	
dubbelde	AA(degree=pos,position=prenom)	dubbel	
rij	NOU-C(number=sg)	rij	
geplaatst	VRB(finiteness=pastpart)	plaatsen	
.	PC	.	
De	PD(type=d-p,subtype=art,position=prenom)	de	
bloemen	NOU-C(number=pl)	bloem	
gestraald	VRB(finiteness=pastpart)	stralen	
,	PC	,	
de	PD(type=d-p,subtype=art,position=prenom)	de	
vrouwelijke	AA(degree=pos,position=prenom)	vrouwelijk	
lintbloempjes	NOU-C(number=pl)	lintbloempje	
van	ADP(type=pre)	van	
5	NUM(type=card,position=prenom,representation=dig)	vijf	
onvruchtbare	AA(degree=pos,position=prenom)	onvruchtbaar	
helmdraden	NOU-C(number=pl)	helmdraad	
voorzien	AA(degree=pos,position=free)	voorzien	
.	PC	.	
Alle	PD(type=indef,position=free)	al	
de	PD(type=d-p,subtype=art,position=prenom)	de	
zaden	NOU-C(number=pl)	zaad	
met	ADP(type=pre)	met	
een	PD(type=indef,subtype=art,position=prenom)	een	
zaadpluis	NOU-C(number=sg)	zaadpluis	
gekroond	VRB(finiteness=pastpart)	kronen	
.	PC	.	
De	PD(type=d-p,subtype=art,position=prenom)	de	
vruchtbodem	NOU-C(number=sg)	vruchtbodem	
naakt	AA(degree=pos,position=free)	naakt	
,	PC	,	



—	PC	—	
Ook	ADV(type=reg)	ook	
nog	ADV(type=reg)	nog	
verzaakt	VRB(finiteness=fin,tense=pres)	verzaken	
ge	PD(type=pers,position=free)	gij	
ons	PD(type=pers,position=free)	wij	
niet	ADV(type=reg)	niet	
,	PC	,	
mijn	PD(type=poss,position=prenom)	mijn	
Julius	NOU-P	Julius	
,	PC	,	
in	ADP(type=pre)	in	
't	PD(type=d-p,subtype=art,position=prenom)	het	
lijden	NOU-C(number=sg)	lijden	
.	PC	.	
Geen	PD(type=indef,subtype=oth,position=prenom)	geen	
storm	NOU-C(number=sg)	storm	
of	CONJ(type=coor)	of	
zeeplasch	NOU-C(number=sg)	zeeplas	
thands	ADV(type=reg)	thans	
ontscheurt	VRB(finiteness=fin,tense=pres)	ontscheuren	
u	PD(type=pers,position=free)	u	
onze	PD(type=poss,position=prenom)	ons	
zijden	NOU-C(number=pl)	zijde	
;	PC	;	
Gy	PD(type=pers,position=free)	gij	
wemelt	VRB(finiteness=fin,tense=pres)	wemelen	
weder	ADV(type=reg)	weder	
met	ADP(type=pre)	met	
vertroosting	NOU-C(number=sg)	vertroosting	
om	ADP(type=pre)	om	
ons	PD(type=pers,position=free)	wij	
heen	ADV(type=reg)	heen	
,	PC	,	
En	CONJ(type=coor)	en	
druppelt	VRB(finiteness=fin,tense=pres)	druppelen	
balsem	NOU-C(number=sg)	balsem	
op	ADP(type=pre)	op	
de	PD(type=d-p,subtype=art,position=prenom)	de	
wondgeslagen	AA(degree=pos,position=free)+AA(degree=pos,position=prenom)	wond+geslagen	
leên	NOU-C(number=pl)	lid	
,	PC	,	



De	PD(type=d-p,subtype=art,position=prenom)	de	
partij	NOU-C(number=sg)	partij	
,	PC	,	
welke	PD(type=w-p,position=free)	welk	
,	PC	,	
geloovende	VRB(finiteness=prespart)	geloven	
aan	ADP(type=pre)	aan	
de	PD(type=d-p,subtype=art,position=prenom)	de	
wonderbare	AA(degree=pos,position=prenom)	wonderbaar	
kracht	NOU-C(number=sg)	kracht	
van	ADP(type=pre)	van	
de	PD(type=d-p,subtype=art,position=prenom)	de	
vrijheid	NOU-C(number=sg)	vrijheid	
,	PC	,	
op	ADP(type=pre)	op	
elk	PD(type=indef,subtype=oth,position=prenom)	elk	
gebied	NOU-C(number=sg)	gebied	
gestreden	VRB(finiteness=pastpart)	strijden	
heeft	VRB(finiteness=fin,tense=pres)	hebben	
voor	ADP(type=pre)	voor	
zelfregeering	NOU-C(number=sg)	zelfregering	
,	PC	,	



C	NOU-P(WF=abbr)	C.	
.	PC	.	
Ik	PD(type=pers,position=free)	ik	
wenschte	VRB(finiteness=fin,tense=past)	wensen	
wel	ADV(type=reg)	wel	
,	PC	,	
dat	CONJ(type=sub)	dat	
Gij	PD(type=pers,position=free)	gij	
mij	PD(type=pers,position=free)	ik	
deze	PD(type=d-p,subtype=oth,position=prenom)	deze	
vraag	NOU-C(number=sg)	vraag	
niet	ADV(type=reg)	niet	
deedt	VRB(finiteness=fin,tense=past)	doen	
.	PC	.	
M.	NOU-P(WF=abbr)	M.	
Waaröm	ADV(type=pron)	waarom	
niet	ADV(type=reg)	niet	
,	PC	,	
Crito	NOU-P	Crito	
?	PC	?	
H	NOU-P(WF=abbr)	H.	
.	PC	.	
Dit	PD(type=d-p,position=free)	dit	
wondert	VRB(finiteness=fin,tense=pres)	wonderen	
mij	PD(type=pers,position=free)	ik	
ook	ADV(type=reg)	ook	
,	PC	,	
daar	CONJ(type=sub)	daar	
Gij	PD(type=pers,position=free)	gij	
zelve	PD(type=d-p,position=free)	zelf	
betuigt	VRB(finiteness=fin,tense=pres)	betuigen	
,	PC	,	
het	PD(type=d-p,subtype=art,position=prenom)	het	
Stuk	NOU-C(number=sg)	stuk	
met	ADP(type=pre)	met	
zeer	AA(degree=pos,position=free)	zeer	
veel	PD(type=indef,subtype=oth,position=prenom)	veel	
smaaks	NOU-C(number=sg)	smaak	
gelezen	VRB(finiteness=pastpart)	lezen	
te	ADP(type=pre)	te	
hebben	VRB(finiteness=inf)	hebben	
,	PC	,	



hield	VRB(finiteness=fin,tense=past)	bijhouden	mw_595263
alvast	ADV(type=reg)	alvast	
zijn	PD(type=poss,position=prenom)	zijn	
beursje	NOU-C(number=sg)	beursje	
bij	VRB(finiteness=fin,tense=past)	bijhouden	mw_595263



Ons	PD(type=poss,position=prenom)	ons	
Neêrland	NOU-P	Nederland	
stelt	VRB(finiteness=fin,tense=pres)	stellen	
voortdurend	AA(degree=pos,position=free)	voortdurend	
prijs	NOU-C(number=sg)	prijs	
Op	ADP(type=pre)	op	
't	PD(type=d-p,subtype=art,position=prenom)	het	
onwaardeerbaar	AA(degree=pos,position=prenom)	onwaardeerbaar	
Onderwijs	NOU-C(number=sg)	onderwijs	
;	PC	;	
Het	PD(type=d-p,subtype=art,position=prenom)	het	
Ministerie	NOU-C(number=sg)	ministerie	
wordt	VRB(finiteness=fin,tense=pres)	worden	
verlost	VRB(finiteness=pastpart)	verlossen	
Van	ADP(type=pre)	van	
't	PD(type=d-p,subtype=art,position=prenom)	het	
langgewenschte	AA(degree=pos,position=prenom)	langgewenst	
wonderkind	NOU-C(number=sg)	wonderkind	
.	PC	.	
Maar	CONJ(type=coor)	maar	
hoort	VRB(finiteness=fin,tense=pres)	horen	
,	PC	,	
hoe	ADV(type=reg)	hoe	
't	PD(type=d-p,subtype=art,position=prenom)	het	
vitten	NOU-C(number=sg)	vitten	
straks	ADV(type=reg)	straks	
begint	VRB(finiteness=fin,tense=pres)	beginnen	
,	PC	,	



De	PD(type=d-p,subtype=art,position=prenom)	de	
scherts	NOU-C(number=sg)	scherts	
,	PC	,	
die	PD(type=d-p,position=free)	die	
op	ADP(type=pre)	op	
haar	PD(type=poss,position=prenom)	haar	
lippen	NOU-C(number=pl)	lip	
plagt	VRB(finiteness=fin,tense=past)	plegen	
te	ADP(type=pre)	te	
wonen	VRB(finiteness=inf)	wonen	
,	PC	,	
Zwond	VRB(finiteness=fin,tense=past)	heenzwinden	mw_431701
,	PC	,	
voor	ADP(type=pre)	voor	
het	PD(type=d-p,subtype=art,position=prenom)	het	
jaar	NOU-C(number=sg)	jaar	
ten	ADP(type=pre)+PD(type=d-p,subtype=art,position=prenom)	te+het	
eind	NOU-C(number=sg)	einde	
liep	VRB(finiteness=fin,tense=past)	lopen	
,	PC	,	
heen	VRB(finiteness=fin,tense=past)	heenzwinden	mw_431701
,	PC	,	



Uw	PD(type=poss,position=prenom)	uw	
aangezicht	NOU-C(number=sg)	aangezicht	
—	PC	—	
het	PD(type=pers,position=free)	het	
zag	VRB(finiteness=fin,tense=past)	zien	
,	PC	,	
op	ADP(type=pre)	op	
mijn	PD(type=poss,position=prenom)	mijn	
woord	NOU-C(number=sg)	woord	
,	PC	,	
toen	ADV(type=reg)	toen	
zoo	ADV(type=reg)	zo	
geel	AA(degree=pos,position=free)	geel	
als	CONJ(type=sub)	als	
goud	NOU-C(number=sg)	goud	
,	PC	,	



Men	PD(type=pers,position=free)	men	
legge	VRB(finiteness=fin,tense=pres)	leggen	
nu	ADV(type=reg)	nu	
naast	ADP(type=pre)	naast	
deze	PD(type=d-p,subtype=oth,position=prenom)	deze	
verklaringen	NOU-C(number=pl)	verklaring	
de	PD(type=d-p,subtype=art,position=prenom)	de	
jongste	AA(degree=sup,position=prenom)	jong	
redevoeringen	NOU-C(number=pl)	redevoering	
van	ADP(type=pre)	van	
de	PD(type=d-p,subtype=art,position=prenom)	de	
Heeren	NOU-C(number=pl)	heer	
Wassenaar	NOU-P	Wassenaar	
,	PC	,	
Saaymans	NOU-P	Saayman	
Vader	NOU-C(number=sg)	vader	
en	CONJ(type=coor)	en	
Gefken	NOU-P	Gefken	
,	PC	,	
en	CONJ(type=coor)	en	
zegge	VRB(finiteness=fin,tense=pres)	zeggen	
wat	PD(type=w-p,position=free)	wat	
er	ADV(type=reg)	er	
is	VRB(finiteness=fin,tense=pres)	zijn	
overgebleven	VRB(finiteness=pastpart)	overblijven	
van	ADP(type=pre)	van	
de	PD(type=d-p,subtype=art,position=prenom)	de	
politieke	AA(degree=pos,position=prenom)	politiek	
geestverwantschap	NOU-C(number=sg)	geestverwantschap	
.	PC	.	
De	PD(type=d-p,subtype=art,position=prenom)	de	
nieuwe	AA(degree=pos,position=prenom)	nieuw	
woordvoerders	NOU-C(number=pl)	woordvoerder	
van	ADP(type=pre)	van	
de	PD(type=d-p,subtype=art,position=prenom)	de	
antirevolutionairen	NOU-C(number=pl)	antirevolutionair	
weten	VRB(finiteness=fin,tense=pres)	weten	
niets	PD(type=indef,position=free)	niets	
van	ADP(type=pre)	van	
al	PD(type=indef,position=free)	al	
het	PD(type=d-p,subtype=art,position=prenom)	het	
kwaad	NOU-C(number=sg)	kwaad	
,	PC	,	
dat	PD(type=d-p,position=free)	dat	
hun	PD(type=poss,position=prenom)	hun	
hoofdman	NOU-C(number=sg)	hoofdman	
op	ADP(type=pre)	op	
de	PD(type=d-p,subtype=art,position=prenom)	de	
conservatieve	AA(degree=pos,position=prenom)	conservatief	
rekening	NOU-C(number=sg)	rekening	
schrijft	VRB(finiteness=fin,tense=pres)	schrijven	
,	PC	,	



Geef	VRB(finiteness=fin,tense=pres)	geven	
aan	ADP(type=pre)	aan	
Neêrlands	NOU-P	Nederland	
Volk	NOU-C(number=sg)	volk	
…	PC	…	
Een	PD(type=indef,subtype=art,position=prenom)	een	
voorbeeld	NOU-C(number=sg)	voorbeeld	
,	PC	,	
dat	CONJ(type=sub)	dat	
gy	PD(type=pers,position=free)	gij	
't	PD(type=d-p,subtype=art,position=prenom)	het	
kroost	NOU-C(number=sg)	kroost	
dier	PD(type=d-p,subtype=oth,position=prenom)	die	
Worst'laars	NOU-C(number=pl)	worstelaar	
zijt	VRB(finiteness=fin,tense=pres)	zijn	
gebleven	VRB(finiteness=pastpart)	blijven	
,	PC	,	
Wier	PD(type=w-p,position=free)	wie	
keus	NOU-C(number=sg)	keus	
…	PC	…	
Was	VRB(finiteness=fin,tense=past)	zijn	
—	PC	—	
Christus	NOU-P	Christus	
heel	AA(degree=pos,position=free)	heel	
hun	PD(type=poss,position=prenom)	hun	
hart	NOU-C(number=sg)	hart	
,	PC	,	
en	CONJ(type=coor)	en	
Gode	NOU-P	God	
de	PD(type=d-p,subtype=art,position=prenom)	de	
eer	NOU-C(number=sg)	eer	
te	ADP(type=pre)	te	
geven	VRB(finiteness=inf)	geven	
!	PC	!	



Hy	PD(type=pers,position=free)	hij	
zag	VRB(finiteness=fin,tense=past)	zien	
en	CONJ(type=coor)	en	
doorgrondde	VRB(finiteness=fin,tense=past)	doorgronden	
het	PD(type=d-p,subtype=art,position=prenom)	het	
bitter	AA(degree=pos,position=prenom)	bitter	
lyden	NOU-C(number=sg)	lijden	
des	PD(type=d-p,subtype=art,position=prenom)	de	
reizigers	NOU-C(number=sg)	reiziger	
en	CONJ(type=coor)	en	
verschrikte	VRB(finiteness=fin,tense=past)	verschrikken	
innerlyk	AA(degree=pos,position=free)	innerlijk	
over	ADP(type=pre)	over	
de	PD(type=d-p,subtype=art,position=prenom)	de	
geheime	AA(degree=pos,position=prenom)	geheim	
wraekzucht	NOU-C(number=sg)	wraakzucht	
die	PD(type=d-p,position=free)	die	
zich	PD(type=refl,position=free)	zich	
in	ADP(type=pre)	in	
hem	PD(type=pers,position=free)	hij	
had	VRB(finiteness=fin,tense=past)	hebben	
verklaerd	VRB(finiteness=pastpart)	verklaren	
,	PC	,	



Zoude	VRB(finiteness=fin,tense=past)	zullen	
ik	PD(type=pers,position=free)	ik	
hun	PD(type=pers,position=free)	zij	
niet	ADV(type=reg)	niet	
dat	PD(type=d-p,subtype=oth,position=prenom)	dat	
wee	NOU-C(number=sg)	wee	
vergelden	VRB(finiteness=inf)	vergelden	
willen	VRB(finiteness=inf)	willen	
?	PC	?	
En	CONJ(type=coor)	en	
leeren	VRB(finiteness=inf)	leren	
hun	PD(type=pers,position=free)	zij	
die	PD(type=d-p,subtype=oth,position=prenom)	die	
innerlijke	AA(degree=pos,position=prenom)	innerlijk	
kreet	NOU-C(number=sg)	kreet	
Der	PD(type=d-p,subtype=art,position=prenom)	de	
wanhoop	NOU-C(number=sg)	wanhoop	
,	PC	,	
en	CONJ(type=coor)	en	
dat	PD(type=d-p,subtype=oth,position=prenom)	dat	
worst'len	NOU-C(number=sg)	worstelen	
met	ADP(type=pre)	met	
zijn	PD(type=poss,position=prenom)	zijn	
leed	NOU-C(number=sg)	leed	
,	PC	,	
De	PD(type=d-p,subtype=art,position=prenom)	de	
klimmende	AA(degree=pos,position=prenom)	klimmend	
angst	NOU-C(number=sg)	angst	
,	PC	,	
die	PD(type=d-p,position=free)	die	
't	PD(type=d-p,subtype=art,position=prenom)	het	
wrak	AA(degree=pos,position=prenom)	wrak	
gestel	NOU-C(number=sg)	gestel	
doet	VRB(finiteness=fin,tense=pres)	doen	
trillen	VRB(finiteness=inf)	trillen	
,	PC	,	
Al	CONJ(type=sub)	al	
lukt	VRB(finiteness=fin,tense=pres)	lukken	
het	PD(type=pers,position=free)	het	
ook	ADV(type=reg)	ook	
,	PC	,	
den	PD(type=d-p,subtype=art,position=prenom)	de	
storm	NOU-C(number=sg)	storm	
van	ADP(type=pre)	van	
't	PD(type=d-p,subtype=art,position=prenom)	het	
brein	NOU-C(number=sg)	brein	
te	ADP(type=pre)	te	
stillen	VRB(finiteness=inf)	stillen	
?	PC	?	
Neen	ADV(type=reg)	neen	
!	PC	!	
…	PC	…	
'k	PD(type=pers,position=free)	ik	
Vergeet	VRB(finiteness=fin,tense=pres)	vergeten	
Eens	PD(type=indef,subtype=art,position=prenom)	een	
Vorsten	NOU-C(number=sg)	vorst	
hoon	NOU-C(number=sg)	hoon	
,	PC	,	
en	CONJ(type=coor)	en	
willig	AA(degree=pos,position=free)	willig	
zoude	VRB(finiteness=fin,tense=past)	zullen	
ik	PD(type=pers,position=free)	ik	
sneven	VRB(finiteness=inf)	sneven	
,	PC	,	



Deze	PD(type=d-p,subtype=oth,position=prenom)	deze	
klacht	NOU-C(number=sg)	klacht	
over	ADP(type=pre)	over	
de	PD(type=d-p,subtype=art,position=prenom)	de	
voorliefde	NOU-C(number=sg)	voorliefde	
…	PC	…	
voor	ADP(type=pre)	voor	
't	PD(type=d-p,subtype=art,position=prenom)	het	
minder	ADV(type=reg)	minder	
gewone	NOU-C(number=sg)	gewone	
,	PC	,	
strydt	VRB(finiteness=fin,tense=pres)	strijden	
geenszins	ADV(type=reg)	geenszins	
met	ADP(type=pre)	met	
m'n	PD(type=poss,position=prenom)	mijn	
wrevel	NOU-C(number=sg)	wrevel	
over	ADP(type=pre)	over	
de	PD(type=d-p,subtype=art,position=prenom)	de	
alom	ADV(type=reg)	alom	
heerschende	AA(degree=pos,position=prenom)	heersend	
gewoonheid	NOU-C(number=sg)	gewoonheid	
,	PC	,	



Gereed	AA(degree=pos,position=free)	gereed	
hem	PD(type=pers,position=free)	hij	
,	PC	,	
die	PD(type=d-p,position=free)	die	
zijn	PD(type=poss,position=prenom)	zijn	
'	PC	'	
tuin	NOU-C(number=sg)	tuin	
durft	VRB(finiteness=fin,tense=pres)	durven	
schenden	VRB(finiteness=inf)	schenden	
Zijn	PD(type=poss,position=prenom)	zijn	
'	PC	'	
klaauw	NOU-C(number=sg)	klauw	
te	ADP(type=pre)	te	
wringen	VRB(finiteness=inf)	wringen	
in	ADP(type=pre)	in	
de	PD(type=d-p,subtype=art,position=prenom)	de	
lenden	NOU-C(number=pl)	lende	
,	PC	,	
Zijn	PD(type=poss,position=prenom)	zijn	
'	PC	'	
tand	NOU-C(number=sg)	tand	
in	ADP(type=pre)	in	
't	PD(type=d-p,subtype=art,position=prenom)	het	
wrevel	AA(degree=pos,position=prenom)	wrevel	
hart	NOU-C(number=sg)	hart	
te	ADP(type=pre)	te	
slaan	VRB(finiteness=inf)	slaan	
,	PC	,	



Het	PD(type=pers,position=free)	het	
is	VRB(finiteness=fin,tense=pres)	zijn	
De	NOU-P	De Witt	mw_912597
Witt	NOU-P	De Witt	mw_912597
,	PC	,	
die	PD(type=d-p,position=free)	die	
door	ADP(type=pre)	door	
zijn	PD(type=poss,position=prenom)	zijn	
handlanger	NOU-C(number=sg)	handlanger	
…	PC	…	
hem	PD(type=pers,position=free)	hij	
't	PD(type=d-p,subtype=art,position=prenom)	het	
eerst	ADV(type=reg)	eerst	
heeft	VRB(finiteness=fin,tense=pres)	hebben	
laten	VRB(finiteness=inf)	laten	
aanzoeken	VRB(finiteness=inf)	aanzoeken	
om	ADP(type=pre)	om	
een	PD(type=indef,subtype=art,position=prenom)	een	
briefwisseling	NOU-C(number=sg)	briefwisseling	
te	ADP(type=pre)	te	
voeren	VRB(finiteness=inf)	voeren	
,	PC	,	



—	PC	—	
Soorten	NOU-C(number=pl)	soort	
,	PC	,	
die	PD(type=d-p,position=free)	die	
lang	AA(degree=pos,position=free)	lang	
als	CONJ(type=sub)	als	
rups	NOU-C(number=sg)	rups	
onveranderd	AA(degree=pos,position=free)	onveranderd	
in	ADP(type=pre)	in	
het	PD(type=d-p,subtype=art,position=prenom)	het	
spinsel	NOU-C(number=sg)	spinsel	
blijven	VRB(finiteness=fin,tense=pres)	blijven	
,	PC	,	
zooals	CONJ(type=sub)	zoals	
de	PD(type=d-p,subtype=art,position=prenom)	de	
Xanthia's	NOU-C(number=pl)	xanthia	
…,	PC	…,	
moet	VRB(finiteness=fin,tense=pres)	moeten	
men	PD(type=pers,position=free)	men	
in	ADP(type=pre)	in	
de	PD(type=d-p,subtype=art,position=prenom)	de	
potten	NOU-C(number=pl)	pot	
,	PC	,	
waarin	ADV(type=pron)	waarin	
zij	PD(type=pers,position=free)	zij	
ingesponnen	VRB(finiteness=pastpart)	inspinnen	
zijn	VRB(finiteness=fin,tense=pres)	zijn	
,	PC	,	
laten	VRB(finiteness=fin,tense=pres)	laten	
liggen	VRB(finiteness=inf)	liggen	
tot	ADP(type=pre)	tot	
den	PD(type=d-p,subtype=art,position=prenom)	de	
tijd	NOU-C(number=sg)	tijd	
,	PC	,	
dat	CONJ(type=sub)	dat	
men	PD(type=pers,position=free)	men	
de	PD(type=d-p,subtype=art,position=prenom)	de	
vlinders	NOU-C(number=pl)	vlinder	
kan	VRB(finiteness=fin,tense=pres)	kunnen	
verwachten	VRB(finiteness=inf)	verwachten	
,	PC	,	



—	PC	—	
Dewijl	CONJ(type=sub)	dewijl	
de	PD(type=d-p,subtype=art,position=prenom)	de	
waarheid	NOU-C(number=sg)	waarheid	
zelden	ADV(type=reg)	zelden	
herberg	NOU-C(number=sg)	herberg	
vindt	VRB(finiteness=fin,tense=pres)	vinden	
en	CONJ(type=coor)	en	
de	PD(type=d-p,subtype=art,position=prenom)	de	
onschuldigen	NOU-C(number=pl)	onschuldige	
het	PD(type=d-p,subtype=art,position=prenom)	het	
gelag	NOU-C(number=sg)	gelag	
moeten	VRB(finiteness=fin,tense=pres)	moeten	
betalen	VRB(finiteness=inf)	betalen	
,	PC	,	
was	VRB(finiteness=fin,tense=past)	zijn	
het	PD(type=pers,position=free)	het	
geen	PD(type=indef,subtype=oth,position=prenom)	geen	
wonder	NOU-C(number=sg)	wonder	
,	PC	,	
dat	CONJ(type=sub)	dat	
de	PD(type=d-p,subtype=art,position=prenom)	de	
Gxxxmers	NOU-C(number=pl)	UNKNOWN	
op	ADP(type=pre)	op	
zwart	AA(degree=pos,position=prenom)	zwart	
zaad	NOU-C(number=sg)	zaad	
gezet	VRB(finiteness=pastpart)	zetten	
werden	VRB(finiteness=fin,tense=past)	worden	
,	PC	,	
en	CONJ(type=coor)	en	
de	PD(type=d-p,subtype=art,position=prenom)	de	
Axxxsche	AA(degree=pos,position=prenom)	UNKNOWN	
vrienden	NOU-C(number=pl)	vriend	
met	ADP(type=pre)	met	
vreemde	AA(degree=pos,position=prenom)	vreemd	
veren	NOU-C(number=pl)	veder	
konden	VRB(finiteness=fin,tense=past)	kunnen	
pronken	VRB(finiteness=inf)	pronken	
,	PC	,	



Last	NOU-C(number=sg)	last	
op	ADP(type=pre)	op	
de	PD(type=d-p,subtype=art,position=prenom)	de	
buiten-kantoren	NOU-C(number=pl)	buitenkantoor	
zaden	NOU-C(number=pl)	zaad	
,	PC	,	
pitten	NOU-C(number=pl)	pit	
of	CONJ(type=coor)	of	
planten	NOU-C(number=pl)	plant	
van	ADP(type=pre)	van	
nuttige	AA(degree=pos,position=prenom)	nuttig	
boomen	NOU-C(number=pl)	boom	
naar	ADP(type=pre)	naar	
Batavia	NOU-P	Batavia	
op	VRB(finiteness=inf)	opzenden	mw_477863
te	ADP(type=pre)	te	
zenden	VRB(finiteness=inf)	opzenden	mw_477863
,	PC	,	



't	PD(type=d-p,subtype=art,position=prenom)	het	
Gerucht	NOU-C(number=sg)	gerucht	
is	VRB(finiteness=fin,tense=pres)	zijn	
dikwerf	ADV(type=reg)	dikwerf	
valsch	AA(degree=pos,position=free)	vals	
,	PC	,	
verdraait	VRB(finiteness=fin,tense=pres)	verdraaien	
,	PC	,	
misvormt	VRB(finiteness=fin,tense=pres)	misvormen	
de	PD(type=d-p,subtype=art,position=prenom)	de	
zaken	NOU-C(number=pl)	zaak	
,	PC	,	



Wie	PD(type=w-p,position=free)	wie	
dan	ADV(type=reg)	dan	
gevoelt	VRB(finiteness=fin,tense=pres)	gevoelen	
zich	PD(type=refl,position=free)	zich	
niet	ADV(type=reg)	niet	
op	ADP(type=pre)	op	
't	PD(type=d-p,subtype=art,position=prenom)	het	
tederst	NOU-C(number=sg)	tederste	
aangedaan	VRB(finiteness=pastpart)	aandoen	
?	PC	?	
Wien	PD(type=w-p,position=free)	wie	
rolt	VRB(finiteness=fin,tense=pres)	rollen	
langs	ADP(type=pre)	langs	
't	PD(type=d-p,subtype=art,position=prenom)	het	
aangezicht	NOU-C(number=sg)	aangezicht	
dan	ADV(type=reg)	dan	
niet	ADV(type=reg)	niet	
een	PD(type=indef,subtype=art,position=prenom)	een	
zachte	AA(degree=pos,position=prenom)	zacht	
traan	NOU-C(number=sg)	traan	
?	PC	?	



Op	ADP(type=pre)	op	
reis	NOU-C(number=sg)	reis	
…	PC	…	
kribbelde	VRB(finiteness=fin,tense=past)	kribbelen	
(	PC	(	
ik	PD(type=pers,position=free)	ik	
)	PC	)	
…,	PC	…,	
volgens	ADP(type=pre)	volgens	
uur	NOU-C(number=sg)	uur	
en	CONJ(type=coor)	en	
dag	NOU-C(number=sg)	dag	
,	PC	,	
eenige	PD(type=indef,subtype=oth,position=prenom)	enig	
nota's	NOU-C(number=pl)	nota	
in	ADP(type=pre)	in	
mijn	PD(type=poss,position=prenom)	mijn	
zakboekje	NOU-C(number=sg)	zakboekje	
,	PC	,	



Het	PD(type=pers,position=free)	het	
is	VRB(finiteness=fin,tense=pres)	zijn	
de	PD(type=d-p,subtype=art,position=prenom)	de	
geschiedenis	NOU-C(number=sg)	geschiedenis	
van	ADP(type=pre)	van	
de	PD(type=d-p,subtype=art,position=prenom)	de	
vrouw	NOU-C(number=sg)	vrouw	
,	PC	,	
die	PD(type=d-p,position=free)	die	
met	ADP(type=pre)	met	
de	PD(type=d-p,subtype=art,position=prenom)	de	
albasten	AA(degree=pos,position=prenom)	albasten	
flesch	NOU-C(number=sg)	fles	
,	PC	,	
waarin	ADV(type=pron)	waarin	
zalf	NOU-C(number=sg)	zalf	
van	ADP(type=pre)	van	
kostbaren	AA(degree=pos,position=prenom)	kostbaar	
nardus	NOU-C(number=sg)	nardus	
,	PC	,	
bij	ADP(type=pre)	bij	
Jezus	NOU-P	Jezus	
komt	VRB(finiteness=fin,tense=pres)	komen	
en	CONJ(type=coor)	en	
die	PD(type=d-p,subtype=oth,position=prenom)	die	
zalf	NOU-C(number=sg)	zalf	
op	ADP(type=pre)	op	
het	PD(type=d-p,subtype=art,position=prenom)	het	
hoofd	NOU-C(number=sg)	hoofd	
van	ADP(type=pre)	van	
den	PD(type=d-p,subtype=art,position=prenom)	de	
Heiland	NOU-P	Heiland	
giet	VRB(finiteness=fin,tense=pres)	gieten	
,	PC	,	



Vroeger	AA(degree=comp,position=free)	vroeg	
zocht	VRB(finiteness=fin,tense=past)	zoeken	
men	PD(type=pers,position=free)	men	
de	PD(type=d-p,subtype=art,position=prenom)	de	
uitdrukking	NOU-C(number=sg)	uitdrukking	
van	ADP(type=pre)	van	
teederheid	NOU-C(number=sg)	tederheid	
,	PC	,	
liefde	NOU-C(number=sg)	liefde	
,	PC	,	
pathos	NOU-C(number=sg)	pathos	
,	PC	,	
enz.	ADV(type=reg,WF=abbr)|ADV(type=reg,WF=abbr)	enzovoort|enzovoorts	
in	ADP(type=pre)	in	
de	PD(type=d-p,subtype=art,position=prenom)	de	
middeltoonen	NOU-C(number=pl)	middeltoon	
,	PC	,	
maar	CONJ(type=coor)	maar	
tegenwoordig	AA(degree=pos,position=free)	tegenwoordig	
in	ADP(type=pre)	in	
het	PD(type=d-p,subtype=art,position=prenom)	het	
hoogste	AA(degree=sup,position=prenom)	hoog	
toongebied	NOU-C(number=sg)	toongebied	
der	PD(type=d-p,subtype=art,position=prenom)	de	
zangstem	NOU-C(number=sg)	zangstem	
,	PC	,	



Is	VRB(finiteness=fin,tense=pres)	zijn	
dit	PD(type=d-p,position=free)	dit	
de	PD(type=d-p,subtype=art,position=prenom)	de	
kiel	NOU-C(number=sg)	kiel	
,	PC	,	
Die	PD(type=d-p,position=free)	die	
's	PD(type=d-p,subtype=art,position=prenom)	de	
morgens	NOU-C(number=sg)	morgen	
met	ADP(type=pre)	met	
haar	PD(type=pers,position=free)	zij	
zeewaart	ADV(type=reg)	zeewaart	
dreef	VRB(finiteness=fin,tense=past)	drijven	
,	PC	,	
Wier	PD(type=w-p,position=free)	wie	
spoor	NOU-C(number=sg)	spoor	
de	PD(type=d-p,subtype=art,position=prenom)	de	
zeehond	NOU-C(number=sg)	zeehond	
volgen	VRB(finiteness=inf)	volgen	
bleef	VRB(finiteness=fin,tense=past)	blijven	
?	PC	?	



Ofschoon	CONJ(type=sub)	ofschoon	
de	PD(type=d-p,subtype=art,position=prenom)	de	
geschiedenis	NOU-C(number=sg)	geschiedenis	
ons	PD(type=pers,position=free)	wij	
zegt	VRB(finiteness=fin,tense=pres)	zeggen	
,	PC	,	
dat	CONJ(type=sub)	dat	
,	PC	,	
eerst	ADV(type=reg)	eerst	
in	ADP(type=pre)	in	
de	PD(type=d-p,subtype=art,position=prenom)	de	
dertiende	NUM(type=ord,position=prenom,representation=let)	dertiende	
eeuw	NOU-C(number=sg)	eeuw	
,	PC	,	
door	ADP(type=pre)	door	
Flavio	NOU-P	Flavio	
Govia	NOU-P	Govia	
,	PC	,	
eenen	PD(type=indef,subtype=art,position=prenom)	een	
Italiaan	NOU-C(number=sg)	Italiaan	
,	PC	,	
de	PD(type=d-p,subtype=art,position=prenom)	de	
kracht	NOU-C(number=sg)	kracht	
van	ADP(type=pre)	van	
den	PD(type=d-p,subtype=art,position=prenom)	de	
magneet	NOU-C(number=sg)	magneet	
is	VRB(finiteness=fin,tense=pres)	zijn	
ontdekt	VRB(finiteness=pastpart)	ontdekken	
,	PC	,	
en	CONJ(type=coor)	en	
deze	PD(type=d-p,position=free)	deze	
op	ADP(type=pre)	op	
het	PD(type=d-p,subtype=art,position=prenom)	het	
zeekompas	NOU-C(number=sg)	zeekompas	
toepasselijk	AA(degree=pos,position=free)	toepasselijk	
gemaakt	VRB(finiteness=pastpart)	maken	
is	VRB(finiteness=fin,tense=pres)	zijn	
,	PC	,	
willen	VRB(finiteness=fin,tense=pres)	willen	
echter	ADV(type=reg)	echter	
anderen	PD(type=indef,position=free)	ander	
,	PC	,	
dat	CONJ(type=sub)	dat	
dit	PD(type=d-p,subtype=oth,position=prenom)	dit	
vermogen	NOU-C(number=sg)	vermogen	
reeds	ADV(type=reg)	reeds	
vroeger	AA(degree=comp,position=free)	vroeg	
aan	ADP(type=pre)	aan	
de	PD(type=d-p,subtype=art,position=prenom)	de	
Chinezen	NOU-C(number=pl)	Chinees	
bekend	AA(degree=pos,position=free)	bekend	
was	VRB(finiteness=fin,tense=past)	zijn	
,	PC	,	



Slaapt	VRB(finiteness=fin,tense=pres)	slapen	
gij	PD(type=pers,position=free)	gij	
nog	ADV(type=reg)	nog	
?	PC	?	
De	PD(type=d-p,subtype=art,position=prenom)	de	
biên	NOU-C(number=pl)	bij	
ontwekken	VRB(finiteness=fin,tense=pres)	ontwekken	
,	PC	,	
langende	VRB(finiteness=prespart)	langen	
om	ADP(type=pre)	om	
uw	PD(type=poss,position=prenom)	uw	
zeem	NOU-C(number=sg)	zeem	
te	ADP(type=pre)	te	
lekken	VRB(finiteness=inf)	lekken	
,	PC	,	



Alleen	AA(degree=pos,position=free)	alleen	
het	PD(type=d-p,subtype=art,position=prenom)	het	
zoogenaamd	AA(degree=pos,position=free)	zogenaamd	
bruine	AA(degree=pos,position=prenom)	bruin	
leder	NOU-C(number=sg)	leder	
wordt	VRB(finiteness=fin,tense=pres)	worden	
bepaaldelijk	ADV(type=reg)	bepaaldelijk	
gelooid	VRB(finiteness=pastpart)	looien	
,	PC	,	
het	PD(type=d-p,subtype=art,position=prenom)	het	
witte	AA(degree=pos,position=prenom)	wit	
leder	NOU-C(number=sg)	leder	
en	CONJ(type=coor)	en	
het	PD(type=d-p,subtype=art,position=prenom)	het	
zeemleder	NOU-C(number=sg)	zeemleder	
ondergaan	VRB(finiteness=fin,tense=pres)	ondergaan	
eene	PD(type=indef,subtype=art,position=prenom)	een	
andere	PD(type=indef,subtype=oth,position=prenom)	ander	
bewerking	NOU-C(number=sg)	bewerking	
;	PC	;	
het	PD(type=d-p,subtype=art,position=prenom)	het	
eerste	NUM(type=ord,position=prenom,representation=let)	eerste	
noemt	VRB(finiteness=fin,tense=pres)	noemen	
men	PD(type=pers,position=free)	men	
rood-looijen	NOU-C(number=sg)	roodlooien	
,	PC	,	
het	PD(type=d-p,subtype=art,position=prenom)	het	
tweede	NUM(type=ord,position=prenom,representation=let)	tweede	
wit-looijen	NOU-C(number=sg)	witlooien	
,	PC	,	
het	PD(type=d-p,subtype=art,position=prenom)	het	
derde	NUM(type=ord,position=prenom,representation=let)	derde	
zeemtouwen	NOU-C(number=sg)	zeemtouwen	
,	PC	,	
naar	CONJ(type=sub)	naargelang	mw_621011
gelang	CONJ(type=sub)	naargelang	mw_621011
de	PD(type=d-p,subtype=art,position=prenom)	de	
huiden	NOU-C(number=pl)	huid	
met	ADP(type=pre)	met	
looistof	NOU-C(number=sg)	looistof	
,	PC	,	
aluin	NOU-C(number=sg)	aluin	
of	CONJ(type=coor)	of	
vet	NOU-C(number=sg)	vet	
bereid	VRB(finiteness=pastpart)	bereiden	
worden	VRB(finiteness=fin,tense=pres)	worden	
,	PC	,	



Vast	AA(degree=pos,position=free)	vast	
zal	VRB(finiteness=fin,tense=pres)	zullen	
je	PD(type=pers,position=free)	jij	
in	ADP(type=pre)	in	
't	PD(type=d-p,subtype=art,position=prenom)	het	
weeshuis	NOU-C(number=sg)	weeshuis	
komen	VRB(finiteness=inf)	komen	
,	PC	,	
Zoo	CONJ(type=sub)	zo	
Paatje	NOU-P	Paatje	
gaat	VRB(finiteness=fin,tense=pres)	gaan	
om	ADP(type=pre)	om	
zeep	NOU-C(number=sg)	zeep	
,	PC	,	



Nommer	NOU-C(number=sg)	nummer	
vijf	NUM(type=card,position=postnom,representation=let)	vijf	
droeg	VRB(finiteness=fin,tense=past)	dragen	
een	PD(type=indef,subtype=art,position=prenom)	een	
zeepbal	NOU-C(number=sg)	zeepbal	
,	PC	,	
heel	AA(degree=pos,position=free)	heel	
keurig	AA(degree=pos,position=free)	keurig	
en	CONJ(type=coor)	en	
fijn	AA(degree=pos,position=free)	fijn	
,	PC	,	
De	PD(type=d-p,subtype=art,position=prenom)	de	
handen	NOU-C(number=pl)	hand	
slechts	ADV(type=reg)	slechts	
waard	AA(degree=pos,position=free)	waard	
van	ADP(type=pre)	van	
den	PD(type=d-p,subtype=art,position=prenom)	de	
Heer	NOU-C(number=sg)	heer	
van	ADP(type=pre)	van	
't	PD(type=d-p,subtype=art,position=prenom)	het	
festijn	NOU-C(number=sg)	festijn	
,	PC	,	



—	PC	—	
Hoe	ADV(type=reg)	hoe	
hij	PD(type=pers,position=free)	hij	
haar	PD(type=pers,position=free)	zij	
Woensdag	NOU-C(number=sg)	woensdag	
een	PD(type=indef,subtype=art,position=prenom)	een	
biscuitje	NOU-C(number=sg)	biscuitje	
had	VRB(finiteness=fin,tense=past)	hebben	
verzocht	VRB(finiteness=pastpart)	verzoeken	
,	PC	,	



Wij	PD(type=pers,position=free)	wij	
vragen	VRB(finiteness=fin,tense=pres)	vragen	
allen	PD(type=indef,position=free)	al	
zeere	AA(degree=pos,position=free)	zeer	
aan	ADP(type=pre)	aan	
onzen	NOU-P	Onze-Lieve-Heer	mw_566698
lieven	NOU-P	Onze-Lieve-Heer	mw_566698
Heere	NOU-P	Onze-Lieve-Heer	mw_566698
:	PC	:	
”	PC	”	
Van	ADP(type=pre)	van	
onruste	NOU-C(number=sg)	onrust	
en	CONJ(type=coor)	en	
gekwel	NOU-C(number=sg)	gekwel	
bewaart	VRB(finiteness=fin,tense=pres)	bewaren	
Gertrude	NOU-P	Gertrude	
wel	ADV(type=reg)	wel	
”,	PC	”,	



Goed	AA(degree=pos,position=free)	goed	
rond	AA(degree=pos,position=free)	rond	
,	PC	,	
goed	AA(degree=pos,position=free)	goed	
Zeeuwsch	AA(degree=pos,position=free)	Zeeuws	
.	PC	.	
De	PD(type=d-p,subtype=art,position=prenom)	de	
Zeeuwen	NOU-C(number=pl)	Zeeuw	
worden	VRB(finiteness=fin,tense=pres)	worden	
gezegd	VRB(finiteness=pastpart)	zeggen	
steeds	ADV(type=reg)	steeds	
kort	AA(degree=pos,position=free)	kort	
en	CONJ(type=coor)	en	
rond	AA(degree=pos,position=free)	rond	
de	PD(type=d-p,subtype=art,position=prenom)	de	
waarheid	NOU-C(number=sg)	waarheid	
te	ADP(type=pre)	te	
spreken	VRB(finiteness=inf)	spreken	
,	PC	,	
en	CONJ(type=coor)	en	
ziedaar	INT	ziedaar	
de	PD(type=d-p,subtype=art,position=prenom)	de	
oorsprong	NOU-C(number=sg)	oorsprong	
dezer	PD(type=d-p,subtype=oth,position=prenom)	deze	
Spreuk	NOU-C(number=sg)	spreuk	
,	PC	,	



Het	PD(type=d-p,subtype=art,position=prenom)	het	
importeeren	NOU-C(number=sg)	importeren	
van	ADP(type=pre)	van	
tabaksfabrikaten	NOU-C(number=pl)	tabaksfabricaat	
uit	ADP(type=pre)	uit	
het	PD(type=d-p,subtype=art,position=prenom)	het	
buitenland	NOU-C(number=sg)	buitenland	
wordt	VRB(finiteness=fin,tense=pres)	worden	
aan	ADP(type=pre)	aan	
particulieren	NOU-C(number=pl)	particulier	
slechts	ADV(type=reg)	slechts	
op	ADP(type=pre)	op	
request	NOU-C(number=sg)	rekwest	
(	PC	(	
aan	ADP(type=pre)	aan	
een	PD(type=indef,subtype=art,position=prenom)	een	
zegel	NOU-C(number=sg)	zegel	
van	ADP(type=pre)	van	
Fl.	NOU-C(number=sg,WF=abbr)	florijn	
1	NUM(type=card,position=postnom,representation=dig)	een	
,—	PC	,—	
onderworpen	VRB(finiteness=pastpart)	onderwerpen	
)	PC	)	
…	PC	…	
veroorloofd	VRB(finiteness=pastpart)	veroorloven	
,	PC	,	



Over	ADP(type=pre)	over	
de	PD(type=d-p,subtype=art,position=prenom)	de	
schitterende	AA(degree=pos,position=prenom)	schitterend	
vooruitzigten	NOU-C(number=pl)	vooruitzicht	
van	ADP(type=pre)	van	
den	PD(type=d-p,subtype=art,position=prenom)	de	
jeugdigen	AA(degree=pos,position=prenom)	jeugdig	
staat	NOU-C(number=sg)	staat	
sprekende	VRB(finiteness=prespart)	spreken	
,	PC	,	
merkt	VRB(finiteness=fin,tense=pres)	opmerken	mw_77924
Adams	NOU-P	Adam	
op	VRB(finiteness=fin,tense=pres)	opmerken	mw_77924
,	PC	,	
dat	CONJ(type=sub)	dat	
die	PD(type=d-p,position=free)	die	
nog	ADV(type=reg)	nog	
geen	PD(type=indef,subtype=oth,position=prenom)	geen	
zegel	NOU-C(number=sg)	zegel	
bezat	VRB(finiteness=fin,tense=past)	bezitten	
,	PC	,	



Aan	ADP(type=pre)	aan	
zegenrijke	AA(degree=pos,position=prenom)	zegenrijk	
vruchten	NOU-C(number=pl)	vrucht	
op	ADP(type=pre)	op	
haren	PD(type=poss,position=prenom)	haar	
arbeid	NOU-C(number=sg)	arbeid	
heeft	VRB(finiteness=fin,tense=pres)	hebben	
het	PD(type=pers,position=free)	het	
niet	ADV(type=reg)	niet	
ontbroken	VRB(finiteness=pastpart)	ontbreken	
,	PC	,	



2000	NUM(type=card,position=prenom,representation=dig)	tweeduizend	
gevangenen	NOU-C(number=pl)	gevangene	
met	ADP(type=pre)	met	
al	PD(type=indef,position=free)	al	
het	PD(type=d-p,subtype=art,position=prenom)	het	
geschut	NOU-C(number=sg)	geschut	
en	CONJ(type=coor)	en	
5	NUM(type=card,position=prenom,representation=dig)	vijf	
vaandels	NOU-C(number=pl)	vaandel	
waren	VRB(finiteness=fin,tense=past)	zijn	
de	PD(type=d-p,subtype=art,position=prenom)	de	
zegeteekenen	NOU-C(number=pl)	zegeteken	
van	ADP(type=pre)	van	
dit	PD(type=d-p,subtype=oth,position=prenom)	dit	
gevecht	NOU-C(number=sg)	gevecht	
,	PC	,	



—	PC	—	
Drie	NUM(type=card,position=prenom,representation=let)	drie	
kinderen	NOU-C(number=pl)	kind	
op	ADV(type=reg)	opeens	mw_508795
eens	ADV(type=reg)	opeens	mw_508795
te	ADP(type=pre)	te	
verliezen	VRB(finiteness=inf)	verliezen	
,	PC	,	
dat	PD(type=d-p,position=free)	dat	
is	VRB(finiteness=fin,tense=pres)	zijn	
wat	PD(type=indef,position=free)	wat	
te	ADP(type=pre)	te	
zeggen	VRB(finiteness=inf)	zeggen	
!	PC	!	



Wel	ADV(type=reg)	wel	
zegde	VRB(finiteness=fin,tense=past)	zeggen	
hem	PD(type=pers,position=free)	hij	
zyn	PD(type=poss,position=prenom)	zijn	
geweten	NOU-C(number=sg)	geweten	
somwylen	ADV(type=reg)	somwijl	
dat	CONJ(type=sub)	dat	
hy	PD(type=pers,position=free)	hij	
te	ADV(type=reg)	te	
oud	AA(degree=pos,position=free)	oud	
was	VRB(finiteness=fin,tense=past)	zijn	
om	ADP(type=pre)	om	
nu	ADV(type=reg)	nu	
nog	ADV(type=reg)	nog	
Fransch	NOU-P	Frans	
te	ADP(type=pre)	te	
leeren	VRB(finiteness=inf)	leren	
,	PC	,	



Mama	NOU-C(number=sg)	mama	
heeft	VRB(finiteness=fin,tense=pres)	hebben	
een	PD(type=indef,subtype=art,position=prenom)	een	
zwak	NOU-C(number=sg)	zwak	
,	PC	,	
dat	PD(type=d-p,position=free)	dat	
zij	PD(type=pers,position=free)	zij	
gaarne	ADV(type=reg)	gaarne	
gevleid	VRB(finiteness=pastpart)	vleien	
wordt	VRB(finiteness=fin,tense=pres)	worden	
,	PC	,	



Een	PD(type=indef,position=free)	eenieder	mw_649152
ieder	PD(type=indef,position=free)	eenieder	mw_649152
,	PC	,	
die	PD(type=d-p,position=free)	die	
het	PD(type=d-p,subtype=art,position=prenom)	het	
regt	NOU-C(number=sg)	recht	
van	ADP(type=pre)	van	
Zwanendrift	NOU-C(number=sg)	zwanendrift	
heeft	VRB(finiteness=fin,tense=pres)	hebben	
en	CONJ(type=coor)	en	
met	ADV(type=reg)	metterdaad	mw_722794
er	ADV(type=reg)	metterdaad	mw_722794
daad	ADV(type=reg)	metterdaad	mw_722794
uitoefent	VRB(finiteness=fin,tense=pres)	uitoefenen	
…	PC	…	
is	VRB(finiteness=fin,tense=pres)	zijn	
verpligt	AA(degree=pos,position=free)	verplicht	
,	PC	,	
om	ADP(type=pre)	om	
zich	PD(type=refl,position=free)	zich	
aan	ADP(type=pre)	aan	
den	PD(type=d-p,subtype=art,position=prenom)	de	
Opperjagermeester	NOU-C(number=sg)	opperjagermeester	
vóór	ADP(type=pre)	voor	
den	PD(type=d-p,subtype=art,position=prenom)	de	
1sten	NUM(type=ord,position=prenom,representation=mix-dig)	eerste	
October	NOU-C(number=sg)	oktober	
dezes	PD(type=d-p,subtype=oth,position=prenom)	deze	
Jaars	NOU-C(number=sg)	jaar	
te	ADP(type=pre)	te	
adresseren	VRB(finiteness=inf)	adresseren	
,	PC	,	
en	CONJ(type=coor)	en	
confirmatie	NOU-C(number=sg)	confirmatie	
van	ADP(type=pre)	van	
zijn	PD(type=poss,position=prenom)	zijn	
Regt	NOU-C(number=sg)	recht	
,	PC	,	
of	CONJ(type=coor)	of	
verlof	NOU-C(number=sg)	verlof	
tot	ADP(type=pre)	tot	
het	PD(type=d-p,subtype=art,position=prenom)	het	
houden	NOU-C(number=sg)	houden	
van	ADP(type=pre)	van	
Zwanendrift	NOU-C(number=sg)	zwanendrift	
te	ADP(type=pre)	te	
verzoeken	VRB(finiteness=inf)	verzoeken	
,	PC	,	



Gelukkig	AA(degree=pos,position=free)	gelukkig	
bestaat	VRB(finiteness=fin,tense=pres)	bestaan	
er	ADV(type=reg)	er	
een	PD(type=indef,subtype=art,position=prenom)	een	
middel	NOU-C(number=sg)	middel	
tegen	ADP(type=pre)	tegen	
den	PD(type=d-p,subtype=art,position=prenom)	de	
boozen	AA(degree=pos,position=prenom)	boos	
vijand	NOU-C(number=sg)	vijand	
het	PD(type=pers,position=free)	het	
bestaat	VRB(finiteness=fin,tense=pres)	bestaan	
in	ADP(type=pre)	in	
het	PD(type=d-p,subtype=art,position=prenom)	het	
bestrooien	NOU-C(number=sg)	bestrooien	
met	ADP(type=pre)	met	
zwavelbloem	NOU-C(number=sg)	zwavelbloem	
,	PC	,	
waartoe	ADV(type=pron)	waartoe	
men	PD(type=pers,position=free)	men	
afzonderlijke	AA(degree=pos,position=prenom)	afzonderlijk	
blaasbalgen	NOU-C(number=pl)	blaasbalg	
heeft	VRB(finiteness=fin,tense=pres)	hebben	
vervaardigd	VRB(finiteness=pastpart)	vervaardigen	
,	PC	,	



Zwavelzuur	NOU-C(number=sg)	zwavelzuur	
Koperoxyde	NOU-C(number=sg)	koperoxide	
met	ADP(type=pre)	met	
Water	NOU-C(number=sg)	water	
…	PC	…	
Scheef-rhomboëdrische	AA(degree=pos,position=free)+AA(degree=pos,position=prenom)	scheef+romboëdrisch	
,	PC	,	
heldere	AA(degree=pos,position=prenom)	helder	
,	PC	,	
blauwe	AA(degree=pos,position=prenom)	blauw	
kristallen	NOU-C(number=pl)	kristal	
,	PC	,	
die	PD(type=d-p,position=free)	die	
in	ADP(type=pre)	in	
de	PD(type=d-p,subtype=art,position=prenom)	de	
lucht	NOU-C(number=sg)	lucht	
slechts	ADV(type=reg)	slechts	
langzaam	AA(degree=pos,position=free)	langzaam	
verweeren	VRB(finiteness=fin,tense=pres)	verweren	
,	PC	,	
oplosbaar	AA(degree=pos,position=free)	oplosbaar	
zijn	VRB(finiteness=fin,tense=pres)	zijn	
in	ADP(type=pre)	in	
water	NOU-C(number=sg)	water	
,	PC	,	
doch	CONJ(type=coor)	doch	
onoplosbaar	AA(degree=pos,position=free)	onoplosbaar	
in	ADP(type=pre)	in	
zeer	AA(degree=pos,position=free)	zeer	
sterken	AA(degree=pos,position=prenom)	sterk	
spiritus	NOU-C(number=sg)	spiritus	
,	PC	,	



Watersneppen	NOU-C(number=pl)	watersnip	
,	PC	,	
Patryssen	NOU-C(number=pl)	patrijs	
en	CONJ(type=coor)	en	
Zweemen	NOU-C(number=pl)	zweem	
het	PD(type=d-p,subtype=art,position=prenom)	het	
stuk	NOU-C(number=sg)	stuk	
4	NUM(type=card,position=prenom,representation=dig)	vier	
cents	NOU-C(number=pl)	cent	
,	PC	,	



In	ADP(type=pre)	in	
Amsterdam	NOU-P	Amsterdam	
…	PC	…	
steeg	VRB(finiteness=fin,tense=past)	stijgen	
het	PD(type=d-p,subtype=art,position=prenom)	het	
aantal	NOU-C(number=sg)	aantal	
der	PD(type=d-p,subtype=art,position=prenom)	de	
commiezen	NOU-C(number=pl)	commies	
niet	ADV(type=reg)	niet	
hooger	AA(degree=comp,position=free)	hoog	
dan	CONJ(type=coor)	dan	
in	ADP(type=pre)	in	
de	PD(type=d-p,subtype=art,position=prenom)	de	
twintig	NUM(type=card,position=free,representation=let)	twintig	
,	PC	,	
en	CONJ(type=coor)	en	
in	ADP(type=pre)	in	
de	PD(type=d-p,subtype=art,position=prenom)	de	
geheele	AA(degree=pos,position=prenom)	geheel	
wet	NOU-C(number=sg)	wet	
noch	CONJ(type=coor)	noch	
in	ADP(type=pre)	in	
de	PD(type=d-p,subtype=art,position=prenom)	de	
eerste	NUM(type=ord,position=prenom,representation=let)	eerste	
voorzieningen	NOU-C(number=pl)	voorziening	
is	VRB(finiteness=fin,tense=pres)	zijn	
een	PD(type=indef,subtype=art,position=prenom)	een	
zweem	NOU-C(number=sg)	zweem	
te	ADP(type=pre)	te	
vinden	VRB(finiteness=inf)	vinden	
van	ADP(type=pre)	van	
zulke	PD(type=d-p,subtype=oth,position=prenom)	zulk	
ambtenaren	NOU-C(number=pl)	ambtenaar	
,	PC	,	
inspecteurs	NOU-C(number=pl)	inspecteur	
en	CONJ(type=coor)	en	
onderinspecteurs	NOU-C(number=pl)	onderinspecteur	
,	PC	,	



Indien	CONJ(type=sub)	indien	
de	PD(type=d-p,subtype=art,position=prenom)	de	
vooras	NOU-C(number=sg)	vooras	
met	ADP(type=pre)	met	
hare	PD(type=poss,position=prenom)	haar	
wielen	NOU-C(number=pl)	wiel	
…	PC	…	
onder	ADP(type=pre)	onder	
den	PD(type=d-p,subtype=art,position=prenom)	de	
bak	NOU-C(number=sg)	bak	
van	ADP(type=pre)	van	
het	PD(type=d-p,subtype=art,position=prenom)	het	
rijtuig	NOU-C(number=sg)	rijtuig	
moet	VRB(finiteness=fin,tense=pres)	moeten	
kunnen	VRB(finiteness=inf)	kunnen	
draaien	VRB(finiteness=inf)	draaien	
,	PC	,	
hetwelk	PD(type=w-p,position=free)	hetwelk	
tot	ADP(type=pre)	tot	
zeer	AA(degree=pos,position=free)	zeer	
korte	AA(degree=pos,position=prenom)	kort	
zwenkingen	NOU-C(number=pl)	zwenking	
,	PC	,	
b.v.	ADV(type=reg,WF=abbr)	bijvoorbeeld	
voor	ADP(type=pre)	voor	
de	PD(type=d-p,subtype=art,position=prenom)	de	
hoeken	NOU-C(number=pl)	hoek	
van	ADP(type=pre)	van	
kleine	AA(degree=pos,position=prenom)	klein	
straten	NOU-C(number=pl)	straat	
,	PC	,	
of	CONJ(type=coor)	of	
tot	ADP(type=pre)	tot	
het	PD(type=d-p,subtype=art,position=prenom)	het	
omkeeren	NOU-C(number=sg)	omkeren	
in	ADP(type=pre)	in	
eene	PD(type=indef,subtype=art,position=prenom)	een	
naauwe	AA(degree=pos,position=prenom)	nauw	
ruimte	NOU-C(number=sg)	ruimte	
noodig	AA(degree=pos,position=free)	nodig	
is	VRB(finiteness=fin,tense=pres)	zijn	
,	PC	,	
alsdan	ADV(type=reg)	alsdan	
bedient	VRB(finiteness=fin,tense=pres)	bedienen	
men	PD(type=pers,position=free)	men	
zich	PD(type=refl,position=free)	zich	
van	ADP(type=pre)	van	
een	PD(type=indef,subtype=art,position=prenom)	een	
krom	AA(degree=pos,position=prenom)	krom	
ijzeren	AA(degree=pos,position=prenom)	ijzeren	
verbindingsstuk	NOU-C(number=sg)	verbindingsstuk	
tusschen	ADP(type=pre)	tussen	
de	PD(type=d-p,subtype=art,position=prenom)	de	
voor	NOU-C(number=sg,WF=trunc)+NOU-C(number=sg)	vooras+achteras	mw_25512
-	PC	-	
en	CONJ(type=coor)	en	
achteras	NOU-C(number=sg,WF=trunc)+NOU-C(number=sg)	vooras+achteras	mw_25512
,	PC	,	



Dat	CONJ(type=sub)	dat	
er	ADV(type=reg)	er	
een	PD(type=indef,subtype=art,position=prenom)	een	
groote	AA(degree=pos,position=prenom)	groot	
zwerm	NOU-C(number=sg)	zwerm	
bij	ADP(type=pre)	bij	
toeval	NOU-C(number=sg)	toeval	
in	ADP(type=pre)	in	
zijne	PD(type=poss,position=prenom)	zijn	
nieuwe	AA(degree=pos,position=prenom)	nieuw	
pruik	NOU-C(number=sg)	pruik	
bleef	VRB(finiteness=fin,tense=past)	blijven	
haken	VRB(finiteness=inf)	haken	
en	CONJ(type=coor)	en	
de	PD(type=d-p,subtype=art,position=prenom)	de	
krullen	NOU-C(number=pl)	krul	
van	ADP(type=pre)	van	
de	PD(type=d-p,subtype=art,position=prenom)	de	
regter	NOU-C(number=sg)	rechterzijde	mw_7910
zijde	NOU-C(number=sg)	rechterzijde	mw_7910
geheel	AA(degree=pos,position=free)	geheel	
verzengde	VRB(finiteness=fin,tense=past)	verzengen	
,	PC	,	



—	PC	—	
Bij	ADP(type=pre)	bij	
de	PD(type=d-p,subtype=art,position=prenom)	de	
diepgaande	AA(degree=pos,position=prenom)	diepgaand	
ontstaat	VRB(finiteness=fin,tense=pres)	ontstaan	
gevaar	NOU-C(number=sg)	gevaar	
van	ADP(type=pre)	van	
de	PD(type=d-p,subtype=art,position=prenom)	de	
doorsnijding	NOU-C(number=sg)	doorsnijding	
der	PD(type=d-p,subtype=art,position=prenom)	de	
kropslagader	NOU-C(number=sg)	kropslagader	
,	PC	,	
der	PD(type=d-p,subtype=art,position=prenom)	de	
inwendige	AA(degree=pos,position=prenom)	inwendig	
halsader	NOU-C(number=sg)	halsader	
,	PC	,	
van	ADP(type=pre)	van	
de	PD(type=d-p,subtype=art,position=prenom)	de	
zwervende	AA(degree=pos,position=prenom)	zwervend	
zenuw	NOU-C(number=sg)	zenuw	
,	PC	,	
verder	AA(degree=comp,position=free)	verder	
van	ADP(type=pre)	van	
de	PD(type=d-p,subtype=art,position=prenom)	de	
luchtpijp	NOU-C(number=sg)	luchtpijp	
en	CONJ(type=coor)	en	
het	PD(type=d-p,subtype=art,position=prenom)	het	
strottenhoofd	NOU-C(number=sg)	strottenhoofd	
,	PC	,	
alsmede	CONJ(type=coor)	alsmede	
van	ADP(type=pre)	van	
den	PD(type=d-p,subtype=art,position=prenom)	de	
slokdarm	NOU-C(number=sg)	slokdarm	
,	PC	,	



Ik	PD(type=pers,position=free)	ik	
heb	VRB(finiteness=fin,tense=pres)	hebben	
hem	PD(type=pers,position=free)	hij	
niets	PD(type=indef,position=free)	niets	
gegeven	VRB(finiteness=pastpart)	geven	
dan	CONJ(type=coor)	dan	
verdriet	NOU-C(number=sg)	verdriet	
;	PC	;	
ik	PD(type=pers,position=free)	ik	
heb	VRB(finiteness=fin,tense=pres)	hebben	
zyne	PD(type=poss,position=prenom)	zijn	
gezondheid	NOU-C(number=sg)	gezondheid	
gekrenkt	VRB(finiteness=pastpart)	krenken	
en	CONJ(type=coor)	en	
zyn	PD(type=poss,position=prenom)	zijn	
leven	NOU-C(number=sg)	leven	
verkort	VRB(finiteness=pastpart)	verkorten	
.	PC	.	
En	CONJ(type=coor)	en	
,	PC	,	
het	PD(type=pers,position=free)	het	
is	VRB(finiteness=fin,tense=pres)	zijn	
gruwelyk	AA(degree=pos,position=free)	gruwelijk	
,	PC	,	
ik	PD(type=pers,position=free)	ik	
heb	VRB(finiteness=fin,tense=pres)	hebben	
zyne	PD(type=poss,position=prenom)	zijn	
gryze	AA(degree=pos,position=prenom)	grijs	
haren	NOU-C(number=pl)	haar	
geleverd	VRB(finiteness=pastpart)	leveren	
aen	ADP(type=pre)	aan	
den	PD(type=d-p,subtype=art,position=prenom)	de	
hoon	NOU-C(number=sg)	hoon	
van	ADP(type=pre)	van	
eenen	PD(type=indef,subtype=art,position=prenom)	een	
zielloozen	AA(degree=pos,position=prenom)	zielloos	
zwetser	NOU-C(number=sg)	zwetser	
;	PC	;	
ik	PD(type=pers,position=free)	ik	
heb	VRB(finiteness=fin,tense=pres)	hebben	
hem	PD(type=pers,position=free)	hij	
vernederd	VRB(finiteness=pastpart)	vernederen	
gezien	VRB(finiteness=pastpart)	zien	
voor	ADP(type=pre)	voor	
den	PD(type=d-p,subtype=art,position=prenom)	de	
vuigen	AA(degree=pos,position=prenom)	vuig	
Gumbert	NOU-P	Gumbert	
,	PC	,	



Gij	PD(type=pers,position=free)	gij	
zijt	VRB(finiteness=fin,tense=pres)	zijn	
al	ADV(type=reg)	al	
te	ADV(type=reg)	te	
goed	AA(degree=pos,position=free)	goed	
vooral	ADV(type=reg)	vooral	
voor	ADP(type=pre)	voor	
anderen	PD(type=indef,position=free)	ander	
,	PC	,	
en	CONJ(type=coor)	en	
niet	ADV(type=reg)	niet	
genoeg	PD(type=indef,position=free)	genoeg	
voor	ADP(type=pre)	voor	
uw	PD(type=poss,position=prenom)	uw	
zelf	PD(type=d-p,position=free)	zelf	
b.v.	ADV(type=reg,WF=abbr)	bijvoorbeeld	
met	ADP(type=pre)	met	
te	ADP(type=pre)	te	
vergeten	VRB(finiteness=inf)	vergeten	
om	ADP(type=pre)	om	
u	PD(type=pers,position=free)	u	
wat	ADV(type=reg)	wat	
te	ADP(type=pre)	te	
ontzien	VRB(finiteness=inf)	ontzien	
,	PC	,	
en	CONJ(type=coor)	en	
niet	ADV(type=reg)	niet	
te	ADP(type=pre)	te	
dansen	VRB(finiteness=inf)	dansen	
,	PC	,	
nadat	CONJ(type=sub)	nadat	
de	PD(type=d-p,subtype=art,position=prenom)	de	
hoest	NOU-C(number=sg)	hoest	
pas	ADV(type=reg)	pas	
is	VRB(finiteness=fin,tense=pres)	zijn	
geweken	VRB(finiteness=pastpart)	wijken	
.	PC	.	
Wij	PD(type=pers,position=free)	wij	
weten	VRB(finiteness=fin,tense=pres)	weten	
dat	CONJ(type=sub)	dat	
uit	ADP(type=pre)	uit	
Marie	NOU-P	Marie	
van	NOU-P	Van Tienhoven	mw_525412
Tienhovens	NOU-P	Van Tienhoven	mw_525412
brief	NOU-C(number=sg)	brief	
,	PC	,	
die	PD(type=d-p,position=free)	die	
u	PD(type=pers,position=free)	u	
heeft	VRB(finiteness=fin,tense=pres)	hebben	
zien	VRB(finiteness=inf)	zien	
zweven	VRB(finiteness=inf)	zweven	
in	ADP(type=pre)	in	
Volksvlijt	NOU-P	Volksvlijt	
,	PC	,	
op	ADP(type=pre)	op	
het	PD(type=d-p,subtype=art,position=prenom)	het	
Feest	NOU-C(number=sg)	feest	
van	ADP(type=pre)	van	
de	PD(type=d-p,subtype=art,position=prenom)	de	
Studenten	NOU-C(number=pl)	student	
,	PC	,	



Zwijntje	NOU-C(number=sg)	zwijntje	
…	PC	…	
Soort	NOU-C(number=sg)	soort	
van	ADP(type=pre)	van	
erwt	NOU-C(number=sg)	erwt	
die	PD(type=d-p,position=free)	die	
met	ADP(type=pre)	met	
de	PD(type=d-p,subtype=art,position=prenom)	de	
schokken	NOU-C(number=pl)	schok	
geëten	VRB(finiteness=pastpart)	eten	
wordt	VRB(finiteness=fin,tense=pres)	worden	
,	PC	,	
peultje	NOU-C(number=sg)	peultje	
,	PC	,	
krombek	NOU-C(number=sg)	krombek	
,	PC	,	



Zwijnskop	NOU-C(number=sg)	zwijnskop	
,	PC	,	
meestal	ADV(type=reg)	meestal	
faaswijs	ADV(type=reg)	faaswijs	
en	CONJ(type=coor)	en	
afgerukt	VRB(finiteness=pastpart)	afrukken	
,	PC	,	
de	PD(type=d-p,subtype=art,position=prenom)	de	
muil	NOU-C(number=sg)	muil	
geopend	VRB(finiteness=pastpart)	openen	
,	PC	,	
zoodat	CONJ(type=sub)	zodat	
de	PD(type=d-p,subtype=art,position=prenom)	de	
tong	NOU-C(number=sg)	tong	
goed	AA(degree=pos,position=free)	goed	
zichtbaar	AA(degree=pos,position=free)	zichtbaar	
is	VRB(finiteness=fin,tense=pres)	zijn	
.	PC	.	
De	PD(type=d-p,subtype=art,position=prenom)	de	
slagtanden	NOU-C(number=pl)	slagtand	
zijn	VRB(finiteness=fin,tense=pres)	zijn	
naar	ADP(type=pre)	naar	
achteren	ADV(type=reg)	achteren	
omgebogen	VRB(finiteness=pastpart)	ombuigen	
,	PC	,	



Hij	PD(type=pers,position=free)	hij	
heeft	VRB(finiteness=fin,tense=pres)	hebben	
spek	NOU-C(number=sg)	spek	
gegeten	VRB(finiteness=pastpart)	eten	
;	PC	;	
daarom	ADV(type=pron)	daarom	
zit	VRB(finiteness=fin,tense=pres)	zitten	
hem	PD(type=pers,position=free)	hij	
het	PD(type=d-p,subtype=art,position=prenom)	het	
zwoord	NOU-C(number=sg)	zwoerd	
achter	ADP(type=pre)	achter	
in	ADP(type=pre)	in	
)	PC	)	
de	PD(type=d-p,subtype=art,position=prenom)	de	
ooren	NOU-C(number=pl)	oor	
,	PC	,	



F	NOU-P(WF=abbr)	F.	
.	PC	.	
Wat	PD(type=w-p,position=free)	wat	
hebt	VRB(finiteness=fin,tense=pres)	voorhebben	mw_351671
ge	PD(type=pers,position=free)	gij	
met	ADP(type=pre)	met	
my	PD(type=pers,position=free)	ik	
voor	VRB(finiteness=fin,tense=pres)	voorhebben	mw_351671
?	PC	?	
W.	NOU-P(WF=abbr)	W.	
U	PD(type=pers,position=free)	u	
hier	ADV(type=reg)	hier	
in	ADP(type=pre)	in	
boei	NOU-C(number=sg)	boei	
te	ADP(type=pre)	te	
slaan	VRB(finiteness=inf)	slaan	
.	PC	.	
F	NOU-P(WF=abbr)	F.	
.	PC	.	
In	ADP(type=pre)	in	
boeiens	NOU-C(number=pl)	boei	
?	PC	?	
my	PD(type=pers,position=free)	ik	
,	PC	,	
uw	PD(type=poss,position=prenom)	uw	
'	PC	'	
Graaf	NOU-C(number=sg)	graaf	
!	PC	!	



Aenschouwd	VRB(finiteness=fin,tense=pres)	aanschouwen	
,	PC	,	
Princes	NOU-C(number=sg)	prinses	
!	PC	!	
mijn	PD(type=poss,position=prenom)	mijn	
wesen	NOU-C(number=sg)	wezen	
,	PC	,	
't	PD(type=w-p,position=free)	hetwelk	mw_778862
Welck	PD(type=w-p,position=free)	hetwelk	mw_778862
't	PD(type=d-p,subtype=art,position=prenom)	het	
boeck	NOU-C(number=sg)	boek	
is	VRB(finiteness=fin,tense=pres)	zijn	
van	ADP(type=pre)	van	
mijn	PD(type=poss,position=prenom)	mijn	
al	ADV(type=reg)	al	
te	ADV(type=reg)	te	
droevigh	AA(degree=pos,position=prenom)	droevig	
harte	NOU-C(number=sg)	hart	
,	PC	,	
Daer	ADV(type=reg)	daar	
mooght	VRB(finiteness=fin,tense=pres)	mogen	
ghy	PD(type=pers,position=free)	gij	
klaerlijck	AA(degree=pos,position=free)	klaarlijk	
lesen	VRB(finiteness=inf)	lezen	
U	PD(type=poss,position=prenom)	uw	
Dienaers	NOU-C(number=sg)	dienaar	
druck	NOU-C(number=sg)	druk	
,	PC	,	
en	CONJ(type=coor)	en	
d	PD(type=d-p,subtype=art,position=prenom)	de	
'	PC	'	
oorsprong	NOU-C(number=sg)	oorsprong	
van	ADP(type=pre)	van	
zijn	PD(type=poss,position=prenom)	zijn	
smarte	NOU-C(number=sg)	smart	
,	PC	,	



”	PC	”	
Otto	NOU-P	Otto	
,	PC	,	
help	VRB(finiteness=fin,tense=pres)	helpen	
mij	PD(type=pers,position=free)	ik	
toch	ADV(type=reg)	toch	
,	PC	,	
de	PD(type=d-p,subtype=art,position=prenom)	de	
kinderen	NOU-C(number=pl)	kind	
moeten	VRB(finiteness=fin,tense=pres)	moeten	
heusch	AA(degree=pos,position=free)	heus	
naar	ADP(type=pre)	naar	
bed	NOU-C(number=sg)	bed	
en	CONJ(type=coor)	en	
ze	PD(type=pers,position=free)	zij	
hooren	VRB(finiteness=fin,tense=pres)	horen	
zelfs	ADV(type=reg)	zelfs	
niet	ADV(type=reg)	niet	
meer	ADV(type=reg)	meer	
naar	ADP(type=pre)	naar	
me	PD(type=pers,position=free)	ik	
”	PC	”	
…	PC	…	
”	PC	”	
O	INT	o	
,	PC	,	
Otto	NOU-P	Otto	
moet	VRB(finiteness=fin,tense=pres)	moeten	
weêr	ADV(type=reg)	weder	
de	PD(type=d-p,subtype=art,position=prenom)	de	
boeman	NOU-C(number=sg)	boeman	
zijn	VRB(finiteness=inf)	zijn	
!”	PC	!”	



Het	PD(type=pers,position=free)	het	
was	VRB(finiteness=fin,tense=past)	zijn	
'	PC	'	
er	ADV(type=pron)	erbij	mw_913805
bij	ADV(type=pron)	erbij	mw_913805
af	ADV(type=reg)	af	
,	PC	,	
toen	CONJ(type=sub)	toen	
de	PD(type=d-p,subtype=art,position=prenom)	de	
stad	NOU-C(number=sg)	stad	
eindelijk	ADV(type=reg)	eindelijk	
overging	VRB(finiteness=fin,tense=past)	overgaan	
,	PC	,	
of	CONJ(type=coor)	of	
ik	PD(type=pers,position=free)	ik	
had	VRB(finiteness=fin,tense=past)	hebben	
het	PD(type=pers,position=free)	het	
ook	ADV(type=reg)	ook	
met	ADP(type=pre)	met	
den	PD(type=d-p,subtype=art,position=prenom)	de	
kraag	NOU-C(number=sg)	kraag	
moeten	VRB(finiteness=inf)	moeten	
boeten	VRB(finiteness=inf)	boeten	
,	PC	,	



heft	VRB(finiteness=fin,tense=pres)	heffen	
het	PD(type=d-p,subtype=art,position=prenom)	het	
hoofd	NOU-C(number=sg)	hoofd	
onmachtig	AA(degree=pos,position=free)	onmachtig	
naar	ADP(type=pre)	naar	
den	PD(type=d-p,subtype=art,position=prenom)	de	
hoogen	NOU-C(number=sg)	hoge	
,	PC	,	
En	CONJ(type=coor)	en	
zucht	VRB(finiteness=fin,tense=pres)	aanzuchten	mw_606017
een	PD(type=indef,subtype=art,position=prenom)	een	
hemel	NOU-C(number=sg)	hemel	
aan	VRB(finiteness=fin,tense=pres)	aanzuchten	mw_606017
,	PC	,	
omneveld	VRB(finiteness=prespart)	omnevelen	
voor	ADP(type=pre)	voor	
hunne	PD(type=poss,position=prenom)	hun	
oogen	NOU-C(number=pl)	oog	
,	PC	,	



Denk	VRB(finiteness=fin,tense=pres)	denken	
aan	ADP(type=pre)	aan	
't	PD(type=d-p,subtype=art,position=prenom)	het	
klimaat	NOU-C(number=sg)	klimaat	
,	PC	,	
bij	ADV(type=reg)	bijvoorbeeld	mw_306716
voorbeeld	ADV(type=reg)	bijvoorbeeld	mw_306716
!	PC	!	
Wèl	ADV(type=reg)	welbeschouwd	mw_105853
beschouwd	ADV(type=reg)	welbeschouwd	mw_105853
…	PC	…	
Is	VRB(finiteness=fin,tense=pres)	zijn	
daar	ADV(type=pron)	daarop	mw_964776
bij	ADP(type=pre)	bij	
ons	PD(type=pers,position=free)	wij	
niet	ADV(type=reg)	niet	
machtig	AA(degree=pos,position=free)	machtig	
op	ADV(type=pron)	daarop	mw_964776
te	ADP(type=pre)	te	
bogen	VRB(finiteness=inf)	buigen	
,	PC	,	



De	PD(type=d-p,subtype=art,position=prenom)	de	
duivel	NOU-C(number=sg)	duivel	
wordt	VRB(finiteness=fin,tense=pres)	worden	
niet	ADV(type=reg)	niet	
zelden	ADV(type=reg)	zelden	
afgebeeld	VRB(finiteness=pastpart)	afbeelden	
met	ADP(type=pre)	met	
bokshorens	NOU-C(number=pl)	bokshoorn	
op	ADP(type=pre)	op	
het	PD(type=d-p,subtype=art,position=prenom)	het	
hoofd	NOU-C(number=sg)	hoofd	



Naar	ADP(type=pre)	naar	
deszelfs	PD(type=d-p,subtype=oth,position=prenom)	dezelve	
meer	ADV(type=reg)	meer	
of	CONJ(type=coor)	of	
minder	PD(type=indef,subtype=oth,position=prenom)	minder	
bolrondheid	NOU-C(number=sg)	bolrondheid	
ziet	VRB(finiteness=fin,tense=pres)	zien	
men	PD(type=pers,position=free)	men	
of	CONJ(type=coor)	of	
grooter	AA(degree=comp,position=free)	groot	
of	CONJ(type=coor)	of	
kleiner	AA(degree=comp,position=free)	klein	
door	ADP(type=pre)	door	
de	PD(type=d-p,subtype=art,position=prenom)	de	
vergrootglazen	NOU-C(number=pl)	vergrootglas	
,	PC	,	



Ruw	AA(degree=pos,position=prenom)	ruw	
volk	NOU-C(number=sg)	volk	
,	PC	,	
dat	PD(type=d-p,position=free)	dat	
,	PC	,	
zweetend	VRB(finiteness=prespart)	zweten	
saamgehurkt	VRB(finiteness=pastpart)	samenhurken	
,	PC	,	
Elk	PD(type=indef,position=free)	elk	
tot	ADP(type=pre)	tot	
zijn	PD(type=poss,position=prenom)	zijn	
Heilig	AA(degree=pos,position=prenom)	heilig	
bad	NOU-C(number=sg)	bad	
;	PC	;	
Maar	CONJ(type=coor)	maar	
,	PC	,	
naauw	AA(degree=pos,position=free)	nauw	
van	ADP(type=pre)	van	
zak	NOU-C(number=sg)	zak	
en	CONJ(type=coor)	en	
angst	NOU-C(number=sg)	angst	
verlost	VRB(finiteness=fin,tense=pres)	verlossen	
,	PC	,	
Geen	PD(type=indef,subtype=oth,position=prenom)	geen	
boon	NOU-C(number=sg)	boon	
geeft	VRB(finiteness=fin,tense=pres)	geven	
om	ADP(type=pre)	om	
den	PD(type=d-p,subtype=art,position=prenom)	de	
Sant	NOU-C(number=sg)	sant	
,	PC	,	



Hy	PD(type=pers,position=free)	hij	
,	PC	,	
die	PD(type=d-p,position=free)	die	
't	PD(type=d-p,subtype=art,position=prenom)	het	
menschlijk	AA(degree=pos,position=prenom)	menselijk	
hart	NOU-C(number=sg)	hart	
gebootst	VRB(finiteness=pastpart)	bootsen	
heeft	VRB(finiteness=fin,tense=pres)	hebben	
naar	ADP(type=pre)	naar	
Hemzelven	PD(type=refl,position=free)	hemzelf	
!	PC	!	
…	PC	…	
Die	PD(type=d-p,position=free)	die	
't	PD(type=d-p,subtype=art,position=prenom)	het	
(	PC	(	
sinds	ADV(type=reg)	sinds	
verbasterd	AA(degree=pos,position=prenom)	verbasterd	
)	PC	)	
hart	NOU-C(number=sg)	hart	
met	ADP(type=pre)	met	
d	PD(type=d-p,subtype=art,position=prenom)	de	
'	PC	'	
indruk	NOU-C(number=sg)	indruk	
van	ADP(type=pre)	van	
Zijn	PD(type=poss,position=prenom)	zijn	
beeld	NOU-C(number=sg)	beeld	
,	PC	,	
Zijn	PD(type=poss,position=prenom)	zijn	
goed	NOU-C(number=sg,WF=trunc)+NOU-C(number=sg,WF=trunc)+NOU-C(number=sg,WF=trunc)+NOU-C(number=sg)	goedheid+grootheid+wijsheid+alheid	mw_358792
-,	PC	-,	
Zijn	PD(type=poss,position=prenom)	zijn	
groot	NOU-C(number=sg,WF=trunc)+NOU-C(number=sg,WF=trunc)+NOU-C(number=sg,WF=trunc)+NOU-C(number=sg)	goedheid+grootheid+wijsheid+alheid	mw_358792
-,	PC	-,	
Zijn	PD(type=poss,position=prenom)	zijn	
wijs	NOU-C(number=sg,WF=trunc)+NOU-C(number=sg,WF=trunc)+NOU-C(number=sg,WF=trunc)+NOU-C(number=sg)	goedheid+grootheid+wijsheid+alheid	mw_358792
-,	PC	-,	
Zijn	PD(type=poss,position=prenom)	zijn	
alheid	NOU-C(number=sg,WF=trunc)+NOU-C(number=sg,WF=trunc)+NOU-C(number=sg,WF=trunc)+NOU-C(number=sg)	goedheid+grootheid+wijsheid+alheid	mw_358792
heeft	VRB(finiteness=fin,tense=pres)	hebben	
bedeeld	VRB(finiteness=pastpart)	bedelen	
!	PC	!	



Hoort	VRB(finiteness=fin,tense=pres)	horen	
!	PC	!	
het	PD(type=d-p,subtype=art,position=prenom)	het	
vivat	NOU-C(number=sg)	vivat	
Alexander	NOU-P	Alexander	
!	PC	!	
Klinkt	VRB(finiteness=fin,tense=pres)	klinken	
het	PD(type=pers,position=free)	het	
niet	ADV(type=reg)	niet	
uit	ADP(type=pre)	uit	
aller	PD(type=indef,subtype=oth,position=prenom)	al	
borst	NOU-C(number=sg)	borst	
?	PC	?	



Het	PD(type=d-p,subtype=art,position=prenom)	het	
Huis	NOU-C(number=sg)	huis	
(	PC	(	
paleis	NOU-C(number=sg)	paleis	
)	PC	)	
ten	ADP(type=pre)+PD(type=d-p,subtype=art,position=prenom)	te+het	
Bosch	NOU-C(number=sg)	bos	
.	PC	.	
Wandelen	VRB(finiteness=inf)	wandelen	
in	ADP(type=pre)	in	
het	PD(type=d-p,subtype=art,position=prenom)	het	
Bosch.	NOU-C(number=sg)	bos	
's	PD(type=d-p,subtype=art,position=prenom)	de	
Zondags	NOU-C(number=sg)	zondag	
is	VRB(finiteness=fin,tense=pres)	zijn	
er	ADV(type=reg)	er	
altijd	ADV(type=reg)	altijd	
muziek	NOU-C(number=sg)	muziek	
van	ADP(type=pre)	van	
de	PD(type=d-p,subtype=art,position=prenom)	de	
grenadiers	NOU-C(number=pl)	grenadier	
in	ADP(type=pre)	in	
de	PD(type=d-p,subtype=art,position=prenom)	de	
tent	NOU-C(number=sg)	tent	
in	ADP(type=pre)	in	
het	PD(type=d-p,subtype=art,position=prenom)	het	
Bosch	NOU-C(number=sg)	bos	



Botterik	NOU-C(number=sg)	botterik	
!	PC	!	
Wat	PD(type=w-p,position=free)	wat	
babbelt	VRB(finiteness=fin,tense=pres)	babbelen	
gij	PD(type=pers,position=free)	gij	
daar	ADV(type=reg)	daar	
?	PC	?	
Hij	PD(type=pers,position=free)	hij	
heeft	VRB(finiteness=fin,tense=pres)	hebben	
eenen	PD(type=indef,subtype=art,position=prenom)	een	
slag	NOU-C(number=sg)	slag	
van	ADP(type=pre)	van	
den	PD(type=d-p,subtype=art,position=prenom)	de	
hamer	NOU-C(number=sg)	hamer	
,	PC	,	
mijnheeren	NOU-C(number=pl)	mijnheer	
;	PC	;	
voor	ADP(type=pre)	voor	
het	PD(type=d-p,subtype=art,position=prenom)	het	
verstand	NOU-C(number=sg)	verstand	
is	VRB(finiteness=fin,tense=pres)	zijn	
hij	PD(type=pers,position=free)	hij	
juist	AA(degree=pos,position=free)	juist	
als	CONJ(type=sub)	als	
een	PD(type=indef,subtype=art,position=prenom)	een	
kind	NOU-C(number=sg)	kind	
van	ADP(type=pre)	van	
zes	NUM(type=card,position=prenom,representation=let)	zes	
weken	NOU-C(number=pl)	week	
,	PC	,	



De	PD(type=d-p,subtype=art,position=prenom)	de	
bewoner	NOU-C(number=sg)	bewoner	
,	PC	,	
eigenaar	NOU-C(number=sg)	eigenaar	
of	CONJ(type=coor)	of	
huurder	NOU-C(number=sg)	huurder	
wordt	VRB(finiteness=fin,tense=pres)	worden	
)	PC	)	
genaamd	VRB(finiteness=pastpart)	namen	
Bouwboer	NOU-C(number=sg)	bouwboer	
,	PC	,	
Bouwman	NOU-C(number=sg)	bouwman	
,	PC	,	
Boerman	NOU-C(number=sg)	boerman	
,	PC	,	
Landbedrijver	NOU-C(number=sg)	landbedrijver	
,	PC	,	
Veeman	NOU-C(number=sg)	veeman	
,	PC	,	
een	NUM(type=card,position=free,representation=let)	een	
die	PD(type=d-p,position=free)	die	
met	ADP(type=pre)	met	
het	PD(type=d-p,subtype=art,position=prenom)	het	
vee	NOU-C(number=sg)	vee	
omgaat	VRB(finiteness=fin,tense=pres)	omgaan	
,	PC	,	
in	ADP(type=pre)	in	
tegenstelling	NOU-C(number=sg)	tegenstelling	
van	ADP(type=pre)	van	
een	PD(type=indef,subtype=art,position=prenom)	een	
Akkerman	NOU-C(number=sg)	akkerman	
,	PC	,	
die	PD(type=d-p,position=free)	die	
zich	PD(type=refl,position=free)	zich	
alleen	AA(degree=pos,position=free)	alleen	
op	ADP(type=pre)	op	
akkerbouw	NOU-C(number=sg)	akkerbouw	
en	CONJ(type=coor)	en	
veldgewas	NOU-C(number=sg)	veldgewas	
toelegt	VRB(finiteness=fin,tense=pres)	toeleggen	
,	PC	,	
en	CONJ(type=coor)	en	
Hovenier	NOU-C(number=sg)	hovenier	
of	CONJ(type=coor)	of	
Boomgaardenier	NOU-C(number=sg)	boomgaardenier	
genoemd	VRB(finiteness=pastpart)	noemen	
wordt	VRB(finiteness=fin,tense=pres)	worden	
,	PC	,	
…	PC	…	
Beiden	PD(type=indef,position=free)	beide	
,	PC	,	
namelijk	AA(degree=pos,position=free)	namelijk	
Akkerman	NOU-C(number=sg)	akkerman	
en	CONJ(type=coor)	en	
Bouwman	NOU-C(number=sg)	bouwman	
,	PC	,	
vindt	VRB(finiteness=fin,tense=pres)	vinden	
men	PD(type=pers,position=free)	men	
echter	ADV(type=reg)	echter	
dikwijls	ADV(type=reg)	dikwijls	
in	ADP(type=pre)	in	
eenen	PD(type=indef,subtype=art,position=prenom)	een	
Bouwman	NOU-C(number=sg)	bouwman	
vereenigt	VRB(finiteness=pastpart)	verenigen	
:	PC	:	
dat	PD(type=d-p,position=free)	dat	
zijn	VRB(finiteness=fin,tense=pres)	zijn	
zoodanigen	PD(type=d-p,position=free)	zodanig	
,	PC	,	
die	PD(type=d-p,position=free)	die	
zoo	ADV(type=reg)	zowel	mw_675395
wel	ADV(type=reg)	zowel	mw_675395
den	PD(type=d-p,subtype=art,position=prenom)	de	
Veebouw	NOU-C(number=sg)	veebouw	
als	CONJ(type=sub)	als	
den	PD(type=d-p,subtype=art,position=prenom)	de	
Akkerbouw	NOU-C(number=sg)	akkerbouw	
uitoefenen	VRB(finiteness=fin,tense=pres)	uitoefenen	
,	PC	,	



”	PC	”	
Kees	NOU-P	Kees	
Datens	NOU-P	Datens	
,	PC	,	
den	PD(type=d-p,subtype=art,position=prenom)	de	
ossenboer	NOU-C(number=sg)	ossenboer	
van	ADP(type=pre)	van	
Jut	NOU-P	Jut	
,	PC	,	
boven	ADP(type=pre)	boven	
Lier	NOU-P	Lier	
”.	PC	”.	



Het	PD(type=d-p,subtype=art,position=prenom)	het	
goud	NOU-C(number=sg)	goud	
leert	VRB(finiteness=fin,tense=pres)	leren	
meineed	NOU-C(number=sg)	meineed	
,	PC	,	
moorden	VRB(finiteness=inf)	moorden	
,	PC	,	
rooven	VRB(finiteness=inf)	roven	
.	PC	.	
Zijn	PD(type=poss,position=prenom)	zijn	
week	AA(degree=pos,position=prenom)	week	
en	CONJ(type=coor)	en	
machteloos	AA(degree=pos,position=prenom)	machteloos	
metaal	NOU-C(number=sg)	metaal	
Geeft	VRB(finiteness=fin,tense=pres)	geven	
scherpte	NOU-C(number=sg)	scherpte	
en	CONJ(type=coor)	en	
sneê	NOU-C(number=sg)	snede	
aan	ADP(type=pre)	aan	
't	PD(type=d-p,subtype=art,position=prenom)	het	
oorlogsstaal	NOU-C(number=sg)	oorlogsstaal	
,	PC	,	
En	CONJ(type=coor)	en	
klinkt	VRB(finiteness=fin,tense=pres)	klinken	
Gods	NOU-P	God	
donderstem	NOU-C(number=sg)	donderstem	
te	ADP(type=pre)	te	
boven	ADV(type=reg)	boven	
,	PC	,	



J.	NOU-P(WF=abbr)	J.	
Wees	VRB(finiteness=fin,tense=pres)	zijn	
bedaard	AA(degree=pos,position=free)	bedaard	
,	PC	,	
vriend	NOU-C(number=sg)	vriend	
!	PC	!	
wees	VRB(finiteness=fin,tense=pres)	zijn	
bedaard	AA(degree=pos,position=free)	bedaard	
!	PC	!	
V.	NOU-P(WF=abbr)	V.	
Geef	VRB(finiteness=fin,tense=pres)	geven	
mij	PD(type=pers,position=free)	ik	
wijn	NOU-C(number=sg)	wijn	
,	PC	,	
om	ADP(type=pre)	om	
den	PD(type=d-p,subtype=art,position=prenom)	de	
brand	NOU-C(number=sg)	brand	
in	ADP(type=pre)	in	
mijn	PD(type=poss,position=prenom)	mijn	
binnenste	NOU-C(number=sg)	binnenste	
te	ADP(type=pre)	te	
blusschen	VRB(finiteness=inf)	blussen	
,	PC	,	



Dat	CONJ(type=sub)	dat	
”	PC	”	
zijne	PD(type=poss,position=prenom)	zijn	
vrouw	NOU-C(number=sg)	vrouw	
en	CONJ(type=coor)	en	
dochter	NOU-C(number=sg)	dochter	
…	PC	…	
van	ADP(type=pre)	van	
verlangen	NOU-C(number=sg)	verlangen	
brandden	VRB(finiteness=fin,tense=past)	branden	
om	ADP(type=pre)	om	
mij	PD(type=pers,position=free)	ik	
te	ADP(type=pre)	te	
zien	VRB(finiteness=inf)	zien	
”,	PC	”,	



Hij	PD(type=pers,position=free)	hij	
slaat	VRB(finiteness=fin,tense=pres)	uitslaan	mw_134362
in	ADP(type=pre)	in	
breede	AA(degree=pos,position=prenom)	breed	
vlucht	NOU-C(number=sg)	vlucht	
op	ADV(type=reg)	opeens	mw_30447
eens	ADV(type=reg)	opeens	mw_30447
de	PD(type=d-p,subtype=art,position=prenom)	de	
vleuglen	NOU-C(number=pl)	vleugel	
uit	VRB(finiteness=fin,tense=pres)	uitslaan	mw_134362
,	PC	,	



Het	PD(type=d-p,subtype=art,position=prenom)	het	
leven	NOU-C(number=sg)	leven	
van	ADP(type=pre)	van	
dat	PD(type=d-p,subtype=oth,position=prenom)	dat	
meisje	NOU-C(number=sg)	meisje	
is	VRB(finiteness=fin,tense=pres)	zijn	
door	ADP(type=pre)	door	
het	PD(type=d-p,subtype=art,position=prenom)	het	
afraken	NOU-C(number=sg)	afraken	
van	ADP(type=pre)	van	
haar	PD(type=poss,position=prenom)	haar	
engagement	NOU-C(number=sg)	engagement	
geheel	AA(degree=pos,position=free)	geheel	
gebroken	VRB(finiteness=pastpart)	breken	



Plotseling	AA(degree=pos,position=free)	plotseling	
bleef	VRB(finiteness=fin,tense=past)	blijven	
hij	PD(type=pers,position=free)	hij	
staan	VRB(finiteness=inf)	staan	
;	PC	;	
hij	PD(type=pers,position=free)	hij	
bracht	VRB(finiteness=fin,tense=past)	brengen	
de	PD(type=d-p,subtype=art,position=prenom)	de	
hand	NOU-C(number=sg)	hand	
aan	ADP(type=pre)	aan	
het	PD(type=d-p,subtype=art,position=prenom)	het	
voorhoofd	NOU-C(number=sg)	voorhoofd	
,	PC	,	
een	PD(type=indef,subtype=art,position=prenom)	een	
licht	NOU-C(number=sg)	licht	
ging	VRB(finiteness=fin,tense=past)	opgaan	mw_273868
voor	ADP(type=pre)	voor	
hem	PD(type=pers,position=free)	hij	
op	VRB(finiteness=fin,tense=past)	opgaan	mw_273868
,	PC	,	



De	PD(type=d-p,subtype=art,position=prenom)	de	
commandant	NOU-C(number=sg)	commandant	
wil	VRB(finiteness=fin,tense=pres)	willen	
de	PD(type=d-p,subtype=art,position=prenom)	de	
bresbatterij	NOU-C(number=sg)	bresbatterij	
voor	ADP(type=pre)	voor	
het	PD(type=d-p,subtype=art,position=prenom)	het	
fort	NOU-C(number=sg)	fort	
…	PC	…	
in	ADP(type=pre)	in	
gereedheid	NOU-C(number=sg)	gereedheid	
brengen	VRB(finiteness=inf)	brengen	
,	PC	,	
eer	CONJ(type=sub)	eer	
de	PD(type=d-p,subtype=art,position=prenom)	de	
vijand	NOU-C(number=sg)	vijand	
nieuwen	AA(degree=pos,position=prenom)	nieuw	
moed	NOU-C(number=sg)	moed	
kunne	VRB(finiteness=fin,tense=pres)	kunnen	
scheppen	VRB(finiteness=inf)	scheppen	
,	PC	,	



Nu	CONJ(type=sub)	nu	
ik	PD(type=pers,position=free)	ik	
gelukkig	AA(degree=pos,position=free)	gelukkig	
mij	PD(type=refl,position=free)	mij	
eindelijk	ADV(type=reg)	eindelijk	
door	ADP(type=pre)	door	
dien	PD(type=d-p,subtype=oth,position=prenom)	die	
brijberg	NOU-C(number=sg)	brijberg	
van	ADP(type=pre)	van	
de	PD(type=d-p,subtype=art,position=prenom)	de	
school	NOU-C(number=sg)	school	
heb	VRB(finiteness=fin,tense=pres)	hebben	
heengegeten	ADV(type=reg)+VRB(finiteness=pastpart)	heen+eten	
en	CONJ(type=coor)	en	
in	ADP(type=pre)	in	
het	PD(type=d-p,subtype=art,position=prenom)	het	
Luilekkerland	NOU-C(number=sg)	luilekkerland	
van	ADP(type=pre)	van	
den	PD(type=d-p,subtype=art,position=prenom)	de	
onbezorgden	AA(degree=pos,position=prenom)	onbezorgd	
vrijsterstaat	NOU-C(number=sg)	vrijstersstaat	
ben	VRB(finiteness=fin,tense=pres)	zijn	
aangeland	VRB(finiteness=pastpart)	aanlanden	



De	PD(type=d-p,subtype=art,position=prenom)	de	
beginselen	NOU-C(number=pl)	beginsel	
der	PD(type=d-p,subtype=art,position=prenom)	de	
delfstof	NOU-C(number=sg,WF=trunc)+NOU-C(number=sg,WF=trunc)+NOU-C(number=sg,WF=trunc)+NOU-C(number=sg)	delfstofkunde+aardkunde+plantkunde+dierkunde	mw_266491
-,	PC	-,	
aard	NOU-C(number=sg,WF=trunc)+NOU-C(number=sg,WF=trunc)+NOU-C(number=sg,WF=trunc)+NOU-C(number=sg)	delfstofkunde+aardkunde+plantkunde+dierkunde	mw_266491
-,	PC	-,	
plant	NOU-C(number=sg,WF=trunc)+NOU-C(number=sg,WF=trunc)+NOU-C(number=sg,WF=trunc)+NOU-C(number=sg)	delfstofkunde+aardkunde+plantkunde+dierkunde	mw_266491
-	PC	-	
en	CONJ(type=coor)	en	
dierkunde	NOU-C(number=sg,WF=trunc)+NOU-C(number=sg,WF=trunc)+NOU-C(number=sg,WF=trunc)+NOU-C(number=sg)	delfstofkunde+aardkunde+plantkunde+dierkunde	mw_266491
,	PC	,	



De	PD(type=d-p,subtype=art,position=prenom)	de	
afbeelding	NOU-C(number=sg)	afbeelding	
van	ADP(type=pre)	van	
twee	NUM(type=card,position=prenom,representation=let)	twee	
diksteenen	NOU-C(number=pl)	diksteen	
en	CONJ(type=coor)	en	
een	PD(type=indef,subtype=art,position=prenom)	een	
ovale	AA(degree=pos,position=prenom)	ovaal	
steen	NOU-C(number=sg)	steen	
met	ADP(type=pre)	met	
Indisch	AA(degree=pos,position=prenom)	Indisch	
ruitslijpsel	NOU-C(number=sg)	ruitslijpsel	
,	PC	,	
benevens	ADP(type=pre)	benevens	
drie	NUM(type=card,position=prenom,representation=let)	drie	
brioletten	NOU-C(number=pl)	briolet	
,	PC	,	
waarvan	ADV(type=pron)	waarvan	
een	NUM(type=card,position=free,representation=let)	een	
met	ADP(type=pre)	met	
lange	AA(degree=pos,position=prenom)	lang	
bovenfacetten	NOU-C(number=pl)	bovenfacet	
,	PC	,	



Aan	ADP(type=pre)	aan	
háar	PD(type=pers,position=free)	zij	
de	PD(type=d-p,subtype=art,position=prenom)	de	
pronkgewaden	NOU-C(number=pl)	pronkgewaad	
—	PC	—	
…	PC	…	
De	PD(type=d-p,subtype=art,position=prenom)	de	
tooisels	NOU-C(number=pl)	tooisel	
en	CONJ(type=coor)	en	
cieraden	NOU-C(number=pl)	sieraad	
…;	PC	…;	
De	PD(type=d-p,subtype=art,position=prenom)	de	
sluiers	NOU-C(number=pl)	sluier	
en	CONJ(type=coor)	en	
brocaten	NOU-C(number=pl)	brokaat	



Ja	ADV(type=reg)	ja	
,	PC	,	
droefheid	NOU-C(number=sg)	droefheid	
is	VRB(finiteness=fin,tense=pres)	zijn	
een	PD(type=indef,subtype=art,position=prenom)	een	
bron	NOU-C(number=sg)	bron	
,	PC	,	
die	PD(type=d-p,position=free)	die	
uit	ADP(type=pre)	uit	
heur	PD(type=poss,position=prenom)	haar	
'	PC	'	
wel	NOU-C(number=sg)	wel	
ontsprongen	VRB(finiteness=pastpart)	ontspringen	
En	CONJ(type=coor)	en	
klacht	NOU-C(number=sg)	klacht	
en	CONJ(type=coor)	en	
tranen	NOU-C(number=pl)	traan	
golft	VRB(finiteness=fin,tense=pres)	golven	
van	ADP(type=pre)	van	
uit	ADP(type=pre)	uit	
het	PD(type=d-p,subtype=art,position=prenom)	het	
bruischend	AA(degree=pos,position=prenom)	bruisend	
hart	NOU-C(number=sg)	hart	
,	PC	,	



De	PD(type=d-p,subtype=art,position=prenom)	de	
eerstgemelde	AA(degree=pos,position=prenom)	eerstgemeld	
(	PC	(	
brouwde	VRB(finiteness=fin,tense=past)	brouwen	
)	PC	)	
een	PD(type=indef,subtype=art,position=prenom)	een	
weinig	NOU-C(number=sg)	weinig	
…	PC	…	
en	CONJ(type=coor)	en	
(	PC	(	
had	VRB(finiteness=fin,tense=past)	hebben	
)	PC	)	
iets	PD(type=indef,position=free)	iets	
slepends	NOU-C(number=sg)	slepende	
in	ADP(type=pre)	in	
zijn	PD(type=poss,position=prenom)	zijn	
toon	NOU-C(number=sg)	toon	
…,	PC	…,	
terwijl	CONJ(type=sub)	terwijl	
Stummel	NOU-P	Stummel	
…	PC	…	
somtijds	ADV(type=reg)	somtijds	
den	PD(type=d-p,subtype=art,position=prenom)	de	
klemtoon	NOU-C(number=sg)	klemtoon	
verkeerd	AA(degree=pos,position=free)	verkeerd	
zette	VRB(finiteness=fin,tense=past)	zetten	
,	PC	,	
en	CONJ(type=coor)	en	
ongelukkig	AA(degree=pos,position=free)	ongelukkig	
waren	VRB(finiteness=fin,tense=past)	zijn	
het	PD(type=pers,position=free)	het	
juist	AA(degree=pos,position=free)	juist	
alleen	AA(degree=pos,position=free)	alleen	
die	PD(type=d-p,subtype=oth,position=prenom)	die	
gebreken	NOU-C(number=pl)	gebrek	
,	PC	,	
welke	PD(type=w-p,position=free)	welk	
hun	PD(type=poss,position=prenom)	hun	
beide	PD(type=indef,subtype=oth,position=prenom)	beide	
navolgers	NOU-C(number=pl)	navolger	
hadden	VRB(finiteness=fin,tense=past)	hebben	
overgenomen	VRB(finiteness=pastpart)	overnemen	
,	PC	,	
en	CONJ(type=coor)	en	
nog	ADV(type=reg)	nog	
…	PC	…	
overdreven	VRB(finiteness=pastpart)	overdrijven	
:	PC	:	
Rulleveld	NOU-P	Rulleveld	
door	ADP(type=pre)	door	
te	ADP(type=pre)	te	
spreken	VRB(finiteness=inf)	spreken	
of	CONJ(type=sub)	of	
hij	PD(type=pers,position=free)	hij	
zijn	PD(type=poss,position=prenom)	zijn	
mond	NOU-C(number=sg)	mond	
vol	AA(degree=pos,position=free)	vol	
brij	NOU-C(number=sg)	brij	
had	VRB(finiteness=fin,tense=past)	hebben	



Voortgekomen	VRB(finiteness=pastpart)	voortkomen	
uit	ADP(type=pre)	uit	
het	PD(type=d-p,subtype=art,position=prenom)	het	
volk	NOU-C(number=sg)	volk	
,	PC	,	
steeg	VRB(finiteness=fin,tense=past)	stijgen	
hij	PD(type=pers,position=free)	hij	
…	PC	…	
door	ADP(type=pre)	door	
zijne	PD(type=poss,position=prenom)	zijn	
gaven	NOU-C(number=pl)	gave	
en	CONJ(type=coor)	en	
zijne	PD(type=poss,position=prenom)	zijn	
bruikbaarheid	NOU-C(number=sg)	bruikbaarheid	
,	PC	,	
in	ADP(type=pre)	in	
de	PD(type=d-p,subtype=art,position=prenom)	de	
kerkelijke	AA(degree=pos,position=prenom)	kerkelijk	
hiërarchie	NOU-C(number=sg)	hiërarchie	
tot	ADP(type=pre)	tot	
op	ADP(type=pre)	op	
één	NUM(type=card,position=free,representation=let)	een	
na	ADP(type=pre)	na	
den	PD(type=d-p,subtype=art,position=prenom)	de	
hoogsten	AA(degree=sup,position=prenom)	hoog	
rang	NOU-C(number=sg)	rang	
,	PC	,	



Nadat	CONJ(type=sub)	nadat	
te	ADP(type=pre)	te	
Parijs	NOU-P	Parijs	
onder	ADP(type=pre)	onder	
het	PD(type=d-p,subtype=art,position=prenom)	het	
geroep	NOU-C(number=sg)	geroep	
van	ADP(type=pre)	van	
”	PC	”	
Leve	VRB(finiteness=fin,tense=pres)	leven	
de	PD(type=d-p,subtype=art,position=prenom)	de	
Hervorming	NOU-C(number=sg)	hervorming	
”	PC	”	
de	PD(type=d-p,subtype=art,position=prenom)	de	
kroon	NOU-C(number=sg)	kroon	
van	ADP(type=pre)	van	
den	PD(type=d-p,subtype=art,position=prenom)	de	
Burgerkoning	NOU-C(number=sg)	burgerkoning	
door	ADP(type=pre)	door	
het	PD(type=d-p,subtype=art,position=prenom)	het	
gepeupel	NOU-C(number=sg)	gepeupel	
in	ADP(type=pre)	in	
het	PD(type=d-p,subtype=art,position=prenom)	het	
slijk	NOU-C(number=sg)	slijk	
was	VRB(finiteness=fin,tense=past)	zijn	
gesleept	VRB(finiteness=pastpart)	slepen	
,	PC	,	



In	ADP(type=pre)	in	
zijn	PD(type=poss,position=prenom)	zijn	
akeligen	AA(degree=pos,position=prenom)	akelig	
toestand	NOU-C(number=sg)	toestand	
als	CONJ(type=sub)	als	
een	PD(type=indef,subtype=art,position=prenom)	een	
gevangene	NOU-C(number=sg)	gevangene	
in	ADP(type=pre)	in	
zijne	PD(type=poss,position=prenom)	zijn	
cel	NOU-C(number=sg)	cel	
gesloten	VRB(finiteness=pastpart)	sluiten	
,	PC	,	



Het	PD(type=d-p,subtype=art,position=prenom)	het	
door	ADP(type=pre)	door	
collisie	NOU-C(number=sg)	collisie	
en	CONJ(type=coor)	en	
gevolglijke	AA(degree=pos,position=prenom)	gevolglijk	
reflectie	NOU-C(number=sg)	reflectie	
ontstane	AA(degree=pos,position=prenom)	ontstaan	
bewuste	AA(degree=pos,position=prenom)	bewust	
zielsleven	NOU-C(number=sg)	zielsleven	
,	PC	,	



De	PD(type=d-p,subtype=art,position=prenom)	de	
hond	NOU-C(number=sg)	hond	
wilde	VRB(finiteness=fin,tense=past)	willen	
het	PD(type=d-p,subtype=art,position=prenom)	het	
aas	NOU-C(number=sg)	aas	
niet	ADV(type=reg)	niet	
vreten	VRB(finiteness=inf)	vreten	
.	PC	.	
Een	PD(type=indef,subtype=art,position=prenom)	een	
stinkend	AA(degree=pos,position=prenom)	stinkend	
aas	NOU-C(number=sg)	aas	
.	PC	.	
Stinken	VRB(finiteness=inf)	stinken	
als	CONJ(type=sub)	als	
een	PD(type=indef,subtype=art,position=prenom)	een	
aas	NOU-C(number=sg)	aas	
.	PC	.	



Ik	PD(type=pers,position=free)	ik	
maak	VRB(finiteness=fin,tense=pres)	maken	
u	PD(type=pers,position=free)	u	
mijn	PD(type=poss,position=prenom)	mijn	
hartelijk	AA(degree=pos,position=prenom)	hartelijk	
compliment	NOU-C(number=sg)	compliment	
over	ADP(type=pre)	over	
die	PD(type=d-p,subtype=oth,position=prenom)	die	
rekening	NOU-C(number=sg)	rekening	
,	PC	,	



—	PC	—	
Hunne	PD(type=poss,position=prenom)	hun	
ontspannende	AA(degree=pos,position=prenom)	ontspannend	
werking	NOU-C(number=sg)	werking	
moet	VRB(finiteness=fin,tense=pres)	moeten	
men	PD(type=pers,position=free)	men	
verklaren	VRB(finiteness=inf)	verklaren	
,	PC	,	
doordien	CONJ(type=sub)	doordien	
zij	PD(type=pers,position=free)	zij	
,	PC	,	
als	CONJ(type=sub)	als	
weinig	PD(type=indef,subtype=oth,position=prenom)	weinig	
prikkelende	AA(degree=pos,position=prenom)	prikkelend	
en	CONJ(type=coor)	en	
inhullende	AA(degree=pos,position=prenom)	inhullend	
middelen	NOU-C(number=pl)	middel	
,	PC	,	
de	PD(type=d-p,subtype=art,position=prenom)	de	
gewone	AA(degree=pos,position=prenom)	gewoon	
en	CONJ(type=coor)	en	
ongewone	AA(degree=pos,position=prenom)	ongewoon	
prikkels	NOU-C(number=pl)	prikkel	
afweren	VRB(finiteness=fin,tense=pres)	afweren	
,	PC	,	
waardoor	ADV(type=pron)	waardoor	
de	PD(type=d-p,subtype=art,position=prenom)	de	
prikkeling	NOU-C(number=sg)	prikkeling	
en	CONJ(type=coor)	en	
contractie	NOU-C(number=sg)	contractie	
verminderd	VRB(finiteness=pastpart)	verminderen	
wordt	VRB(finiteness=fin,tense=pres)	worden	
,	PC	,	



Op	ADP(type=pre)	op	
gelijke	AA(degree=pos,position=prenom)	gelijk	
wijze	NOU-C(number=sg)	wijze	
wordt	VRB(finiteness=fin,tense=pres)	worden	
gehandeld	VRB(finiteness=pastpart)	handelen	
ten	ADP(type=pre)+PD(type=d-p,subtype=art,position=prenom)	te+het	
aanzien	NOU-C(number=sg)	aanzien	
van	ADP(type=pre)	van	
die	PD(type=d-p,subtype=oth,position=prenom)	die	
goederen	NOU-C(number=pl)	goed	
,	PC	,	
welke	PD(type=w-p,position=free)	welk	
aan	ADP(type=pre)	aan	
de	PD(type=d-p,subtype=art,position=prenom)	de	
belasting	NOU-C(number=sg)	belasting	
op	ADP(type=pre)	op	
het	PD(type=d-p,subtype=art,position=prenom)	het	
gemaal	NOU-C(number=sg)	gemaal	
,	PC	,	
of	CONJ(type=coor)	of	
aan	ADP(type=pre)	aan	
die	PD(type=d-p,position=free)	die	
op	ADP(type=pre)	op	
het	PD(type=d-p,subtype=art,position=prenom)	het	
geslagt	NOU-C(number=sg)	geslacht	
,	PC	,	
onderworpen	AA(degree=pos,position=free)	onderworpen	
zijn	VRB(finiteness=fin,tense=pres)	zijn	
,	PC	,	
terwijl	CONJ(type=sub)	terwijl	
geene	PD(type=indef,subtype=oth,position=prenom)	geen	
goederen	NOU-C(number=pl)	goed	
geladen	VRB(finiteness=pastpart)	laden	
mogen	VRB(finiteness=fin,tense=pres)	mogen	
worden	VRB(finiteness=inf)	worden	
,	PC	,	
als	CONJ(type=sub)	als	
in	ADP(type=pre)	in	
dezelfde	PD(type=d-p,subtype=oth,position=prenom)	dezelfde	
schepen	NOU-C(number=pl)	schip	
op	ADP(type=pre)	op	
het	PD(type=d-p,subtype=art,position=prenom)	het	
document	NOU-C(number=sg)	document	
vermeld	VRB(finiteness=pastpart)	vermelden	
,	PC	,	
op	ADP(type=pre)	op	
verbeurte	NOU-C(number=sg)	verbeurte	
van	ADP(type=pre)	van	
ƒ	RES(type=symb)	florijn	
300	NUM(type=card,position=postnom,representation=dig)	driehonderd	
,	PC	,	
door	ADP(type=pre)	door	
den	PD(type=d-p,subtype=art,position=prenom)	de	
contraveniërenden	AA(degree=pos,position=prenom)	contraveniërend	
schipper	NOU-C(number=sg)	schipper	
te	ADP(type=pre)	te	
betalen	VRB(finiteness=inf)	betalen	
,	PC	,	



Convoluut	NOU-C(number=sg)	convoluut	
,	PC	,	
(	PC	(	
v.	ADP(type=pre,WF=abbr)	van	
convolvere	RES(type=for)	convolvere	
,	PC	,	
zamen	ADV(type=reg)	samen	
rollen	VRB(finiteness=inf)	rollen	
of	CONJ(type=coor)	of	
-	PC	-	
wikkelen	VRB(finiteness=inf)	wikkelen	
),	PC	),	
een	PD(type=indef,subtype=art,position=prenom)	een	
pak	NOU-C(number=sg)	pak	
,	PC	,	
bundel	NOU-C(number=sg)	bundel	
,	PC	,	
een	PD(type=indef,subtype=art,position=prenom)	een	
rol	NOU-C(number=sg)	rol	
papier	NOU-C(number=sg)	papier	
,	PC	,	
schriften	NOU-C(number=pl)	schrift	
,	PC	,	
een	PD(type=indef,subtype=art,position=prenom)	een	
kluwen	NOU-C(number=sg)	kluwen	
,	PC	,	
.,	PC	.,	



Dan	ADV(type=reg)	dan	
moeten	VRB(finiteness=fin,tense=pres)	moeten	
wij	PD(type=pers,position=free)	wij	
morgen	ADV(type=reg)	morgen	
eens	ADV(type=reg)	eens	
een	PD(type=indef,subtype=art,position=prenom)	een	
'	PC	'	
regten	AA(degree=pos,position=prenom)	recht	
langen	AA(degree=pos,position=prenom)	lang	
dag	NOU-C(number=sg)	dag	
maken	VRB(finiteness=inf)	maken	
,	PC	,	



Dediceren	VRB(finiteness=inf)	dediceren	
,	PC	,	
lat.	NOU-P(WF=abbr)	Latijn	
(	PC	(	
dedicare	RES(type=for)	dedicare	
),	PC	),	
toeeigenen	VRB(finiteness=inf)	toe-eigenen	
,	PC	,	
toewijden	VRB(finiteness=inf)	toewijden	
,	PC	,	
opdragen	VRB(finiteness=inf)	opdragen	
b.v.	ADV(type=reg,WF=abbr)	bijvoorbeeld	
een	PD(type=indef,subtype=art,position=prenom)	een	
boek	NOU-C(number=sg)	boek	
aan	ADP(type=pre)	aan	
iemand	PD(type=indef,position=free)	iemand	
,	PC	,	



Deductie	NOU-C(number=sg)	deductie	
…;	PC	…;	
elk	PD(type=indef,subtype=oth,position=prenom)	elk	
bewijs	NOU-C(number=sg)	bewijs	
,	PC	,	
inz.	NOU-C(number=sg,WF=abbr)	inzonderheid	
eene	PD(type=indef,subtype=art,position=prenom)	een	
uitvoerige	AA(degree=pos,position=prenom)	uitvoerig	
ontwikkeling	NOU-C(number=sg)	ontwikkeling	
van	ADP(type=pre)	van	
de	PD(type=d-p,subtype=art,position=prenom)	de	
gronden	NOU-C(number=pl)	grond	
eener	PD(type=indef,subtype=art,position=prenom)	een	
zaak	NOU-C(number=sg)	zaak	
,	PC	,	



Vandaar	ADV(type=reg)	vandaar	
dat	CONJ(type=sub)	dat	
ik	PD(type=pers,position=free)	ik	
haar	PD(type=pers,position=free)	zij	
soms	ADV(type=reg)	soms	
in	ADP(type=pre)	in	
diep	AA(degree=pos,position=prenom)	diep	
geheim	NOU-C(number=sg)	geheim	
,	PC	,	
en	CONJ(type=coor)	en	
dus	ADV(type=reg)	dus	
ook	ADV(type=reg)	ook	
wel	ADV(type=reg)	wel	
eens	ADV(type=reg)	eens	
onder	ADP(type=pre)	onder	
deksel	NOU-C(number=sg)	deksel	
van	ADP(type=pre)	van	
den	PD(type=d-p,subtype=art,position=prenom)	de	
nacht	NOU-C(number=sg)	nacht	
moet	VRB(finiteness=fin,tense=pres)	moeten	
gaan	VRB(finiteness=inf)	gaan	
spreken	VRB(finiteness=inf)	spreken	
,	PC	,	



Het	PD(type=d-p,subtype=art,position=prenom)	het	
mouten	NOU-C(number=sg)	mouten	
heeft	VRB(finiteness=fin,tense=pres)	hebben	
ten	ADP(type=pre)+PD(type=d-p,subtype=art,position=prenom)	te+het	
doel	NOU-C(number=sg)	doel	
om	ADP(type=pre)	om	
door	ADP(type=pre)	door	
kunstmatige	AA(degree=pos,position=prenom)	kunstmatig	
opwekking	NOU-C(number=sg)	opwekking	
van	ADP(type=pre)	van	
kieming	NOU-C(number=sg)	kieming	
een	PD(type=indef,subtype=art,position=prenom)	een	
deel	NOU-C(number=sg)	deel	
van	ADP(type=pre)	van	
den	PD(type=d-p,subtype=art,position=prenom)	de	
in	ADP(type=pre)	in	
de	PD(type=d-p,subtype=art,position=prenom)	de	
gerst	NOU-C(number=sg)	gerst	
vervatten	AA(degree=pos,position=prenom)	vervat	
stijfsel	NOU-C(number=sg)	stijfsel	
in	ADP(type=pre)	in	
suiker	NOU-C(number=sg)	suiker	
te	ADP(type=pre)	te	
veranderen	VRB(finiteness=inf)	veranderen	
en	CONJ(type=coor)	en	
tevens	ADV(type=reg)	tevens	
de	PD(type=d-p,subtype=art,position=prenom)	de	
vorming	NOU-C(number=sg)	vorming	
van	ADP(type=pre)	van	
een	PD(type=indef,subtype=art,position=prenom)	een	
bijzonder	AA(degree=pos,position=prenom)	bijzonder	
eiwitachtig	AA(degree=pos,position=prenom)	eiwitachtig	
ligchaam	NOU-C(number=sg)	lichaam	
,	PC	,	
de	PD(type=d-p,subtype=art,position=prenom)	de	
zoogenaamde	AA(degree=pos,position=prenom)	zogenaamd	
diastase	NOU-C(number=sg)	diastase	
,	PC	,	
te	ADP(type=pre)	te	
bevorderen	VRB(finiteness=inf)	bevorderen	
,	PC	,	
hetwelk	PD(type=w-p,position=free)	hetwelk	
bij	ADP(type=pre)	bij	
het	PD(type=d-p,subtype=art,position=prenom)	het	
later	AA(degree=comp,position=free)	laat	
volgende	AA(degree=pos,position=prenom)	volgend	
roeren	NOU-C(number=sg)	roeren	
van	ADP(type=pre)	van	
het	PD(type=d-p,subtype=art,position=prenom)	het	
mout	NOU-C(number=sg)	mout	
als	CONJ(type=sub)	als	
gist	NOU-C(number=sg)	gist	
werkt	VRB(finiteness=fin,tense=pres)	werken	
,	PC	,	



Daar	ADV(type=reg)	daar	
komt	VRB(finiteness=fin,tense=pres)	komen	
uw	PD(type=poss,position=prenom)	uw	
hond	NOU-C(number=sg)	hond	
aanjanken	VRB(finiteness=inf)	aanjanken	
;	PC	;	
wat	PD(type=w-p,position=free)	wat	
mag	VRB(finiteness=fin,tense=pres)	mogen	
hem	PD(type=pers,position=free)	hij	
deren	VRB(finiteness=inf)	deren	
?	PC	?	
Daar	ADV(type=reg)	daar	
komt	VRB(finiteness=fin,tense=pres)	komen	
dat	PD(type=d-p,subtype=oth,position=prenom)	dat	
lastige	AA(degree=pos,position=prenom)	lastig	
beest	NOU-C(number=sg)	beest	
weer	ADV(type=reg)	weder	
aangejankt	VRB(finiteness=pastpart)	aanjanken	
.	PC	.	



Sta	VRB(finiteness=fin,tense=pres)	staan	
je	PD(type=pers,position=free)	jij	
nog	ADV(type=reg)	nog	
op	ADP(type=pre)	op	
aas	NOU-C(number=sg)	aas	
?	PC	?	
ik	PD(type=pers,position=free)	ik	
ben	VRB(finiteness=fin,tense=pres)	zijn	
al	ADV(type=reg)	al	
dood	AA(degree=pos,position=free)	dood	
.	PC	.	



Vijf	NUM(type=card,position=prenom,representation=let)	vijf	
Zangers	NOU-C(number=pl)	zanger	
,	PC	,	
arm	AA(degree=pos,position=free)	arm	
van	ADP(type=pre)	van	
kunst	NOU-C(number=sg)	kunst	
,	PC	,	
maar	CONJ(type=coor)	maar	
Dichters	NOU-C(number=pl)	dichter	
van	ADP(type=pre)	van	
natuur	NOU-C(number=sg)	natuur	
,	PC	,	



De	PD(type=d-p,subtype=art,position=prenom)	de	
jonge	AA(degree=pos,position=prenom)	jong	
vorst	NOU-C(number=sg)	vorst	
verlangde	VRB(finiteness=fin,tense=past)	verlangen	
dat	CONJ(type=sub)	dat	
fijne	AA(degree=pos,position=prenom)	fijn	
wijnen	NOU-C(number=pl)	wijn	
aan	ADP(type=pre)	aan	
zijnen	PD(type=poss,position=prenom)	zijn	
disch	NOU-C(number=sg)	dis	
in	ADP(type=pre)	in	
overvloed	NOU-C(number=sg)	overvloed	
zouden	VRB(finiteness=fin,tense=past)	zullen	
geschonken	VRB(finiteness=pastpart)	schenken	
worden	VRB(finiteness=inf)	worden	
,	PC	,	



Of	CONJ(type=sub)	of	
gij	PD(type=pers,position=free)	gij	
nog	ADV(type=reg)	nog	
iets	PD(type=indef,position=free)	iets	
aan	ADP(type=pre)	aan	
de	PD(type=d-p,subtype=art,position=prenom)	de	
letteren	NOU-C(number=pl)	letter	
doen	VRB(finiteness=inf)	doen	
kunt	VRB(finiteness=fin,tense=pres)	kunnen	
,	PC	,	



Gij	PD(type=pers,position=free)	gij	
donderdet	VRB(finiteness=fin,tense=pres)	donderen	
:	PC	:	
't	PD(type=pers,position=free)	het	
zij	VRB(finiteness=fin,tense=pres)	zijn	
licht	AA(degree=pos,position=free)	licht	
!	PC	!	
—	PC	—	
en	CONJ(type=coor)	en	
't	PD(type=d-p,subtype=art,position=prenom)	het	
licht	NOU-C(number=sg)	licht	
was	VRB(finiteness=fin,tense=past)	zijn	
reeds	ADV(type=reg)	reeds	
aan	ADP(type=pre)	aan	
't	PD(type=d-p,subtype=art,position=prenom)	het	
dagen	NOU-C(number=sg)	dagen	
Den	PD(type=d-p,subtype=art,position=prenom)	de	
bajert	NOU-C(number=sg)	baaierd	
uit	ADP(type=pre)	uit	
der	PD(type=d-p,subtype=art,position=prenom)	de	
vormloosheid	NOU-C(number=sg)	vormeloosheid	
,	PC	,	



Er	ADV(type=reg)	er	
(	PC	(	
zoude	VRB(finiteness=fin,tense=past)	zullen	
)	PC	)	
mogelijk	AA(degree=pos,position=free)	mogelijk	
eene	PD(type=indef,subtype=art,position=prenom)	een	
geheele	AA(degree=pos,position=prenom)	geheel	
afscheiding	NOU-C(number=sg)	afscheiding	
van	ADP(type=pre)	van	
de	PD(type=d-p,subtype=art,position=prenom)	de	
waterblaas	NOU-C(number=sg)	waterblaas	
hebben	VRB(finiteness=inf)	hebben	
plaats	NOU-C(number=sg)	plaats	
gehad	VRB(finiteness=pastpart)	hebben	
,	PC	,	
doordien	CONJ(type=sub)	doordien	
de	PD(type=d-p,subtype=art,position=prenom)	de	
herssenpan	NOU-C(number=sg)	hersenpan	
…	PC	…	
sluitende	VRB(finiteness=prespart)	sluiten	
,	PC	,	
het	PD(type=d-p,subtype=art,position=prenom)	het	
watervlies	NOU-C(number=sg)	watervlies	
eindelijk	ADV(type=reg)	eindelijk	
zoude	VRB(finiteness=fin,tense=past)	zullen	
moeten	VRB(finiteness=inf)	moeten	
afscheiden	VRB(finiteness=inf)	afscheiden	
,	PC	,	



Een	PD(type=indef,subtype=art,position=prenom)	een	
heir	NOU-C(number=sg)	heer	
gedrochten	NOU-C(number=pl)	gedrocht	
,	PC	,	
uit	ADP(type=pre)	uit	
d'onpeilbren	PD(type=d-p,subtype=art,position=prenom)+AA(degree=pos,position=prenom)	de+onpeilbaar	
kloof	NOU-C(number=sg)	kloof	
verjaagd	VRB(finiteness=pastpart)	verjagen	
,	PC	,	
Komt	VRB(finiteness=fin,tense=pres)	komen	
wild	AA(degree=pos,position=free)	wild	
dooreen	ADV(type=reg)	dooreen	
naar	ADP(type=pre)	naar	
boven	ADV(type=reg)	boven	
dringen	VRB(finiteness=inf)	dringen	
,	PC	,	



De	PD(type=d-p,subtype=art,position=prenom)	de	
zon	NOU-C(number=sg)	zon	
brandde	VRB(finiteness=fin,tense=past)	branden	
hevig	AA(degree=pos,position=free)	hevig	
,	PC	,	
hare	PD(type=poss,position=prenom)	haar	
stralen	NOU-C(number=pl)	straal	
hadden	VRB(finiteness=fin,tense=past)	hebben	
het	PD(type=d-p,subtype=art,position=prenom)	het	
zand	NOU-C(number=sg)	zand	
doorgloeid	VRB(finiteness=pastpart)	doorgloeien	
,	PC	,	



De	PD(type=d-p,subtype=art,position=prenom)	de	
tijding	NOU-C(number=sg)	tijding	
dat	CONJ(type=sub)	dat	
B.	NOU-P(WF=abbr)	B.	
door	ADP(type=pre)	door	
Ney	NOU-P	Ney	
zou	VRB(finiteness=fin,tense=past)	zullen	
doorschoten	VRB(finiteness=pastpart)	doorschieten	
zijn	VRB(finiteness=inf)	zijn	
,	PC	,	



Op	ADP(type=pre)	op	
dit	PD(type=d-p,subtype=oth,position=prenom)	dit	
oogenblik	NOU-C(number=sg)	ogenblik	
doortintelde	VRB(finiteness=fin,tense=past)	doortintelen	
Duifje	NOU-P	Duifje	
het	PD(type=d-p,subtype=art,position=prenom)	het	
zaligste	AA(degree=sup,position=prenom)	zalig	
gevoel	NOU-C(number=sg)	gevoel	
haars	PD(type=poss,position=prenom)	haar	
levens	NOU-C(number=sg)	leven	
,	PC	,	



Hunne	PD(type=poss,position=prenom)	hun	
ondervinding	NOU-C(number=sg)	ondervinding	
en	CONJ(type=coor)	en	
doorzicht	NOU-C(number=sg)	doorzicht	
in	ADP(type=pre)	in	
hetgeen	PD(type=w-p,position=free)	hetgeen	
de	PD(type=d-p,subtype=art,position=prenom)	de	
bronnen	NOU-C(number=pl)	bron	
der	PD(type=d-p,subtype=art,position=prenom)	de	
nationale	AA(degree=pos,position=prenom)	nationaal	
nijverheid	NOU-C(number=sg)	nijverheid	
betreft	VRB(finiteness=fin,tense=pres)	betreffen	
,	PC	,	



Van	ADP(type=pre)	van	
den	PD(type=d-p,subtype=art,position=prenom)	de	
drempel	NOU-C(number=sg)	drempel	
komt	VRB(finiteness=fin,tense=pres)	komen	
de	PD(type=d-p,subtype=art,position=prenom)	de	
Dorpsbailluw	NOU-C(number=sg)	dorpsbaljuw	
,	PC	,	
In	ADP(type=pre)	in	
statig	AA(degree=pos,position=prenom)	statig	
ambtsgewaad	NOU-C(number=sg)	ambtsgewaad	
hem	PD(type=pers,position=free)	hij	
tegentreên	VRB(finiteness=inf)	tegentreden	
,	PC	,	



Midden	ADV(type=reg)	midden	
onder	ADP(type=pre)	onder	
het	PD(type=d-p,subtype=art,position=prenom)	het	
spel	NOU-C(number=sg)	spel	
(	PC	(	
op	ADP(type=pre)	op	
de	PD(type=d-p,subtype=art,position=prenom)	de	
piano	NOU-C(number=sg)	piano	
)	PC	)	
…	PC	…	
was	VRB(finiteness=fin,tense=past)	zijn	
zij	PD(type=pers,position=free)	zij	
uit	ADP(type=pre)	uit	
de	PD(type=d-p,subtype=art,position=prenom)	de	
maat	NOU-C(number=sg)	maat	
van	ADP(type=pre)	van	
den	PD(type=d-p,subtype=art,position=prenom)	de	
wals	NOU-C(number=sg)	wals	
overgesprongen	VRB(finiteness=pastpart)	overspringen	
in	ADP(type=pre)	in	
eene	PD(type=indef,subtype=art,position=prenom)	een	
droefgeestige	AA(degree=pos,position=prenom)	droefgeestig	
adagio	NOU-C(number=sg)	adagio	
,	PC	,	



Om	ADP(type=pre)	om	
ons	PD(type=pers,position=free)	wij	
…	PC	…	
nog	ADV(type=reg)	nog	
eens	ADV(type=reg)	eens	
wel	ADV(type=reg)	wel	
te	ADP(type=pre)	te	
doen	VRB(finiteness=inf)	doen	
gevoelen	VRB(finiteness=inf)	gevoelen	
hoe	ADV(type=reg)	hoe	
nat	AA(degree=pos,position=free)	nat	
het	PD(type=pers,position=free)	het	
toch	ADV(type=reg)	toch	
daar	ADV(type=pron)	daarbuiten	mw_828850
buiten	ADV(type=pron)	daarbuiten	mw_828850
en	CONJ(type=coor)	en	
hoe	ADV(type=reg)	hoe	
droog	AA(degree=pos,position=free)	droog	
het	PD(type=pers,position=free)	het	
daar	ADV(type=pron)	daarbinnen	mw_922134
binnen	ADV(type=pron)	daarbinnen	mw_922134
was	VRB(finiteness=fin,tense=past)	zijn	
,	PC	,	



De	PD(type=d-p,subtype=art,position=prenom)	de	
drukke	AA(degree=pos,position=prenom)	druk	
finale	NOU-C(number=sg)	finale	
der	PD(type=d-p,subtype=art,position=prenom)	de	
symphonie	NOU-C(number=sg)	symfonie	
,	PC	,	
waarin	ADV(type=pron)	waarin	
machtig	AA(degree=pos,position=free)	machtig	
veel	PD(type=indef,position=free)	veel	
gepaukt	VRB(finiteness=pastpart)	pauken	
en	CONJ(type=coor)	en	
machtig	AA(degree=pos,position=free)	machtig	
veel	PD(type=indef,position=free)	veel	
gebazuind	VRB(finiteness=pastpart)	bazuinen	
werd	VRB(finiteness=fin,tense=past)	worden	
,	PC	,	



Het	PD(type=d-p,subtype=art,position=prenom)	het	
gieten	NOU-C(number=sg)	gieten	
der	PD(type=d-p,subtype=art,position=prenom)	de	
gewone	AA(degree=pos,position=prenom)	gewoon	
drukletters	NOU-C(number=pl)	drukletter	
geschiedt	VRB(finiteness=fin,tense=pres)	geschieden	
met	ADP(type=pre)	met	
een	PD(type=indef,subtype=art,position=prenom)	een	
verbazende	AA(degree=pos,position=prenom)	verbazend	
snelheid	NOU-C(number=sg)	snelheid	
,	PC	,	



Achterhande	PD(type=indef,subtype=oth,position=prenom)	achterhande	
personen	NOU-C(number=pl)	persoon	
.	PC	.	
Achterhande	PD(type=indef,subtype=oth,position=prenom)	achterhande	
stoelen	NOU-C(number=pl)	stoel	
.	PC	.	
Van	ADP(type=pre)	van	
achterhande	PD(type=indef,subtype=oth,position=prenom)	achterhande	
wijn	NOU-C(number=sg)	wijn	
.	PC	.	



Er	ADV(type=reg)	er	
konden	VRB(finiteness=fin,tense=past)	kunnen	
geen	PD(type=indef,subtype=oth,position=prenom)	geen	
nieuwe	AA(degree=pos,position=prenom)	nieuw	
droppeltjes	NOU-C(number=pl)	druppeltje	
geannonceerd	VRB(finiteness=pastpart)	annonceren	
worden	VRB(finiteness=inf)	worden	
of	CONJ(type=coor)	of	
zij	PD(type=pers,position=free)	zij	
kocht	VRB(finiteness=fin,tense=past)	kopen	
ze	PD(type=pers,position=free)	zij	
,	PC	,	



Reeds	ADV(type=reg)	reeds	
huilt	VRB(finiteness=fin,tense=pres)	huilen	
de	PD(type=d-p,subtype=art,position=prenom)	de	
stormwind	NOU-C(number=sg)	stormwind	
;	PC	;	
…	PC	…	
duisternis	NOU-C(number=sg)	duisternis	
Omhult	VRB(finiteness=fin,tense=pres)	omhullen	
het	PD(type=pers,position=free)	het	
diep	NOU-C(number=sg)	diep	
,	PC	,	



De	PD(type=d-p,subtype=art,position=prenom)	de	
bekeering	NOU-C(number=sg)	bekering	
van	ADP(type=pre)	van	
Hindostan	NOU-P	Hindostan	
(	PC	(	
blijft	VRB(finiteness=fin,tense=pres)	blijven	
)	PC	)	
tot	ADP(type=pre)	tot	
de	PD(type=d-p,subtype=art,position=prenom)	de	
vrome	AA(degree=pos,position=prenom)	vroom	
wenschen	NOU-C(number=pl)	wens	
van	ADP(type=pre)	van	
Westersche	AA(degree=pos,position=prenom)	westers	
dweepers	NOU-C(number=pl)	dweper	
behooren	VRB(finiteness=inf)	behoren	
,	PC	,	



Het	PD(type=d-p,subtype=art,position=prenom)	het	
versje	NOU-C(number=sg)	versje	
is	VRB(finiteness=fin,tense=pres)	zijn	
één	NUM(type=card,position=prenom,representation=let)	een	
moraal	NOU-C(number=sg)	moraal	
.	PC	.	
De	PD(type=d-p,subtype=art,position=prenom)	de	
dichter	NOU-C(number=sg)	dichter	
predikt	VRB(finiteness=fin,tense=pres)	prediken	
:	PC	:	
oprechtheid	NOU-C(number=sg)	oprechtheid	
,	PC	,	
eerlijkheid	NOU-C(number=sg)	eerlijkheid	



De	PD(type=d-p,subtype=art,position=prenom)	de	
kleine	AA(degree=pos,position=prenom)	klein	
kinderen	NOU-C(number=pl)	kind	
,	PC	,	
ziedaar	INT	ziedaar	
het	PD(type=d-p,subtype=art,position=prenom)	het	
eenige	PD(type=indef,position=free)	enig	
wat	PD(type=w-p,position=free)	wat	
vuil	AA(degree=pos,position=free)	vuil	
is	VRB(finiteness=fin,tense=pres)	zijn	
,	PC	,	



De	PD(type=d-p,subtype=art,position=prenom)	de	
uiterlijke	AA(degree=pos,position=prenom)	uiterlijk	
betooning	NOU-C(number=sg)	betoning	
van	ADP(type=pre)	van	
eerbiedenis	NOU-C(number=sg)	eerbiedenis	
,	PC	,	
die	PD(type=d-p,position=free)	die	
de	PD(type=d-p,subtype=art,position=prenom)	de	
goede	AA(degree=pos,position=prenom)	goed	
orde	NOU-C(number=sg)	orde	
vereischt	VRB(finiteness=fin,tense=pres)	vereisen	
,	PC	,	



De	PD(type=d-p,subtype=art,position=prenom)	de	
witte	AA(degree=pos,position=prenom)	wit	
schuimstrepen	NOU-C(number=pl)	schuimstreep	
lijken	VRB(finiteness=fin,tense=pres)	lijken	
er	ADV(type=pron)	erop	mw_793331
op	ADV(type=pron)	erop	mw_793331
aan	VRB(finiteness=inf)	aanrennen	mw_18454
te	ADP(type=pre)	te	
rennen	VRB(finiteness=inf)	aanrennen	mw_18454
Maar	CONJ(type=coor)	maar	
dichtbij	ADV(type=reg)	dichtbij	
glijden	VRB(finiteness=fin,tense=pres)	wegglijden	mw_372367
ze	PD(type=pers,position=free)	zij	
effen	AA(degree=pos,position=free)	effen	
weg	VRB(finiteness=fin,tense=pres)	wegglijden	mw_372367
als	CONJ(type=sub)	als	
een	PD(type=indef,subtype=art,position=prenom)	een	
mes	NOU-C(number=sg)	mes	
,	PC	,	
dat	PD(type=d-p,position=free)	dat	
over	ADP(type=pre)	over	
een	PD(type=indef,subtype=art,position=prenom)	een	
plank	NOU-C(number=sg)	plank	
slijpt	VRB(finiteness=fin,tense=pres)	slijpen	
,	PC	,	



't	PD(type=d-p,subtype=art,position=prenom)	het	
Eind	NOU-C(number=sg)	einde	
(	PC	(	
zoo	CONJ(type=sub)	zo	
't	PD(type=d-p,subtype=art,position=prenom)	het	
oude	AA(degree=pos,position=prenom)	oud	
spreekwoord	NOU-C(number=sg)	spreekwoord	
zegt	VRB(finiteness=fin,tense=pres)	zeggen	
)	PC	)	
Bekroont	VRB(finiteness=fin,tense=pres)	bekronen	
een	PD(type=indef,subtype=art,position=prenom)	een	
werk	NOU-C(number=sg)	werk	
,	PC	,	
en	CONJ(type=coor)	en	
't	PD(type=d-p,subtype=art,position=prenom)	het	
Eind	NOU-C(number=sg)	einde	
…	PC	…	
was	VRB(finiteness=fin,tense=past)	zijn	
slecht	AA(degree=pos,position=free)	slecht	
!	PC	!	



Dan	CONJ(type=coor)	dan	
onsen	PD(type=poss,position=prenom)	ons	
Raef	NOU-C(number=sg)	raaf	
door	ADP(type=pre)	door	
elde	NOU-C(number=sg)	oude	
en	ADV(type=reg)	ne	
sag	VRB(finiteness=fin,tense=past)	zien	
niet	ADV(type=reg)	niet	
meer	ADV(type=reg)	meer	
in	ADP(type=pre)	in	
't	PD(type=d-p,subtype=art,position=prenom)	het	
wàter	NOU-C(number=sg)	water	
,	PC	,	



Waar	ADV(type=reg)	waar	
men	PD(type=pers,position=free)	men	
adelaars	NOU-C(number=pl)	adelaar	
of	CONJ(type=coor)	of	
Fransche	AA(degree=pos,position=prenom)	Frans	
wapenborden	NOU-C(number=pl)	wapenbord	
zag	VRB(finiteness=fin,tense=past)	zien	
,	PC	,	
werden	VRB(finiteness=fin,tense=past)	worden	
zij	PD(type=pers,position=free)	zij	
afgerukt	VRB(finiteness=pastpart)	afrukken	
,	PC	,	
vertrapt	VRB(finiteness=pastpart)	vertrappen	
en	CONJ(type=coor)	en	
vernield	VRB(finiteness=pastpart)	vernielen	
,	PC	,	



—	PC	—	
Wanneer	CONJ(type=sub)	wanneer	
men	PD(type=pers,position=free)	men	
,	PC	,	
om	ADP(type=pre)	om	
in	ADP(type=pre)	in	
het	PD(type=d-p,subtype=art,position=prenom)	het	
klassieke	AA(degree=pos,position=prenom)	klassiek	
Elysium	NOU-C(number=sg)	elysium	
zoo	ADV(type=reg)	zo	
gemeenzaam	AA(degree=pos,position=free)	gemeenzaam	
te	ADP(type=pre)	te	
zijn	VRB(finiteness=inf)	zijn	
en	CONJ(type=coor)	en	
daar	ADV(type=reg)	daar	
alle	PD(type=indef,subtype=oth,position=prenom)	al	
menschen	NOU-C(number=pl)	mens	
bij	ADP(type=pre)	bij	
den	PD(type=d-p,subtype=art,position=prenom)	de	
voornaam	NOU-C(number=sg)	voornaam	
te	ADP(type=pre)	te	
noemen	VRB(finiteness=inf)	noemen	
,	PC	,	
een	PD(type=indef,subtype=art,position=prenom)	een	
vreemdeling	NOU-C(number=sg)	vreemdeling	
wordt	VRB(finiteness=fin,tense=pres)	worden	
in	ADP(type=pre)	in	
de	PD(type=d-p,subtype=art,position=prenom)	de	
plaats	NOU-C(number=sg)	plaats	
,	PC	,	
waarheen	ADV(type=pron)	waarheen	
men	PD(type=pers,position=free)	men	
hoopt	VRB(finiteness=fin,tense=pres)	hopen	
dat	CONJ(type=sub)	dat	
zijn	PD(type=poss,position=prenom)	zijn	
geliefden	NOU-C(number=pl)	geliefde	
gegaan	VRB(finiteness=pastpart)	gaan	
zijn	VRB(finiteness=fin,tense=pres)	zijn	
…;	PC	…;	
dan	ADV(type=reg)	dan	
vrees	VRB(finiteness=fin,tense=pres)	vrezen	
ik	PD(type=pers,position=free)	ik	
dat	CONJ(type=sub)	dat	
men	PD(type=pers,position=free)	men	
in	ADP(type=pre)	in	
de	PD(type=d-p,subtype=art,position=prenom)	de	
geestenwereld	NOU-C(number=sg)	geestenwereld	
dezelfde	PD(type=d-p,subtype=oth,position=prenom)	dezelfde	
fout	NOU-C(number=sg)	fout	
begaat	VRB(finiteness=fin,tense=pres)	begaan	
,	PC	,	
als	CONJ(type=sub)	als	
velen	PD(type=indef,position=free)	veel	
in	ADP(type=pre)	in	
de	PD(type=d-p,subtype=art,position=prenom)	de	
menschenwereld	NOU-C(number=sg)	mensenwereld	
,	PC	,	
van	ADP(type=pre)	van	
goede	AA(degree=pos,position=prenom)	goed	
aan	ADP(type=pre)	aan	
adelijke	AA(degree=pos,position=prenom)	adellijk	
bekenden	NOU-C(number=pl)	bekende	
op	VRB(finiteness=inf)	opofferen	mw_484940
te	ADP(type=pre)	te	
offeren	VRB(finiteness=inf)	opofferen	mw_484940
,	PC	,	



Ook	ADV(type=reg)	ook	
wordt	VRB(finiteness=fin,tense=pres)	worden	
de	PD(type=d-p,subtype=art,position=prenom)	de	
plaats	NOU-C(number=sg)	plaats	
zelve	PD(type=d-p,position=postnom)	zelf	
,	PC	,	
welke	PD(type=w-p,position=free)	welk	
door	ADP(type=pre)	door	
hare	PD(type=poss,position=prenom)	haar	
ligging	NOU-C(number=sg)	ligging	
voor	ADP(type=pre)	voor	
een	PD(type=indef,subtype=art,position=prenom)	een	
strijkvuur	NOU-C(number=sg)	strijkvuur	
geschikt	AA(degree=pos,position=free)	geschikt	
,	PC	,	
Enfilade	NOU-C(number=sg)	enfilade	
geheeten	AA(degree=pos,position=free)	geheten	
,	PC	,	



Dat	CONJ(type=sub)	dat	
de	PD(type=d-p,subtype=art,position=prenom)	de	
geforceerde	AA(degree=pos,position=prenom)	geforceerd	
leverantiën	NOU-C(number=pl)	leverantie	
van	ADP(type=pre)	van	
indigo	NOU-C(number=sg)	indigo	
en	CONJ(type=coor)	en	
van	ADP(type=pre)	van	
catoene	AA(degree=pos,position=prenom)	katoenen	
garens	NOU-C(number=pl)	garen	
zullen	VRB(finiteness=fin,tense=pres)	zullen	
zijn	VRB(finiteness=inf)	zijn	
en	CONJ(type=coor)	en	
blijven	VRB(finiteness=inf)	blijven	
afgeschaft	VRB(finiteness=pastpart)	afschaffen	
,	PC	,	
zonder	ADP(type=pre)	zonder	
dat	CONJ(type=sub)	dat	
de	PD(type=d-p,subtype=art,position=prenom)	de	
in	NOU-C(number=pl,WF=trunc)+NOU-C(number=pl)	ingezetene+opgezetene	mw_423641
-	PC	-	
en	CONJ(type=coor)	en	
opgezetenen	NOU-C(number=pl,WF=trunc)+NOU-C(number=pl)	ingezetene+opgezetene	mw_423641
daarvoor	ADV(type=pron)	daarvoor	
eenig	PD(type=indef,subtype=oth,position=prenom)	enig	
equivalent	NOU-C(number=sg)	equivalent	
,	PC	,	
't	CONJ(type=coor)	hetzij	mw_541208
zij	CONJ(type=coor)	hetzij	mw_541208
in	ADP(type=pre)	in	
gelde	NOU-C(number=sg)	geld	
of	CONJ(type=coor)	of	
anderzins	ADV(type=reg)	anderszins	
,	PC	,	
zal	VRB(finiteness=fin,tense=pres)	zullen	
worden	VRB(finiteness=inf)	worden	
opgelegd	VRB(finiteness=pastpart)	opleggen	
,	PC	,	



—	PC	—	
Dat	CONJ(type=sub)	dat	
ik	PD(type=pers,position=free)	ik	
zeer	AA(degree=pos,position=free)	zeer	
gaarne	ADV(type=reg)	gaarne	
gewenscht	VRB(finiteness=pastpart)	wensen	
had	VRB(finiteness=fin,tense=past)	hebben	
,	PC	,	
om	ADP(type=pre)	om	
dit	PD(type=d-p,subtype=oth,position=prenom)	dit	
kleine	AA(degree=pos,position=prenom)	klein	
Bundeltje	NOU-C(number=sg)	bundeltje	
zonder	ADP(type=pre)	zonder	
errata	NOU-C(number=pl)	erratum	
in	ADP(type=pre)	in	
de	PD(type=d-p,subtype=art,position=prenom)	de	
waereld	NOU-C(number=sg)	wereld	
te	ADP(type=pre)	te	
zien	VRB(finiteness=inf)	zien	
verschijnen	VRB(finiteness=inf)	verschijnen	
,	PC	,	



Ontbrak	VRB(finiteness=fin,tense=past)	ontbreken	
er	ADV(type=reg)	er	
ligchaamsschoon	NOU-C(number=sg)	lichaamsschoon	
?	PC	?	
zelfs	ADV(type=reg)	zelfs	
dáár	ADV(type=pron)	daarvoor	mw_55284
was	VRB(finiteness=fin,tense=past)	zijn	
middel	NOU-C(number=sg)	middel	
voor	ADV(type=pron)	daarvoor	mw_55284
Bij	ADP(type=pre)	bij	
onzen	PD(type=poss,position=prenom)	ons	
Eskulaap	NOU-C(number=sg)	esculaap	
te	ADP(type=pre)	te	
halen	VRB(finiteness=inf)	halen	
,	PC	,	



Uit	ADP(type=pre)	uit	
kracht	NOU-C(number=sg)	kracht	
van	ADP(type=pre)	van	
de	PD(type=d-p,subtype=art,position=prenom)	de	
in	ADP(type=pre)	in	
executorialen	AA(degree=pos,position=prenom)	executoriaal	
vorm	NOU-C(number=sg)	vorm	
uitgegeven	AA(degree=pos,position=prenom)	uitgegeven	
grosse	NOU-C(number=sg)	grosse	
van	ADP(type=pre)	van	
een	PD(type=indef,subtype=art,position=prenom)	een	
vonnis	NOU-C(number=sg)	vonnis	
,	PC	,	
door	ADP(type=pre)	door	
de	PD(type=d-p,subtype=art,position=prenom)	de	
arrondissements-regtbank	NOU-C(number=sg)	arrondissementsrechtbank	
…	PC	…	
in	ADP(type=pre)	in	
het	PD(type=d-p,subtype=art,position=prenom)	het	
…	PC	…	
gevoerde	AA(degree=pos,position=prenom)	gevoerd	
regtsgeding	NOU-C(number=sg)	rechtsgeding	
gewezen	VRB(finiteness=pastpart)	wijzen	
…,	PC	…,	
heb	VRB(finiteness=fin,tense=pres)	hebben	
ik	PD(type=pers,position=free)	ik	
B	NOU-P(WF=abbr)	B.	
.,	PC	.,	
deurwaarder	NOU-C(number=sg)	deurwaarder	
…	PC	…	
Aan	ADP(type=pre)	aan	
D	NOU-P	D.	
.	PC	.	
…	PC	…	
Bij	ADP(type=pre)	bij	
herhaling	NOU-C(number=sg)	herhaling	
Bevel	NOU-C(number=sg)	bevel	
Gedaan	VRB(finiteness=pastpart)	doen	
,	PC	,	
om	ADP(type=pre)	om	



Deze	PD(type=d-p,subtype=oth,position=prenom)	deze	
boeiende	AA(degree=pos,position=prenom)	boeiend	
beeltenis	NOU-C(number=sg)	beeltenis	
,	PC	,	
—	PC	—	
verrassend	AA(degree=pos,position=prenom)	verrassend	
expressief	AA(degree=pos,position=prenom)	expressief	
specimen	NOU-C(number=sg)	specimen	
van	ADP(type=pre)	van	
een	PD(type=indef,subtype=art,position=prenom)	een	
vergeten	AA(degree=pos,position=prenom)	vergeten	
psychologische	AA(degree=pos,position=prenom)	psychologisch	
portretkunst	NOU-C(number=sg)	portretkunst	
,	PC	,	
die	PD(type=d-p,position=free)	die	
men	PD(type=pers,position=free)	men	
zich	PD(type=refl,position=free)	zich	
eerder	AA(degree=comp,position=free)	eerder	
koel	AA(degree=pos,position=free)	koel	
en	CONJ(type=coor)	en	
konventioneel	AA(degree=pos,position=free)	conventioneel	
zou	VRB(finiteness=fin,tense=past)	zullen	
gedacht	VRB(finiteness=pastpart)	denken	
hebben	VRB(finiteness=inf)	hebben	
—	PC	—	
vertoont	VRB(finiteness=fin,tense=pres)	vertonen	
…	PC	…	
een	PD(type=indef,subtype=art,position=prenom)	een	
pijnlijk	AA(degree=pos,position=free)	pijnlijk	
gelatene	AA(degree=pos,position=prenom)	gelaten	
uitdrukking	NOU-C(number=sg)	uitdrukking	
,	PC	,	



Extra-beddegoed	AA(degree=pos,position=prenom)+NOU-C(number=sg)	extra+beddengoed	
of	CONJ(type=coor)	of	
dergelijke	PD(type=d-p,subtype=oth,position=prenom)	dergelijk	
voorwerpen	NOU-C(number=pl)	voorwerp	
te	ADP(type=pre)	te	
bekostigen	VRB(finiteness=inf)	bekostigen	
…,	PC	…,	
daar	ADV(type=pron)	daaraan	mw_484448
was	VRB(finiteness=fin,tense=past)	zijn	
geen	PD(type=indef,subtype=oth,position=prenom)	geen	
denken	NOU-C(number=sg)	denken	
aan	ADV(type=pron)	daaraan	mw_484448
,	PC	,	



Ik	PD(type=pers,position=free)	ik	
heb	VRB(finiteness=fin,tense=pres)	hebben	
een	PD(type=indef,subtype=art,position=prenom)	een	
dichtstuk	NOU-C(number=sg)	dichtstuk	
…	PC	…	
onderhanden	ADP(type=pre)+NOU-C(number=pl)	onder+hand	
,	PC	,	
dat	PD(type=d-p,position=free)	dat	
van	ADP(type=pre)	van	
eenen	PD(type=indef,subtype=art,position=prenom)	een	
langen	AA(degree=pos,position=prenom)	lang	
adem	NOU-C(number=sg)	adem	
is	VRB(finiteness=fin,tense=pres)	zijn	
,	PC	,	



Dat	CONJ(type=sub)	dat	
de	PD(type=d-p,subtype=art,position=prenom)	de	
Franschen	NOU-C(number=pl)	Fransen	
…	PC	…	
aan	ADP(type=pre)	aan	
de	PD(type=d-p,subtype=art,position=prenom)	de	
Israëlieten	NOU-C(number=pl)	Israëliet	
familienamen	NOU-C(number=pl)	familienaam	
gaven	VRB(finiteness=fin,tense=past)	geven	
,	PC	,	



—	PC	—	
Om	CONJ(type=sub)	omdat	mw_589809
dat	CONJ(type=sub)	omdat	mw_589809
in	ADP(type=pre)	in	
die	PD(type=d-p,subtype=oth,position=prenom)	die	
fantasmen	NOU-C(number=pl)	fantasme	
,	PC	,	
in	ADP(type=pre)	in	
die	PD(type=d-p,subtype=oth,position=prenom)	die	
ondenkbaarheden	NOU-C(number=pl)	ondenkbaarheid	
zelve	PD(type=d-p,position=postnom)	zelf	
,	PC	,	
karakters	NOU-C(number=pl)	karakter	
en	CONJ(type=coor)	en	
toestanden	NOU-C(number=pl)	toestand	
geschilderd	VRB(finiteness=pastpart)	schilderen	
worden	VRB(finiteness=fin,tense=pres)	worden	
en	CONJ(type=coor)	en	
leven	VRB(finiteness=fin,tense=pres)	leven	
,	PC	,	
gegrepen	VRB(finiteness=pastpart)	grijpen	
uit	ADP(type=pre)	uit	
het	PD(type=d-p,subtype=art,position=prenom)	het	
volle	AA(degree=pos,position=prenom)	vol	
leven	NOU-C(number=sg)	leven	
van	ADP(type=pre)	van	
den	PD(type=d-p,subtype=art,position=prenom)	de	
mensch	NOU-C(number=sg)	mens	
,	PC	,	



Nog	ADV(type=reg)	nog	
meer	ADV(type=reg)	meer	
bepaald	AA(degree=pos,position=free)	bepaald	
kwetste	VRB(finiteness=fin,tense=past)	kwetsen	
hij	PD(type=pers,position=free)	hij	
de	PD(type=d-p,subtype=art,position=prenom)	de	
fierheid	NOU-C(number=sg)	fierheid	
der	PD(type=d-p,subtype=art,position=prenom)	de	
Hollandsche	AA(degree=pos,position=prenom)	Hollands	
regenten	NOU-C(number=pl)	regent	
,	PC	,	



De	PD(type=d-p,subtype=art,position=prenom)	de	
ondergang	NOU-C(number=sg)	ondergang	
van	ADP(type=pre)	van	
het	PD(type=d-p,subtype=art,position=prenom)	het	
vaderland	NOU-C(number=sg)	vaderland	
…	PC	…	
werd	VRB(finiteness=fin,tense=past)	worden	
zoo	ADV(type=reg)	zo	
dikwijls	ADV(type=reg)	dikwijls	
als	CONJ(type=sub)	als	
zeer	AA(degree=pos,position=free)	zeer	
ophanden	ADV(type=reg)	ophanden	
aangekondigd	VRB(finiteness=pastpart)	aankondigen	
,	PC	,	
dat	CONJ(type=sub)	dat	
,	PC	,	
nu	ADV(type=reg)	nu	
die	PD(type=d-p,subtype=oth,position=prenom)	die	
heillooze	AA(degree=pos,position=prenom)	heilloos	
gebeurtenis	NOU-C(number=sg)	gebeurtenis	
achterwege	ADV(type=reg)	achterwege	
blijft	VRB(finiteness=fin,tense=pres)	blijven	
,	PC	,	
de	PD(type=d-p,subtype=art,position=prenom)	de	
profeten	NOU-C(number=pl)	profeet	
allengs	ADV(type=reg)	allengs	
met	ADP(type=pre)	met	
hun	PD(type=poss,position=prenom)	hun	
figuur	NOU-C(number=sg)	figuur	
verlegen	AA(degree=pos,position=free)	verlegen	
raken	VRB(finiteness=fin,tense=pres)	raken	
,	PC	,	



Wat	PD(type=w-p,position=free)	wat	
moest	VRB(finiteness=fin,tense=past)	moeten	
ik	PD(type=pers,position=free)	ik	
van	ADP(type=pre)	van	
het	PD(type=d-p,subtype=art,position=prenom)	het	
mannetje	NOU-C(number=sg)	mannetje	
maken	VRB(finiteness=inf)	maken	
?	PC	?	
Was	VRB(finiteness=fin,tense=past)	zijn	
het	PD(type=pers,position=free)	het	
niet	ADV(type=reg)	niet	
fijn	AA(degree=pos,position=free)	fijn	
te	ADV(type=reg)	thuis	mw_710759
huis	ADV(type=reg)	thuis	mw_710759
,	PC	,	
of	CONJ(type=coor)	of	
hield	VRB(finiteness=fin,tense=past)	houden	
hij	PD(type=pers,position=free)	hij	
mij	PD(type=pers,position=free)	ik	
voor	ADP(type=pre)	voor	
den	PD(type=d-p,subtype=art,position=prenom)	de	
gek	NOU-C(number=sg)	gek	
?	PC	?	



Het	PD(type=d-p,subtype=art,position=prenom)	het	
eigenlijke	AA(degree=pos,position=prenom)	eigenlijk	
filter	NOU-C(number=sg)	filter	
,	PC	,	
bestaande	VRB(finiteness=prespart)	bestaan	
uit	ADP(type=pre)	uit	
afwisselende	AA(degree=pos,position=prenom)	afwisselend	
lagen	NOU-C(number=pl)	laag	
van	ADP(type=pre)	van	
grof	AA(degree=pos,position=prenom)	grof	
rivierzand	NOU-C(number=sg)	rivierzand	
,	PC	,	
fijn	AA(degree=pos,position=prenom)	fijn	
rivierzand	NOU-C(number=sg)	rivierzand	
,	PC	,	
een	PD(type=indef,subtype=art,position=prenom)	een	
mengsel	NOU-C(number=sg)	mengsel	
van	ADP(type=pre)	van	
fijn	AA(degree=pos,position=prenom)	fijn	
zand	NOU-C(number=sg)	zand	
en	CONJ(type=coor)	en	
kool	NOU-C(number=sg)	kool	
en	CONJ(type=coor)	en	
eindelijk	ADV(type=reg)	eindelijk	
zuiver	AA(degree=pos,position=prenom)	zuiver	
rivierzand	NOU-C(number=sg)	rivierzand	
,	PC	,	
dat	PD(type=d-p,position=free)	dat	
den	PD(type=d-p,subtype=art,position=prenom)	de	
bodem	NOU-C(number=sg)	bodem	
bedekt	VRB(finiteness=fin,tense=pres)	bedekken	
,	PC	,	



De	PD(type=d-p,subtype=art,position=prenom)	de	
wind	NOU-C(number=sg)	wind	
…	PC	…	
deed	VRB(finiteness=fin,tense=past)	doen	
het	PD(type=d-p,subtype=art,position=prenom)	het	
losse	AA(degree=pos,position=prenom)	los	
krulhaar	NOU-C(number=sg)	krulhaar	
om	ADP(type=pre)	om	
haar	PD(type=poss,position=prenom)	haar	
voorhoofd	NOU-C(number=sg)	voorhoofd	
fladderen	VRB(finiteness=inf)	fladderen	
,	PC	,	



De	PD(type=d-p,subtype=art,position=prenom)	de	
Rosemeyers	NOU-P	Rosemeyer	
,	PC	,	
die	PD(type=d-p,position=free)	die	
in	ADP(type=pre)	in	
suiker	NOU-C(number=sg)	suiker	
doen	VRB(finiteness=fin,tense=pres)	doen	
…,	PC	…,	
hebben	VRB(finiteness=fin,tense=pres)	hebben	
onlangs	ADV(type=reg)	onlangs	
weer	ADV(type=reg)	weder	
27	NUM(type=card,position=prenom,representation=dig)	zevenentwintig	
%	PC	%	
moeten	VRB(finiteness=inf)	moeten	
aannemen	VRB(finiteness=inf)	aannemen	
uit	ADP(type=pre)	uit	
de	PD(type=d-p,subtype=art,position=prenom)	de	
massa	NOU-C(number=sg)	massa	
van	ADP(type=pre)	van	
een	PD(type=indef,subtype=art,position=prenom)	een	
jood	NOU-C(number=sg)	jood	
die	PD(type=d-p,position=free)	die	
fout	NOU-C(number=sg)	fout	
was	VRB(finiteness=fin,tense=past)	zijn	
,	PC	,	



Het	PD(type=pers,position=free)	het	
is	VRB(finiteness=fin,tense=pres)	zijn	
een	PD(type=indef,subtype=art,position=prenom)	een	
aardig	AA(degree=pos,position=prenom)	aardig	
gezicht	NOU-C(number=sg)	gezicht	
al	PD(type=indef,position=free)	al	
die	PD(type=d-p,subtype=oth,position=prenom)	die	
gaande	AA(degree=pos,position=prenom)	gaande	
en	CONJ(type=coor)	en	
komende	AA(degree=pos,position=prenom)	komend	
bootjes	NOU-C(number=pl)	bootje	
gade	VRB(finiteness=inf)	gadeslaan	mw_264135
te	ADP(type=pre)	te	
slaan	VRB(finiteness=inf)	gadeslaan	mw_264135
.	PC	.	



Door	ADP(type=pre)	door	
het	PD(type=d-p,subtype=art,position=prenom)	het	
stampen	NOU-C(number=sg)	stampen	
van	ADP(type=pre)	van	
het	PD(type=d-p,subtype=art,position=prenom)	het	
schip	NOU-C(number=sg)	schip	
zijn	VRB(finiteness=fin,tense=pres)	zijn	
de	PD(type=d-p,subtype=art,position=prenom)	de	
kanonnen	NOU-C(number=pl)	kanon	
gaande	AA(degree=pos,position=free)	gaande	
geraakt	VRB(finiteness=pastpart)	raken	
.	PC	.	



Van	ADP(type=pre)	van	
de	PD(type=d-p,subtype=art,position=prenom)	de	
wei	NOU-C(number=sg)	wei	
of	CONJ(type=coor)	of	
hui	NOU-C(number=sg)	hui	
,	PC	,	
welke	PD(type=w-p,position=free)	welk	
uit	ADP(type=pre)	uit	
deze	PD(type=d-p,subtype=oth,position=prenom)	deze	
kaas	NOU-C(number=sg)	kaas	
geperst	VRB(finiteness=pastpart)	persen	
en	CONJ(type=coor)	en	
in	ADP(type=pre)	in	
vaten	NOU-C(number=pl)	vat	
gegoten	VRB(finiteness=pastpart)	gieten	
wordt	VRB(finiteness=fin,tense=pres)	worden	
,	PC	,	
welke	PD(type=w-p,position=free)	welk	
men	PD(type=pers,position=free)	men	
aldaar	ADV(type=reg)	aldaar	
gaarvaten	NOU-C(number=pl)	gaarvat	
noemt	VRB(finiteness=fin,tense=pres)	noemen	
,	PC	,	
schept	VRB(finiteness=fin,tense=pres)	afscheppen	mw_475521
men	PD(type=pers,position=free)	men	
den	PD(type=d-p,subtype=art,position=prenom)	de	
room	NOU-C(number=sg)	room	
af	VRB(finiteness=fin,tense=pres)	afscheppen	mw_475521
,	PC	,	
doet	VRB(finiteness=fin,tense=pres)	doen	
dien	PD(type=d-p,position=free)	die	
in	ADP(type=pre)	in	
de	PD(type=d-p,subtype=art,position=prenom)	de	
karnton	NOU-C(number=sg)	karnton	
,	PC	,	
en	CONJ(type=coor)	en	
karnt	VRB(finiteness=fin,tense=pres)	karnen	
er	ADV(type=pron)	ervan	mw_755491
boter	NOU-C(number=sg)	boter	
van	ADV(type=pron)	ervan	mw_755491
,	PC	,	
welke	PD(type=w-p,position=free)	welk	
men	PD(type=pers,position=free)	men	
hui-boter	NOU-C(number=sg)	huiboter	
noemt	VRB(finiteness=fin,tense=pres)	noemen	
,	PC	,	



God	NOU-P	God	
,	PC	,	
vol	AA(degree=pos,position=free)	vol	
deernis	NOU-C(number=sg)	deernis	
,	PC	,	
vol	AA(degree=pos,position=free)	vol	
genade	NOU-C(number=sg)	genade	
,	PC	,	
…	PC	…	
Sla	VRB(finiteness=fin,tense=pres)	gadeslaan	mw_348052
uw	PD(type=poss,position=prenom)	uw	
teêre	AA(degree=pos,position=prenom)	teder	
kinders	NOU-C(number=pl)	kind	
gade	VRB(finiteness=fin,tense=pres)	gadeslaan	mw_348052
.	PC	.	



Een	PD(type=indef,subtype=art,position=prenom)	een	
zeer	AA(degree=pos,position=free)	zeer	
goede	AA(degree=pos,position=prenom)	goed	
terechtwijzing	NOU-C(number=sg)	terechtwijzing	
voor	ADP(type=pre)	voor	
de	PD(type=d-p,subtype=art,position=prenom)	de	
dieven	NOU-C(number=pl)	dief	
,	PC	,	
…	PC	…	
om	ADP(type=pre)	om	
niet	ADV(type=reg)	niet	
verlegen	AA(degree=pos,position=free)	verlegen	
te	ADP(type=pre)	te	
zijn	VRB(finiteness=inf)	zijn	
,	PC	,	
waar	ADV(type=reg)	waar	
zij	PD(type=pers,position=free)	zij	
iets	PD(type=indef,position=free)	iets	
van	ADP(type=pre)	van	
hun	PD(type=poss,position=prenom)	hun	
gading	NOU-C(number=sg)	gading	
kunnen	VRB(finiteness=fin,tense=pres)	kunnen	
vinden	VRB(finiteness=inf)	vinden	
,	PC	,	



Terwijl	CONJ(type=sub)	terwijl	
,	PC	,	
in	ADP(type=pre)	in	
Utrecht	NOU-P	Utrecht	
,	PC	,	
krijgsgeschal	NOU-C(number=sg)	krijgsgeschal	
Voor	ADP(type=pre)	voor	
bruilofts	NOU-C(number=sg)	bruiloft	
feestklank	NOU-C(number=sg)	feestklank	
galmen	VRB(finiteness=inf)	galmen	
zal	VRB(finiteness=fin,tense=pres)	zullen	
.	PC	.	



Op	ADP(type=pre)	op	
den	PD(type=d-p,subtype=art,position=prenom)	de	
weg	NOU-C(number=sg)	weg	
…	PC	…	
galoppeerde	VRB(finiteness=fin,tense=past)	galopperen	
een	PD(type=indef,subtype=art,position=prenom)	een	
ruiterbende	NOU-C(number=sg)	ruiterbende	
,	PC	,	
die	PD(type=d-p,position=free)	die	
zich	PD(type=refl,position=free)	zich	
gereed	VRB(finiteness=fin,tense=past)	gereedmaken	mw_905836
maakte	VRB(finiteness=fin,tense=past)	gereedmaken	mw_905836
hem	PD(type=pers,position=free)	hij	
den	PD(type=d-p,subtype=art,position=prenom)	de	
verderen	AA(degree=pos,position=prenom)	ver	
tocht	NOU-C(number=sg)	tocht	
af	VRB(finiteness=inf)	afsnijden	mw_14254
te	ADP(type=pre)	te	
snijden	VRB(finiteness=inf)	afsnijden	mw_14254
,	PC	,	



—	PC	—	
Garneersels	NOU-C(number=pl)	garneersel	
,	PC	,	
insgelijks	ADV(type=reg)	insgelijks	
van	ADP(type=pre)	van	
zwart	AA(degree=pos,position=prenom)	zwart	
kant	NOU-C(number=sg)	kant	
,	PC	,	
versierden	VRB(finiteness=fin,tense=past)	versieren	
den	PD(type=d-p,subtype=art,position=prenom)	de	
benedenrand	NOU-C(number=sg)	benedenrand	
van	ADP(type=pre)	van	
het	PD(type=d-p,subtype=art,position=prenom)	het	
kleed	NOU-C(number=sg)	kleed	
,	PC	,	



De	PD(type=d-p,subtype=art,position=prenom)	de	
beraadslagingen	NOU-C(number=pl)	beraadslaging	
over	ADP(type=pre)	over	
het	PD(type=d-p,subtype=art,position=prenom)	het	
adres	NOU-C(number=sg)	adres	
van	ADP(type=pre)	van	
antwoord	NOU-C(number=sg)	antwoord	
zijn	VRB(finiteness=fin,tense=pres)	zijn	
heden	ADV(type=reg)	heden	
gesloten	VRB(finiteness=pastpart)	sluiten	
.	PC	.	



Gij	PD(type=pers,position=free)	gij	
zult	VRB(finiteness=fin,tense=pres)	zullen	
bij	ADP(type=pre)	bij	
Papa	NOU-C(number=sg)	papa	
en	CONJ(type=coor)	en	
Mama	NOU-C(number=sg)	mama	
beide	PD(type=indef,position=free)	beide	
een	PD(type=indef,subtype=art,position=prenom)	een	
zeer	AA(degree=pos,position=free)	zeer	
welkome	AA(degree=pos,position=prenom)	welkom	
gast	NOU-C(number=sg)	gast	
zijn	VRB(finiteness=inf)	zijn	
,	PC	,	



—	PC	—	
Decisie	NOU-C(number=sg)	decisie	
wegens	ADP(type=pre)	wegens	
de	PD(type=d-p,subtype=art,position=prenom)	de	
al	ADV(type=reg)	al	
of	CONJ(type=coor)	of	
niet	ADV(type=reg)	niet	
-	PC	-	
verpligtbaarheid	NOU-C(number=sg)	verplichtbaarheid	
,	PC	,	
om	ADP(type=pre)	om	
tooneel-berigten	NOU-C(number=pl)	toneelbericht	
,	PC	,	
eeniglijk	ADV(type=reg)	eniglijk	
voor	ADP(type=pre)	voor	
de	PD(type=d-p,subtype=art,position=prenom)	de	
geabonneerden	NOU-C(number=pl)	geabonneerde	
bestemd	VRB(finiteness=pastpart)	bestemmen	
,	PC	,	
op	ADP(type=pre)	op	
gezegeld-papier	AA(degree=pos,position=prenom)+NOU-C(number=sg)	gezegeld+papier	
te	ADP(type=pre)	te	
stellen	VRB(finiteness=inf)	stellen	
,	PC	,	



—	PC	—	
Van	ADP(type=pre)	vanwege	mw_27709
wege	ADP(type=pre)	vanwege	mw_27709
Uwe	PD(type=poss,position=prenom)	uw	
Majesteit	NOU-C(number=sg)	majesteit	
werd	VRB(finiteness=fin,tense=past)	worden	
…	PC	…	
aan	ADP(type=pre)	aan	
mij	PD(type=pers,position=free)	ik	
gerenvoyeerd	VRB(finiteness=pastpart)	renvooieren	
een	PD(type=indef,subtype=art,position=prenom)	een	
bij	AA(degree=pos,position=prenom)	bijgeleidend	mw_444085
geleidende	AA(degree=pos,position=prenom)	bijgeleidend	mw_444085
Missive	NOU-C(number=sg)	missive	
van	ADP(type=pre)	van	
den	PD(type=d-p,subtype=art,position=prenom)	de	
Colonel	NOU-C(number=sg)	kolonel	
de	NOU-P(WF=abbr)	De Chalob	mw_404236
C.	NOU-P(WF=abbr)	De Chalob	mw_404236
ingediend	AA(degree=pos,position=prenom)	ingediend	
Adres	NOU-C(number=sg)	adres	
van	ADP(type=pre)	van	
hem	PD(type=pers,position=free)	hij	
en	CONJ(type=coor)	en	
J.	NOU-P(WF=abbr)	J.	
d'A.	NOU-P(WF=abbr)	D'Achicourt	
…	PC	…	
daarbij	ADV(type=pron)	daarbij	
mede	ADV(type=reg)	mede	
namens	ADP(type=pre)	namens	
eenige	PD(type=indef,subtype=oth,position=prenom)	enig	
andere	PD(type=indef,subtype=oth,position=prenom)	ander	
geassocieerden	NOU-C(number=pl)	geassocieerde	
,	PC	,	
verzoekende	VRB(finiteness=prespart)	verzoeken	
een	PD(type=indef,subtype=art,position=prenom)	een	
Brevet	NOU-C(number=sg)	brevet	
van	ADP(type=pre)	van	
uitvinding	NOU-C(number=sg)	uitvinding	
en	CONJ(type=coor)	en	
invoer	NOU-C(number=sg)	invoer	
,	PC	,	



Het	PD(type=pers,position=free)	het	
was	VRB(finiteness=fin,tense=past)	zijn	
,	PC	,	
of	CONJ(type=sub)	of	
zij	PD(type=pers,position=free)	zij	
het	PD(type=d-p,subtype=art,position=prenom)	het	
wild	NOU-C(number=sg)	wild	
roken	VRB(finiteness=fin,tense=past)	ruiken	
…,	PC	…,	
terwijl	CONJ(type=sub)	terwijl	
zij	PD(type=pers,position=free)	zij	
in	ADP(type=pre)	in	
een	PD(type=indef,subtype=art,position=prenom)	een	
oorverdoovend	AA(degree=pos,position=prenom)	oorverdovend	
gebas	NOU-C(number=sg)	gebas	
elkaar	PD(type=recip,position=free)	elkander	
hunne	PD(type=poss,position=prenom)	hun	
gewaarwordingen	NOU-C(number=pl)	gewaarwording	
mededeelden	VRB(finiteness=fin,tense=past)	mededelen	
,	PC	,	



—	PC	—	
De	PD(type=d-p,subtype=art,position=prenom)	de	
agenten	NOU-C(number=pl)	agent	
dier	PD(type=d-p,subtype=oth,position=prenom)	die	
regering	NOU-C(number=sg)	regering	
hebben	VRB(finiteness=fin,tense=pres)	hebben	
zich	PD(type=refl,position=free)	zich	
…	PC	…	
eeniglijk	ADV(type=reg)	eniglijk	
beroepen	VRB(finiteness=pastpart)	beroepen	
op	ADP(type=pre)	op	
het	PD(type=d-p,subtype=art,position=prenom)	het	
gebrek	NOU-C(number=sg)	gebrek	
van	ADP(type=pre)	van	
eene	PD(type=indef,subtype=art,position=prenom)	een	
behoorlijke	AA(degree=pos,position=prenom)	behoorlijk	
protestatie	NOU-C(number=sg)	protestatie	
onzerzijds	ADV(type=reg)	onzerzijds	
tegen	ADP(type=pre)	tegen	
den	PD(type=d-p,subtype=art,position=prenom)	de	
overdreven	AA(degree=pos,position=prenom)	overdreven	
maatregel	NOU-C(number=sg)	maatregel	
van	ADP(type=pre)	van	
den	PD(type=d-p,subtype=art,position=prenom)	de	
Generaal	NOU-C(number=sg)	generaal	
L	NOU-P(WF=abbr)	L.	
.,	PC	.,	
en	CONJ(type=coor)	en	
dit	PD(type=d-p,position=free)	dit	
heeft	VRB(finiteness=fin,tense=pres)	hebben	
hun	PD(type=pers,position=free)	zij	
tot	ADP(type=pre)	tot	
voorwendsel	NOU-C(number=sg)	voorwendsel	
gestrekt	VRB(finiteness=pastpart)	strekken	
om	ADP(type=pre)	om	
Puerto	NOU-P	Puerto Cabello	mw_119687
Cabello	NOU-P	Puerto Cabello	mw_119687
voor	ADP(type=pre)	voor	
onze	PD(type=poss,position=prenom)	ons	
schepen	NOU-C(number=pl)	schip	
ontoegankelijk	AA(degree=pos,position=free)	ontoegankelijk	
en	CONJ(type=coor)	en	
die	PD(type=d-p,subtype=oth,position=prenom)	die	
plaats	NOU-C(number=sg)	plaats	
voor	ADP(type=pre)	voor	
geblokkeerd	AA(degree=pos,position=free)	geblokkeerd	
te	ADP(type=pre)	te	
verklaren	VRB(finiteness=inf)	verklaren	
,	PC	,	



En	CONJ(type=coor)	en	
't	PD(type=pers,position=free)	het	
was	VRB(finiteness=fin,tense=past)	zijn	
of	CONJ(type=sub)	of	
's	PD(type=d-p,subtype=art,position=prenom)	de	
Heeren	NOU-C(number=sg)	heer	
woord	NOU-C(number=sg)	woord	
het	PD(type=d-p,subtype=art,position=prenom)	het	
kleed	NOU-C(number=sg)	kleed	
,	PC	,	
Het	PD(type=d-p,subtype=art,position=prenom)	het	
momtuig	NOU-C(number=sg)	mommentuig	
van	ADP(type=pre)	van	
hun	PD(type=poss,position=prenom)	hun	
inborst	NOU-C(number=sg)	inborst	
reet	VRB(finiteness=fin,tense=past)	rijten	
En	CONJ(type=coor)	en	
allen	PD(type=indef,position=free)	al	
't	PD(type=d-p,subtype=art,position=prenom)	het	
boos	AA(degree=pos,position=prenom)	boos	
gedichtsel	NOU-C(number=sg)	gedichtsel	
zagen	VRB(finiteness=fin,tense=past)	zien	
.	PC	.	



Menschen	NOU-C(number=pl)	mens	
,	PC	,	
die	PD(type=d-p,position=free)	die	
ten	ADP(type=pre)+PD(type=d-p,subtype=art,position=prenom)	te+het	
uiterste	NOU-C(number=sg)	uiterste	
gedienstig	AA(degree=pos,position=free)	gedienstig	
zijn	VRB(finiteness=fin,tense=pres)	zijn	
,	PC	,	
om	ADP(type=pre)	om	
aan	ADP(type=pre)	aan	
anderen	PD(type=indef,position=free)	ander	
al	PD(type=indef,position=free)	al	
wat	PD(type=w-p,position=free)	wat	
zij	PD(type=pers,position=free)	zij	
ongunstigs	NOU-C(number=sg)	ongunstige	
van	ADP(type=pre)	van	
hen	PD(type=pers,position=free)	zij	
hooren	VRB(finiteness=fin,tense=pres)	horen	
over	VRB(finiteness=inf)	overbrengen	mw_683534
te	ADP(type=pre)	te	
brengen	VRB(finiteness=inf)	overbrengen	mw_683534
,	PC	,	



De	PD(type=d-p,subtype=art,position=prenom)	de	
opwinding	NOU-C(number=sg)	opwinding	
verdwenen	VRB(finiteness=pastpart)	verdwijnen	
en	CONJ(type=coor)	en	
Henriëtte	NOU-P	Henriëtte	
voelde	VRB(finiteness=fin,tense=past)	voelen	
zich	PD(type=refl,position=free)	zich	
gedrukter	AA(degree=comp,position=free)	gedrukt	
dan	CONJ(type=coor)	dan	
ooit	ADV(type=reg)	ooit	
,	PC	,	



Sedert	ADP(type=pre)	sedert	
Baumgarten	NOU-P	Baumgarten	
in	ADP(type=pre)	in	
1750	NUM(type=card,position=free,representation=dig)	1750	
begon	VRB(finiteness=fin,tense=past)	beginnen	
eene	PD(type=indef,subtype=art,position=prenom)	een	
Aesthetica	NOU-C(number=sg)	esthetica	
te	ADP(type=pre)	te	
schrijven	VRB(finiteness=inf)	schrijven	
,	PC	,	
ontstond	VRB(finiteness=fin,tense=past)	ontstaan	
er	ADV(type=reg)	er	
in	ADP(type=pre)	in	
Duitschland	NOU-P	Duitsland	
eene	PD(type=indef,subtype=art,position=prenom)	een	
nieuwe	AA(degree=pos,position=prenom)	nieuw	
afdeeling	NOU-C(number=sg)	afdeling	
der	PD(type=d-p,subtype=art,position=prenom)	de	
wijsgeerige	AA(degree=pos,position=prenom)	wijsgerig	
wetenschap	NOU-C(number=sg)	wetenschap	
,	PC	,	
de	PD(type=d-p,subtype=art,position=prenom)	de	
Aesthetiek	NOU-C(number=sg)	esthetiek	
,	PC	,	
zich	PD(type=refl,position=free)	zich	
aansluitend	VRB(finiteness=prespart)	aansluiten	
bij	ADP(type=pre)	bij	
de	PD(type=d-p,subtype=art,position=prenom)	de	
verspreide	AA(degree=pos,position=prenom)	verspreid	
wenken	NOU-C(number=pl)	wenk	
door	ADP(type=pre)	door	
Plato	NOU-P	Plato	
,	PC	,	
Aristoteles	NOU-P	Aristoteles	
en	CONJ(type=coor)	en	
Plotinus	NOU-P	Plotinus	
gegeven	VRB(finiteness=pastpart)	geven	
,	PC	,	



Een	PD(type=indef,subtype=art,position=prenom)	een	
lange	AA(degree=pos,position=prenom)	lang	
optocht	NOU-C(number=sg)	optocht	
van	ADP(type=pre)	van	
in	ADP(type=pre)	in	
't	PD(type=d-p,subtype=art,position=prenom)	het	
wit	NOU-C(number=sg)	wit	
gekleede	AA(degree=pos,position=prenom)	gekleed	
geestelijken	NOU-C(number=pl)	geestelijke	
trok	VRB(finiteness=fin,tense=past)	omtrekken	mw_497832
langzaam	AA(degree=pos,position=free)	langzaam	
en	CONJ(type=coor)	en	
statig	AA(degree=pos,position=free)	statig	
,	PC	,	
met	ADP(type=pre)	met	
kruis	NOU-C(number=sg)	kruis	
en	CONJ(type=coor)	en	
banier	NOU-C(number=sg)	banier	
,	PC	,	
…	PC	…	
het	PD(type=d-p,subtype=art,position=prenom)	het	
veld	NOU-C(number=sg)	veld	
om	VRB(finiteness=fin,tense=past)	omtrekken	mw_497832
,	PC	,	



Zy	PD(type=pers,position=free)	zij	
lezen	VRB(finiteness=fin,tense=pres)	lezen	
zeker	AA(degree=pos,position=free)	zeker	
,	PC	,	
en	CONJ(type=coor)	en	
verzwelgen	VRB(finiteness=fin,tense=pres)	verzwelgen	
:	PC	:	
Maar	CONJ(type=coor)	maar	
wordt	VRB(finiteness=fin,tense=pres)	worden	
hun	PD(type=poss,position=prenom)	hun	
ziel	NOU-C(number=sg)	ziel	
er	ADV(type=pron)	ervan	mw_4500
van	ADV(type=pron)	ervan	mw_4500
gevoed	VRB(finiteness=pastpart)	voeden	
?	PC	?	
Doordrenkt	VRB(finiteness=pastpart)	doordrenken	
met	ADP(type=pre)	met	
levendmakend	AA(degree=pos,position=prenom)	levendmakend	
bloed	NOU-C(number=sg)	bloed	
?	PC	?	
Met	ADP(type=pre)	met	
geestig	AA(degree=pos,position=prenom)	geestig	
vocht	NOU-C(number=sg)	vocht	
voor	ADP(type=pre)	voor	
frissche	AA(degree=pos,position=prenom)	fris	
telgen	NOU-C(number=pl)	telg	
?	PC	?	



Al	PD(type=indef,position=free)	al	
onze	PD(type=poss,position=prenom)	ons	
uitspattingen	NOU-C(number=pl)	uitspatting	
(	PC	(	
verkregen	VRB(finiteness=pastpart)	verkrijgen	
),	PC	),	
door	ADP(type=pre)	door	
de	PD(type=d-p,subtype=art,position=prenom)	de	
duisternis	NOU-C(number=sg)	duisternis	
der	PD(type=d-p,subtype=art,position=prenom)	de	
geheimhouding	NOU-C(number=sg)	geheimhouding	
,	PC	,	
een	PD(type=indef,subtype=art,position=prenom)	een	
kenmerk	NOU-C(number=sg)	kenmerk	
van	ADP(type=pre)	van	
laagheid	NOU-C(number=sg)	laagheid	
,	PC	,	



Heb	VRB(finiteness=fin,tense=pres)	hebben	
ik	PD(type=pers,position=free)	ik	
dien	PD(type=d-p,subtype=oth,position=prenom)	die	
hemelval	NOU-C(number=sg)	hemelval	
,	PC	,	
Die	PD(type=d-p,position=free)	die	
eeniglijk	ADV(type=reg)	eniglijk	
uw	PD(type=poss,position=prenom)	uw	
kiesch	AA(degree=pos,position=prenom)	kies	
gehoor	NOU-C(number=sg)	gehoor	
kan	VRB(finiteness=fin,tense=pres)	kunnen	
streelen	VRB(finiteness=inf)	strelen	
?	PC	?	



Dat	PD(type=d-p,subtype=oth,position=prenom)	dat	
gejacht	NOU-C(number=sg)	gejacht	
van	ADP(type=pre)	van	
die	PD(type=d-p,subtype=oth,position=prenom)	die	
vrijers	NOU-C(number=pl)	vrijer	
om	ADP(type=pre)	om	
mijn	PD(type=poss,position=prenom)	mijn	
deur	NOU-C(number=sg)	deur	
begint	VRB(finiteness=fin,tense=pres)	beginnen	
mij	PD(type=pers,position=free)	ik	
te	ADP(type=pre)	te	
vervelen	VRB(finiteness=inf)	vervelen	
.	PC	.	
Wat	PD(type=w-p,position=free)	wat	
een	PD(type=indef,subtype=art,position=prenom)	een	
gejacht	NOU-C(number=sg)	gejacht	
is	VRB(finiteness=fin,tense=pres)	zijn	
er	ADV(type=reg)	er	
weer	ADV(type=reg)	weder	
bij	ADP(type=pre)	bij	
den	PD(type=d-p,subtype=art,position=prenom)	de	
Minister	NOU-C(number=sg)	minister	
geweest	VRB(finiteness=pastpart)	zijn	
om	ADP(type=pre)	om	
dat	PD(type=d-p,subtype=oth,position=prenom)	dat	
baantje	NOU-C(number=sg)	baantje	
.	PC	.	



Gejoel	NOU-C(number=sg)	gejoel	
,	PC	,	
geschreeuw	NOU-C(number=sg)	geschreeuw	
,	PC	,	
gekerm	NOU-C(number=sg)	gekerm	
,	PC	,	
gekrijt	NOU-C(number=sg)	gekrijt	
,	PC	,	
Klinkt	VRB(finiteness=fin,tense=pres)	klinken	
wild	AA(degree=pos,position=free)	wild	
dooreen	ADV(type=reg)	dooreen	
.	PC	.	



Toen	CONJ(type=sub)	toen	
hun	PD(type=pers,position=free)	zij	
uw	PD(type=poss,position=prenom)	uw	
droef	AA(degree=pos,position=prenom)	droef	
geklag	NOU-C(number=sg)	geklag	
des	PD(type=d-p,subtype=art,position=prenom)	de	
Graven	NOU-C(number=sg)	graf	
noodlot	NOU-C(number=sg)	noodlot	
meldde	VRB(finiteness=fin,tense=past)	melden	
.	PC	.	



Kartouwen	NOU-C(number=pl)	kartouw	
raasden	VRB(finiteness=fin,tense=past)	razen	
,	PC	,	
donders	NOU-C(number=pl)	donder	
braken	VRB(finiteness=fin,tense=past)	breken	
Met	ADP(type=pre)	met	
vuur	NOU-C(number=sg)	vuur	
en	CONJ(type=coor)	en	
vlammen	NOU-C(number=pl)	vlam	
uit	ADP(type=pre)	uit	
metalen	AA(degree=pos,position=prenom)	metalen	
keel	NOU-C(number=sg)	keel	
en	CONJ(type=coor)	en	
kaken	NOU-C(number=pl)	kaak	
:	PC	:	
De	PD(type=d-p,subtype=art,position=prenom)	de	
grondvest	NOU-C(number=sg)	grondvest	
schokte	VRB(finiteness=fin,tense=past)	schokken	
van	ADP(type=pre)	van	
den	PD(type=d-p,subtype=art,position=prenom)	de	
weerklank.	NOU-C(number=sg)	wederklank	
't	PD(type=pers,position=free)	het	
Was	VRB(finiteness=fin,tense=past)	zijn	
de	PD(type=d-p,subtype=art,position=prenom)	de	
schal	NOU-C(number=sg)	schal	
Der	PD(type=d-p,subtype=art,position=prenom)	de	
feestvreugd	NOU-C(number=sg)	feestvreugde	
,	PC	,	
losgeploft	VRB(finiteness=pastpart)	losploffen	
met	ADP(type=pre)	met	
ijzerzwaar	AA(degree=pos,position=prenom)	ijzerzwaar	
geknal	NOU-C(number=sg)	geknal	
.	PC	.	



Wat	PD(type=w-p,position=prenom)	wat	
schrikkelijk	AA(degree=pos,position=prenom)	schrikkelijk	
geknars	NOU-C(number=sg)	geknars	
,	PC	,	
geratel	NOU-C(number=sg)	geratel	
en	CONJ(type=coor)	en	
gekraak	NOU-C(number=sg)	gekraak	
Van	ADP(type=pre)	van	
hortend	AA(degree=pos,position=prenom)	hortend	
ijs	NOU-C(number=sg)	ijs	
op	ADP(type=pre)	op	
ijs	NOU-C(number=sg)	ijs	
,	PC	,	
verdooft	VRB(finiteness=fin,tense=pres)	verdoven	
gehoor	NOU-C(number=sg)	gehoor	
en	CONJ(type=coor)	en	
spraak	NOU-C(number=sg)	spraak	
!	PC	!	



Dat	PD(type=d-p,position=free)	dat	
is	VRB(finiteness=fin,tense=pres)	zijn	
goed	AA(degree=pos,position=free)	goed	
als	CONJ(type=sub)	als	
men	PD(type=pers,position=free)	men	
oud	AA(degree=pos,position=free)	oud	
en	CONJ(type=coor)	en	
af	ADV(type=reg)	af	
is	VRB(finiteness=fin,tense=pres)	zijn	
,	PC	,	



Die	PD(type=d-p,subtype=oth,position=prenom)	die	
worp	NOU-C(number=sg)	worp	
die	PD(type=d-p,subtype=oth,position=prenom)	die	
stoot	VRB(finiteness=fin,tense=pres)	stoten	
geldt	VRB(finiteness=fin,tense=pres)	gelden	
niet	ADV(type=reg)	niet	
.	PC	.	
Ja	ADV(type=reg)	ja	
,	PC	,	
hij	PD(type=pers,position=free)	hij	
geldt	VRB(finiteness=fin,tense=pres)	gelden	
wel	ADV(type=reg)	wel	
.	PC	.	
Als	CONJ(type=sub)	als	
een	NUM(type=card,position=free,representation=let)	een	
der	PD(type=d-p,subtype=art,position=prenom)	de	
steenen	NOU-C(number=pl)	steen	
(	PC	(	
bij	ADP(type=pre)	bij	
van	ADP(type=pre)	van	
de	PD(type=d-p,subtype=art,position=prenom)	de	
tafel	NOU-C(number=sg)	tafel	
valt	VRB(finiteness=fin,tense=pres)	vallen	
,	PC	,	
dan	ADV(type=reg)	dan	
geldt	VRB(finiteness=fin,tense=pres)	gelden	
het	PD(type=pers,position=free)	het	
(	PC	(	
de	PD(type=d-p,subtype=art,position=prenom)	de	
worp			
)	PC	)	
niet	ADV(type=reg)	niet	
.	PC	.	



Eeuwen	NOU-C(number=pl)	eeuw	
en	CONJ(type=coor)	en	
eeuwen	NOU-C(number=pl)	eeuw	
lang	AA(degree=pos,position=free)	lang	
hadden	VRB(finiteness=fin,tense=past)	hebben	
de	PD(type=d-p,subtype=art,position=prenom)	de	
stralen	NOU-C(number=pl)	straal	
dierzelfde	PD(type=d-p,subtype=oth,position=prenom)+PD(type=d-p,subtype=oth,position=prenom)	die+zelfde	
zon	NOU-C(number=sg)	zon	
diezelfde	PD(type=d-p,subtype=oth,position=prenom)	diezelfde	
hellingen	NOU-C(number=pl)	helling	
dus	ADV(type=reg)	dus	
beschenen	VRB(finiteness=pastpart)	beschijnen	
en	CONJ(type=coor)	en	
waren	VRB(finiteness=fin,tense=past)	zijn	
gelijke	AA(degree=pos,position=prenom)	gelijk	
geuren	NOU-C(number=pl)	geur	
omhoog	ADV(type=reg)	omhoog	
gestegen	VRB(finiteness=pastpart)	stijgen	
,	PC	,	



De	PD(type=d-p,subtype=art,position=prenom)	de	
vesting	NOU-C(number=sg)	vesting	
werd	VRB(finiteness=fin,tense=past)	worden	
ontmanteld	VRB(finiteness=pastpart)	ontmantelen	
,	PC	,	
de	PD(type=d-p,subtype=art,position=prenom)	de	
wallen	NOU-C(number=pl)	wal	
met	ADP(type=pre)	met	
den	PD(type=d-p,subtype=art,position=prenom)	de	
grond	NOU-C(number=sg)	grond	
gelijk	AA(degree=pos,position=free)	gelijk	
gemaakt	VRB(finiteness=pastpart)	maken	
.	PC	.	



Er	ADV(type=reg)	er	
is	VRB(finiteness=fin,tense=pres)	zijn	
eene	PD(type=indef,subtype=art,position=prenom)	een	
uitwendige	AA(degree=pos,position=prenom)	uitwendig	
beschaving	NOU-C(number=sg)	beschaving	
en	CONJ(type=coor)	en	
eene	PD(type=indef,subtype=art,position=prenom)	een	
algemeene	AA(degree=pos,position=prenom)	algemeen	
kleeding	NOU-C(number=sg)	kleding	
,	PC	,	
welke	PD(type=w-p,position=free)	welk	
oppervlakkig	AA(degree=pos,position=free)	oppervlakkig	
alle	PD(type=indef,subtype=oth,position=prenom)	al	
standen	NOU-C(number=pl)	stand	
gelijk	VRB(finiteness=fin,tense=pres)	gelijkscheren	mw_126881
scheert	VRB(finiteness=fin,tense=pres)	gelijkscheren	mw_126881
,	PC	,	



—	PC	—	
”	PC	”	
Wat	PD(type=w-p,position=free)	wat	
mot	VRB(finiteness=fin,tense=pres)	moeten	
er	ADV(type=reg)	er	
bij	ADP(type=pre)	bij	
de	PD(type=d-p,subtype=art,position=prenom)	de	
koffie	NOU-C(number=sg)	koffie	
zijn	VRB(finiteness=inf)	zijn	
?”	PC	?”	
”	PC	”	
Bij	ADP(type=pre)	bij	
de	PD(type=d-p,subtype=art,position=prenom)	de	
koffie	NOU-C(number=sg)	koffie	
?	PC	?	
…	PC	…	
Gemarineerde	AA(degree=pos,position=prenom)	gemarineerd	
haringen	NOU-C(number=pl)	haring	
”,	PC	”,	



Eene	PD(type=indef,subtype=art,position=prenom)	een	
gemeenzaamheid	NOU-C(number=sg)	gemeenzaamheid	
,	PC	,	
die	PD(type=d-p,position=free)	die	
eigenlijk	AA(degree=pos,position=free)	eigenlijk	
onbestaanbaar	AA(degree=pos,position=free)	onbestaanbaar	
was	VRB(finiteness=fin,tense=past)	zijn	
met	ADP(type=pre)	met	
diens	PD(type=d-p,position=free)	die	
hoogen	AA(degree=pos,position=prenom)	hoog	
rang	NOU-C(number=sg)	rang	
,	PC	,	



Gemeenzaamheid	NOU-C(number=sg)	gemeenzaamheid	
met	ADP(type=pre)	met	
ondeugende	AA(degree=pos,position=prenom)	ondeugend	
menschen	NOU-C(number=pl)	mens	
baart	VRB(finiteness=fin,tense=pres)	baren	
langzamerhand	ADV(type=reg)	langzamerhand	
gemeenzaamheid	NOU-C(number=sg)	gemeenzaamheid	
met	ADP(type=pre)	met	
de	PD(type=d-p,subtype=art,position=prenom)	de	
ondeugd	NOU-C(number=sg)	ondeugd	
zelve	PD(type=d-p,position=postnom)	zelf	
,	PC	,	



Wanneer	CONJ(type=sub)	wanneer	
anderen	PD(type=indef,position=free)	ander	
in	ADP(type=pre)	in	
een	PD(type=indef,subtype=art,position=prenom)	een	
vrolijk	AA(degree=pos,position=prenom)	vrolijk	
gezelschap	NOU-C(number=sg)	gezelschap	
hunnen	PD(type=poss,position=prenom)	hun	
tijd	NOU-C(number=sg)	tijd	
genoegelijk	AA(degree=pos,position=free)	genoeglijk	
gaan	VRB(finiteness=fin,tense=pres)	gaan	
slijten	VRB(finiteness=inf)	slijten	
,	PC	,	



—	PC	—	
Men	PD(type=pers,position=free)	men	
heeft	VRB(finiteness=fin,tense=pres)	hebben	
sedert	ADP(type=pre)	sedert	
eenigen	PD(type=indef,subtype=oth,position=prenom)	enig	
tijd	NOU-C(number=sg)	tijd	
,	PC	,	
by	ADP(type=pre)	bij	
de	PD(type=d-p,subtype=art,position=prenom)	de	
Aardrijkbeschrijvers	NOU-C(number=pl)	aardrijkbeschrijver	
of	CONJ(type=coor)	of	
Geografen	NOU-C(number=pl)	geograaf	
vooral	ADV(type=reg)	vooral	
,	PC	,	
wonderlijk	AA(degree=pos,position=free)	wonderlijk	
met	ADP(type=pre)	met	
de	PD(type=d-p,subtype=art,position=prenom)	de	
bergketenen	NOU-C(number=pl)	bergketen	
omgesprongen	VRB(finiteness=pastpart)	omspringen	
,	PC	,	



Terwijl	CONJ(type=sub)	terwijl	
hij	PD(type=pers,position=free)	hij	
…	PC	…	
zijn	PD(type=poss,position=prenom)	zijn	
pet	NOU-C(number=sg)	pet	
naast	ADP(type=pre)	naast	
zich	PD(type=refl,position=free)	zich	
op	ADP(type=pre)	op	
den	PD(type=d-p,subtype=art,position=prenom)	de	
grond	NOU-C(number=sg)	grond	
smijt	VRB(finiteness=fin,tense=pres)	smijten	
en	CONJ(type=coor)	en	
…	PC	…	
zijn	PD(type=poss,position=prenom)	zijn	
wollen	AA(degree=pos,position=prenom)	wollen	
bouffante	NOU-C(number=sg)	bouffante	
afdoet	VRB(finiteness=fin,tense=pres)	afdoen	
,	PC	,	



Dat	CONJ(type=sub)	dat	
de	PD(type=d-p,subtype=art,position=prenom)	de	
omvang	NOU-C(number=sg)	omvang	
eener	PD(type=indef,subtype=art,position=prenom)	een	
geretrancheerde	AA(degree=pos,position=prenom)	geretrancheerd	
stelling	NOU-C(number=sg)	stelling	
in	ADP(type=pre)	in	
Groot-Atjeh	NOU-P	Groot-Atjeh	
eene	PD(type=indef,subtype=art,position=prenom)	een	
ganschelijk	ADV(type=reg)	ganselijk	
onverschillige	AA(degree=pos,position=prenom)	onverschillig	
zaak	NOU-C(number=sg)	zaak	
is	VRB(finiteness=fin,tense=pres)	zijn	
.	PC	.	
Op	ADP(type=pre)	op	
zichzelf	PD(type=refl,position=free)	zichzelf	
beschouwd	VRB(finiteness=pastpart)	beschouwen	
heeft	VRB(finiteness=fin,tense=pres)	hebben	
het	PD(type=d-p,subtype=art,position=prenom)	het	
stuk	NOU-C(number=sg)	stuk	
gronds	NOU-C(number=sg)	grond	
,	PC	,	
dat	PD(type=d-p,position=free)	dat	
wij	PD(type=pers,position=free)	wij	
daar	ADV(type=reg)	daar	
innemen	VRB(finiteness=fin,tense=pres)	innemen	
,	PC	,	
niet	ADV(type=reg)	niet	
de	PD(type=d-p,subtype=art,position=prenom)	de	
minste	AA(degree=sup,position=prenom)	min	
waarde	NOU-C(number=sg)	waarde	
,	PC	,	



Melchizedek	NOU-P	Melchizedek	
…,	PC	…,	
van	ADP(type=pre)	van	
wien	PD(type=w-p,position=free)	wie	
de	PD(type=d-p,subtype=art,position=prenom)	de	
talmudische	AA(degree=pos,position=prenom)	Talmoedisch	
overlevering	NOU-C(number=sg)	overlevering	
…	PC	…	
leerde	VRB(finiteness=fin,tense=past)	leren	
,	PC	,	
dat	CONJ(type=sub)	dat	
hij	PD(type=pers,position=free)	hij	
vader	NOU-C(number=sg)	vader	
,	PC	,	
moeder	NOU-C(number=sg)	moeder	
noch	CONJ(type=coor)	noch	
geslachtsregister	NOU-C(number=sg)	geslachtsregister	
had	VRB(finiteness=fin,tense=past)	hebben	
,	PC	,	



Alles	PD(type=indef,position=free)	alles	
wat	PD(type=w-p,position=free)	wat	
binnen	ADV(type=reg)	binnen	
in	ADP(type=pre)	in	
ons	PD(type=pers,position=free)	wij	
omgaat	VRB(finiteness=fin,tense=pres)	omgaan	
…	PC	…	
openbaart	VRB(finiteness=fin,tense=pres)	openbaren	
zich	PD(type=refl,position=free)	zich	
terstond	ADV(type=reg)	terstond	
in	ADP(type=pre)	in	
het	PD(type=d-p,subtype=art,position=prenom)	het	
oog	NOU-C(number=sg)	oog	
,	PC	,	
als	CONJ(type=sub)	als	
in	ADP(type=pre)	in	
een	PD(type=indef,subtype=art,position=prenom)	een	
getrouwen	AA(degree=pos,position=prenom)	getrouw	
spiegel	NOU-C(number=sg)	spiegel	
,	PC	,	



Wanneer	CONJ(type=sub)	wanneer	
ik	PD(type=pers,position=free)	ik	
in	ADP(type=pre)	in	
het	PD(type=d-p,subtype=art,position=prenom)	het	
eenzaam	AA(degree=pos,position=prenom)	eenzaam	
uur	NOU-C(number=sg)	uur	
Op	ADP(type=pre)	op	
't	PD(type=d-p,subtype=art,position=prenom)	het	
lotgezwaai	NOU-C(number=sg)	lotgezwaai	
der	PD(type=d-p,subtype=art,position=prenom)	de	
wereld	NOU-C(number=sg)	wereld	
peins	VRB(finiteness=fin,tense=pres)	peinzen	
,	PC	,	
Waar	ADV(type=reg)	waar	
vaak	ADV(type=reg)	vaak	
het	PD(type=d-p,subtype=art,position=prenom)	het	
zoet	NOU-C(number=sg)	zoet	
zich	PD(type=refl,position=free)	zich	
mengt	VRB(finiteness=fin,tense=pres)	mengen	
met	ADP(type=pre)	met	
zuur	NOU-C(number=sg)	zuur	
,	PC	,	
En	CONJ(type=coor)	en	
't	PD(type=d-p,subtype=art,position=prenom)	het	
waar	NOU-C(number=sg)	waar	
verstikt	VRB(finiteness=fin,tense=pres)	verstikken	
in	ADP(type=pre)	in	
valsch	AA(degree=pos,position=prenom)	vals	
geveins	NOU-C(number=sg)	geveins	
,	PC	,	
Dan	ADV(type=reg)	dan	



't	PD(type=pers,position=free)	het	
Is	VRB(finiteness=fin,tense=pres)	zijn	
een	PD(type=indef,subtype=art,position=prenom)	een	
brompot	NOU-C(number=sg)	brompot	
:	PC	:	
nooit	ADV(type=reg)	nooit	
geeft	VRB(finiteness=fin,tense=pres)	geven	
hij	PD(type=pers,position=free)	hij	
iemand	PD(type=indef,position=free)	iemand	
een	PD(type=indef,subtype=art,position=prenom)	een	
goed	AA(degree=pos,position=prenom)	goed	
woord	NOU-C(number=sg)	woord	
.	PC	.	



Hij	PD(type=pers,position=free)	hij	
gelijkt	VRB(finiteness=fin,tense=pres)	lijken	
sprekend	AA(degree=pos,position=free)	spreken	
op	ADP(type=pre)	op	
zijn	PD(type=poss,position=prenom)	zijn	
vader	NOU-C(number=sg)	vader	
,	PC	,	
zijn	PD(type=poss,position=prenom)	zijn	
neus	NOU-C(number=sg)	neus	
alleen	AA(degree=pos,position=free)	alleen	
is	VRB(finiteness=fin,tense=pres)	zijn	
anders	ADV(type=reg)	anders	
gevormd	VRB(finiteness=pastpart)	vormen	
.	PC	.	



De	PD(type=d-p,subtype=art,position=prenom)	de	
vrije	AA(degree=pos,position=prenom)	vrij	
geest	NOU-C(number=sg)	geest	
(	PC	(	
brak	VRB(finiteness=fin,tense=past)	breken	
)	PC	)	
zijn	PD(type=poss,position=prenom)	zijn	
aangeklonken	AA(degree=pos,position=prenom)	aangeklonken	
kluister	NOU-C(number=sg)	kluister	
,	PC	,	



Aan	ADP(type=pre)	aan	
zulke	PD(type=d-p,subtype=oth,position=prenom)	zulk	
aardsche	AA(degree=pos,position=prenom)	aards	
beslommeringen	NOU-C(number=pl)	beslommering	
kon	VRB(finiteness=fin,tense=past)	kunnen	
zijn	PD(type=poss,position=prenom)	zijn	
verheven	AA(degree=pos,position=prenom)	verheven	
geest	NOU-C(number=sg)	geest	
geene	PD(type=indef,subtype=oth,position=prenom)	geen	
aandacht	NOU-C(number=sg)	aandacht	
schenken	VRB(finiteness=inf)	schenken	
:	PC	:	
hij	PD(type=pers,position=free)	hij	
verkeerde	VRB(finiteness=fin,tense=past)	verkeren	
in	ADP(type=pre)	in	
hoogere	AA(degree=comp,position=prenom)	hoog	
gewesten	NOU-C(number=pl)	gewest	
.	PC	.	
Op	ADP(type=pre)	op	
straat	NOU-C(number=sg)	straat	
groet	VRB(finiteness=fin,tense=pres)	groeten	
hij	PD(type=pers,position=free)	hij	
niemand	PD(type=indef,position=free)	niemand	
,	PC	,	
hij	PD(type=pers,position=free)	hij	
is	VRB(finiteness=fin,tense=pres)	zijn	
altijd	ADV(type=reg)	altijd	
in	ADP(type=pre)	in	
hoogere	AA(degree=comp,position=prenom)	hoog	
gewesten	NOU-C(number=pl)	gewest	
.	PC	.	



De	PD(type=d-p,subtype=art,position=prenom)	de	
Koning	NOU-C(number=sg)	koning	
deed	VRB(finiteness=fin,tense=past)	doen	
dit	PD(type=d-p,position=free)	dit	
aan	ADP(type=pre)	aan	
zijnen	PD(type=poss,position=prenom)	zijn	
gewezen	AA(degree=pos,position=prenom)	gewezen	
Vizir	NOU-C(number=sg)	vizier	
berigten	VRB(finiteness=inf)	berichten	
,	PC	,	



Het	PD(type=d-p,subtype=art,position=prenom)	het	
gewiegel	NOU-C(number=sg)	gewiegel	
van	ADP(type=pre)	van	
een	PD(type=indef,subtype=art,position=prenom)	een	
roeibootje	NOU-C(number=sg)	roeibootje	
op	ADP(type=pre)	op	
het	PD(type=d-p,subtype=art,position=prenom)	het	
water	NOU-C(number=sg)	water	
,	PC	,	
van	ADP(type=pre)	van	
een	PD(type=indef,subtype=art,position=prenom)	een	
zeeschip	NOU-C(number=sg)	zeeschip	
dat	PD(type=d-p,position=free)	dat	
op	ADP(type=pre)	op	
stroom	NOU-C(number=sg)	stroom	
ligt	VRB(finiteness=fin,tense=pres)	liggen	
.	PC	.	



Ik	PD(type=pers,position=free)	ik	
geloof	VRB(finiteness=fin,tense=pres)	geloven	
dus	ADV(type=reg)	dus	
,	PC	,	
dat	CONJ(type=sub)	dat	
men	PD(type=pers,position=free)	men	
de	PD(type=d-p,subtype=art,position=prenom)	de	
gewone	AA(degree=pos,position=prenom)	gewoon	
lezing	NOU-C(number=sg)	lezing	
van	ADP(type=pre)	van	
den	PD(type=d-p,subtype=art,position=prenom)	de	
tekst	NOU-C(number=sg)	tekst	
moet	VRB(finiteness=fin,tense=pres)	moeten	
blijven	VRB(finiteness=inf)	blijven	
behouden	VRB(finiteness=inf)	behouden	
,	PC	,	



Sinds	ADV(type=reg)	sinds	
bracht	VRB(finiteness=fin,tense=past)	medebrengen	mw_272499
de	PD(type=d-p,subtype=art,position=prenom)	de	
mensch	NOU-C(number=sg)	mens	
de	PD(type=d-p,subtype=art,position=prenom)	de	
droevige	AA(degree=pos,position=prenom)	droevig	
gezindheid	NOU-C(number=sg)	gezindheid	
Reeds	ADV(type=reg)	reeds	
met	ADP(type=pre)	met	
het	PD(type=d-p,subtype=art,position=prenom)	het	
aanzijn	NOU-C(number=sg)	aanzijn	
meê	VRB(finiteness=fin,tense=past)	medebrengen	mw_272499
tot	ADP(type=pre)	tot	
zonde	NOU-C(number=sg)	zonde	
,	PC	,	
tot	ADP(type=pre)	tot	
verblindheid	NOU-C(number=sg)	verblindheid	
.	PC	.	



In	ADP(type=pre)	in	
beide	PD(type=indef,subtype=oth,position=prenom)	beide	
opzichten	NOU-C(number=pl)	opzicht	
hebt	VRB(finiteness=fin,tense=pres)	hebben	
gij	PD(type=pers,position=free)	gij	
nog	ADV(type=reg)	nog	
de	PD(type=d-p,subtype=art,position=prenom)	de	
oude	AA(degree=pos,position=prenom)	oud	
,	PC	,	
gezonde	AA(degree=pos,position=prenom)	gezond	
overleveringen	NOU-C(number=pl)	overlevering	
behouden	VRB(finiteness=pastpart)	behouden	
,	PC	,	
die	PD(type=d-p,position=free)	die	
de	PD(type=d-p,subtype=art,position=prenom)	de	
Dagbladschrijvers	NOU-C(number=pl)	dagbladschrijver	
aan	ADP(type=pre)	aan	
de	PD(type=d-p,subtype=art,position=prenom)	de	
eene	NUM(type=card,position=prenom,representation=let)	een	
zijde	NOU-C(number=sg)	zijde	
,	PC	,	
en	CONJ(type=coor)	en	
de	PD(type=d-p,subtype=art,position=prenom)	de	
Schoolmeesters	NOU-C(number=pl)	schoolmeester	
aan	ADP(type=pre)	aan	
de	PD(type=d-p,subtype=art,position=prenom)	de	
andere	NUM(type=ord,position=prenom,representation=let)	ander	
mooi	AA(degree=pos,position=free)	mooi	
op	ADP(type=pre)	op	
weg	NOU-C(number=sg)	weg	
zijn	VRB(finiteness=fin,tense=pres)	zijn	
te	ADP(type=pre)	te	
vernietigen	VRB(finiteness=inf)	vernietigen	
,	PC	,	



Zij	VRB(finiteness=fin,tense=pres)	zijn	
schoonheid	NOU-C(number=sg)	schoonheid	
steeds	ADV(type=reg)	steeds	
het	PD(type=d-p,subtype=art,position=prenom)	het	
doel	NOU-C(number=sg)	doel	
van	ADP(type=pre)	van	
wat	PD(type=w-p,position=free)	wat	
gij	PD(type=pers,position=free)	gij	
moogt	VRB(finiteness=fin,tense=pres)	mogen	
bedrijven	VRB(finiteness=inf)	bedrijven	
,	PC	,	
En	CONJ(type=coor)	en	
laat	VRB(finiteness=fin,tense=pres)	laten	
natuur	NOU-C(number=sg)	natuur	
altijd	ADV(type=reg)	altijd	
uw	PD(type=poss,position=prenom)	uw	
gids	NOU-C(number=sg)	gids	
,	PC	,	
uw	PD(type=poss,position=prenom)	uw	
leidsvrouw	NOU-C(number=sg)	leidsvrouw	
blijven	VRB(finiteness=inf)	blijven	
.	PC	.	



Waar	ADV(type=reg)	waar	
hij	PD(type=pers,position=free)	hij	
door	ADP(type=pre)	door	
de	PD(type=d-p,subtype=art,position=prenom)	de	
mildadige	AA(degree=pos,position=prenom)	mildadig	
giften	NOU-C(number=pl)	gift	
van	ADP(type=pre)	van	
eenige	PD(type=indef,subtype=oth,position=prenom)	enig	
inwoners	NOU-C(number=pl)	inwoner	
het	PD(type=d-p,subtype=art,position=prenom)	het	
leven	NOU-C(number=sg)	leven	
onderhield	VRB(finiteness=fin,tense=past)	onderhouden	
,	PC	,	



De	PD(type=d-p,subtype=art,position=prenom)	de	
eens	ADV(type=reg)	eens	
zoo	ADV(type=reg)	zo	
heldere	AA(degree=pos,position=prenom)	helder	
oogen	NOU-C(number=pl)	oog	
stonden	VRB(finiteness=fin,tense=past)	staan	
dof	AA(degree=pos,position=free)	dof	
en	CONJ(type=coor)	en	
glazig	AA(degree=pos,position=free)	glazig	
,	PC	,	



Die	PD(type=d-p,subtype=oth,position=prenom)	die	
groep	NOU-C(number=sg)	groep	
van	ADP(type=pre)	van	
schitterend	AA(degree=pos,position=free)	schitterend	
uitgedoste	AA(degree=pos,position=prenom)	uitgedost	
veldheeren	NOU-C(number=pl)	veldheer	
,	PC	,	
wier	PD(type=w-p,position=free)	wie	
wapenen	NOU-C(number=pl)	wapen	
en	CONJ(type=coor)	en	
paardentuigen	NOU-C(number=pl)	paardentuig	
glinsterden	VRB(finiteness=fin,tense=past)	glinsteren	
van	ADP(type=pre)	van	
goud	NOU-C(number=sg)	goud	
en	CONJ(type=coor)	en	
edelgesteenten	NOU-C(number=pl)	edelgesteente	
,	PC	,	



Goddelijke	AA(degree=pos,position=prenom)	goddelijk	
gift	NOU-C(number=sg)	gift	
,	PC	,	
met	ADP(type=pre)	met	
de	PD(type=d-p,subtype=art,position=prenom)	de	
ademtocht	NOU-C(number=sg)	ademtocht	
van	ADP(type=pre)	van	
't	PD(type=d-p,subtype=art,position=prenom)	het	
leven	NOU-C(number=sg)	leven	
,	PC	,	
Aan	ADP(type=pre)	aan	
't	PD(type=d-p,subtype=art,position=prenom)	het	
schepsel	NOU-C(number=sg)	schepsel	
ingestort	VRB(finiteness=pastpart)	instorten	
(	PC	(	
van	ADP(type=pre)	van	
de	PD(type=d-p,subtype=art,position=prenom)	de	
taal	NOU-C(number=sg)	taal	
),	PC	),	



In	ADP(type=pre)	in	
zijn	PD(type=poss,position=prenom)	zijn	
goeden	AA(degree=pos,position=prenom)	goed	
tijd	NOU-C(number=sg)	tijd	
was	VRB(finiteness=fin,tense=past)	zijn	
die	PD(type=d-p,subtype=oth,position=prenom)	die	
geleerde	NOU-C(number=sg)	geleerde	
zeer	AA(degree=pos,position=free)	zeer	
beroemd	AA(degree=pos,position=free)	beroemd	
.	PC	.	



De	PD(type=d-p,subtype=art,position=prenom)	de	
vreemde	NOU-C(number=sg)	vreemde	
trad	VRB(finiteness=fin,tense=past)	treden	
naar	ADP(type=pre)	naar	
't	PD(type=d-p,subtype=art,position=prenom)	het	
ledekant	NOU-C(number=sg)	ledikant	
,	PC	,	
En	CONJ(type=coor)	en	
greep	VRB(finiteness=fin,tense=past)	grijpen	
des	PD(type=d-p,subtype=art,position=prenom)	de	
Graven	NOU-C(number=sg)	graf	
koude	AA(degree=pos,position=prenom)	koud	
hand	NOU-C(number=sg)	hand	
.	PC	.	



Wij	PD(type=pers,position=free)	wij	
…	PC	…	
begonnen	VRB(finiteness=fin,tense=past)	beginnen	
met	ADP(type=pre)	met	
graagte	NOU-C(number=sg)	graagte	
de	PD(type=d-p,subtype=art,position=prenom)	de	
smakelijke	AA(degree=pos,position=prenom)	smakelijk	
voortbrenselen	NOU-C(number=pl)	voortbrengsel	
van	ADP(type=pre)	van	
Gooiland	NOU-P	Gooiland	
te	ADP(type=pre)	te	
betwisten	VRB(finiteness=inf)	betwisten	
aan	ADP(type=pre)	aan	
de	PD(type=d-p,subtype=art,position=prenom)	de	
vliegen	NOU-C(number=pl)	vlieg	
,	PC	,	



'k	PD(type=pers,position=free)	ik	
Voorspel	VRB(finiteness=fin,tense=pres)	voorspellen	
dat	CONJ(type=sub)	dat	
uit	ADP(type=pre)	uit	
dien	PD(type=d-p,subtype=oth,position=prenom)	die	
knaap	NOU-C(number=sg)	knaap	
een	PD(type=indef,subtype=art,position=prenom)	een	
braaf	AA(degree=pos,position=prenom)	braaf	
,	PC	,	
fatsoenlijk	AA(degree=pos,position=prenom)	fatsoenlijk	
man	NOU-C(number=sg)	man	
Zal	VRB(finiteness=fin,tense=pres)	zullen	
groeien	VRB(finiteness=inf)	groeien	
,	PC	,	
een	NUM(type=card,position=free,representation=let)	een	
die	PD(type=d-p,position=free)	die	
juist	AA(degree=pos,position=free)	juist	
zijn	PD(type=poss,position=prenom)	zijn	
voordeel	NOU-C(number=sg)	voordeel	
vatten	VRB(finiteness=inf)	vatten	
kan	VRB(finiteness=fin,tense=pres)	kunnen	
,	PC	,	
Maar	CONJ(type=coor)	maar	
nooit	ADV(type=reg)	nooit	
zijn	PD(type=poss,position=prenom)	zijn	
goeden	AA(degree=pos,position=prenom)	goed	
naam	NOU-C(number=sg)	naam	
te	ADP(type=pre)	te	
grabbelen	VRB(finiteness=inf)	grabbelen	
zal	VRB(finiteness=fin,tense=pres)	zullen	
gooien	VRB(finiteness=inf)	gooien	
.	PC	.	



Zij	PD(type=pers,position=free)	zij	
is	VRB(finiteness=fin,tense=pres)	zijn	
de	PD(type=d-p,subtype=art,position=prenom)	de	
levensvonk	NOU-C(number=sg)	levensvonk	
,	PC	,	
die	PD(type=d-p,position=free)	die	
eerst	ADV(type=reg)	eerst	
in	ADP(type=pre)	in	
't	PD(type=d-p,subtype=art,position=prenom)	het	
graf	NOU-C(number=sg)	graf	
zich	PD(type=refl,position=free)	zich	
bluscht	VRB(finiteness=fin,tense=pres)	blussen	
,	PC	,	



Delft	NOU-P	Delft	
praalt	VRB(finiteness=fin,tense=pres)	pralen	
thans	ADV(type=reg)	thans	
met	ADP(type=pre)	met	
zijn	PD(type=poss,position=prenom)	zijn	
graf	NOU-C(number=sg)	graf	
…	PC	…	
en	CONJ(type=coor)	en	
booze	AA(degree=pos,position=prenom)	boos	
tongen	NOU-C(number=pl)	tong	
fluisteren	VRB(finiteness=fin,tense=pres)	fluisteren	
:	PC	:	
Heel	AA(degree=pos,position=prenom)	heel	
Delft	NOU-P	Delft	
is	VRB(finiteness=fin,tense=pres)	zijn	
zelf	PD(type=d-p,position=free)	zelf	
een	PD(type=indef,subtype=art,position=prenom)	een	
graf	NOU-C(number=sg)	graf	
.	PC	.	



De	PD(type=d-p,subtype=art,position=prenom)	de	
ellend	NOU-C(number=sg)	ellende	
,	PC	,	
die	PD(type=d-p,position=free)	die	
't	PD(type=d-p,subtype=art,position=prenom)	het	
deel	NOU-C(number=sg)	deel	
moet	VRB(finiteness=fin,tense=pres)	moeten	
wezen	VRB(finiteness=inf)	wezen	
Dier	PD(type=d-p,subtype=oth,position=prenom)	die	
zielen	NOU-C(number=pl)	ziel	
ginds	ADV(type=reg)	ginds	
,	PC	,	
beklemt	VRB(finiteness=fin,tense=pres)	beklemmen	
mij	PD(type=pers,position=free)	ik	
't	PD(type=d-p,subtype=art,position=prenom)	het	
hart	NOU-C(number=sg)	hart	
en	CONJ(type=coor)	en	
dwingt	VRB(finiteness=fin,tense=pres)	afdwingen	mw_581780
Die	PD(type=d-p,subtype=oth,position=prenom)	die	
deernis	NOU-C(number=sg)	deernis	
me	PD(type=pers,position=free)	ik	
af	VRB(finiteness=fin,tense=pres)	afdwingen	mw_581780
,	PC	,	



Hij	PD(type=pers,position=free)	hij	
ziet	VRB(finiteness=fin,tense=pres)	zien	
,	PC	,	
hoe	ADV(type=reg)	hoe	
om	ADP(type=pre)	om	
zich	PD(type=refl,position=free)	zich	
heen	ADV(type=reg)	heen	
spil	NOU-C(number=sg,WF=trunc)+NOU-C(number=sg)	spilzucht+hebzucht	mw_230015
-	PC	-	
en	CONJ(type=coor)	en	
hebzucht	NOU-C(number=sg,WF=trunc)+NOU-C(number=sg)	spilzucht+hebzucht	mw_230015
grasduinen	VRB(finiteness=fin,tense=pres)	grasduinen	
,	PC	,	
maar	CONJ(type=coor)	maar	
zijn	PD(type=poss,position=prenom)	zijn	
geweten	NOU-C(number=sg)	geweten	
biedt	VRB(finiteness=fin,tense=pres)	bieden	
wederstand	NOU-C(number=sg)	wederstand	
aan	ADP(type=pre)	aan	
de	PD(type=d-p,subtype=art,position=prenom)	de	
verleiding	NOU-C(number=sg)	verleiding	
,	PC	,	



hoe	ADV(type=reg)	hoe	
,	PC	,	
aan	ADP(type=pre)	aan	
den	PD(type=d-p,subtype=art,position=prenom)	de	
grens	NOU-C(number=sg)	grens	
van	ADP(type=pre)	van	
't	PD(type=d-p,subtype=art,position=prenom)	het	
leven	NOU-C(number=sg)	leven	
,	PC	,	
…	PC	…	
In	ADP(type=pre)	in	
zonneglans	NOU-C(number=sg)	zonneglans	
nog	ADV(type=reg)	nog	
't	PD(type=d-p,subtype=art,position=prenom)	het	
kruis	NOU-C(number=sg)	kruis	
van	ADP(type=pre)	van	
Christus	NOU-P	Christus	
blinkt	VRB(finiteness=fin,tense=pres)	blinken	
.	PC	.	



Geen	PD(type=indef,subtype=oth,position=prenom)	geen	
omzigtig	AA(degree=pos,position=prenom)	omzichtig	
Veldheer	NOU-C(number=sg)	veldheer	
zou	VRB(finiteness=fin,tense=past)	zullen	
anders	ADV(type=reg)	anders	
dan	CONJ(type=coor)	dan	
met	ADP(type=pre)	met	
behoedzaamheid	NOU-C(number=sg)	behoedzaamheid	
onze	PD(type=poss,position=prenom)	ons	
grenzen	NOU-C(number=pl)	grens	
naderen	VRB(finiteness=inf)	naderen	
,	PC	,	
noch	CONJ(type=coor)	noch	
aantasten	VRB(finiteness=inf)	aantasten	
,	PC	,	
veelmin	ADV(type=reg)	veelmin	
overtrekken	VRB(finiteness=inf)	overtrekken	
,	PC	,	



Toen	CONJ(type=sub)	toen	
Reinout	NOU-P	Reinout	
zich	PD(type=refl,position=free)	zich	
's	PD(type=d-p,subtype=art,position=prenom)	de	
nachts	NOU-C(number=sg)	nacht	
ontkleedde	VRB(finiteness=fin,tense=past)	ontkleden	
,	PC	,	
zag	VRB(finiteness=fin,tense=past)	zien	
Barbanera	NOU-P	Barbanera	
,	PC	,	
dat	CONJ(type=sub)	dat	
hij	PD(type=pers,position=free)	hij	
het	PD(type=d-p,subtype=art,position=prenom)	het	
teeken	NOU-C(number=sg)	teken	
miste	VRB(finiteness=fin,tense=past)	missen	
,	PC	,	
hetwelk	PD(type=w-p,position=free)	hetwelk	
Bianca	NOU-P	Bianca	
…	PC	…	
haren	PD(type=poss,position=prenom)	haar	
zoon	NOU-C(number=sg)	zoon	
op	ADP(type=pre)	op	
de	PD(type=d-p,subtype=art,position=prenom)	de	
borst	NOU-C(number=sg)	borst	
gegrift	VRB(finiteness=pastpart)	griffen	
had	VRB(finiteness=fin,tense=past)	hebben	
,	PC	,	



De	PD(type=d-p,subtype=art,position=prenom)	de	
booze	AA(degree=pos,position=prenom)	boos	
pijniger	NOU-C(number=sg)	pijniger	
…	PC	…	
bleef	VRB(finiteness=fin,tense=past)	blijven	
met	ADP(type=pre)	met	
eenen	PD(type=indef,subtype=art,position=prenom)	een	
grijnslach	NOU-C(number=sg)	grijnslach	
op	ADP(type=pre)	op	
haar	PD(type=pers,position=free)	zij	
staan	VRB(finiteness=inf)	staan	
zien	VRB(finiteness=inf)	zien	
,	PC	,	



Nu	ADV(type=reg)	nu	
word	VRB(finiteness=fin,tense=pres)	worden	
ik	PD(type=pers,position=free)	ik	
oud	AA(degree=pos,position=free)	oud	
;	PC	;	
reeds	ADV(type=reg)	reeds	
grijs	VRB(finiteness=fin,tense=pres)	grijzen	
ik	PD(type=pers,position=free)	ik	
hier	ADV(type=reg)	hier	
en	CONJ(type=coor)	en	
daar	ADV(type=reg)	daar	
,	PC	,	



—	PC	—	
De	PD(type=d-p,subtype=art,position=prenom)	de	
zeug	NOU-C(number=sg)	zeug	
,	PC	,	
door	ADP(type=pre)	door	
heel	AA(degree=pos,position=free)	heel	
hare	PD(type=poss,position=prenom)	haar	
…	PC	…	
biggetjesschaar	NOU-C(number=sg)	biggetjesschaar	
omringd	VRB(finiteness=pastpart)	omringen	
,	PC	,	
kwam	VRB(finiteness=fin,tense=past)	komen	
gemeenzaam	AA(degree=pos,position=free)	gemeenzaam	
grollend	VRB(finiteness=prespart)	grollen	
naar	ADP(type=pre)	naar	
Reine	NOU-P	Reine	
,	PC	,	



H.	PD(type=poss,position=prenom,WF=abbr)	haar	
K.	AA(degree=pos,position=prenom,WF=abbr)	koninklijk	
H.	NOU-C(number=sg,WF=abbr)	hoogheid	
Sophia	NOU-P	Sophie	
,	PC	,	
Prinses	NOU-C(number=sg)	prinses	
der	PD(type=d-p,subtype=art,position=prenom)	de	
Nederlanden	NOU-P	Nederland	
,	PC	,	
Groothertogin	NOU-C(number=sg)	groothertogin	
van	ADP(type=pre)	van	
Saksen-Weimar-Eisenach	NOU-P	Saksen-Weimar-Eisenach	
.	PC	.	



Gij	PD(type=pers,position=free)	gij	
zult	VRB(finiteness=fin,tense=pres)	zullen	
eerst	ADV(type=reg)	eerst	
recht	AA(degree=pos,position=free)	recht	
zijne	PD(type=poss,position=prenom)	zijn	
grootmoedigheid	NOU-C(number=sg)	grootmoedigheid	
bevatten	VRB(finiteness=inf)	bevatten	
,	PC	,	
als	CONJ(type=sub)	als	
ik	PD(type=pers,position=free)	ik	
u	PD(type=pers,position=free)	u	
zeg	VRB(finiteness=fin,tense=pres)	zeggen	
,	PC	,	
dat	CONJ(type=sub)	dat	
hij	PD(type=pers,position=free)	hij	
mij	PD(type=pers,position=free)	ik	
toen	ADV(type=reg)	toen	
reeds	ADV(type=reg)	reeds	
beminde	VRB(finiteness=fin,tense=past)	beminnen	
met	ADP(type=pre)	met	
eene	PD(type=indef,subtype=art,position=prenom)	een	
liefde	NOU-C(number=sg)	liefde	
,	PC	,	
even	AA(degree=pos,position=free)	even	
sterk	AA(degree=pos,position=free)	sterk	
als	CONJ(type=sub)	als	
hopeloos	AA(degree=pos,position=free)	hopeloos	
,	PC	,	



Het	PD(type=d-p,subtype=art,position=prenom)	het	
kind	NOU-C(number=sg)	kind	
was	VRB(finiteness=fin,tense=past)	zijn	
te	ADV(type=reg)	te	
grootsch	AA(degree=pos,position=free)	groots	
om	ADP(type=pre)	om	
excuus	NOU-C(number=sg)	excuus	
te	ADP(type=pre)	te	
willen	VRB(finiteness=inf)	willen	
vragen	VRB(finiteness=inf)	vragen	
.	PC	.	



Daar	CONJ(type=sub)	daar	
het	PD(type=d-p,subtype=art,position=prenom)	het	
gure	AA(degree=pos,position=prenom)	guur	
najaar	NOU-C(number=sg)	najaar	
gromt	VRB(finiteness=fin,tense=pres)	grommen	
Vallen	VRB(finiteness=fin,tense=pres)	vallen	
bloem	NOU-C(number=sg)	bloem	
en	CONJ(type=coor)	en	
bladen	NOU-C(number=pl)	blad	
,	PC	,	



Meidoorn	NOU-C(number=sg)	meidoorn	
,	PC	,	
Haagdoorn	NOU-C(number=sg)	haagdoorn	
,	PC	,	
…	PC	…	
vruchten	NOU-C(number=pl)	vrucht	
jopen	NOU-C(number=pl)	joop	
of	CONJ(type=coor)	of	
jeupen	NOU-C(number=pl)	joop	
(	PC	(	
Gron	NOU-P(WF=abbr)	Groningen	
.)	PC	.)	
of	CONJ(type=coor)	of	
,	PC	,	
volgens	ADP(type=pre)	volgens	
De	NOU-P	De Gorter	mw_435615
Gorter	NOU-P	De Gorter	mw_435615
haagappels	NOU-C(number=pl)	haagappel	
en	CONJ(type=coor)	en	
spinnekoorns	NOU-C(number=pl)	spinnekoren	
geheeten	AA(degree=pos,position=free)	geheten	
,	PC	,	



Ja	ADV(type=reg)	ja	
!	PC	!	
ja	ADV(type=reg)	ja	
!	PC	!	
ik	PD(type=pers,position=free)	ik	
kom	VRB(finiteness=fin,tense=pres)	komen	
,	PC	,	
ik	PD(type=pers,position=free)	ik	
kom	VRB(finiteness=fin,tense=pres)	komen	
,	PC	,	
is	VRB(finiteness=fin,tense=pres)	zijn	
't	PD(type=pers,position=free)	het	
al	ADV(type=reg)	al	
dag	NOU-C(number=sg)	dag	
?	PC	?	
…	PC	…	
Maar	CONJ(type=coor)	maar	
komaan	INT	komaan	
,	PC	,	
met	ADP(type=pre)	met	
drie	NUM(type=card,position=prenom,representation=let)	drie	
haasten	NOU-C(number=pl)	haast	
kom	VRB(finiteness=fin,tense=pres)	komen	
ik	PD(type=pers,position=free)	ik	
er	ADV(type=pron)	eruit	mw_350714
uit	ADV(type=pron)	eruit	mw_350714
,	PC	,	



De	PD(type=d-p,subtype=art,position=prenom)	de	
gaffelzeilen	NOU-C(number=pl)	gaffelzeil	
worden	VRB(finiteness=fin,tense=pres)	worden	
aan	ADP(type=pre)	aan	
de	PD(type=d-p,subtype=art,position=prenom)	de	
gaffels	NOU-C(number=pl)	gaffel	
aangeslagen	VRB(finiteness=pastpart)	aanslaan	
,	PC	,	
met	ADP(type=pre)	met	
halzen	NOU-C(number=pl)	hals	
naar	ADP(type=pre)	naar	
beneden	ADV(type=reg)	beneden	
en	CONJ(type=coor)	en	
met	ADP(type=pre)	met	
schoten	NOU-C(number=pl)	schoot	
naar	ADP(type=pre)	naar	
achteren	ADV(type=reg)	achteren	
uitgehaald	VRB(finiteness=pastpart)	uithalen	
,	PC	,	



't	PD(type=pers,position=free)	het	
Is	VRB(finiteness=fin,tense=pres)	zijn	
dollemanswerk	NOU-C(number=sg)	dollemanswerk	
…	PC	…	
en	CONJ(type=coor)	en	
ik	PD(type=pers,position=free)	ik	
ben	VRB(finiteness=fin,tense=pres)	zijn	
van	ADP(type=pre)	van	
oordeel	NOU-C(number=sg)	oordeel	
,	PC	,	
dat	CONJ(type=sub)	dat	
't	PD(type=pers,position=free)	het	
den	PD(type=d-p,subtype=art,position=prenom)	de	
aanleggers	NOU-C(number=pl)	aanlegger	
den	PD(type=d-p,subtype=art,position=prenom)	de	
hals	NOU-C(number=sg)	hals	
zal	VRB(finiteness=fin,tense=pres)	zullen	
kosten	VRB(finiteness=inf)	kosten	
,	PC	,	



Het	PD(type=d-p,subtype=art,position=prenom)	het	
peerd	NOU-C(number=sg)	paard	
dat	PD(type=d-p,position=free)	dat	
op	ADP(type=pre)	op	
de	PD(type=d-p,subtype=art,position=prenom)	de	
handzijde	NOU-C(number=sg)	handzijde	
gaat	VRB(finiteness=fin,tense=pres)	gaan	
,	PC	,	
wordt	VRB(finiteness=fin,tense=pres)	worden	
het	PD(type=d-p,subtype=art,position=prenom)	het	
handpeerd	NOU-C(number=sg)	handpaard	
genaamd	AA(degree=pos,position=free)	genaamd	
,	PC	,	
omdat	CONJ(type=sub)	omdat	
de	PD(type=d-p,subtype=art,position=prenom)	de	
menner	NOU-C(number=sg)	menner	
dit	PD(type=d-p,position=free)	dit	
met	ADP(type=pre)	met	
de	PD(type=d-p,subtype=art,position=prenom)	de	
loenie	NOU-C(number=sg)	loenje	
bestiert	VRB(finiteness=fin,tense=pres)	bestieren	
en	CONJ(type=coor)	en	
beweugt	VRB(finiteness=fin,tense=pres)	bewegen	
,	PC	,	
terwijl	CONJ(type=sub)	terwijl	



Terwijl	CONJ(type=sub)	terwijl	
Artevelde	NOU-P	Artevelde	
den	PD(type=d-p,subtype=art,position=prenom)	de	
Overste	NOU-C(number=sg)	overste	
met	ADP(type=pre)	met	
eenen	PD(type=indef,subtype=art,position=prenom)	een	
gulhartigen	AA(degree=pos,position=prenom)	gulhartig	
handdruk	NOU-C(number=sg)	handdruk	
verliet	VRB(finiteness=fin,tense=past)	verlaten	
,	PC	,	



Gun	VRB(finiteness=fin,tense=pres)	gunnen	
ons	PD(type=pers,position=free)	wij	
dees	PD(type=d-p,subtype=oth,position=prenom)	deze	
dag	NOU-C(number=sg)	dag	
…	PC	…	
Tot	ADP(type=pre)	tot	
Uwen	PD(type=poss,position=prenom)	uw	
lof	NOU-C(number=sg)	lof	
te	ADP(type=pre)	te	
hand'len	VRB(finiteness=inf)	handelen	
,	PC	,	



Dat	CONJ(type=sub)	dat	
de	PD(type=d-p,subtype=art,position=prenom)	de	
uiteinden	NOU-C(number=pl)	uiteinde	
van	ADP(type=pre)	van	
de	PD(type=d-p,subtype=art,position=prenom)	de	
dissels	NOU-C(number=pl)	dissel	
met	ADP(type=pre)	met	
een	PD(type=indef,subtype=art,position=prenom)	een	
ronden	AA(degree=pos,position=prenom)	rond	
weerhaak	NOU-C(number=sg)	weerhaak	
gemaakt	VRB(finiteness=pastpart)	maken	
zijn	VRB(finiteness=fin,tense=pres)	zijn	
…	PC	…	
om	ADP(type=pre)	om	
er	ADV(type=pron)	erom	mw_23149
de	PD(type=d-p,subtype=art,position=prenom)	de	
oogen	NOU-C(number=pl)	oog	
van	ADP(type=pre)	van	
schouderband	NOU-C(number=sg)	schouderband	
of	CONJ(type=coor)	of	
riem	NOU-C(number=sg)	riem	
,	PC	,	
of	CONJ(type=coor)	of	
handzeel	NOU-C(number=sg)	handzeel	
om	ADV(type=pron)	erom	mw_23149
te	ADP(type=pre)	te	
slaan	VRB(finiteness=inf)	slaan	
,	PC	,	



Schrijv'het	VRB(finiteness=fin,tense=pres)+PD(type=pers,position=free)	schrijven+het	
met	ADP(type=pre)	met	
'	PC	'	
en	CONJ(type=coor)	en	
zwarte	AA(degree=pos,position=prenom)	zwart	
kole	NOU-C(number=sg)	kool	
,	PC	,	
bachten	ADP(type=pre)	bachten	
den	PD(type=d-p,subtype=art,position=prenom)	de	
hangele	NOU-C(number=sg)	hangel	
,	PC	,	



—	PC	—	
't	PD(type=pers,position=free)	het	
Is	VRB(finiteness=fin,tense=pres)	zijn	
een	PD(type=indef,subtype=art,position=prenom)	een	
flink	AA(degree=pos,position=prenom)	flink	
kind.	NOU-C(number=sg)	kind	
…	PC	…	
't	PD(type=pers,position=free)	het	
Heeft	VRB(finiteness=fin,tense=pres)	hebben	
van	ADP(type=pre)	van	
die	PD(type=d-p,subtype=oth,position=prenom)	die	
dikke	AA(degree=pos,position=prenom)	dik	
,	PC	,	
ronde	AA(degree=pos,position=prenom)	rond	
knieën	NOU-C(number=pl)	knie	
,	PC	,	
zoo	ADV(type=reg)	zo	
hard	AA(degree=pos,position=free)	hard	
als	CONJ(type=sub)	als	
'n	PD(type=indef,subtype=art,position=prenom)	een	
spijker	NOU-C(number=sg)	spijker	
,	PC	,	



Verstand	NOU-C(number=sg)	verstand	
en	CONJ(type=coor)	en	
rede	NOU-C(number=sg)	rede	
,	PC	,	
gevoel	NOU-C(number=sg)	gevoel	
en	CONJ(type=coor)	en	
wil	NOU-C(number=sg)	wil	
,	PC	,	
alles	PD(type=indef,position=free)	alles	
moet	VRB(finiteness=fin,tense=pres)	moeten	
harmonisch	AA(degree=pos,position=free)	harmonisch	
zijn	VRB(finiteness=inf)	zijn	
,	PC	,	
alles	PD(type=indef,position=free)	alles	
zamenstemmen	VRB(finiteness=inf)	samenstemmen	
,	PC	,	



harteklop	NOU-C(number=sg)	hartenklop	
voor	ADP(type=pre)	voor	
klop	NOU-C(number=sg)	klop	
Haalde	VRB(finiteness=fin,tense=past)	ophalen	mw_21431
ik	PD(type=pers,position=free)	ik	
het	PD(type=d-p,subtype=art,position=prenom)	het	
aarzlend	AA(degree=pos,position=prenom)	aarzelend	
leven	NOU-C(number=sg)	leven	
op	VRB(finiteness=fin,tense=past)	ophalen	mw_21431
,	PC	,	
En	CONJ(type=coor)	en	
pols	NOU-C(number=sg)	pols	
voor	ADP(type=pre)	voor	
polsslag	NOU-C(number=sg)	polsslag	
,	PC	,	
—	PC	—	
doodsbenauwd	AA(degree=pos,position=free)	doodsbenauwd	
.	PC	.	



Menig	PD(type=indef,position=free)	menig	
vraagt	VRB(finiteness=fin,tense=pres)	vragen	
en	CONJ(type=coor)	en	
speelt	VRB(finiteness=fin,tense=pres)	spelen	
in	ADP(type=pre)	in	
harten	NOU-C(number=pl)	harten	
Maar	CONJ(type=coor)	maar	
koopt	VRB(finiteness=fin,tense=pres)	inkopen	mw_747878
niets	PD(type=indef,position=free)	niets	
dan	CONJ(type=coor)	dan	
schoppen	NOU-C(number=sg)	schoppen	
in	VRB(finiteness=fin,tense=pres)	inkopen	mw_747878



Ik	PD(type=pers,position=free)	ik	
kan	VRB(finiteness=fin,tense=pres)	kunnen	
het	PD(type=pers,position=free)	het	
op	ADP(type=pre)	op	
dit	PD(type=d-p,subtype=oth,position=prenom)	dit	
oogenblik	NOU-C(number=sg)	ogenblik	
niet	ADV(type=reg)	niet	
nazien	VRB(finiteness=inf)	nazien	
;	PC	;	
mijn	PD(type=poss,position=prenom)	mijn	
neef	NOU-C(number=sg)	neef	
heeft	VRB(finiteness=fin,tense=pres)	hebben	
mij	PD(type=pers,position=free)	ik	
het	PD(type=d-p,subtype=art,position=prenom)	het	
boek	NOU-C(number=sg)	boek	
afgeleend	VRB(finiteness=pastpart)	aflenen	
.	PC	.	
Hij	PD(type=pers,position=free)	hij	
heeft	VRB(finiteness=fin,tense=pres)	hebben	
mij	PD(type=pers,position=free)	ik	
zoveel	PD(type=indef,subtype=oth,position=prenom)	zoveel	
geld	NOU-C(number=sg)	geld	
afgeleend	VRB(finiteness=pastpart)	aflenen	
,	PC	,	
dat	CONJ(type=sub)	dat	
ik	PD(type=pers,position=free)	ik	
zelf	PD(type=d-p,position=free)	zelf	
bijna	ADV(type=reg)	bijna	
verlegen	AA(degree=pos,position=free)	verlegen	
zit	VRB(finiteness=fin,tense=pres)	zitten	
.	PC	.	



Die	PD(type=d-p,subtype=oth,position=prenom)	die	
zonderlinge	AA(degree=pos,position=prenom)	zonderling	
verplaatsing	NOU-C(number=sg)	verplaatsing	
van	ADP(type=pre)	van	
het	PD(type=d-p,subtype=art,position=prenom)	het	
zintuig	NOU-C(number=sg)	zintuig	
des	PD(type=d-p,subtype=art,position=prenom)	het	
gezigts	NOU-C(number=sg)	gezicht	
bepaaldelijk	ADV(type=reg)	bepaaldelijk	
naar	ADP(type=pre)	naar	
den	PD(type=d-p,subtype=art,position=prenom)	de	
hartkuil	NOU-C(number=sg)	hartkuil	
,	PC	,	



Hij	PD(type=pers,position=free)	hij	
zendt	VRB(finiteness=fin,tense=pres)	zenden	
maar	ADV(type=reg)	maar	
eenen	PD(type=indef,subtype=art,position=prenom)	een	
brief	NOU-C(number=sg)	brief	
,	PC	,	
als	CONJ(type=sub)	als	
hij	PD(type=pers,position=free)	hij	
iets	PD(type=indef,position=free)	iets	
bepaalds	NOU-C(number=sg)	bepaalde	
mede	VRB(finiteness=inf)	mededelen	mw_540388
te	ADP(type=pre)	te	
deelen	VRB(finiteness=inf)	mededelen	mw_540388
heeft	VRB(finiteness=fin,tense=pres)	hebben	
,	PC	,	



Die	PD(type=d-p,subtype=oth,position=prenom)	die	
banden	NOU-C(number=pl)	band	
,	PC	,	
die	PD(type=d-p,position=free)	die	
Nederland	NOU-P	Nederland	
hechten	VRB(finiteness=fin,tense=pres)	hechten	
aan	ADP(type=pre)	aan	
het	PD(type=d-p,subtype=art,position=prenom)	het	
Huis	NOU-C(number=sg)	huis	
van	ADP(type=pre)	van	
Oranje	NOU-P	Oranje	
,	PC	,	



Als	CONJ(type=sub)	als	
gij	PD(type=pers,position=free)	gij	
iets	PD(type=indef,position=free)	iets	
,	PC	,	
waarop	ADV(type=pron)	waarop	
uw	PD(type=poss,position=prenom)	uw	
hart	NOU-C(number=sg)	hart	
gezet	VRB(finiteness=pastpart)	zetten	
is	VRB(finiteness=fin,tense=pres)	zijn	
…	PC	…	
bejaagt	VRB(finiteness=fin,tense=pres)	bejagen	
,	PC	,	
zult	VRB(finiteness=fin,tense=pres)	zullen	
gij	PD(type=pers,position=free)	gij	
…	PC	…	
over	ADP(type=pre)	over	
alle	PD(type=indef,subtype=oth,position=prenom)	al	
beletselen	NOU-C(number=pl)	beletsel	
henen	VRB(finiteness=inf)	heenstappen	mw_625979
stappen	VRB(finiteness=inf)	heenstappen	mw_625979
,	PC	,	



Als	CONJ(type=sub)	als	
haar	PD(type=poss,position=prenom)	haar	
…	PC	…	
kind	NOU-C(number=sg)	kind	
met	ADP(type=pre)	met	
heeren	NOU-C(number=pl)	heer	
spreekt	VRB(finiteness=fin,tense=pres)	spreken	
,	PC	,	
Voelt	VRB(finiteness=fin,tense=pres)	voelen	
ze	PD(type=pers,position=free)	zij	
aan	ADP(type=pre)	aan	
haar	PD(type=poss,position=prenom)	haar	
hart	NOU-C(number=sg)	hart	
of	CONJ(type=sub)	of	
't	PD(type=d-p,subtype=art,position=prenom)	het	
meisje	NOU-C(number=sg)	meisje	
bloost	VRB(finiteness=fin,tense=pres)	blozen	
of	CONJ(type=coor)	of	
bleekt	VRB(finiteness=fin,tense=pres)	bleken	
,	PC	,	



Klimming	NOU-C(number=sg)	klimming	
…	PC	…	
en	CONJ(type=coor)	en	
daling	NOU-C(number=sg)	daling	
…	PC	…	
wordt	VRB(finiteness=fin,tense=pres)	worden	
in	ADP(type=pre)	in	
het	PD(type=d-p,subtype=art,position=prenom)	het	
algemeen	NOU-C(number=sg)	algemeen	
helling	NOU-C(number=sg)	helling	
genoemd	VRB(finiteness=pastpart)	noemen	
,	PC	,	



Doch	CONJ(type=coor)	doch	
niets	PD(type=indef,position=free)	niets	
kon	VRB(finiteness=fin,tense=past)	kunnen	
helpen	VRB(finiteness=inf)	helpen	
.	PC	.	
Iphigenie	NOU-P	Iphigeneia	
werd	VRB(finiteness=fin,tense=past)	worden	
ten	ADP(type=pre)+PD(type=d-p,subtype=art,position=prenom)	te+de	
dood	NOU-C(number=sg)	dood	
veroordeeld	VRB(finiteness=pastpart)	veroordelen	
,	PC	,	



Tot	ADP(type=pre)	tot	
de	PD(type=d-p,subtype=art,position=prenom)	de	
ontboeide	AA(degree=pos,position=prenom)	ontboeid	
ziel	NOU-C(number=sg)	ziel	
…	PC	…	
Het	PD(type=d-p,subtype=art,position=prenom)	het	
hemelsch	AA(degree=pos,position=prenom)	hemels	
”	PC	”	
Welkom	NOU-C(number=sg)	welkom	
!”	PC	!”	
hooren	VRB(finiteness=inf)	horen	
mogt	VRB(finiteness=fin,tense=past)	mogen	
,	PC	,	



Als	CONJ(type=sub)	als	
het	PD(type=pers,position=free)	het	
lang	AA(degree=pos,position=free)	lang	
duurt	VRB(finiteness=fin,tense=pres)	duren	
,	PC	,	
dat	CONJ(type=sub)	dat	
ik	PD(type=pers,position=free)	ik	
in	ADP(type=pre)	in	
deze	PD(type=d-p,subtype=oth,position=prenom)	deze	
onzekerheid	NOU-C(number=sg)	onzekerheid	
leef	VRB(finiteness=fin,tense=pres)	leven	
,	PC	,	
dan	ADV(type=reg)	dan	
zal	VRB(finiteness=fin,tense=pres)	zullen	
het	PD(type=pers,position=free)	het	
mij	PD(type=pers,position=free)	ik	
in	ADP(type=pre)	in	
de	PD(type=d-p,subtype=art,position=prenom)	de	
hersens	NOU-C(number=pl)	hersenen	
slaan	VRB(finiteness=inf)	slaan	
,	PC	,	



't	PD(type=pers,position=free)	het	
Is	VRB(finiteness=fin,tense=pres)	zijn	
hun	PD(type=pers,position=free)	zij	
geoorloofd	AA(degree=pos,position=free)	geoorloofd	
op	ADP(type=pre)	op	
een	PD(type=indef,subtype=art,position=prenom)	een	
behoorlijk	AA(degree=pos,position=prenom)	behoorlijk	
uur	NOU-C(number=sg)	uur	
eene	PD(type=indef,subtype=art,position=prenom)	een	
stijve	AA(degree=pos,position=prenom)	stijf	
visite	NOU-C(number=sg)	visite	
bij	ADP(type=pre)	bij	
de	PD(type=d-p,subtype=art,position=prenom)	de	
familie	NOU-C(number=sg)	familie	
te	ADP(type=pre)	te	
komen	VRB(finiteness=inf)	komen	
afleggen	VRB(finiteness=inf)	afleggen	
,	PC	,	



Zijne	PD(type=poss,position=prenom)	zijn	
hersens	NOU-C(number=pl)	hersenen	
zijn	VRB(finiteness=fin,tense=pres)	zijn	
vlot	AA(degree=pos,position=free)	vlot	
(	PC	(	
hetzelfde	PD(type=d-p,position=free)	hetzelfde	
als	CONJ(type=sub)	als	
op	ADP(type=pre)	op	
hol	NOU-C(number=sg)	hol	
),	PC	),	



't	PD(type=pers,position=free)	het	
(	PC	(	
Is	VRB(finiteness=fin,tense=pres)	zijn	
)	PC	)	
of	CONJ(type=sub)	of	
mijn	PD(type=poss,position=prenom)	mijn	
hersenkas	NOU-C(number=sg)	hersenkas	
Gedachten	NOU-C(number=pl)	gedachte	
overstelpen	VRB(finiteness=fin,tense=pres)	overstelpen	
,	PC	,	



Toen	CONJ(type=sub)	toen	
de	PD(type=d-p,subtype=art,position=prenom)	de	
speculatie	NOU-C(number=sg)	speculatie	
de	PD(type=d-p,subtype=art,position=prenom)	de	
bosschen	NOU-C(number=pl)	bos	
in	ADP(type=pre)	in	
zaailand	NOU-C(number=sg)	zaailand	
begon	VRB(finiteness=fin,tense=past)	beginnen	
te	ADP(type=pre)	te	
hervormen	VRB(finiteness=inf)	hervormen	
,	PC	,	



En	CONJ(type=coor)	en	
't	PD(type=pers,position=free)	het	
bobbelt	VRB(finiteness=fin,tense=pres)	bobbelen	
en	CONJ(type=coor)	en	
kookt	VRB(finiteness=fin,tense=pres)	koken	
en	CONJ(type=coor)	en	
het	PD(type=pers,position=free)	het	
bruist	VRB(finiteness=fin,tense=pres)	bruisen	
en	CONJ(type=coor)	en	
het	PD(type=pers,position=free)	het	
sist	VRB(finiteness=fin,tense=pres)	sissen	
,	PC	,	



Men	PD(type=pers,position=free)	men	
weet	VRB(finiteness=fin,tense=pres)	weten	
…	PC	…	
haast	ADV(type=reg)	haast	
niet	ADV(type=reg)	niet	
meer	ADV(type=reg)	meer	
of	CONJ(type=sub)	of	
iets	PD(type=indef,position=free)	iets	
heusch	AA(degree=pos,position=free)	heus	
of	CONJ(type=coor)	of	
nagemaakt	VRB(finiteness=pastpart)	namaken	
is	VRB(finiteness=fin,tense=pres)	zijn	
,	PC	,	



Die	PD(type=d-p,position=free)	die	
van	ADP(type=pre)	van	
hierboven	ADV(type=pron)	hierboven	
zal	VRB(finiteness=fin,tense=pres)	zullen	
dat	PD(type=d-p,position=free)	dat	
wel	ADV(type=reg)	wel	
goedmaken	VRB(finiteness=inf)	goedmaken	



Medea	NOU-P	Medea	
,	PC	,	
een	PD(type=indef,subtype=art,position=prenom)	een	
stuk	NOU-C(number=sg)	stuk	
…	PC	…	
voor	ADP(type=pre)	voor	
Rachel	NOU-P	Rachel	
gedicht	VRB(finiteness=pastpart)	dichten	
,	PC	,	
en	CONJ(type=coor)	en	
waarvan	ADV(type=pron)	waarvan	
hare	PD(type=poss,position=prenom)	haar	
weigering	NOU-C(number=sg)	weigering	
om	ADP(type=pre)	om	
…	PC	…	
de	PD(type=d-p,subtype=art,position=prenom)	de	
hoofdrol	NOU-C(number=sg)	hoofdrol	
te	ADP(type=pre)	te	
vervullen	VRB(finiteness=inf)	vervullen	
…	PC	…	
tot	ADP(type=pre)	tot	
een	PD(type=indef,subtype=art,position=prenom)	een	
proces	NOU-C(number=sg)	proces	
aanleiding	NOU-C(number=sg)	aanleiding	
heeft	VRB(finiteness=fin,tense=pres)	hebben	
gegeven	VRB(finiteness=pastpart)	geven	
,	PC	,	



Ooglappen	NOU-C(number=pl)	ooglap	
,	PC	,	
die	PD(type=d-p,position=free)	die	
…	PC	…	
in	ADP(type=pre)	in	
oude	AA(degree=pos,position=prenom)	oud	
hoofdstellen	NOU-C(number=pl)	hoofdstel	
den	PD(type=d-p,subtype=art,position=prenom)	de	
oogappel	NOU-C(number=sg)	oogappel	
schuren	VRB(finiteness=fin,tense=pres)	schuren	
,	PC	,	



Om	ADP(type=pre)	om	
zich	PD(type=refl,position=free)	zich	
eene	PD(type=indef,subtype=art,position=prenom)	een	
houding	NOU-C(number=sg)	houding	
te	ADP(type=pre)	te	
geven	VRB(finiteness=inf)	geven	
,	PC	,	
vatte	VRB(finiteness=fin,tense=past)	vatten	
zij	PD(type=pers,position=free)	zij	
werktuigelijk	AA(degree=pos,position=free)	werktuigelijk	
eenen	PD(type=indef,subtype=art,position=prenom)	een	
tip	NOU-C(number=sg)	tip	
van	ADP(type=pre)	van	
haren	PD(type=poss,position=prenom)	haar	
voorschoot	NOU-C(number=sg)	voorschoot	
en	CONJ(type=coor)	en	
begon	VRB(finiteness=fin,tense=past)	beginnen	
dien	PD(type=d-p,position=free)	die	
om	ADP(type=pre)	om	
haren	PD(type=poss,position=prenom)	haar	
vinger	NOU-C(number=sg)	vinger	
te	ADP(type=pre)	te	
winden	VRB(finiteness=inf)	winden	
,	PC	,	



Zij	PD(type=pers,position=free)	zij	
moet	VRB(finiteness=fin,tense=pres)	moeten	
of	CONJ(type=coor)	of	
den	PD(type=d-p,subtype=art,position=prenom)	de	
vader	NOU-C(number=sg)	vader	
van	ADP(type=pre)	van	
den	PD(type=d-p,subtype=art,position=prenom)	de	
logen	NOU-C(number=sg)	leugen	
in	ADP(type=pre)	in	
de	PD(type=d-p,subtype=art,position=prenom)	de	
kunst	NOU-C(number=sg)	kunst	
van	ADP(type=pre)	van	
huichelen	NOU-C(number=sg)	huichelen	
hebben	VRB(finiteness=inf)	hebben	
overtroffen	VRB(finiteness=pastpart)	overtreffen	
,	PC	,	
of	CONJ(type=coor)	of	
zij	PD(type=pers,position=free)	zij	
moet	VRB(finiteness=fin,tense=pres)	moeten	
onschuldig	AA(degree=pos,position=free)	onschuldig	
zijn	VRB(finiteness=inf)	zijn	
,	PC	,	



'	PC	'	
En	PD(type=indef,subtype=art,position=prenom)	een	
oud	AA(degree=pos,position=prenom)	oud	
manneken	NOU-C(number=sg)	mannetje	
dat	PD(type=d-p,position=free)	dat	
de	PD(type=d-p,subtype=art,position=prenom)	de	
pijn	NOU-C(number=sg)	pijn	
van	ADP(type=pre)	van	
brandwonden	NOU-C(number=pl)	brandwond	
kan	VRB(finiteness=fin,tense=pres)	kunnen	
aflezen	VRB(finiteness=inf)	aflezen	
,	PC	,	



En	CONJ(type=coor)	en	
zuinigheid	NOU-C(number=sg)	zuinigheid	
houdt	VRB(finiteness=fin,tense=pres)	huishouden	mw_462802
huis	VRB(finiteness=fin,tense=pres)	huishouden	mw_462802
,	PC	,	
naar	ADP(type=pre)	naar	
Hollands	NOU-P	Holland	
oude	AA(degree=pos,position=prenom)	oud	
zeden	NOU-C(number=pl)	zede	
,	PC	,	



Waar	ADV(type=reg)	waar	
en	CONJ(type=coor)	en	
wanneer	CONJ(type=sub)	wanneer	
hij	PD(type=pers,position=free)	hij	
als	CONJ(type=sub)	als	
graaf	NOU-C(number=sg)	graaf	
van	ADP(type=pre)	van	
Vlaanderen	NOU-P	Vlaanderen	
aan	ADP(type=pre)	aan	
's	PD(type=d-p,subtype=art,position=prenom)	de	
konings	NOU-C(number=sg)	koning	
vader	NOU-C(number=sg)	vader	
hulde	NOU-C(number=sg)	hulde	
had	VRB(finiteness=fin,tense=past)	hebben	
gedaan	VRB(finiteness=pastpart)	doen	
,	PC	,	



Daar	ADV(type=reg)	daar	
is	VRB(finiteness=fin,tense=pres)	zijn	
tegenwoordig	AA(degree=pos,position=free)	tegenwoordig	
zulk	PD(type=d-p,position=free)	zulk	
eene	PD(type=indef,subtype=art,position=prenom)	een	
ontzettende	AA(degree=pos,position=prenom)	ontzettend	
consumtie	NOU-C(number=sg)	consumptie	
van	ADP(type=pre)	van	
humor	NOU-C(number=sg)	humor	
,	PC	,	
…	PC	…	
dat	CONJ(type=sub)	dat	



Hij	PD(type=pers,position=free)	hij	
(	PC	(	
zag	VRB(finiteness=fin,tense=past)	zien	
)	PC	)	
zich	PD(type=refl,position=free)	zich	
genoodzaakt	VRB(finiteness=pastpart)	noodzaken	
aan	ADP(type=pre)	aan	
ieder	PD(type=indef,position=free)	ieder	
hunner	PD(type=pers,position=free)	zij	
te	ADP(type=pre)	te	
schrijven	VRB(finiteness=inf)	schrijven	
,	PC	,	



Men	PD(type=pers,position=free)	men	
weet	VRB(finiteness=fin,tense=pres)	weten	
eindelyk	ADV(type=reg)	eindelijk	
niet	ADV(type=reg)	niet	
juist	AA(degree=pos,position=free)	juist	
meer	ADV(type=reg)	meer	
waar	ADV(type=reg)	waar	
't	PD(type=d-p,subtype=art,position=prenom)	het	
lederen	AA(degree=pos,position=prenom)	lederen	
kussen	NOU-C(number=sg)	kussen	
van	ADP(type=pre)	van	
den	PD(type=d-p,subtype=art,position=prenom)	de	
wagen	NOU-C(number=sg)	wagen	
ophoudt	VRB(finiteness=fin,tense=pres)	ophouden	
,	PC	,	
en	CONJ(type=coor)	en	
waar	ADV(type=reg)	waar	
de	PD(type=d-p,subtype=art,position=prenom)	de	
ikheid	NOU-C(number=sg)	ik-heid	
aanvangt	VRB(finiteness=fin,tense=pres)	aanvangen	
,	PC	,	



Wanneer	CONJ(type=sub)	wanneer	
men	PD(type=pers,position=free)	men	
met	ADP(type=pre)	met	
hem	PD(type=pers,position=free)	hij	
in	ADP(type=pre)	in	
gesprek	NOU-C(number=sg)	gesprek	
was	VRB(finiteness=fin,tense=past)	zijn	
,	PC	,	
gevoelde	VRB(finiteness=fin,tense=past)	gevoelen	
men	PD(type=pers,position=free)	men	
dat	CONJ(type=sub)	dat	



Z'n	PD(type=poss,position=prenom)	zijn	
natuurlijke	AA(degree=pos,position=prenom)	natuurlijk	
inborst	NOU-C(number=sg)	inborst	
dreef	VRB(finiteness=fin,tense=past)	drijven	
hem	PD(type=pers,position=free)	hij	
…	PC	…	
om	ADP(type=pre)	om	
…	PC	…	
behagen	NOU-C(number=sg)	behagen	
te	ADP(type=pre)	te	
scheppen	VRB(finiteness=inf)	scheppen	
in	ADP(type=pre)	in	



Het	PD(type=pers,position=free)	het	
trof	VRB(finiteness=fin,tense=past)	treffen	
haar	PD(type=pers,position=free)	zij	
,	PC	,	
hoe	ADV(type=reg)	hoe	
zijn	PD(type=poss,position=prenom)	zijn	
vraag	NOU-C(number=sg)	vraag	
gedaan	VRB(finiteness=pastpart)	doen	
werd	VRB(finiteness=fin,tense=past)	worden	
met	ADP(type=pre)	met	
zekeren	AA(degree=pos,position=prenom)	zeker	
angst	NOU-C(number=sg)	angst	
…,	PC	…,	
alsof	CONJ(type=sub)	alsof	
hij	PD(type=pers,position=free)	hij	
inderdaad	ADV(type=reg)	inderdaad	
in	ADP(type=pre)	in	
haar	PD(type=poss,position=prenom)	haar	
welvaren	NOU-C(number=sg)	welvaren	
belang	NOU-C(number=sg)	belang	
stelde	VRB(finiteness=fin,tense=past)	stellen	
,	PC	,	



Terwijl	CONJ(type=sub)	terwijl	
gij	PD(type=pers,position=free)	gij	
den	PD(type=d-p,subtype=art,position=prenom)	de	
brief	NOU-C(number=sg)	brief	
schrijft	VRB(finiteness=fin,tense=pres)	schrijven	
,	PC	,	
zal	VRB(finiteness=fin,tense=pres)	zullen	
ik	PD(type=pers,position=free)	ik	
indien	ADV(type=reg)	indien	
mij	PD(type=refl,position=free)	mij	
reisvaardig	AA(degree=pos,position=free)	reisvaardig	
maken	VRB(finiteness=inf)	maken	
,	PC	,	



Hoeveel	PD(type=indef,position=free)	hoeveel	
…	PC	…	
heeft	VRB(finiteness=fin,tense=pres)	vooruithebben	mw_288174
toch	ADV(type=reg)	toch	
de	PD(type=d-p,subtype=art,position=prenom)	de	
stoute	AA(degree=pos,position=prenom)	stout	
indringer	NOU-C(number=sg)	indringer	
vooruit	VRB(finiteness=fin,tense=pres)	vooruithebben	mw_288174
boven	ADP(type=pre)	boven	
den	PD(type=d-p,subtype=art,position=prenom)	de	
edelmoedigen	AA(degree=pos,position=prenom)	edelmoedig	
naauwgezetten	AA(degree=pos,position=prenom)	nauwgezet	
man	NOU-C(number=sg)	man	
,	PC	,	



Loopt	VRB(finiteness=fin,tense=pres)	lopen	
,	PC	,	
draden	NOU-C(number=pl)	draad	
!	PC	!	
loopt	VRB(finiteness=fin,tense=pres)	lopen	
,	PC	,	
loopt	VRB(finiteness=fin,tense=pres)	aflopen	mw_545453
af	VRB(finiteness=fin,tense=pres)	aflopen	mw_545453
,	PC	,	
en	CONJ(type=coor)	en	
draait	VRB(finiteness=fin,tense=pres)	draaien	
de	PD(type=d-p,subtype=art,position=prenom)	de	
klos	NOU-C(number=sg)	klos	
in	ADP(type=pre)	in	
't	PD(type=d-p,subtype=art,position=prenom)	het	
spinnen	NOU-C(number=sg)	spinnen	
!	PC	!	



Toen	CONJ(type=sub)	toen	
het	PD(type=d-p,subtype=art,position=prenom)	het	
geluk	NOU-C(number=sg)	geluk	
aanvankelijk	AA(degree=pos,position=free)	aanvankelijk	
de	PD(type=d-p,subtype=art,position=prenom)	de	
opstandelingen	NOU-C(number=pl)	opstandeling	
begunstigde	VRB(finiteness=fin,tense=past)	begunstigen	
,	PC	,	
ging	VRB(finiteness=fin,tense=past)	overgaan	mw_631489
de	PD(type=d-p,subtype=art,position=prenom)	de	
belangstelling	NOU-C(number=sg)	belangstelling	
hier	ADV(type=reg)	hier	
te	ADP(type=pre)	te	
lande	NOU-C(number=sg)	land	
welhaast	ADV(type=reg)	welhaast	
in	ADP(type=pre)	in	
ingenomenheid	NOU-C(number=sg)	ingenomenheid	
,	PC	,	
bij	ADP(type=pre)	bij	
velen	PD(type=indef,position=free)	veel	
in	ADP(type=pre)	in	
geestdrift	NOU-C(number=sg)	geestdrift	
over	VRB(finiteness=fin,tense=past)	overgaan	mw_631489
,	PC	,	



De	PD(type=d-p,subtype=art,position=prenom)	de	
aarde	NOU-C(number=sg)	aarde	
is	VRB(finiteness=fin,tense=pres)	zijn	
vol	AA(degree=pos,position=free)	vol	
met	ADP(type=pre)	met	
ingevingen	NOU-C(number=pl)	ingeving	
,	PC	,	
…	PC	…	
verschijningen	NOU-C(number=pl)	verschijning	
en	CONJ(type=coor)	en	
gewaarwordingen	NOU-C(number=pl)	gewaarwording	
uit	ADP(type=pre)	uit	
het	PD(type=d-p,subtype=art,position=prenom)	het	
Geestendom	NOU-C(number=sg)	geestendom	
,	PC	,	



'k	PD(type=pers,position=free)	ik	
Heb	VRB(finiteness=fin,tense=pres)	hebben	
zijn	PD(type=poss,position=prenom)	zijn	
woord	NOU-C(number=sg)	woord	
;	PC	;	
een	PD(type=indef,subtype=art,position=prenom)	een	
woord	NOU-C(number=sg)	woord	
,	PC	,	
mijn	PD(type=poss,position=prenom)	mijn	
boezem	NOU-C(number=sg)	boezem	
ingegroefd	VRB(finiteness=pastpart)	ingroeven	
,	PC	,	



Mijn	PD(type=poss,position=prenom)	mijn	
oog	NOU-C(number=sg)	oog	
is	VRB(finiteness=fin,tense=pres)	zijn	
niet	ADV(type=reg)	niet	
genoeg	ADV(type=reg)	genoeg	
geoefend	VRB(finiteness=pastpart)	oefenen	
om	ADP(type=pre)	om	
op	ADP(type=pre)	op	
zulk	PD(type=d-p,position=free)	zulk	
een	PD(type=indef,subtype=art,position=prenom)	een	
afstand	NOU-C(number=sg)	afstand	
inlanders	NOU-C(number=pl)	inlander	
van	ADP(type=pre)	van	
vreemden	NOU-C(number=pl)	vreemde	
te	ADP(type=pre)	te	
onderkennen	VRB(finiteness=inf)	onderkennen	
,	PC	,	



We	PD(type=pers,position=free)	wij	
moeten	VRB(finiteness=fin,tense=pres)	moeten	
dan	ADV(type=reg)	dan	
bekennen	VRB(finiteness=inf)	bekennen	
,	PC	,	
dat	CONJ(type=sub)	dat	
dit	PD(type=d-p,position=free)	dit	
al	PD(type=indef,position=free)	al	
eene	PD(type=indef,subtype=art,position=prenom)	een	
heel	AA(degree=pos,position=free)	heel	
misselijke	AA(degree=pos,position=prenom)	misselijk	
vergelijking	NOU-C(number=sg)	vergelijking	
is	VRB(finiteness=fin,tense=pres)	zijn	
;	PC	;	
we	PD(type=pers,position=free)	wij	
kunnen	VRB(finiteness=fin,tense=pres)	kunnen	
er	ADV(type=pron)	ertegen	mw_424805
wel	ADV(type=reg)	wel	
niet	ADV(type=reg)	niet	
veel	PD(type=indef,position=free)	veel	
tegen	ADV(type=pron)	ertegen	mw_424805
inleggen	VRB(finiteness=inf)	inleggen	
,	PC	,	
maar	CONJ(type=coor)	maar	



Terwijl	CONJ(type=sub)	terwijl	
men	PD(type=pers,position=free)	men	
,	PC	,	
voor	ADP(type=pre)	voor	
het	PD(type=d-p,subtype=art,position=prenom)	het	
inschieten	NOU-C(number=sg)	inschieten	
van	ADP(type=pre)	van	
den	PD(type=d-p,subtype=art,position=prenom)	de	
grond	NOU-C(number=sg)	grond	
deze	PD(type=d-p,subtype=oth,position=prenom)	deze	
opening	NOU-C(number=sg)	opening	
met	ADP(type=pre)	met	
een	PD(type=indef,subtype=art,position=prenom)	een	
éénsteens	NOU-C(number=sg)	eensteensmuurtje	mw_876482
muurtje	NOU-C(number=sg)	eensteensmuurtje	mw_876482
afsluit	VRB(finiteness=fin,tense=pres)	afsluiten	
,	PC	,	



Zij	PD(type=pers,position=free)	zij	
had	VRB(finiteness=fin,tense=past)	hebben	
altijd	ADV(type=reg)	altijd	
haar	PD(type=poss,position=prenom)	haar	
uiterste	AA(degree=sup,position=prenom)	uiterst	
krachten	NOU-C(number=pl)	kracht	
ingespannen	VRB(finiteness=pastpart)	inspannen	
,	PC	,	
om	ADP(type=pre)	om	
hem	PD(type=pers,position=free)	hij	
te	ADP(type=pre)	te	
blijven	VRB(finiteness=inf)	blijven	
liefhebben	VRB(finiteness=inf)	liefhebben	
en	CONJ(type=coor)	en	
te	ADP(type=pre)	te	
blijven	VRB(finiteness=inf)	blijven	
achten	VRB(finiteness=inf)	achten	
,	PC	,	



Inspectie	NOU-C(number=sg)	inspectie	
.	PC	.	
…	PC	…	
2°	ADV(type=reg,WF=abbr)	secundo	
.	PC	.	
Eene	PD(type=indef,subtype=art,position=prenom)	een	
afdeeling	NOU-C(number=sg)	afdeling	
van	ADP(type=pre)	van	
het	PD(type=d-p,subtype=art,position=prenom)	het	
leger	NOU-C(number=sg)	leger	
of	CONJ(type=coor)	of	
een	PD(type=indef,subtype=art,position=prenom)	een	
gedeelte	NOU-C(number=sg)	gedeelte	
van	ADP(type=pre)	van	
het	PD(type=d-p,subtype=art,position=prenom)	het	
materieel	NOU-C(number=sg)	materieel	
des	PD(type=d-p,subtype=art,position=prenom)	het	
legers	NOU-C(number=sg)	leger	
,	PC	,	
ook	ADV(type=reg)	ook	
een	PD(type=indef,subtype=art,position=prenom)	een	
gedeelte	NOU-C(number=sg)	gedeelte	
van	ADP(type=pre)	van	
het	PD(type=d-p,subtype=art,position=prenom)	het	
grondgebied	NOU-C(number=sg)	grondgebied	
,	PC	,	
dat	PD(type=d-p,position=free)	dat	
met	ADP(type=pre)	met	
het	PD(type=d-p,subtype=art,position=prenom)	het	
oog	NOU-C(number=sg)	oog	
op	ADP(type=pre)	op	
de	PD(type=d-p,subtype=art,position=prenom)	de	
eene	NUM(type=card,position=prenom,representation=let)	een	
of	CONJ(type=coor)	of	
andere	PD(type=indef,subtype=oth,position=prenom)	ander	
wijze	NOU-C(number=sg)	wijze	
van	ADP(type=pre)	van	
toezigt	NOU-C(number=sg)	toezicht	
ingedeeld	VRB(finiteness=pastpart)	indelen	
is	VRB(finiteness=fin,tense=pres)	zijn	
,	PC	,	



Ik	PD(type=pers,position=free)	ik	
zou	VRB(finiteness=fin,tense=past)	zullen	
u	PD(type=pers,position=free)	u	
wel	ADV(type=reg)	wel	
door	ADP(type=pre)	door	
mijn	PD(type=poss,position=prenom)	mijn	
invloed	NOU-C(number=sg)	invloed	
aan	ADP(type=pre)	aan	
dezen	PD(type=d-p,subtype=oth,position=prenom)	deze	
of	CONJ(type=coor)	of	
genen	PD(type=d-p,subtype=oth,position=prenom)	gene	
post	NOU-C(number=sg)	post	
kunnen	VRB(finiteness=inf)	kunnen	
helpen	VRB(finiteness=inf)	helpen	
;	PC	;	
maar	CONJ(type=coor)	maar	



Wat	PD(type=w-p,position=free)	wat	
heb	VRB(finiteness=fin,tense=pres)	hebben	
ik	PD(type=pers,position=free)	ik	
u	PD(type=pers,position=free)	u	
toe	VRB(finiteness=inf)	toefluisteren	mw_167801
te	ADP(type=pre)	te	
fluisteren	VRB(finiteness=inf)	toefluisteren	mw_167801
Dan	ADV(type=reg)	dan	
hoe	ADV(type=reg)	hoe	
teder	AA(degree=pos,position=free)	teder	
ik	PD(type=pers,position=free)	ik	
u	PD(type=pers,position=free)	u	
min	VRB(finiteness=fin,tense=pres)	minnen	
?	PC	?	
Wie	PD(type=w-p,position=free)	wie	
die	PD(type=d-p,subtype=oth,position=prenom)	die	
waarheid	NOU-C(number=sg)	waarheid	
af	VRB(finiteness=inf)	afluisteren	mw_608301
moog	VRB(finiteness=fin,tense=pres)	mogen	
luisteren	VRB(finiteness=inf)	afluisteren	mw_608301
,	PC	,	
O	INT	o	
!	PC	!	
daar	ADV(type=pron)	daarin	mw_942439
schuilt	VRB(finiteness=fin,tense=pres)	schuilen	
geen	PD(type=indef,subtype=oth,position=prenom)	geen	
angel	NOU-C(number=sg)	angel	
in	ADV(type=pron)	daarin	mw_942439
!	PC	!	



”	PC	”	
Och	INT	och	
,	PC	,	
ik	PD(type=pers,position=free)	ik	
vind	VRB(finiteness=fin,tense=pres)	vinden	
het	PD(type=pers,position=free)	het	
nogal	ADV(type=reg)	nogal	
vroolijk	AA(degree=pos,position=free)	vrolijk	
”,	PC	”,	
zei	VRB(finiteness=fin,tense=past)	zeggen	
ik	PD(type=pers,position=free)	ik	
bemiddelend	VRB(finiteness=prespart)	bemiddelen	
.	PC	.	
”	PC	”	
Ja	ADV(type=reg)	ja	
maar	CONJ(type=coor)	maar	
”,	PC	”,	
zei	VRB(finiteness=fin,tense=past)	zeggen	
hij	PD(type=pers,position=free)	hij	
…	PC	…	
”	PC	”	
ik	PD(type=pers,position=free)	ik	
geloof	VRB(finiteness=fin,tense=pres)	geloven	
,	PC	,	
om	ADP(type=pre)	om	
je	PD(type=pers,position=free)	jij	
de	PD(type=d-p,subtype=art,position=prenom)	de	
waarheid	NOU-C(number=sg)	waarheid	
te	ADP(type=pre)	te	
zeggen	VRB(finiteness=inf)	zeggen	
,	PC	,	
niet	ADV(type=reg)	niet	
dat	CONJ(type=sub)	dat	
je	PD(type=pers,position=free)	jij	
heel	AA(degree=pos,position=free)	heel	
muzikaal	AA(degree=pos,position=free)	muzikaal	
bent	VRB(finiteness=fin,tense=pres)	zijn	
”,	PC	”,	



Wat	PD(type=w-p,position=free)	wat	
zult	VRB(finiteness=fin,tense=pres)	zullen	
gij	PD(type=pers,position=free)	gij	
nemen	VRB(finiteness=inf)	nemen	
?	PC	?	
wilt	VRB(finiteness=fin,tense=pres)	willen	
gij	PD(type=pers,position=free)	gij	
bitter	NOU-C(number=sg)	bitter	
of	CONJ(type=coor)	of	
jenever	NOU-C(number=sg)	jenever	
?	PC	?	
Madera	NOU-C(number=sg)	madera	
?	PC	?	
—	PC	—	
Kaapwijn	NOU-C(number=sg)	kaapwijn	
?	PC	?	



Dat	CONJ(type=sub)	dat	
de	PD(type=d-p,subtype=art,position=prenom)	de	
juffrouw	NOU-C(number=sg)	juffrouw	
naast	ADP(type=pre)	naast	
de	PD(type=d-p,subtype=art,position=prenom)	de	
deur	NOU-C(number=sg)	deur	
…	PC	…	
”	PC	”	
er	ADV(type=pron)	ervan	mw_574514
akelig	AA(degree=pos,position=free)	akelig	
van	ADV(type=pron)	ervan	mw_574514
werd	VRB(finiteness=fin,tense=past)	worden	
”,	PC	”,	



Neerlands	NOU-P	Nederland	
vrijheid	NOU-C(number=sg)	vrijheid	
…	PC	…	
van	ADP(type=pre)	van	
't	PD(type=d-p,subtype=art,position=prenom)	het	
uitheemsche	AA(degree=pos,position=prenom)	uitheems	
juk	NOU-C(number=sg)	juk	
,	PC	,	
Zoo	ADV(type=reg)	zolang	mw_870078
lang	ADV(type=reg)	zolang	mw_870078
met	ADP(type=pre)	met	
smart	NOU-C(number=sg)	smart	
gedragen	VRB(finiteness=pastpart)	dragen	
,	PC	,	



Wie	PD(type=w-p,position=free)	wie	
een	PD(type=indef,subtype=art,position=prenom)	een	
ander	PD(type=indef,position=free)	ander	
fopte	VRB(finiteness=fin,tense=past)	foppen	
,	PC	,	
”	PC	”	
keek	VRB(finiteness=fin,tense=past)	kijken	
hem	PD(type=pers,position=free)	hij	
in	ADP(type=pre)	in	
de	PD(type=d-p,subtype=art,position=prenom)	de	
kaart	NOU-C(number=sg)	kaart	
”,	PC	”,	



Van	NOU-P	Van Deyssel	mw_912193
Deyssels	NOU-P	Van Deyssel	mw_912193
bekende	AA(degree=pos,position=prenom)	bekend	
brochure	NOU-C(number=sg)	brochure	
over	ADP(type=pre)	over	
Literatuur	NOU-C(number=sg)	literatuur	
,	PC	,	
waarin	ADV(type=pron)	waarin	
een	PD(type=indef,subtype=art,position=prenom)	een	
zekere	PD(type=indef,subtype=oth,position=prenom)	zeker	
heer	NOU-C(number=sg)	heer	
Netscher	NOU-P	Netscher	
wordt	VRB(finiteness=fin,tense=pres)	worden	
afgemaakt	VRB(finiteness=pastpart)	afmaken	
,	PC	,	



Hij	PD(type=pers,position=free)	hij	
(	PC	(	
had	VRB(finiteness=fin,tense=past)	hebben	
)	PC	)	
om	ADP(type=pre)	om	
prijs	NOU-C(number=sg)	prijs	
gekaart	VRB(finiteness=pastpart)	kaarten	
…	PC	…	
voor	ADP(type=pre)	voor	
een	PD(type=indef,subtype=art,position=prenom)	een	
paar	NOU-C(number=sg)	paar	
haringen	NOU-C(number=pl)	haring	
of	CONJ(type=coor)	of	
pijpen	NOU-C(number=pl)	pijp	
,	PC	,	



In	ADP(type=pre)	in	
eens	PD(type=indef,subtype=art,position=prenom)	een	
anders	PD(type=indef,subtype=oth,position=prenom)	ander	
oog	NOU-C(number=sg)	oog	
ziet	VRB(finiteness=fin,tense=pres)	zien	
hij	PD(type=pers,position=free)	hij	
een	PD(type=indef,subtype=art,position=prenom)	een	
kaf	NOU-C(number=sg)	kaf	
,	PC	,	
Maar	CONJ(type=coor)	maar	
in	ADP(type=pre)	in	
zijn	PD(type=poss,position=prenom)	zijn	
eigen	AA(degree=pos,position=prenom)	eigen	
oog	NOU-C(number=sg)	oog	
ziet	VRB(finiteness=fin,tense=pres)	zien	
hij	PD(type=pers,position=free)	hij	
geen	PD(type=indef,subtype=oth,position=prenom)	geen	
staf	NOU-C(number=sg)	staf	
,	PC	,	



Eenden	NOU-C(number=pl)	eend	
,	PC	,	
duiven	NOU-C(number=pl)	duif	
,	PC	,	
een	PD(type=indef,subtype=art,position=prenom)	een	
Hollandsche	AA(degree=pos,position=prenom)	Hollands	
koe	NOU-C(number=sg)	koe	
…,	PC	…,	
twee	NUM(type=card,position=prenom,representation=let)	twee	
geiten	NOU-C(number=pl)	geit	
en	CONJ(type=coor)	en	
een	PD(type=indef,subtype=art,position=prenom)	een	
kakatoe	NOU-C(number=sg)	kaketoe	
,	PC	,	



Het	PD(type=pers,position=free)	het	
is	VRB(finiteness=fin,tense=pres)	zijn	
moeijelijk	AA(degree=pos,position=free)	moeilijk	
,	PC	,	
om	ADP(type=pre)	om	
de	PD(type=d-p,subtype=art,position=prenom)	de	
grootte	NOU-C(number=sg)	grootte	
der	PD(type=d-p,subtype=art,position=prenom)	de	
eerste	NUM(type=ord,position=prenom,representation=let)	eerste	
vuurmonden	NOU-C(number=pl)	vuurmond	
met	ADP(type=pre)	met	
eenige	PD(type=indef,subtype=oth,position=prenom)	enig	
zekerheid	NOU-C(number=sg)	zekerheid	
op	VRB(finiteness=inf)	opgeven	mw_128718
te	ADP(type=pre)	te	
geven	VRB(finiteness=inf)	opgeven	mw_128718
,	PC	,	
uit	ADP(type=pre)	uit	
hoofde	NOU-C(number=sg)	hoofd	
men	PD(type=pers,position=free)	men	
,	PC	,	
zoo	ADV(type=reg)	zo	
min	ADV(type=reg)	min	
hier	ADV(type=reg)	hier	
te	ADP(type=pre)	te	
lande	NOU-C(number=sg)	land	
als	CONJ(type=sub)	als	
elders	ADV(type=reg)	elders	
,	PC	,	
het	PD(type=d-p,subtype=art,position=prenom)	het	
kaliber	NOU-C(number=sg)	kaliber	
,	PC	,	
gelijk	CONJ(type=sub)	gelijk	
tegenwoordig	AA(degree=pos,position=free)	tegenwoordig	
geschiedt	VRB(finiteness=fin,tense=pres)	geschieden	
,	PC	,	
uitdrukte	VRB(finiteness=fin,tense=past)	uitdrukken	
in	ADP(type=pre)	in	
de	PD(type=d-p,subtype=art,position=prenom)	de	
middellijn	NOU-C(number=sg)	middellijn	
van	ADP(type=pre)	van	
de	PD(type=d-p,subtype=art,position=prenom)	de	
ziel	NOU-C(number=sg)	ziel	
of	CONJ(type=coor)	of	
het	PD(type=d-p,subtype=art,position=prenom)	het	
gewigt	NOU-C(number=sg)	gewicht	
van	ADP(type=pre)	van	
het	PD(type=d-p,subtype=art,position=prenom)	het	
projectiel	NOU-C(number=sg)	projectiel	
,	PC	,	
maar	CONJ(type=coor)	maar	
in	ADP(type=pre)	in	
de	PD(type=d-p,subtype=art,position=prenom)	de	
grootte	NOU-C(number=sg)	grootte	
der	PD(type=d-p,subtype=art,position=prenom)	de	
lading	NOU-C(number=sg)	lading	



Jij	PD(type=pers,position=free)	jij	
met	ADP(type=pre)	met	
je	PD(type=poss,position=prenom)	jouw	
eeuwige	AA(degree=pos,position=prenom)	eeuwig	
kalmte	NOU-C(number=sg)	kalmte	
,	PC	,	
je	PD(type=poss,position=prenom)	jouw	
eeuwige	AA(degree=pos,position=prenom)	eeuwig	
laconieke	AA(degree=pos,position=prenom)	laconiek	
kalmte	NOU-C(number=sg)	kalmte	
,	PC	,	



Zij	PD(type=pers,position=free)	zij	
bemint	VRB(finiteness=fin,tense=pres)	beminnen	
hem	PD(type=pers,position=free)	hij	
,	PC	,	
meent	VRB(finiteness=fin,tense=pres)	menen	
gij	PD(type=pers,position=free)	gij	
,	PC	,	
Baron	NOU-C(number=sg)	baron	
?	PC	?	
Neen	ADV(type=reg)	neen	
,	PC	,	
neen	ADV(type=reg)	neen	
.	PC	.	
Het	PD(type=pers,position=free)	het	
was	VRB(finiteness=fin,tense=past)	zijn	
eertijds	ADV(type=reg)	eertijds	
eene	PD(type=indef,subtype=art,position=prenom)	een	
kalverliefde	NOU-C(number=sg)	kalverliefde	
,	PC	,	
gelijk	CONJ(type=sub)	gelijk	
men	PD(type=pers,position=free)	men	
zegt	VRB(finiteness=fin,tense=pres)	zeggen	
;	PC	;	
maar	CONJ(type=coor)	maar	
dit	PD(type=d-p,position=free)	dit	
is	VRB(finiteness=fin,tense=pres)	zijn	
lang	AA(degree=pos,position=free)	lang	
gedaan	VRB(finiteness=pastpart)	doen	
,	PC	,	



Na	ADP(type=pre)	na	
…	PC	…	
deze	PD(type=d-p,subtype=oth,position=prenom)	deze	
kamgaten	NOU-C(number=pl)	kamgat	
er	ADV(type=pron)	erin	mw_162794
…	PC	…	
in	ADV(type=pron)	erin	mw_162794
gemaakt	VRB(finiteness=pastpart)	maken	
te	ADP(type=pre)	te	
hebben	VRB(finiteness=inf)	hebben	
slaat	VRB(finiteness=fin,tense=pres)	slaan	
men	PD(type=pers,position=free)	men	
er	ADV(type=pron)	erin	mw_336938
de	PD(type=d-p,subtype=art,position=prenom)	de	
kammen	NOU-C(number=pl)	kam	
in	ADV(type=pron)	erin	mw_336938
,	PC	,	



Als	CONJ(type=sub)	als	
een	PD(type=indef,subtype=art,position=prenom)	een	
laag	NOU-C(number=sg)	laag	
schooven	NOU-C(number=pl)	schoof	
afgedorschen	VRB(finiteness=pastpart)	afdorsen	
is	VRB(finiteness=fin,tense=pres)	zijn	
dan	ADV(type=reg)	dan	
neemt	VRB(finiteness=fin,tense=pres)	opnemen	mw_778656
men	PD(type=pers,position=free)	men	
die	PD(type=d-p,subtype=oth,position=prenom)	die	
schooven	NOU-C(number=pl)	schoof	
op	VRB(finiteness=fin,tense=pres)	opnemen	mw_778656
,	PC	,	
en	CONJ(type=coor)	en	
de	PD(type=d-p,subtype=art,position=prenom)	de	
afval	NOU-C(number=sg)	afval	
van	ADP(type=pre)	van	
het	PD(type=d-p,subtype=art,position=prenom)	het	
stroo	NOU-C(number=sg)	stro	
wordt	VRB(finiteness=fin,tense=pres)	worden	
gekamd	VRB(finiteness=pastpart)	kammen	
,	PC	,	



De	PD(type=d-p,subtype=art,position=prenom)	de	
Teerling	NOU-C(number=sg)	teerling	
of	CONJ(type=coor)	of	
Cubieken	AA(degree=pos,position=prenom)	kubiek	
Palm	NOU-C(number=sg)	palm	
zal	VRB(finiteness=fin,tense=pres)	zullen	
ook	ADV(type=reg)	ook	
de	PD(type=d-p,subtype=art,position=prenom)	de	
eenheid	NOU-C(number=sg)	eenheid	
zijn	VRB(finiteness=inf)	zijn	
van	ADP(type=pre)	van	
alle	PD(type=indef,position=free)	al	
de	PD(type=d-p,subtype=art,position=prenom)	de	
Maten	NOU-C(number=pl)	maat	
voor	ADP(type=pre)	voor	
Vloeistoffen	NOU-C(number=pl)	vloeistof	
en	CONJ(type=coor)	en	
voor	ADP(type=pre)	voor	
drooge	AA(degree=pos,position=prenom)	droog	
Waren	NOU-C(number=pl)	waar	
,	PC	,	
die	PD(type=d-p,position=free)	die	
met	ADP(type=pre)	met	
de	PD(type=d-p,subtype=art,position=prenom)	de	
ronde	AA(degree=pos,position=prenom)	rond	
Maat	NOU-C(number=sg)	maat	
gemeten	VRB(finiteness=pastpart)	meten	
worden	VRB(finiteness=fin,tense=pres)	worden	
,	PC	,	
gelijk	CONJ(type=sub)	gelijk	
mede	ADV(type=reg)	mede	
voor	ADP(type=pre)	voor	
Fruiten	NOU-C(number=pl)	fruit	
,	PC	,	
en	CONJ(type=coor)	en	
zal	VRB(finiteness=fin,tense=pres)	zullen	
voor	ADP(type=pre)	voor	
de	PD(type=d-p,subtype=art,position=prenom)	de	
drooge	AA(degree=pos,position=prenom)	droog	
Waren	NOU-C(number=pl)	waar	
den	PD(type=d-p,subtype=art,position=prenom)	de	
naam	NOU-C(number=sg)	naam	
van	ADP(type=pre)	van	
Kop	NOU-C(number=sg)	kop	
,	PC	,	
en	CONJ(type=coor)	en	
voor	ADP(type=pre)	voor	
de	PD(type=d-p,subtype=art,position=prenom)	de	
Vloeistoffen	NOU-C(number=pl)	vloeistof	
dien	PD(type=d-p,position=free)	die	
van	ADP(type=pre)	van	
Kan	VRB(finiteness=fin,tense=pres)	kunnen	
dragen	VRB(finiteness=inf)	dragen	
,	PC	,	



Hij	PD(type=pers,position=free)	hij	
…	PC	…	
vertrok	VRB(finiteness=fin,tense=past)	vertrekken	
naar	ADP(type=pre)	naar	
Engelsch	AA(degree=pos,position=prenom)	Engels	
Indië	NOU-P	Indië	
,	PC	,	
met	ADP(type=pre)	met	
het	PD(type=d-p,subtype=art,position=prenom)	het	
voornemen	NOU-C(number=sg)	voornemen	
de	PD(type=d-p,subtype=art,position=prenom)	de	
kans	NOU-C(number=sg)	kans	
op	ADV(type=reg)	opnieuw	mw_513030
nieuw	ADV(type=reg)	opnieuw	mw_513030
te	ADP(type=pre)	te	
wagen	VRB(finiteness=inf)	wagen	
,	PC	,	
zijn	PD(type=poss,position=prenom)	zijn	
vermogen	NOU-C(number=sg)	vermogen	
te	ADP(type=pre)	te	
herstellen	VRB(finiteness=inf)	herstellen	



De	PD(type=d-p,subtype=art,position=prenom)	de	
steêjeugd	NOU-C(number=sg)	steejeugd	
eert	VRB(finiteness=fin,tense=pres)	eren	
den	PD(type=d-p,subtype=art,position=prenom)	de	
grijzen	AA(degree=pos,position=prenom)	grijs	
stam	NOU-C(number=sg)	stam	
,	PC	,	
En	CONJ(type=coor)	en	
plukt	VRB(finiteness=fin,tense=pres)	afplukken	mw_506905
geen	PD(type=indef,subtype=oth,position=prenom)	geen	
loovers	NOU-C(number=pl)	lover	
af	VRB(finiteness=fin,tense=pres)	afplukken	mw_506905
,	PC	,	



't	PD(type=pers,position=free)	het	
Zal	VRB(finiteness=fin,tense=pres)	zullen	
wel	ADV(type=reg)	wel	
zoo'n	ADV(type=reg)+PD(type=indef,subtype=art,position=prenom)	zo+een	
vaart	NOU-C(number=sg)	vaart	
niet	ADV(type=reg)	niet	
loopen	VRB(finiteness=inf)	lopen	
;	PC	;	
't	PD(type=pers,position=free)	het	
Leit	VRB(finiteness=fin,tense=pres)	liggen	
immers	ADV(type=reg)	immers	
op	ADP(type=pre)	op	
zijn	PD(type=poss,position=prenom)	zijn	
kant	NOU-C(number=sg)	kant	



Het	PD(type=d-p,subtype=art,position=prenom)	het	
zwakke	AA(degree=pos,position=prenom)	zwak	
licht	NOU-C(number=sg)	licht	
van	ADP(type=pre)	van	
een	PD(type=indef,subtype=art,position=prenom)	een	
door	ADP(type=pre)	door	
'n	PD(type=indef,subtype=art,position=prenom)	een	
kolossale	AA(degree=pos,position=prenom)	kolossaal	
kap	NOU-C(number=sg)	kap	
van	ADP(type=pre)	van	
gekleurd	AA(degree=pos,position=prenom)	gekleurd	
papier	NOU-C(number=sg)	papier	
overschaduwde	AA(degree=pos,position=prenom)	overschaduwd	
lamp	NOU-C(number=sg)	lamp	
,	PC	,	



—	PC	—	
De	PD(type=d-p,subtype=art,position=prenom)	de	
vlinders	NOU-C(number=pl)	vlinder	
of	CONJ(type=coor)	of	
kapellen	NOU-C(number=pl)	kapel	
zijn	VRB(finiteness=fin,tense=pres)	zijn	
zeer	AA(degree=pos,position=free)	zeer	
gemakkelijk	AA(degree=pos,position=free)	gemakkelijk	
te	ADP(type=pre)	te	
onderkennen	VRB(finiteness=inf)	onderkennen	
aan	ADP(type=pre)	aan	
hunne	PD(type=poss,position=prenom)	hun	
met	ADP(type=pre)	met	
zeer	AA(degree=pos,position=free)	zeer	
fijne	AA(degree=pos,position=prenom)	fijn	
,	PC	,	
stofachtige	AA(degree=pos,position=prenom)	stofachtig	
,	PC	,	
gekleurde	AA(degree=pos,position=prenom)	gekleurd	
schubjes	NOU-C(number=pl)	schubje	
bedekte	AA(degree=pos,position=prenom)	bedekt	
vleugels	NOU-C(number=pl)	vleugel	
,	PC	,	



Capucijn	NOU-C(number=sg)	kapucijn	
.	PC	.	
Soort	NOU-C(number=sg)	soort	
van	ADP(type=pre)	van	
huisduif	NOU-C(number=sg)	huisduif	
,	PC	,	
…	PC	…	
in	ADP(type=pre)	in	
't	PD(type=d-p,subtype=art,position=prenom)	het	
fr.	NOU-P(WF=abbr)	Frans	
pigeon	RES(type=for)	pigeon	
nonnain	RES(type=for)	nonnain	
,	PC	,	



Musket	NOU-C(number=sg)	musket	
,	PC	,	
en	CONJ(type=coor)	en	
roer	NOU-C(number=sg)	roer	
,	PC	,	
en	CONJ(type=coor)	en	
karabijn	NOU-C(number=sg)	karabijn	
En	CONJ(type=coor)	en	
piek	NOU-C(number=sg)	piek	
en	CONJ(type=coor)	en	
ruiterspeer	NOU-C(number=sg)	ruiterspeer	
,	PC	,	
Onzichtbaar	AA(degree=pos,position=free)	onzichtbaar	
in	ADP(type=pre)	in	
den	PD(type=d-p,subtype=art,position=prenom)	de	
damp	NOU-C(number=sg)	damp	
van	ADP(type=pre)	van	
't	PD(type=d-p,subtype=art,position=prenom)	het	
vuur	NOU-C(number=sg)	vuur	
,	PC	,	



Het	PD(type=d-p,subtype=art,position=prenom)	het	
oorspronkelijke	NOU-C(number=sg)	oorspronkelijke	
,	PC	,	
het	PD(type=d-p,subtype=art,position=prenom)	het	
karakteristieke	NOU-C(number=sg)	karakteristieke	
van	ADP(type=pre)	van	
zijn	PD(type=poss,position=prenom)	zijn	
persoon	NOU-C(number=sg)	persoon	
,	PC	,	
had	VRB(finiteness=fin,tense=past)	hebben	
iets	PD(type=indef,position=free)	iets	
aantrekkelijks	NOU-C(number=sg)	aantrekkelijke	
,	PC	,	



Sigaren	NOU-C(number=pl)	sigaar	
en	CONJ(type=coor)	en	
cigaretten	NOU-C(number=pl)	sigaret	
…	PC	…	
in	ADP(type=pre)	in	
kleine	AA(degree=pos,position=prenom)	klein	
kartonnen	AA(degree=pos,position=prenom)	kartonnen	
-	PC	-	
of	CONJ(type=coor)	of	
bordpapieren	AA(degree=pos,position=prenom)	bordpapieren	
kistjes	NOU-C(number=pl)	kistje	
,	PC	,	



Een	PD(type=indef,subtype=art,position=prenom)	een	
kalsij	NOU-C(number=sg)	kassei	
in	ADP(type=pre)	in	
de	PD(type=d-p,subtype=art,position=prenom)	de	
hand	NOU-C(number=sg)	hand	
dragen	VRB(finiteness=inf)	dragen	
.	PC	.	
Met	ADP(type=pre)	met	
eene	PD(type=indef,subtype=art,position=prenom)	een	
groote	AA(degree=pos,position=prenom)	groot	
kalsij	NOU-C(number=sg)	kassei	
werpen	VRB(finiteness=inf)	werpen	
.	PC	.	
Eene	PD(type=indef,subtype=art,position=prenom)	een	
kar	NOU-C(number=sg)	kar	
vol	AA(degree=pos,position=free)	vol	
kalsijden	NOU-C(number=pl)	kassei	
,	PC	,	



De	PD(type=d-p,subtype=art,position=prenom)	de	
pogingen	NOU-C(number=pl)	poging	
van	ADP(type=pre)	van	
een	PD(type=indef,subtype=art,position=prenom)	een	
weldenkend	AA(degree=pos,position=prenom)	weldenkend	
vlaamsch	AA(degree=pos,position=prenom)	Vlaams	
edelman	NOU-C(number=sg)	edelman	
,	PC	,	
die	PD(type=d-p,position=free)	die	
de	PD(type=d-p,subtype=art,position=prenom)	de	
grootste	AA(degree=sup,position=prenom)	groot	
verpligtingen	NOU-C(number=pl)	verplichting	
heeft	VRB(finiteness=fin,tense=pres)	hebben	
aan	ADP(type=pre)	aan	
een	PD(type=indef,subtype=art,position=prenom)	een	
meisje	NOU-C(number=sg)	meisje	
uit	ADP(type=pre)	uit	
het	PD(type=d-p,subtype=art,position=prenom)	het	
volk	NOU-C(number=sg)	volk	
,	PC	,	
(	PC	(	
lijden	VRB(finiteness=fin,tense=pres)	lijden	
)	PC	)	
schipbreuk	NOU-C(number=sg)	schipbreuk	
op	ADP(type=pre)	op	
de	PD(type=d-p,subtype=art,position=prenom)	de	
vooroordeelen	NOU-C(number=pl)	vooroordeel	
zijner	PD(type=poss,position=prenom)	zijn	
kaste	NOU-C(number=sg)	kaste	
,	PC	,	



Maar	CONJ(type=coor)	maar	
't	PD(type=pers,position=free)	het	
is	VRB(finiteness=fin,tense=pres)	zijn	
't	PD(type=d-p,subtype=art,position=prenom)	het	
Geluk	NOU-C(number=sg)	geluk	
niet	ADV(type=reg)	niet	
,	PC	,	
jongling	NOU-C(number=sg)	jongeling	
!	PC	!	
neen	ADV(type=reg)	neen	
!	PC	!	
Het	PD(type=pers,position=free)	het	
schut	VRB(finiteness=fin,tense=pres)	afschudden	mw_338818
geen	PD(type=indef,subtype=oth,position=prenom)	geen	
foltring	NOU-C(number=sg)	foltering	
af	VRB(finiteness=fin,tense=pres)	afschudden	mw_338818
,	PC	,	



Binnen	ADP(type=pre)	binnen	
drie	NUM(type=card,position=prenom,representation=let)	drie	
of	CONJ(type=coor)	of	
vier	NUM(type=card,position=prenom,representation=let)	vier	
dagen	NOU-C(number=pl)	dag	
ontvangt	VRB(finiteness=fin,tense=pres)	ontvangen	
gij	PD(type=pers,position=free)	gij	
mijne	PD(type=poss,position=prenom)	mijn	
officieele	AA(degree=pos,position=prenom)	officieel	
kennisgeving	NOU-C(number=sg)	kennisgeving	
,	PC	,	



De	PD(type=d-p,subtype=art,position=prenom)	de	
voet	NOU-C(number=sg)	voet	
Der	PD(type=d-p,subtype=art,position=prenom)	de	
schaar	NOU-C(number=sg)	schaar	
,	PC	,	
die	PD(type=d-p,position=free)	die	
daaglijks	ADV(type=reg)	dagelijks	
kerkwaarts	ADV(type=reg)	kerkwaarts	
spoedt	VRB(finiteness=fin,tense=pres)	spoeden	
,	PC	,	



Terwijl	CONJ(type=sub)	terwijl	
uit	ADP(type=pre)	uit	
het	PD(type=d-p,subtype=art,position=prenom)	het	
broeiende	AA(degree=pos,position=prenom)	broeiend	
groen	NOU-C(number=sg)	groen	
de	PD(type=d-p,subtype=art,position=prenom)	de	
dolle	AA(degree=pos,position=prenom)	dol	
kervel	NOU-C(number=sg)	kervel	
hoog	AA(degree=pos,position=free)	hoog	
opschoot	VRB(finiteness=fin,tense=past)	opschieten	
,	PC	,	
met	ADP(type=pre)	met	
tal	NOU-C(number=sg)	tal	
van	ADP(type=pre)	van	
blanke	AA(degree=pos,position=prenom)	blank	
zonneschermpjes	NOU-C(number=pl)	zonneschermpje	
,	PC	,	



Den	PD(type=d-p,subtype=art,position=prenom)	de	
ketel	NOU-C(number=sg)	ketel	
van	ADP(type=pre)	van	
het	PD(type=d-p,subtype=art,position=prenom)	het	
dal	NOU-C(number=sg)	dal	
kan	VRB(finiteness=fin,tense=pres)	kunnen	
ik	PD(type=pers,position=free)	ik	
niet	ADV(type=reg)	niet	
beter	AA(degree=comp,position=free)	beter	
dan	CONJ(type=coor)	dan	
met	ADP(type=pre)	met	
het	PD(type=d-p,subtype=art,position=prenom)	het	
ruim	NOU-C(number=sg)	ruim	
van	ADP(type=pre)	van	
een	PD(type=indef,subtype=art,position=prenom)	een	
schip	NOU-C(number=sg)	schip	
vergelijken	VRB(finiteness=inf)	vergelijken	
,	PC	,	
eer	CONJ(type=sub)	eer	
het	PD(type=pers,position=free)	het	
van	ADP(type=pre)	van	
een	PD(type=indef,subtype=art,position=prenom)	een	
dek	NOU-C(number=sg)	dek	
en	CONJ(type=coor)	en	
dekbalken	NOU-C(number=pl)	dekbalk	
voorzien	AA(degree=pos,position=free)	voorzien	
is	VRB(finiteness=fin,tense=pres)	zijn	
,	PC	,	



Als	CONJ(type=sub)	als	
de	PD(type=d-p,subtype=art,position=prenom)	de	
bovenlinnenmeid	NOU-C(number=sg)	bovenlinnenmeid	
hare	PD(type=poss,position=prenom)	haar	
rechten	NOU-C(number=pl)	recht	
niet	ADV(type=reg)	niet	
wist	VRB(finiteness=fin,tense=past)	weten	
te	ADP(type=pre)	te	
handhaven	VRB(finiteness=inf)	handhaven	
,	PC	,	
…	PC	…	
zou	VRB(finiteness=fin,tense=past)	zullen	
de	PD(type=d-p,subtype=art,position=prenom)	de	
keukenmeid	NOU-C(number=sg)	keukenmeid	
de	PD(type=d-p,subtype=art,position=prenom)	de	
orders	NOU-C(number=pl)	order	
van	ADP(type=pre)	van	
de	PD(type=d-p,subtype=art,position=prenom)	de	
bovenwerkmeid	NOU-C(number=sg)	bovenwerkmeid	
,	PC	,	
deze	PD(type=d-p,position=free)	deze	
weêr	ADV(type=reg)	weder	
van	ADP(type=pre)	van	



Hij	PD(type=pers,position=free)	hij	
,	PC	,	
die	PD(type=d-p,position=free)	die	
in	ADP(type=pre)	in	
het	PD(type=d-p,subtype=art,position=prenom)	het	
hart	NOU-C(number=sg)	hart	
van	ADP(type=pre)	van	
…	PC	…	
Zacheus	NOU-P	Zacheus	
deze	PD(type=d-p,subtype=oth,position=prenom)	deze	
gevoelens	NOU-C(number=pl)	gevoelen	
heeft	VRB(finiteness=fin,tense=pres)	hebben	
doen	VRB(finiteness=inf)	doen	
kiemen	VRB(finiteness=inf)	kiemen	
,	PC	,	



Als	CONJ(type=sub)	als	
't	PD(type=d-p,subtype=art,position=prenom)	het	
eerste	NUM(type=ord,position=prenom,representation=let)	eerste	
loover	NOU-C(number=sg)	lover	
kiemt	VRB(finiteness=fin,tense=pres)	kiemen	
en	CONJ(type=coor)	en	
bot	VRB(finiteness=fin,tense=pres)	botten	
op	ADP(type=pre)	op	
veld	NOU-C(number=sg)	veld	
en	CONJ(type=coor)	en	
boomen	NOU-C(number=pl)	boom	
,	PC	,	



Reeds	ADV(type=reg)	reeds	
den	PD(type=d-p,subtype=art,position=prenom)	de	
dag	NOU-C(number=sg)	dag	
daarop	ADV(type=pron)	daarop	
verscheen	VRB(finiteness=fin,tense=past)	verschijnen	
Bruyninck	NOU-P	Bruyninck	
bij	ADP(type=pre)	bij	
de	PD(type=d-p,subtype=art,position=prenom)	de	
Prinses	NOU-C(number=sg)	prinses	
,	PC	,	
haar	PD(type=pers,position=free)	zij	
uit	ADP(type=pre)	uit	
naam	NOU-C(number=sg)	naam	
van	ADP(type=pre)	van	
haar	PD(type=poss,position=prenom)	haar	
broeder	NOU-C(number=sg)	broeder	
aanzeggende	VRB(finiteness=prespart)	aanzeggen	
,	PC	,	
dat	CONJ(type=sub)	dat	
,	PC	,	
vermits	CONJ(type=sub)	vermits	
zij	PD(type=pers,position=free)	zij	
hardnekkig	AA(degree=pos,position=free)	hardnekkig	
bleef	VRB(finiteness=fin,tense=past)	blijven	
volharden	VRB(finiteness=inf)	volharden	
,	PC	,	
en	CONJ(type=coor)	en	
niet	ADV(type=reg)	niet	
volgen	VRB(finiteness=inf)	volgen	
wilde	VRB(finiteness=fin,tense=past)	willen	
noch	CONJ(type=coor)	noch	
zijnen	PD(type=poss,position=prenom)	zijn	
,	PC	,	
noch	CONJ(type=coor)	noch	
harer	PD(type=poss,position=prenom)	haar	
vrienden	NOU-C(number=pl)	vriend	
raad	NOU-C(number=sg)	raad	
,	PC	,	
…	PC	…	
hij	PD(type=pers,position=free)	hij	
de	PD(type=d-p,subtype=art,position=prenom)	de	
hand	NOU-C(number=sg)	hand	
van	ADP(type=pre)	van	
haar	PD(type=pers,position=free)	zij	
afsloeg	VRB(finiteness=fin,tense=past)	afslaan	
,	PC	,	
en	CONJ(type=coor)	en	
haar	PD(type=pers,position=free)	zij	
niet	ADV(type=reg)	niet	
meer	ADV(type=reg)	meer	
als	CONJ(type=sub)	als	
zijne	PD(type=poss,position=prenom)	zijn	
zuster	NOU-C(number=sg)	zuster	
erkende	VRB(finiteness=fin,tense=past)	erkennen	
,	PC	,	



Dat	CONJ(type=sub)	dat	
hij	PD(type=pers,position=free)	hij	
ter	ADP(type=pre)+PD(type=d-p,subtype=art,position=prenom)	te+de	
wille	NOU-C(number=sg)	wil	
van	ADP(type=pre)	van	
een	PD(type=indef,subtype=art,position=prenom)	een	
”	PC	”	
kinderjuffrouw	NOU-C(number=sg)	kinderjuffrouw	
”	PC	”	
geen	PD(type=indef,subtype=oth,position=prenom)	geen	
bijzondere	AA(degree=pos,position=prenom)	bijzonder	
haast	NOU-C(number=sg)	haast	
te	ADP(type=pre)	te	
maken	VRB(finiteness=inf)	maken	
had	VRB(finiteness=fin,tense=past)	hebben	
,	PC	,	



Op	ADP(type=pre)	op	
het	PD(type=d-p,subtype=art,position=prenom)	het	
laatst	NOU-C(number=sg)	laatste	
van	ADP(type=pre)	van	
zijn	PD(type=poss,position=prenom)	zijn	
leven	NOU-C(number=sg)	leven	
(	PC	(	
kreeg	VRB(finiteness=fin,tense=past)	krijgen	
de	PD(type=d-p,subtype=art,position=prenom)	de	
…	PC	…	
oude	AA(degree=pos,position=prenom)	oud	
Monarch	NOU-C(number=sg)	monarch	
)	PC	)	
de	PD(type=d-p,subtype=art,position=prenom)	de	
kinderpokjes	NOU-C(number=pl)	kinderpokje	
,	PC	,	



De	PD(type=d-p,subtype=art,position=prenom)	de	
…	PC	…	
grafbedienden	NOU-C(number=pl)	grafbediende	
(	PC	(	
lieten	VRB(finiteness=fin,tense=past)	nederlaten	mw_161910
)	PC	)	
…	PC	…	
langzaam	AA(degree=pos,position=free)	langzaam	
de	PD(type=d-p,subtype=art,position=prenom)	de	
rijk	AA(degree=pos,position=free)	rijk	
met	ADP(type=pre)	met	
pleet-zilver	NOU-C(number=sg)	pleetzilver	
gemonteerde	AA(degree=pos,position=prenom)	gemonteerd	
kist	NOU-C(number=sg)	kist	
in	ADP(type=pre)	in	
den	PD(type=d-p,subtype=art,position=prenom)	de	
kuil	NOU-C(number=sg)	kuil	
neder	VRB(finiteness=fin,tense=past)	nederlaten	mw_161910
,	PC	,	



Daar	ADV(type=reg)	daar	
springt	VRB(finiteness=fin,tense=pres)	wegspringen	mw_174038
de	PD(type=d-p,subtype=art,position=prenom)	de	
kisting	NOU-C(number=sg)	kisting	
weg	VRB(finiteness=fin,tense=pres)	wegspringen	mw_174038
!	PC	!	
—	PC	—	
de	PD(type=d-p,subtype=art,position=prenom)	de	
Stroomgod	NOU-C(number=sg)	stroomgod	
,	PC	,	
aangevlogen	VRB(finiteness=pastpart)	aanvliegen	
,	PC	,	
Baant	VRB(finiteness=fin,tense=pres)	banen	
zich	PD(type=refl,position=free)	zich	
een	PD(type=indef,subtype=art,position=prenom)	een	
schrikbre	AA(degree=pos,position=prenom)	schrikbaar	
bres	NOU-C(number=sg)	bres	
,	PC	,	
en	CONJ(type=coor)	en	
valt	VRB(finiteness=fin,tense=pres)	vallen	
er	ADV(type=pron)	erdoor	mw_209394
huilend	VRB(finiteness=prespart)	huilen	
door	ADV(type=pron)	erdoor	mw_209394
,	PC	,	



Is	VRB(finiteness=fin,tense=pres)	zijn	
het	PD(type=pers,position=free)	het	
niet	ADV(type=reg)	niet	
waar	AA(degree=pos,position=free)	waar	
,	PC	,	
dat	CONJ(type=sub)	dat	
Gods	NOU-P	God	
hulpe	NOU-C(number=sg)	hulp	
klaarblijkend	AA(degree=pos,position=free)	klaarblijkend	
onze	PD(type=poss,position=prenom)	ons	
vlucht	NOU-C(number=sg)	vlucht	
heeft	VRB(finiteness=fin,tense=pres)	hebben	
beschermd	VRB(finiteness=pastpart)	beschermen	
?	PC	?	



'k	PD(type=pers,position=free)	ik	
Zeg	VRB(finiteness=fin,tense=pres)	zeggen	
toch	ADV(type=reg)	toch	
dat	CONJ(type=sub)	dat	
het	PD(type=pers,position=free)	het	
lekker	AA(degree=pos,position=free)	lekker	
smaakt	VRB(finiteness=fin,tense=pres)	smaken	
,	PC	,	
Guurtje	NOU-P	Guurtje	
heeft	VRB(finiteness=fin,tense=pres)	hebben	
het	PD(type=pers,position=free)	het	
klaar	VRB(finiteness=pastpart)	klaarmaken	mw_177837
gemaakt	VRB(finiteness=pastpart)	klaarmaken	mw_177837



Eene	PD(type=indef,subtype=art,position=prenom)	een	
zwarte	AA(degree=pos,position=prenom)	zwart	
klak	NOU-C(number=sg)	klak	
,	PC	,	
blauwe	AA(degree=pos,position=prenom)	blauw	
broek	NOU-C(number=sg)	broek	
,	PC	,	
een	PD(type=indef,subtype=art,position=prenom)	een	
jas	NOU-C(number=sg)	jas	
van	ADP(type=pre)	van	
bronskleurig	AA(degree=pos,position=prenom)	bronskleurig	
laken	NOU-C(number=sg)	laken	
en	CONJ(type=coor)	en	
rijgschoenen	NOU-C(number=pl)	rijgschoen	
,	PC	,	



Vergrijp	VRB(finiteness=fin,tense=pres)	vergrijpen	
u	PD(type=pers,position=free)	u	
dus	ADV(type=reg)	dus	
niet	ADV(type=reg)	niet	
aan	ADP(type=pre)	aan	
den	PD(type=d-p,subtype=art,position=prenom)	de	
schijn	NOU-C(number=sg)	schijn	
,	PC	,	
Noch	CONJ(type=coor)	noch	
aan	ADP(type=pre)	aan	
den	PD(type=d-p,subtype=art,position=prenom)	de	
klank	NOU-C(number=sg)	klank	
der	PD(type=d-p,subtype=art,position=prenom)	de	
ijdle	AA(degree=pos,position=prenom)	ijdel	
namen	NOU-C(number=pl)	naam	
,	PC	,	



het	PD(type=d-p,subtype=art,position=prenom)	het	
lontroer	NOU-C(number=sg)	lontroer	
berst	VRB(finiteness=fin,tense=pres)	losbarsten	mw_239168
Verdelgend	VRB(finiteness=prespart)	verdelgen	
los	VRB(finiteness=fin,tense=pres)	losbarsten	mw_239168
!	PC	!	
't	PD(type=d-p,subtype=art,position=prenom)	het	
geschut	NOU-C(number=sg)	geschut	
,	PC	,	
eens	PD(type=indef,subtype=art,position=prenom)	een	
bolwerks	NOU-C(number=sg)	bolwerk	
kruin	NOU-C(number=sg)	kruin	
In	ADP(type=pre)	in	
wed-ren	NOU-C(number=pl)	wedren	
afgesleept	VRB(finiteness=pastpart)	afslepen	
,	PC	,	
bestelpt	VRB(finiteness=fin,tense=pres)	bestelpen	
met	ADP(type=pre)	met	
puin	NOU-C(number=sg)	puin	
Wat	PD(type=w-p,position=free)	wat	
door	ADP(type=pre)	door	
geen	PD(type=indef,subtype=oth,position=prenom)	geen	
ijzer	NOU-C(number=sg)	ijzer	
valt	VRB(finiteness=fin,tense=pres)	vallen	
!	PC	!	



Begeef	VRB(finiteness=fin,tense=pres)	begeven	
u	PD(type=pers,position=free)	u	
naar	ADP(type=pre)	naar	
boven	ADV(type=reg)	boven	
,	PC	,	
maak	VRB(finiteness=fin,tense=pres)	maken	
Arthur	NOU-P	Arthur	
wakker	AA(degree=pos,position=free)	wakker	
,	PC	,	
zeg	VRB(finiteness=fin,tense=pres)	zeggen	
hem	PD(type=pers,position=free)	hij	
,	PC	,	
dat	CONJ(type=sub)	dat	
hij	PD(type=pers,position=free)	hij	
…	PC	…	
zich	PD(type=refl,position=free)	zich	
kleede	VRB(finiteness=fin,tense=pres)	kleden	
en	CONJ(type=coor)	en	
beneden	ADV(type=reg)	beneden	
kome	VRB(finiteness=fin,tense=pres)	komen	
,	PC	,	



—	PC	—	
Het	PD(type=pers,position=free)	het	
was	VRB(finiteness=fin,tense=past)	zijn	
op	ADP(type=pre)	op	
eenen	PD(type=indef,subtype=art,position=prenom)	een	
Donderdag	NOU-C(number=sg)	donderdagmorgen	mw_610193
morgen	NOU-C(number=sg)	donderdagmorgen	mw_610193
—	PC	—	
de	PD(type=d-p,subtype=art,position=prenom)	de	
kleinste	AA(degree=sup,position=prenom)	klein	
bijzonderheden	NOU-C(number=pl)	bijzonderheid	
staan	VRB(finiteness=fin,tense=pres)	staan	
mij	PD(type=pers,position=free)	ik	
nog	ADV(type=reg)	nog	
helder	AA(degree=pos,position=free)	helder	
voor	ADP(type=pre)	voor	
den	PD(type=d-p,subtype=art,position=prenom)	de	
geest	NOU-C(number=sg)	geest	
,	PC	,	
—	PC	—	
wij	PD(type=pers,position=free)	wij	
pleitten	VRB(finiteness=fin,tense=past)	pleiten	
…,	PC	…,	
en	CONJ(type=coor)	en	
ik	PD(type=pers,position=free)	ik	
droeg	VRB(finiteness=fin,tense=past)	dragen	
de	PD(type=d-p,subtype=art,position=prenom)	de	
dossiers	NOU-C(number=pl)	dossier	
naar	ADP(type=pre)	naar	
de	PD(type=d-p,subtype=art,position=prenom)	de	
audiëntie	NOU-C(number=sg)	audiëntie	
—,	PC	—,	



't	PD(type=pers,position=free)	het	
Zij	VRB(finiteness=fin,tense=pres)	zijn	
zijn	PD(type=poss,position=prenom)	zijn	
nest	NOU-C(number=sg)	nest	
Op	ADP(type=pre)	op	
rotsen	NOU-C(number=pl)	rots	
zij	VRB(finiteness=fin,tense=pres)	zijn	
gevest	VRB(finiteness=pastpart)	vesten	
,	PC	,	
Of	CONJ(type=coor)	of	
kleve	VRB(finiteness=fin,tense=pres)	kleven	
aan	ADP(type=pre)	aan	
't	PD(type=d-p,subtype=art,position=prenom)	het	
needrig	AA(degree=pos,position=prenom)	nederig	
dak	NOU-C(number=sg)	dak	
,	PC	,	



Wij	PD(type=pers,position=free)	wij	
zaten	VRB(finiteness=fin,tense=past)	ternederzitten	mw_713154
terneer	VRB(finiteness=fin,tense=past)	ternederzitten	mw_713154
op	ADP(type=pre)	op	
een	PD(type=indef,subtype=art,position=prenom)	een	
dijkje	NOU-C(number=sg)	dijkje	
,	PC	,	
Van	ADP(type=pre)	van	
viooltjes	NOU-C(number=pl)	viooltje	
en	CONJ(type=coor)	en	
klokjes	NOU-C(number=pl)	klokje	
omtuild	VRB(finiteness=pastpart)	omtuilen	
,	PC	,	



Voor	ADP(type=pre)	voor	
de	PD(type=d-p,subtype=art,position=prenom)	de	
meeste	AA(degree=sup,position=prenom)	meest	
menschen	NOU-C(number=pl)	mens	
…	PC	…	
slaat	VRB(finiteness=fin,tense=pres)	slaan	
geen	PD(type=indef,subtype=oth,position=prenom)	geen	
vrolijker	AA(degree=comp,position=prenom)	vrolijk	
klokslag	NOU-C(number=sg)	klokslag	
,	PC	,	
dan	CONJ(type=coor)	dan	
van	ADP(type=pre)	van	
het	PD(type=d-p,subtype=art,position=prenom)	het	
uur	NOU-C(number=sg)	uur	
,	PC	,	
hetwelk	PD(type=w-p,position=free)	hetwelk	
hen	PD(type=pers,position=free)	zij	
tot	ADP(type=pre)	tot	
eten	NOU-C(number=sg)	eten	
noodigt	VRB(finiteness=fin,tense=pres)	nodigen	
,	PC	,	



De	PD(type=d-p,subtype=art,position=prenom)	de	
kloosterhouten	NOU-C(number=pl)	kloosterhout	
,	PC	,	
welke	PD(type=w-p,position=free)	welk	
op	ADP(type=pre)	op	
de	PD(type=d-p,subtype=art,position=prenom)	de	
kespen	NOU-C(number=pl)	kesp	
…	PC	…	
met	ADP(type=pre)	met	
zoogenaamde	AA(degree=pos,position=prenom)	zogenaamd	
voorloeven	NOU-C(number=pl)	voorloef	
…	PC	…	
ingelaten	VRB(finiteness=pastpart)	inlaten	
…	PC	…	
worden	VRB(finiteness=fin,tense=pres)	worden	
,	PC	,	



Wat	PD(type=w-p,position=free)	wat	
drijft	VRB(finiteness=fin,tense=pres)	drijven	
u	PD(type=pers,position=free)	u	
in	ADP(type=pre)	in	
dit	PD(type=d-p,subtype=oth,position=prenom)	dit	
uur	NOU-C(number=sg)	uur	
…	PC	…	
Nog	ADV(type=reg)	nog	
in	ADP(type=pre)	in	
de	PD(type=d-p,subtype=art,position=prenom)	de	
kluis	NOU-C(number=sg)	kluis	
der	PD(type=d-p,subtype=art,position=prenom)	de	
armen	NOU-C(number=pl)	arme	
?	PC	?	



Ach	INT	ach	
wichtje	NOU-C(number=sg)	wichtje	
!	PC	!	
…	PC	…	
voor	ADP(type=pre)	voor	
mij	PD(type=pers,position=free)	ik	
moet	VRB(finiteness=fin,tense=pres)	moeten	
gij	PD(type=pers,position=free)	gij	
bestaan	VRB(finiteness=inf)	bestaan	
,	PC	,	
Want	CONJ(type=coor)	want	
ik	PD(type=pers,position=free)	ik	
besta	VRB(finiteness=fin,tense=pres)	bestaan	
voor	ADP(type=pre)	voor	
u	PD(type=pers,position=free)	u	
—	PC	—	
gij	PD(type=pers,position=free)	gij	
kluistert	VRB(finiteness=fin,tense=pres)	kluisteren	
mij	PD(type=pers,position=free)	ik	
aan	ADP(type=pre)	aan	
de	PD(type=d-p,subtype=art,position=prenom)	de	
aarde	NOU-C(number=sg)	aarde	
,	PC	,	



”	PC	”	
Voor	ADP(type=pre)	voor	
de	PD(type=d-p,subtype=art,position=prenom)	de	
Heeren	NOU-C(number=pl)	heer	
hier	ADV(type=reg)	hier	
,	PC	,	
zou	VRB(finiteness=fin,tense=past)	zullen	
't	PD(type=pers,position=free)	het	
er	ADV(type=reg)	er	
te	ADV(type=reg)	te	
commun	AA(degree=pos,position=free)	commuun	
wezen	VRB(finiteness=inf)	wezen	
.”	PC	.”	
”	PC	”	
Zoo	INT	zo	
!”	PC	!”	
zei	VRB(finiteness=fin,tense=past)	zeggen	
Karoline	NOU-P	Karoline	
,	PC	,	
…	PC	…	
”	PC	”	
ik	PD(type=pers,position=free)	ik	
hoop	VRB(finiteness=fin,tense=pres)	hopen	
niet	ADV(type=reg)	niet	
,	PC	,	
dat	CONJ(type=sub)	dat	
ik	PD(type=pers,position=free)	ik	
mijn	PD(type=poss,position=prenom)	mijn	
Heer	NOU-C(number=sg)	heer	
veraffronteerd	VRB(finiteness=pastpart)	veraffronteren	
heb	VRB(finiteness=fin,tense=pres)	hebben	
:	PC	:	
anders	ADV(type=reg)	anders	
,	PC	,	
ik	PD(type=pers,position=free)	ik	
zeg	VRB(finiteness=fin,tense=pres)	zeggen	
niet	ADV(type=reg)	niet	
,	PC	,	
of	CONJ(type=sub)	of	
er	ADV(type=reg)	er	
lozeeren	VRB(finiteness=fin,tense=pres)	logeren	
ook	ADV(type=reg)	ook	
wel	ADV(type=reg)	wel	
knappe	AA(degree=pos,position=prenom)	knap	
menschen	NOU-C(number=pl)	mens	
in	ADP(type=pre)	in	
den	PD(type=d-p,subtype=art,position=prenom)	de	
Roemer	NOU-C(number=sg)	roemer	
”,	PC	”,	



Bezat	VRB(finiteness=fin,tense=past)	bezitten	
ik	PD(type=pers,position=free)	ik	
kroon	NOU-C(number=sg)	kroon	
en	CONJ(type=coor)	en	
koningsstaf	NOU-C(number=sg)	koningsstaf	
,	PC	,	
Ik	PD(type=pers,position=free)	ik	
stond	VRB(finiteness=fin,tense=past)	afstaan	mw_292536
voor	ADP(type=pre)	voor	
u	PD(type=pers,position=free)	u	
mijn	PD(type=poss,position=prenom)	mijn	
scepter	NOU-C(number=sg)	scepter	
af	VRB(finiteness=fin,tense=past)	afstaan	mw_292536
,	PC	,	



Dit	PD(type=d-p,subtype=oth,position=prenom)	dit	
alles	PD(type=indef,position=free)	alles	
…	PC	…	
deed	VRB(finiteness=fin,tense=past)	doen	
hen	PD(type=pers,position=free)	zij	
knersetanden	VRB(finiteness=inf)	knarsetanden	
tegen	ADP(type=pre)	tegen	
de	PD(type=d-p,subtype=art,position=prenom)	de	
dwingelandij	NOU-C(number=sg)	dwingelandij	
dier	PD(type=d-p,subtype=oth,position=prenom)	die	
vreemdelingen	NOU-C(number=pl)	vreemdeling	
,	PC	,	



Mijn	PD(type=poss,position=prenom)	mijn	
hoogste	AA(degree=sup,position=prenom)	hoog	
liefhebberij	NOU-C(number=sg)	liefhebberij	
op	ADP(type=pre)	op	
zulke	PD(type=d-p,subtype=oth,position=prenom)	zulk	
partijen	NOU-C(number=pl)	partij	
is	VRB(finiteness=fin,tense=pres)	zijn	
—	PC	—	
dat	CONJ(type=sub)	dat	
ik	PD(type=pers,position=free)	ik	
de	PD(type=d-p,subtype=art,position=prenom)	de	
jonge	AA(degree=pos,position=prenom)	jong	
Heertjes	NOU-C(number=pl)	heertje	
van	ADP(type=pre)	van	
spijt	NOU-C(number=sg)	spijt	
doe	VRB(finiteness=fin,tense=pres)	doen	
knarssetanden	VRB(finiteness=inf)	knarsetanden	
,	PC	,	
en	CONJ(type=coor)	en	
dat	CONJ(type=sub)	dat	
ik	PD(type=pers,position=free)	ik	
de	PD(type=d-p,subtype=art,position=prenom)	de	
meisjes	NOU-C(number=pl)	meisje	
van	ADP(type=pre)	van	
jaloezij	NOU-C(number=sg)	jaloezie	
tegen	ADP(type=pre)	tegen	
elkander	PD(type=recip,position=free)	elkander	
doe	VRB(finiteness=fin,tense=pres)	doen	
gloeijen	VRB(finiteness=inf)	gloeien	
,	PC	,	



Verdrukt	VRB(finiteness=pastpart)	verdrukken	
van	ADP(type=circ)	vanaf	mw_63441
's	PD(type=d-p,subtype=art,position=prenom)	de	
moeders	NOU-C(number=sg)	moeder	
kniën	NOU-C(number=pl)	knie	
af	ADP(type=circ)	vanaf	mw_63441
…;	PC	…;	
Verdrukt	VRB(finiteness=pastpart)	verdrukken	
tot	ADP(type=pre)	tot	
aan	ADP(type=pre)	aan	
den	PD(type=d-p,subtype=art,position=prenom)	de	
rand	NOU-C(number=sg)	rand	
van	ADP(type=pre)	van	
't	PD(type=d-p,subtype=art,position=prenom)	het	
graf	NOU-C(number=sg)	graf	
,	PC	,	
Hef	VRB(finiteness=fin,tense=pres)	aanheffen	mw_887762
ik	PD(type=pers,position=free)	ik	
den	PD(type=d-p,subtype=art,position=prenom)	de	
klaagtoon	NOU-C(number=sg)	klaagtoon	
aan	VRB(finiteness=fin,tense=pres)	aanheffen	mw_887762
(	PC	(	
Klaagzang	NOU-C(number=sg)	klaagzang	
),	PC	),	



Knoeien	VRB(finiteness=inf)	knoeien	
…	PC	…	
wordt	VRB(finiteness=fin,tense=pres)	worden	
in	ADP(type=pre)	in	
't	PD(type=d-p,subtype=art,position=prenom)	het	
Noorden	NOU-C(number=sg)	noorden	
van	ADP(type=pre)	van	
Brugge	NOU-P	Brugge	
gebruikt	VRB(finiteness=pastpart)	gebruiken	
voor	ADP(type=pre)	voor	
Uit	ADP(type=pre)	uit	
moedwil	NOU-C(number=sg)	moedwil	
plagen	NOU-C(number=sg)	plagen	
,	PC	,	
smadelijk	AA(degree=pos,position=free)	smadelijk	
behandelen	NOU-C(number=sg)	behandelen	
…	PC	…	
Hij	PD(type=pers,position=free)	hij	
zoekt	VRB(finiteness=fin,tense=pres)	zoeken	
zijnen	PD(type=poss,position=prenom)	zijn	
gebuur	NOU-C(number=sg)	gebuur	
te	ADP(type=pre)	te	
knoeien	VRB(finiteness=inf)	knoeien	
overal	ADV(type=reg)	overal	
waar	ADV(type=reg)	waar	
hij	PD(type=pers,position=free)	hij	
kan	VRB(finiteness=fin,tense=pres)	kunnen	
,	PC	,	



De	PD(type=d-p,subtype=art,position=prenom)	de	
waardin	NOU-C(number=sg)	waardin	
,	PC	,	
een	PD(type=indef,subtype=art,position=prenom)	een	
…	PC	…	
athletisch	AA(degree=pos,position=free)	atletisch	
gebouwd	AA(degree=pos,position=prenom)	gebouwd	
vrouwspersoon	NOU-C(number=sg)	vrouwspersoon	
,	PC	,	
had	VRB(finiteness=fin,tense=past)	hebben	
de	PD(type=d-p,subtype=art,position=prenom)	de	
gewoonte	NOU-C(number=sg)	gewoonte	
hare	PD(type=poss,position=prenom)	haar	
knoken	NOU-C(number=pl)	knook	
te	ADP(type=pre)	te	
doen	VRB(finiteness=inf)	doen	
nederkomen	VRB(finiteness=inf)	nederkomen	
op	ADP(type=pre)	op	
het	PD(type=d-p,subtype=art,position=prenom)	het	
hoofd	NOU-C(number=sg)	hoofd	
der	PD(type=d-p,subtype=art,position=prenom)	de	
arme	AA(degree=pos,position=prenom)	arm	
maarte	NOU-C(number=sg)	maarte	
,	PC	,	



Te	ADP(type=pre)	te	
H.	NOU-P(WF=abbr)	H.	
wordt	VRB(finiteness=fin,tense=pres)	worden	
op	ADP(type=pre)	op	
kermis	NOU-C(number=sg)	kermis	
naar	ADP(type=pre)	naar	
de	PD(type=d-p,subtype=art,position=prenom)	de	
schijf	NOU-C(number=sg)	schijf	
geschoten	VRB(finiteness=pastpart)	schieten	
.	PC	.	
…	PC	…	
Geen	PD(type=indef,subtype=oth,position=prenom)	geen	
vreemde	NOU-C(number=sg)	vreemde	
mag	VRB(finiteness=fin,tense=pres)	mogen	
er	ADV(type=reg)	er	
meêdoen	VRB(finiteness=inf)	mededoen	
,	PC	,	
althans	ADV(type=reg)	althans	
niet	ADV(type=reg)	niet	
naar	ADP(type=pre)	naar	
't	PD(type=d-p,subtype=art,position=prenom)	het	
koningschap	NOU-C(number=sg)	koningschap	
dingen	VRB(finiteness=inf)	dingen	
,	PC	,	



Die	PD(type=d-p,subtype=oth,position=prenom)	die	
walgelijke	AA(degree=pos,position=prenom)	walgelijk	
dronkaard	NOU-C(number=sg)	dronkaard	
…,	PC	…,	
die	PD(type=d-p,subtype=oth,position=prenom)	die	
gevallen	AA(degree=pos,position=prenom)	gevallen	
engel	NOU-C(number=sg)	engel	
,	PC	,	
die	PD(type=d-p,position=free)	die	
gewoonlijk	AA(degree=pos,position=free)	gewoonlijk	
een	PD(type=indef,subtype=art,position=prenom)	een	
glas	NOU-C(number=sg)	glas	
jenever	NOU-C(number=sg)	jenever	
boven	ADP(type=pre)	boven	
de	PD(type=d-p,subtype=art,position=prenom)	de	
geringe	AA(degree=pos,position=prenom)	gering	
koopsom	NOU-C(number=sg)	koopsom	
bedong	VRB(finiteness=fin,tense=past)	bedingen	
,	PC	,	



Indien	CONJ(type=sub)	indien	
wij	PD(type=pers,position=free)	wij	
slechts	ADV(type=reg)	slechts	
het	PD(type=d-p,subtype=art,position=prenom)	het	
licht	NOU-C(number=sg)	licht	
onzer	PD(type=poss,position=prenom)	ons	
rede	NOU-C(number=sg)	rede	
…	PC	…	
niet	ADV(type=reg)	niet	
moedwillig	AA(degree=pos,position=free)	moedwillig	
,	PC	,	
uit	ADP(type=pre)	uit	
overmoed	NOU-C(number=sg)	overmoed	
of	CONJ(type=coor)	of	
moedeloosheid	NOU-C(number=sg)	moedeloosheid	
,	PC	,	
van	ADP(type=pre)	van	
ons	PD(type=refl,position=free)	ons	
afstooten	VRB(finiteness=fin,tense=pres)	afstoten	
,	PC	,	



De	PD(type=d-p,subtype=art,position=prenom)	de	
koorzangen	NOU-C(number=pl)	koorzang	
in	ADP(type=pre)	in	
Sophocles	NOU-P	Sophocles	
,	PC	,	
hoe	ADV(type=reg)	hoe	
gaat	VRB(finiteness=fin,tense=pres)	gaan	
het	PD(type=pers,position=free)	het	
u	PD(type=pers,position=free)	u	
daarmede	ADV(type=pron)	daarmede	
?	PC	?	
—	PC	—	
Ik	PD(type=pers,position=free)	ik	
moet	VRB(finiteness=fin,tense=pres)	moeten	
bekennen	VRB(finiteness=inf)	bekennen	
dat	CONJ(type=sub)	dat	
ik	PD(type=pers,position=free)	ik	
die	PD(type=d-p,subtype=oth,position=prenom)	die	
koorgezangen	NOU-C(number=pl)	koorgezang	
in	ADP(type=pre)	in	
de	PD(type=d-p,subtype=art,position=prenom)	de	
oude	AA(degree=pos,position=prenom)	oud	
Treurspelen	NOU-C(number=pl)	treurspel	
lastige	AA(degree=pos,position=prenom)	lastig	
dingen	NOU-C(number=pl)	ding	
vind	VRB(finiteness=fin,tense=pres)	vinden	
,	PC	,	



Het	PD(type=d-p,subtype=art,position=prenom)	het	
verhaal	NOU-C(number=sg)	verhaal	
begint	VRB(finiteness=fin,tense=pres)	beginnen	
telkens	ADV(type=reg)	telkens	
op	ADP(type=pre)	op	
de	PD(type=d-p,subtype=art,position=prenom)	de	
manier	NOU-C(number=sg)	manier	
van	ADP(type=pre)	van	
een	PD(type=indef,subtype=art,position=prenom)	een	
kind	NOU-C(number=sg)	kind	
,	PC	,	
kort-ademig	AA(degree=pos,position=free)	kortademig	
,	PC	,	
hortend	VRB(finiteness=prespart)	horten	
en	CONJ(type=coor)	en	
stootend	VRB(finiteness=prespart)	stoten	
:	PC	:	
en	CONJ(type=coor)	en	
toen	ADV(type=reg)	toen	
—	PC	—	
en	CONJ(type=coor)	en	
toen	ADV(type=reg)	toen	
,	PC	,	



De	PD(type=d-p,subtype=art,position=prenom)	de	
arbeiders	NOU-C(number=pl)	arbeider	
werken	VRB(finiteness=fin,tense=pres)	werken	
's	PD(type=d-p,subtype=art,position=prenom)	de	
zomers	NOU-C(number=sg)	zomer	
op	ADP(type=pre)	op	
eigen	AA(degree=pos,position=prenom)	eigen	
kost	NOU-C(number=sg)	kost	
van	ADP(type=pre)	van	
's	PD(type=d-p,subtype=art,position=prenom)	de	
morgens	NOU-C(number=sg)	morgen	
6	NUM(type=card,position=prenom,representation=dig)	zes	
uur	NOU-C(number=sg)	uur	
tot	ADP(type=pre)	tot	
's	PD(type=d-p,subtype=art,position=prenom)	de	
namiddags	NOU-C(number=sg)	namiddag	
2	NUM(type=card,position=prenom,representation=dig)	twee	
of	CONJ(type=coor)	of	
3	NUM(type=card,position=prenom,representation=dig)	drie	
uur	NOU-C(number=sg)	uur	
,	PC	,	
met	ADP(type=pre)	met	
één	NUM(type=card,position=prenom,representation=let)	een	
uur	NOU-C(number=sg)	uur	
schafttijd	NOU-C(number=sg)	schafttijd	
tot	ADP(type=pre)	tot	
4	NUM(type=card,position=prenom,representation=dig)	vier	
uur	NOU-C(number=sg)	uur	
,	PC	,	



Zij	PD(type=pers,position=free)	zij	
had	VRB(finiteness=fin,tense=past)	hebben	
zich	PD(type=refl,position=free)	zich	
slechts	ADV(type=reg)	slechts	
ten	ADP(type=pre)+PD(type=d-p,subtype=art,position=prenom)	te+de	
koste	NOU-C(number=sg)	kost	
van	ADP(type=pre)	van	
dien	PD(type=d-p,subtype=oth,position=prenom)	die	
kring	NOU-C(number=sg)	kring	
geamuzeerd	VRB(finiteness=pastpart)	amuseren	
,	PC	,	



Alle	PD(type=indef,subtype=oth,position=prenom)	al	
Jagten	NOU-C(number=pl)	jacht	
,	PC	,	
Boeijers	NOU-C(number=pl)	boeier	
…,	PC	…,	
Kottertjes	NOU-C(number=pl)	kottertje	
…,	PC	…,	
en	CONJ(type=coor)	en	
alle	PD(type=indef,subtype=oth,position=prenom)	al	
andere	PD(type=indef,subtype=oth,position=prenom)	ander	
Vaartuigen	NOU-C(number=pl)	vaartuig	
,	PC	,	
tot	ADP(type=pre)	tot	
vermaak	NOU-C(number=sg)	vermaak	
ingerigt	AA(degree=pos,position=free)	ingericht	
of	CONJ(type=coor)	of	
geschikt	AA(degree=pos,position=free)	geschikt	
,	PC	,	



Hoe	ADV(type=reg)	hoe	
weinig	PD(type=indef,subtype=oth,position=prenom)	weinig	
licht	NOU-C(number=sg)	licht	
door	ADP(type=pre)	door	
het	PD(type=d-p,subtype=art,position=prenom)	het	
venster	NOU-C(number=sg)	venster	
en	CONJ(type=coor)	en	
door	ADP(type=pre)	door	
het	PD(type=d-p,subtype=art,position=prenom)	het	
kozijntjen	NOU-C(number=sg)	kozijntje	
boven	ADP(type=pre)	boven	
de	PD(type=d-p,subtype=art,position=prenom)	de	
deur	NOU-C(number=sg)	deur	
ook	ADV(type=reg)	ook	
naar	ADP(type=pre)	naar	
binnen	ADV(type=reg)	binnen	
viel	VRB(finiteness=fin,tense=past)	vallen	
,	PC	,	



Hoe	ADV(type=reg)	hoe	
hard	AA(degree=pos,position=free)	hard	
een	PD(type=indef,subtype=art,position=prenom)	een	
bast	NOU-C(number=sg)	bast	
haar	PD(type=pers,position=free)	zij	
moge	VRB(finiteness=fin,tense=pres)	mogen	
omhullen	VRB(finiteness=inf)	omhullen	
,	PC	,	
De	PD(type=d-p,subtype=art,position=prenom)	de	
pit	NOU-C(number=sg)	pit	
beloont	VRB(finiteness=fin,tense=pres)	belonen	
hem	PD(type=pers,position=free)	hij	
die	PD(type=d-p,position=free)	die	
haar	PD(type=pers,position=free)	zij	
kraakt	VRB(finiteness=fin,tense=pres)	kraken	
,	PC	,	



Toen	CONJ(type=sub)	toen	
…	PC	…	
zijn	PD(type=poss,position=prenom)	zijn	
krankbed	NOU-C(number=sg)	krankbed	
gedreigd	VRB(finiteness=pastpart)	dreigen	
had	VRB(finiteness=fin,tense=past)	hebben	
zijn	PD(type=poss,position=prenom)	zijn	
sterfbed	NOU-C(number=sg)	sterfbed	
te	ADP(type=pre)	te	
zullen	VRB(finiteness=inf)	zullen	
worden	VRB(finiteness=inf)	worden	
,	PC	,	



Die	PD(type=d-p,position=free)	die	
wil	VRB(finiteness=fin,tense=pres)	willen	
reizen	VRB(finiteness=inf)	reizen	
om	ADP(type=pre)	om	
zich	PD(type=refl,position=free)	zich	
te	ADP(type=pre)	te	
verlustigen	VRB(finiteness=inf)	verlustigen	
,	PC	,	
mag	VRB(finiteness=fin,tense=pres)	mogen	
van	ADP(type=pre)	van	
krapkrap	AA(degree=pos,position=free)+AA(degree=pos,position=free)	krap+krap	
niet	ADV(type=reg)	niet	
weten	VRB(finiteness=inf)	weten	
,	PC	,	



Helaas	INT	helaas	
,	PC	,	
wie	PD(type=w-p,position=free)	wie	
ooit	ADV(type=reg)	ooit	
u	PD(type=pers,position=free)	u	
wil	VRB(finiteness=fin,tense=pres)	willen	
verneeren	VRB(finiteness=inf)	vernederen	
,	PC	,	
Onze	PD(type=poss,position=prenom)	ons	
afgestreden	AA(degree=pos,position=prenom)	afgestreden	
vuist	NOU-C(number=sg)	vuist	
zal	VRB(finiteness=fin,tense=pres)	zullen	
u	PD(type=pers,position=free)	u	
niet	ADV(type=reg)	niet	
meer	ADV(type=reg)	meer	
verweren	VRB(finiteness=inf)	verweren	
,	PC	,	



De	PD(type=d-p,subtype=art,position=prenom)	de	
tafelvreugd	NOU-C(number=sg)	tafelvreugde	
vangt	VRB(finiteness=fin,tense=pres)	aanvangen	mw_341043
aan	VRB(finiteness=fin,tense=pres)	aanvangen	mw_341043
:	PC	:	
men	PD(type=pers,position=free)	men	
houdt	VRB(finiteness=fin,tense=pres)	houden	
er	ADV(type=reg)	er	
wijze	AA(degree=pos,position=prenom)	wijs	
reden	NOU-C(number=sg)	reden	
',	PC	',	
Gekruid	VRB(finiteness=pastpart)	kruiden	
door	ADP(type=pre)	door	
heusche	AA(degree=pos,position=prenom)	heus	
boert	NOU-C(number=sg)	boerde	
,	PC	,	



Wie	PD(type=w-p,position=free)	wie	
op	ADP(type=pre)	op	
Uw	PD(type=poss,position=prenom)	uw	
weg	NOU-C(number=sg)	weg	
verschijnt	VRB(finiteness=fin,tense=pres)	verschijnen	
,	PC	,	
zal	VRB(finiteness=fin,tense=pres)	zullen	
't	PD(type=d-p,subtype=art,position=prenom)	het	
vonnis	NOU-C(number=sg)	vonnis	
niet	ADV(type=reg)	niet	
ontkomen	VRB(finiteness=inf)	ontkomen	
,	PC	,	
Maar	CONJ(type=coor)	maar	
draagt	VRB(finiteness=fin,tense=pres)	nadragen	mw_575751
,	PC	,	
als	CONJ(type=sub)	als	
Simon	NOU-P	Simon	
,	PC	,	
straks	ADV(type=reg)	straks	
U	PD(type=pers,position=free)	u	
't	PD(type=d-p,subtype=art,position=prenom)	het	
zware	AA(degree=pos,position=prenom)	zwaar	
kruishout	NOU-C(number=sg)	kruishout	
na	VRB(finiteness=fin,tense=pres)	nadragen	mw_575751
,	PC	,	



Ik	PD(type=pers,position=free)	ik	
…	PC	…	
kies	VRB(finiteness=fin,tense=pres)	kiezen	
in	ADP(type=pre)	in	
den	PD(type=d-p,subtype=art,position=prenom)	de	
kruiddamp	NOU-C(number=sg)	kruitdamp	
mijn	PD(type=poss,position=prenom)	mijn	
mikpunt	NOU-C(number=sg)	mikpunt	
en	CONJ(type=coor)	en	
doel	NOU-C(number=sg)	doel	
,	PC	,	



De	PD(type=d-p,subtype=art,position=prenom)	de	
zaal	NOU-C(number=sg)	zaal	
is	VRB(finiteness=fin,tense=pres)	zijn	
te	ADV(type=reg)	te	
klein	AA(degree=pos,position=free)	klein	
,	PC	,	
de	PD(type=d-p,subtype=art,position=prenom)	de	
heeren	NOU-C(number=pl)	heer	
kunnen	VRB(finiteness=fin,tense=pres)	kunnen	
heen	ADV(type=reg)	heen	
noch	CONJ(type=coor)	noch	
weder	ADV(type=reg)	weder	
,	PC	,	



Voor	ADP(type=pre)	voor	
hem	PD(type=pers,position=free)	hij	
ligt	VRB(finiteness=fin,tense=pres)	liggen	
een	PD(type=indef,subtype=art,position=prenom)	een	
brief	NOU-C(number=sg)	brief	
van	ADP(type=pre)	van	
den	PD(type=d-p,subtype=art,position=prenom)	de	
vriend	NOU-C(number=sg)	vriend	
uit	ADP(type=pre)	uit	
het	PD(type=d-p,subtype=art,position=prenom)	het	
zweetkamertje	NOU-C(number=sg)	zweetkamertje	
,	PC	,	
die	PD(type=d-p,position=free)	die	
hem	PD(type=pers,position=free)	hij	
meldt	VRB(finiteness=fin,tense=pres)	melden	
,	PC	,	
dat	CONJ(type=sub)	dat	
hij	PD(type=pers,position=free)	hij	
het	PD(type=d-p,subtype=art,position=prenom)	het	
hart	NOU-C(number=sg)	hart	
van	ADP(type=pre)	van	
den	PD(type=d-p,subtype=art,position=prenom)	de	
kolonel	NOU-C(number=sg)	kolonel	
vermurwd	VRB(finiteness=pastpart)	vermurwen	
heeft	VRB(finiteness=fin,tense=pres)	hebben	
.	PC	.	
…	PC	…	
Hij	PD(type=pers,position=free)	hij	
kan	VRB(finiteness=fin,tense=pres)	kunnen	
niet	ADV(type=reg)	niet	
nalaten	VRB(finiteness=inf)	nalaten	
er	ADV(type=pron)	erbij	mw_97918
bij	ADV(type=pron)	erbij	mw_97918
te	ADP(type=pre)	te	
berichten	VRB(finiteness=inf)	berichten	
,	PC	,	
dat	CONJ(type=sub)	dat	



Een	PD(type=indef,subtype=art,position=prenom)	een	
standbeeld	NOU-C(number=sg)	standbeeld	
van	ADP(type=pre)	van	
Minerva	NOU-P	Minerva	
…,	PC	…,	
meesterstuk	NOU-C(number=sg)	meesterstuk	
van	ADP(type=pre)	van	
Fidias	NOU-P	Fidias	
,	PC	,	
door	ADP(type=pre)	door	
niets	PD(type=indef,position=free)	niets	
dan	CONJ(type=coor)	dan	
door	ADP(type=pre)	door	
den	PD(type=d-p,subtype=art,position=prenom)	de	
Jupiter	NOU-P	Jupiter	
Olympius	NOU-P	Olympius	
van	ADP(type=pre)	van	
denzelfden	PD(type=d-p,subtype=oth,position=prenom)	dezelfde	
kunstenaar	NOU-C(number=sg)	kunstenaar	
op	ADP(type=pre)	op	
zijde	NOU-C(number=sg)	zijde	
gestreefd	VRB(finiteness=pastpart)	streven	
,	PC	,	



Die	PD(type=d-p,subtype=oth,position=prenom)	die	
partijdigheid	NOU-C(number=sg)	partijdigheid	
terug	VRB(finiteness=inf)	terugvinden	mw_185468
te	ADP(type=pre)	te	
vinden	VRB(finiteness=inf)	terugvinden	mw_185468
in	ADP(type=pre)	in	
een	PD(type=indef,subtype=art,position=prenom)	een	
geschiedboek	NOU-C(number=sg)	geschiedboek	
…	PC	…	
ergerde	VRB(finiteness=fin,tense=past)	ergeren	
het	PD(type=d-p,subtype=art,position=prenom)	het	
eerlijke	AA(degree=pos,position=prenom)	eerlijk	
volkskarakter	NOU-C(number=sg)	volkskarakter	
.	PC	.	
En	CONJ(type=coor)	en	
naar	CONJ(type=sub)	naarmate	mw_969176
mate	CONJ(type=sub)	naarmate	mw_969176
de	PD(type=d-p,subtype=art,position=prenom)	de	
kwaal	NOU-C(number=sg)	kwaal	
algemeener	AA(degree=comp,position=free)	algemeen	
was	VRB(finiteness=fin,tense=past)	zijn	
,	PC	,	
was	VRB(finiteness=fin,tense=past)	zijn	
ons	PD(type=poss,position=prenom)	ons	
publiek	NOU-C(number=sg)	publiek	
achterdochtiger	AA(degree=comp,position=free)	achterdochtig	
in	ADP(type=pre)	in	
het	PD(type=d-p,subtype=art,position=prenom)	het	
onderstellen	NOU-C(number=sg)	onderstellen	
…	PC	…	
van	ADP(type=pre)	van	
haar	PD(type=poss,position=prenom)	haar	
verschijnselen	NOU-C(number=pl)	verschijnsel	
,	PC	,	



De	PD(type=d-p,subtype=art,position=prenom)	de	
zolder	NOU-C(number=sg)	zolder	
kwakt	VRB(finiteness=fin,tense=pres)	kwakken	
onder	ADP(type=pre)	onder	
't	PD(type=d-p,subtype=art,position=prenom)	het	
gewicht	NOU-C(number=sg)	gewicht	
van	ADP(type=pre)	van	
't	PD(type=d-p,subtype=art,position=prenom)	het	
graan	NOU-C(number=sg)	graan	
,	PC	,	



En	CONJ(type=coor)	en	
,	PC	,	
had	VRB(finiteness=fin,tense=past)	hebben	
een	PD(type=indef,subtype=art,position=prenom)	een	
zachte	AA(degree=pos,position=prenom)	zacht	
wind	NOU-C(number=sg)	wind	
heur	PD(type=poss,position=prenom)	haar	
hair	NOU-C(number=sg)	haar	
niet	ADV(type=reg)	niet	
uitgespreid	VRB(finiteness=pastpart)	uitspreiden	
,	PC	,	
En	CONJ(type=coor)	en	
't	PD(type=d-p,subtype=art,position=prenom)	het	
oog	NOU-C(number=sg)	oog	
geen	PD(type=indef,subtype=oth,position=prenom)	geen	
stille	AA(degree=pos,position=prenom)	stil	
traan	NOU-C(number=sg)	traan	
gepareld	VRB(finiteness=pastpart)	parelen	
af	VRB(finiteness=inf)	afstromen	mw_520494
doen	VRB(finiteness=inf)	doen	
stroomen	VRB(finiteness=inf)	afstromen	mw_520494
,	PC	,	
Hy	PD(type=pers,position=free)	hij	
had	VRB(finiteness=fin,tense=past)	hebben	
ze	PD(type=pers,position=free)	zij	
voor	ADP(type=pre)	voor	
geen	PD(type=indef,subtype=oth,position=prenom)	geen	
maagd	NOU-C(number=sg)	maagd	
,	PC	,	
maar	CONJ(type=coor)	maar	
marmren	AA(degree=pos,position=prenom)	marmeren	
beeld	NOU-C(number=sg)	beeld	
genomen	VRB(finiteness=pastpart)	nemen	
,	PC	,	



Toch	ADV(type=reg)	toch	
had	VRB(finiteness=fin,tense=past)	hebben	
de	PD(type=d-p,subtype=art,position=prenom)	de	
Post	NOU-C(number=sg)	post	
een	PD(type=indef,subtype=art,position=prenom)	een	
zeer	AA(degree=pos,position=free)	zeer	
groote	AA(degree=pos,position=prenom)	groot	
oplage	NOU-C(number=sg)	oplage	
…,	PC	…,	
terwijl	CONJ(type=sub)	terwijl	
de	PD(type=d-p,subtype=art,position=prenom)	de	
Patriot	NOU-C(number=sg)	patriot	
gedurende	ADP(type=pre)	gedurende	
zijn	PD(type=poss,position=prenom)	zijn	
kwijnend	AA(degree=pos,position=prenom)	kwijnend	
bestaan	NOU-C(number=sg)	bestaan	
het	PD(type=d-p,subtype=art,position=prenom)	het	
niet	ADV(type=reg)	niet	
dan	ADV(type=reg)	dan	
met	ADP(type=pre)	met	
moeite	NOU-C(number=sg)	moeite	
tot	ADP(type=pre)	tot	
700	NUM(type=card,position=prenom,representation=dig)	zevenhonderd	
(	PC	(	
exemplaren	NOU-C(number=pl)	exemplaar	
)	PC	)	
kon	VRB(finiteness=fin,tense=past)	kunnen	
brengen	VRB(finiteness=inf)	brengen	
,	PC	,	



Na	ADP(type=pre)	na	
twee	NUM(type=card,position=prenom,representation=let)	twee	
uren	NOU-C(number=pl)	uur	
gespeeld	VRB(finiteness=pastpart)	spelen	
te	ADP(type=pre)	te	
hebben	VRB(finiteness=inf)	hebben	
,	PC	,	
stonden	VRB(finiteness=fin,tense=past)	staan	
wij	PD(type=pers,position=free)	wij	
kwijte	AA(degree=pos,position=free)	kwijt	
,	PC	,	



De	PD(type=d-p,subtype=art,position=prenom)	de	
aarde	NOU-C(number=sg)	aarde	
rust	VRB(finiteness=fin,tense=pres)	rusten	
en	CONJ(type=coor)	en	
slaapt	VRB(finiteness=fin,tense=pres)	slapen	
(	PC	(	
in	ADP(type=pre)	in	
den	PD(type=d-p,subtype=art,position=prenom)	de	
winter	NOU-C(number=sg)	winter	
)	PC	)	
…	PC	…	
Haar	PD(type=poss,position=prenom)	haar	
prachtvol	AA(degree=pos,position=prenom)	prachtvol	
schoon	NOU-C(number=sg)	schoon	
had	VRB(finiteness=fin,tense=past)	hebben	
uitgebloeid	VRB(finiteness=pastpart)	uitbloeien	
;	PC	;	
Haar	PD(type=poss,position=prenom)	haar	
laatste	AA(degree=sup,position=prenom)	laat	
vonk	NOU-C(number=sg)	vonk	
was	VRB(finiteness=fin,tense=past)	zijn	
doorgegloeid	VRB(finiteness=pastpart)	doorgloeien	
,	PC	,	



Wat	PD(type=excl,position=free)	wat	
al	ADV(type=reg)	al	
lonkjes	NOU-C(number=pl)	lonkje	
,	PC	,	
wat	PD(type=excl,position=free)	wat	
al	ADV(type=reg)	al	
lachjes	NOU-C(number=pl)	lachje	
,	PC	,	
Bij	ADP(type=pre)	bij	
de	PD(type=d-p,subtype=art,position=prenom)	de	
lacy's	NOU-C(number=pl)	laci	
en	CONJ(type=coor)	en	
bij	ADP(type=pre)	bij	
de	PD(type=d-p,subtype=art,position=prenom)	de	
achjes	NOU-C(number=pl)	achje	
,	PC	,	
Heeft	VRB(finiteness=fin,tense=pres)	hebben	
het	PD(type=d-p,subtype=art,position=prenom)	het	
dierbaar	AA(degree=pos,position=prenom)	dierbaar	
jawoord	NOU-C(number=sg)	jawoord	
in	VRB(finiteness=fin,tense=pres)	inhebben	
!	PC	!	



Een	PD(type=indef,subtype=art,position=prenom)	een	
schip	NOU-C(number=sg)	schip	
,	PC	,	
dat	PD(type=d-p,position=free)	dat	
…	PC	…	
Een	PD(type=indef,subtype=art,position=prenom)	een	
lading	NOU-C(number=sg)	lading	
had	VRB(finiteness=fin,tense=past)	hebben	
voor	ADP(type=pre)	voor	
Corfu	NOU-P	Corfu	
ingenomen	VRB(finiteness=pastpart)	innemen	
,	PC	,	



Zijn	PD(type=poss,position=prenom)	zijn	
wilde	AA(degree=pos,position=prenom)	wild	
blik	NOU-C(number=sg)	blik	
…,	PC	…,	
Die	PD(type=d-p,position=free)	die	
me	PD(type=pers,position=free)	ik	
rillen	VRB(finiteness=inf)	rillen	
doet	VRB(finiteness=fin,tense=pres)	doen	
en	CONJ(type=coor)	en	
beven	VRB(finiteness=inf)	beven	
,	PC	,	
En	CONJ(type=coor)	en	
met	ADP(type=pre)	met	
lamheid	NOU-C(number=sg)	lamheid	
dreigt	VRB(finiteness=fin,tense=pres)	dreigen	
te	ADP(type=pre)	te	
slaan	VRB(finiteness=inf)	slaan	
,	PC	,	



Den	PD(type=d-p,subtype=art,position=prenom)	de	
hoogen	AA(degree=pos,position=prenom)	hoog	
top	NOU-C(number=sg)	top	
Eens	PD(type=indef,subtype=art,position=prenom)	een	
groenbewassen	AA(degree=pos,position=prenom)	groenbewassen	
heuvels	NOU-C(number=sg)	heuvel	
…,	PC	…,	
Vanwaar	ADV(type=pron)	vanwaar	
ik	PD(type=pers,position=free)	ik	
heel	AA(degree=pos,position=free)	heel	
de	PD(type=d-p,subtype=art,position=prenom)	de	
Betuw	NOU-P	Betuwe	
zag	VRB(finiteness=fin,tense=past)	zien	
,	PC	,	
Die	PD(type=d-p,position=free)	die	
als	CONJ(type=sub)	als	
een	PD(type=indef,subtype=art,position=prenom)	een	
landkaart	NOU-C(number=sg)	landkaart	
voor	ADP(type=pre)	voor	
mij	PD(type=pers,position=free)	ik	
lag	VRB(finiteness=fin,tense=past)	liggen	
,	PC	,	



Een	PD(type=indef,subtype=art,position=prenom)	een	
schoonmaakster	NOU-C(number=sg)	schoonmaakster	
,	PC	,	
die	PD(type=d-p,position=free)	die	
in	ADP(type=pre)	in	
een	PD(type=indef,subtype=art,position=prenom)	een	
vensterbank	NOU-C(number=sg)	vensterbank	
glazen	NOU-C(number=pl)	glas	
zat	VRB(finiteness=fin,tense=past)	zitten	
te	ADP(type=pre)	te	
lappen	VRB(finiteness=inf)	lappen	
,	PC	,	



De	PD(type=d-p,subtype=art,position=prenom)	de	
bitterheid	NOU-C(number=sg)	bitterheid	
der	PD(type=d-p,subtype=art,position=prenom)	de	
massa	NOU-C(number=sg)	massa	
tegenover	ADP(type=pre)	tegenover	
de	PD(type=d-p,subtype=art,position=prenom)	de	
àl	ADV(type=reg)	al	
te	ADV(type=reg)	te	
braven	NOU-C(number=pl)	brave	
,	PC	,	
en	CONJ(type=coor)	en	
het	PD(type=d-p,subtype=art,position=prenom)	het	
leedvermaak	NOU-C(number=sg)	leedvermaak	
als	CONJ(type=sub)	als	
een	NUM(type=card,position=free,representation=let)	een	
van	ADP(type=pre)	van	
deze	PD(type=d-p,position=free)	deze	
eens	ADV(type=reg)	eens	
komt	VRB(finiteness=fin,tense=pres)	komen	
te	ADP(type=pre)	te	
struikelen	VRB(finiteness=inf)	struikelen	
,	PC	,	
is	VRB(finiteness=fin,tense=pres)	zijn	
minder	ADV(type=reg)	minder	
groot	AA(degree=pos,position=prenom)	groot	
onrecht	NOU-C(number=sg)	onrecht	
dan	CONJ(type=coor)	dan	
het	PD(type=pers,position=free)	het	
lijkt	VRB(finiteness=fin,tense=pres)	lijken	
,	PC	,	



Daar	CONJ(type=sub)	daar	
gezindheid	NOU-C(number=sg)	gezindheid	
hare	PD(type=poss,position=prenom)	haar	
staatkundige	AA(degree=pos,position=prenom)	staatkundig	
leerstelsels	NOU-C(number=pl)	leerstelsel	
aan	ADP(type=pre)	aan	
de	PD(type=d-p,subtype=art,position=prenom)	de	
Fransche	AA(degree=pos,position=prenom)	Frans	
omwenteling	NOU-C(number=sg)	omwenteling	
ontleende	VRB(finiteness=fin,tense=past)	ontlenen	
,	PC	,	
vond	VRB(finiteness=fin,tense=past)	vinden	
zij	PD(type=pers,position=free)	zij	
geenen	PD(type=indef,subtype=oth,position=prenom)	geen	
aanhang	NOU-C(number=sg)	aanhang	
onder	ADP(type=pre)	onder	
het	PD(type=d-p,subtype=art,position=prenom)	het	
volk	NOU-C(number=sg)	volk	
,	PC	,	
alhoewel	CONJ(type=sub)	alhoewel	
het	PD(type=d-p,subtype=art,position=prenom)	het	
geheele	AA(degree=pos,position=prenom)	geheel	
leger	NOU-C(number=sg)	leger	
haar	PD(type=pers,position=free)	zij	
toegedaan	VRB(finiteness=pastpart)	toedoen	
was	VRB(finiteness=fin,tense=past)	zijn	
,	PC	,	



Den	PD(type=d-p,subtype=art,position=prenom)	de	
nevel	NOU-C(number=sg)	nevel	
,	PC	,	
die	PD(type=d-p,position=free)	die	
als	CONJ(type=sub)	als	
zachte	AA(degree=pos,position=prenom)	zacht	
druppels	NOU-C(number=pl)	druppel	
langs	ADP(type=pre)	langs	
de	PD(type=d-p,subtype=art,position=prenom)	de	
stammen	NOU-C(number=pl)	stam	
leekt	VRB(finiteness=fin,tense=pres)	leken	
,	PC	,	



't	PD(type=d-p,subtype=art,position=prenom)	het	
Hoofd	NOU-C(number=sg)	hoofd	
(	PC	(	
draait	VRB(finiteness=fin,tense=pres)	draaien	
my	PD(type=pers,position=free)	ik	
);	PC	);	
een	PD(type=indef,subtype=art,position=prenom)	een	
stroom	NOU-C(number=sg)	stroom	
van	ADP(type=pre)	van	
verzen	NOU-C(number=pl)	vers	
is	VRB(finiteness=fin,tense=pres)	zijn	
er	ADV(type=reg)	er	
wêer	ADV(type=reg)	weder	
uitgevloeid	VRB(finiteness=pastpart)	uitvloeien	
in	ADP(type=pre)	in	
vier	NUM(type=card,position=prenom,representation=let)	vier	
of	CONJ(type=coor)	of	
vijf	NUM(type=card,position=prenom,representation=let)	vijf	
weken	NOU-C(number=pl)	week	
tijds	NOU-C(number=sg)	tijd	
,	PC	,	
en	CONJ(type=coor)	en	
sedert	ADV(type=reg)	sedert	
ben	VRB(finiteness=fin,tense=pres)	zijn	
ik	PD(type=pers,position=free)	ik	
weêr	ADV(type=reg)	weder	
stomp	AA(degree=pos,position=free)	stomp	
;	PC	;	
maar	CONJ(type=coor)	maar	
in	ADP(type=pre)	in	
't	PD(type=d-p,subtype=art,position=prenom)	het	
geheel	NOU-C(number=sg)	geheel	
is	VRB(finiteness=fin,tense=pres)	zijn	
de	PD(type=d-p,subtype=art,position=prenom)	de	
sneê	NOU-C(number=sg)	snede	
uit	ADP(type=pre)	uit	
het	PD(type=d-p,subtype=art,position=prenom)	het	
lemmer	NOU-C(number=sg)	lemmer	
,	PC	,	
en	CONJ(type=coor)	en	
ligt	VRB(finiteness=fin,tense=pres)	omliggen	mw_436545
om	VRB(finiteness=fin,tense=pres)	omliggen	mw_436545
,	PC	,	



Stokvisch	NOU-C(number=sg)	stokvis	
…	PC	…	
was	VRB(finiteness=fin,tense=past)	zijn	
een	PD(type=indef,subtype=art,position=prenom)	een	
artikel	NOU-C(number=sg)	artikel	
dat	PD(type=d-p,position=free)	dat	
met	ADP(type=pre)	met	
voordeel	NOU-C(number=sg)	voordeel	
derwaarts	ADV(type=reg)	derwaarts	
plag	VRB(finiteness=fin,tense=past)	plegen	
uitgezonden	VRB(finiteness=pastpart)	uitzenden	
te	ADP(type=pre)	te	
worden	VRB(finiteness=inf)	worden	
.	PC	.	
…	PC	…	
Hoe	ADV(type=reg)	hoe	
meer	PD(type=indef,subtype=oth,position=prenom)	meer	
leng	NOU-C(number=sg)	leng	
,	PC	,	
hoe	ADV(type=reg)	hoe	
profijtelijker	AA(degree=comp,position=free)	profijtelijk	
;	PC	;	
vooral	ADV(type=reg)	vooral	
indien	CONJ(type=sub)	indien	
men	PD(type=pers,position=free)	men	
zorg	NOU-C(number=sg)	zorg	
droeg	VRB(finiteness=fin,tense=past)	dragen	
te	ADP(type=pre)	te	
Genua	NOU-P	Genua	
aan	VRB(finiteness=inf)	aankomen	mw_895250
te	ADP(type=pre)	te	
komen	VRB(finiteness=inf)	aankomen	mw_895250
…	PC	…	
in	ADP(type=pre)	in	
het	PD(type=d-p,subtype=art,position=prenom)	het	
begin	NOU-C(number=sg)	begin	
der	PD(type=d-p,subtype=art,position=prenom)	de	
groote	AA(degree=pos,position=prenom)	groot	
Vasten	NOU-C(number=sg)	vasten	
,	PC	,	



Arlequin	NOU-P	Harlekijn	
…	PC	…	
wist	VRB(finiteness=fin,tense=past)	weten	
den	PD(type=d-p,subtype=art,position=prenom)	de	
lof	NOU-C(number=sg)	lof	
der	PD(type=d-p,subtype=art,position=prenom)	de	
schoonen	NOU-C(number=pl)	schone	
zich	PD(type=refl,position=free)	zich	
te	ADP(type=pre)	te	
winnen	VRB(finiteness=inf)	winnen	
,	PC	,	
Door	ADP(type=pre)	door	
't	PD(type=d-p,subtype=art,position=prenom)	het	
aanzien	NOU-C(number=sg)	aanzien	
dat	PD(type=d-p,position=free)	dat	
zijn	PD(type=poss,position=prenom)	zijn	
lenigheid	NOU-C(number=sg)	lenigheid	
hem	PD(type=pers,position=free)	hij	
gaf	VRB(finiteness=fin,tense=past)	geven	
,	PC	,	



Het	PD(type=pers,position=free)	het	
is	VRB(finiteness=fin,tense=pres)	zijn	
nauwelijks	ADV(type=reg)	nauwelijks	
te	ADP(type=pre)	te	
gelooven	VRB(finiteness=inf)	geloven	
dat	CONJ(type=sub)	dat	
,	PC	,	
na	ADP(type=pre)	na	
de	PD(type=d-p,subtype=art,position=prenom)	de	
schrikkelijke	AA(degree=pos,position=prenom)	schrikkelijk	
les	NOU-C(number=sg)	les	
die	PD(type=d-p,position=free)	die	
zij	PD(type=pers,position=free)	zij	
gekregen	VRB(finiteness=pastpart)	krijgen	
hadden	VRB(finiteness=fin,tense=past)	hebben	
,	PC	,	
de	PD(type=d-p,subtype=art,position=prenom)	de	
Saksers	NOU-C(number=pl)	Sakser	
nog	ADV(type=reg)	nog	
onbedacht	AA(degree=pos,position=free)	onbedacht	
genoeg	ADV(type=reg)	genoeg	
konden	VRB(finiteness=fin,tense=past)	kunnen	
zijn	VRB(finiteness=inf)	zijn	
om	ADP(type=pre)	om	
de	PD(type=d-p,subtype=art,position=prenom)	de	
gramschap	NOU-C(number=sg)	gramschap	
van	ADP(type=pre)	van	
hunnen	PD(type=poss,position=prenom)	hun	
overwinnaar	NOU-C(number=sg)	overwinnaar	
opnieuw	ADV(type=reg)	opnieuw	
te	ADP(type=pre)	te	
tergen	VRB(finiteness=inf)	tergen	
,	PC	,	



Waarschijnlijk	AA(degree=pos,position=free)	waarschijnlijk	
had	VRB(finiteness=fin,tense=past)	hebben	
hij	PD(type=pers,position=free)	hij	
zijnen	PD(type=poss,position=prenom)	zijn	
mannelijken	AA(degree=pos,position=prenom)	mannelijk	
levenstijd	NOU-C(number=sg)	levenstijd	
in	ADP(type=pre)	in	
stoffelijke	AA(degree=pos,position=prenom)	stoffelijk	
zorgen	NOU-C(number=pl)	zorg	
gesleten	VRB(finiteness=pastpart)	slijten	
,	PC	,	



Het	PD(type=pers,position=free)	het	
regent	VRB(finiteness=fin,tense=pres)	regenen	
,	PC	,	
Louise	NOU-P	Louise	
.	PC	.	
…	PC	…	
Het	PD(type=pers,position=free)	het	
zou	VRB(finiteness=fin,tense=past)	zullen	
jammer	AA(degree=pos,position=free)	jammer	
zijn	VRB(finiteness=inf)	zijn	
van	ADP(type=pre)	van	
uw	PD(type=poss,position=prenom)	uw	
lief	AA(degree=pos,position=prenom)	lief	
paletotje	NOU-C(number=sg)	paletotje	
,	PC	,	



Meisjes	NOU-C(number=pl)	meisje	
,	PC	,	
niet	ADV(type=reg)	niet	
te	ADV(type=reg)	te	
veel	PD(type=indef,position=free)	veel	
gepraat	VRB(finiteness=pastpart)	praten	
,	PC	,	
maar	CONJ(type=coor)	maar	
wat	ADV(type=reg)	wat	
aangenaaid	VRB(finiteness=pastpart)	aannaaien	
!	PC	!	



Het	PD(type=d-p,subtype=art,position=prenom)	het	
getal	NOU-C(number=sg)	getal	
,	PC	,	
dat	PD(type=d-p,position=free)	dat	
ge	PD(type=pers,position=free)	gij	
zoekt	VRB(finiteness=fin,tense=pres)	zoeken	
,	PC	,	
moet	VRB(finiteness=fin,tense=pres)	moeten	
ge	PD(type=pers,position=free)	gij	
door	ADP(type=pre)	door	
aftrekking	NOU-C(number=sg)	aftrekking	
berekenen	VRB(finiteness=inf)	berekenen	
.	PC	.	



Ik	PD(type=pers,position=free)	ik	
kende	VRB(finiteness=fin,tense=past)	kennen	
verdriet	NOU-C(number=sg)	verdriet	
noch	CONJ(type=coor)	noch	
angst	NOU-C(number=sg)	angst	
;	PC	;	
alwat	PD(type=indef,position=free)+PD(type=w-p,position=prenom)	al+wat	
de	PD(type=d-p,subtype=art,position=prenom)	de	
Heer	NOU-P	Heer	
mij	PD(type=pers,position=free)	ik	
overzond	VRB(finiteness=fin,tense=past)	overzenden	
,	PC	,	
was	VRB(finiteness=fin,tense=past)	zijn	
mij	PD(type=pers,position=free)	ik	
lief	AA(degree=pos,position=free)	lief	
,	PC	,	



Pieter	NOU-P	Pieter	
zou	VRB(finiteness=fin,tense=past)	zullen	
vóór	ADP(type=pre)	voor	
mij	PD(type=pers,position=free)	ik	
gaan	VRB(finiteness=inf)	gaan	
zitten	VRB(finiteness=inf)	zitten	
,	PC	,	
en	CONJ(type=coor)	en	
dan	ADV(type=reg)	dan	
op	ADP(type=pre)	op	
de	PD(type=d-p,subtype=art,position=prenom)	de	
zijbankjes	NOU-C(number=pl)	zijbankje	
,	PC	,	
bij	ADP(type=pre)	bij	
zijn	PD(type=poss,position=prenom)	zijn	
rechter	NOU-C(number=sg)+NOU-C(number=sg,WF=trunc)	rechterknie+linkerknie	mw_493475
knie	NOU-C(number=sg)+NOU-C(number=sg,WF=trunc)	rechterknie+linkerknie	mw_493475
,	PC	,	
het	PD(type=d-p,subtype=art,position=prenom)	het	
mooie	AA(degree=pos,position=prenom)	mooi	
lieve	AA(degree=pos,position=prenom)	lief	
Koosje	NOU-P	Koosje	
,	PC	,	
zijn	PD(type=poss,position=prenom)	zijn	
eerste	NUM(type=ord,position=prenom,representation=let)	eerste	
liefde	NOU-C(number=sg)	liefde	
,	PC	,	
en	CONJ(type=coor)	en	
bij	ADP(type=pre)	bij	
zijn	PD(type=poss,position=prenom)	zijn	
linker	NOU-C(number=sg)+NOU-C(number=sg,WF=trunc)	rechterknie+linkerknie	mw_493475



Intusschen	ADV(type=reg)	intussen	
verlang	VRB(finiteness=fin,tense=pres)	verlangen	
ik	PD(type=pers,position=free)	ik	
zeer	AA(degree=pos,position=free)	zeer	
mijne	PD(type=poss,position=prenom)	mijn	
exemplaren	NOU-C(number=pl)	exemplaar	
naar	ADP(type=pre)	naar	
Amsterdam	NOU-P	Amsterdam	
te	ADP(type=pre)	te	
krijgen	VRB(finiteness=inf)	krijgen	
,	PC	,	
liefst	AA(degree=sup,position=free)	lief	
over	ADP(type=pre)	over	
Sas	NOU-P	Sas van Gent	mw_79653
van	NOU-P	Sas van Gent	mw_79653
Gent	NOU-P	Sas van Gent	mw_79653
,	PC	,	



Bart	NOU-P	Bart	
,	PC	,	
kind	NOU-C(number=sg)	kind	
,	PC	,	
ik	PD(type=pers,position=free)	ik	
zag	VRB(finiteness=fin,tense=past)	zien	
u	PD(type=pers,position=free)	u	
al	ADV(type=reg)	al	
zoo	ADV(type=reg)	zo	
gaarne	ADV(type=reg)	gaarne	
;	PC	;	
maar	CONJ(type=coor)	maar	
nu	ADV(type=reg)	nu	
zie	VRB(finiteness=fin,tense=pres)	zien	
ik	PD(type=pers,position=free)	ik	
u	PD(type=pers,position=free)	u	
toch	ADV(type=reg)	toch	
nog	ADV(type=reg)	nog	
veel	ADV(type=reg)	veel	
liever	AA(degree=comp,position=free)	lief	
,	PC	,	



Het	PD(type=pers,position=free)	het	
u	PD(type=pers,position=free)	u	
overlatende	VRB(finiteness=prespart)	overlaten	
…	PC	…	
opmerkingen	NOU-C(number=pl)	opmerking	
…	PC	…	
te	ADP(type=pre)	te	
maken	VRB(finiteness=inf)	maken	
…,	PC	…,	
breng	VRB(finiteness=fin,tense=pres)	binnenbrengen	mw_9118
ik	PD(type=pers,position=free)	ik	
u	PD(type=pers,position=free)	u	
liever	AA(degree=comp,position=free)	lief	
de	PD(type=d-p,subtype=art,position=prenom)	de	
tuinkamer	NOU-C(number=sg)	tuinkamer	
…	PC	…	
binnen	VRB(finiteness=fin,tense=pres)	binnenbrengen	mw_9118
,	PC	,	



En	CONJ(type=coor)	en	
,	PC	,	
even	CONJ(type=sub)	evenals	mw_86140
als	CONJ(type=sub)	evenals	mw_86140
zijn	PD(type=poss,position=prenom)	zijn	
vader	NOU-C(number=sg)	vader	
deed	VRB(finiteness=fin,tense=past)	doen	
,	PC	,	
Stond	VRB(finiteness=fin,tense=past)	afstaan	mw_557840
hij	PD(type=pers,position=free)	hij	
der	PD(type=d-p,subtype=art,position=prenom)	de	
helsche	AA(degree=pos,position=prenom)	hels	
straf	NOU-C(number=sg)	straf	
Zijn	PD(type=poss,position=prenom)	zijn	
lijf	NOU-C(number=sg)	lijf	
en	CONJ(type=coor)	en	
ziel	NOU-C(number=sg)	ziel	
voor	ADP(type=pre)	voor	
eeuwig	AA(degree=pos,position=free)	eeuwig	
af	VRB(finiteness=fin,tense=past)	afstaan	mw_557840
,	PC	,	



Zie	VRB(finiteness=fin,tense=pres)	zien	
!	PC	!	
de	PD(type=d-p,subtype=art,position=prenom)	de	
heuvlen	NOU-C(number=pl)	heuvel	
en	CONJ(type=coor)	en	
de	PD(type=d-p,subtype=art,position=prenom)	de	
dalen	NOU-C(number=pl)	dal	
,	PC	,	
Nog	ADV(type=reg)	nog	
zoo	ADV(type=reg)	zo	
korts	ADV(type=reg)	korts	
een	PD(type=indef,subtype=art,position=prenom)	een	
zwijgend	AA(degree=pos,position=prenom)	zwijgend	
graf	NOU-C(number=sg)	graf	
,	PC	,	
Schudden	VRB(finiteness=fin,tense=pres)	afschudden	mw_909944
weer	ADV(type=reg)	weder	
het	PD(type=d-p,subtype=art,position=prenom)	het	
lijkkleed	NOU-C(number=sg)	lijkkleed	
af	VRB(finiteness=fin,tense=pres)	afschudden	mw_909944
,	PC	,	
Koestren	VRB(finiteness=fin,tense=pres)	koesteren	
zich	PD(type=refl,position=free)	zich	
in	ADP(type=pre)	in	
zoeler	AA(degree=comp,position=prenom)	zoel	
stralen	NOU-C(number=pl)	straal	
,	PC	,	



Die	PD(type=d-p,subtype=oth,position=prenom)	die	
gedaante	NOU-C(number=sg)	gedaante	
die	PD(type=d-p,position=free)	die	
het	PD(type=d-p,subtype=art,position=prenom)	het	
boek	NOU-C(number=sg)	boek	
bij	ADP(type=pre)	bij	
het	PD(type=d-p,subtype=art,position=prenom)	het	
lijmen	NOU-C(number=sg)	lijmen	
krijgt	VRB(finiteness=fin,tense=pres)	krijgen	
(	PC	(	
blijft	VRB(finiteness=fin,tense=pres)	blijven	
)	PC	)	
onveranderlijk	AA(degree=pos,position=free)	onveranderlijk	
…;	PC	…;	
word	VRB(finiteness=fin,tense=pres)	worden	
dus	ADV(type=reg)	dus	
het	PD(type=d-p,subtype=art,position=prenom)	het	
boek	NOU-C(number=sg)	boek	
,	PC	,	
van	ADP(type=pre)	van	
boven	ADV(type=reg)	boven	
scheef	AA(degree=pos,position=free)	scheef	
,	PC	,	
de	PD(type=d-p,subtype=art,position=prenom)	de	
rug	NOU-C(number=sg)	rug	
krom	AA(degree=pos,position=free)	krom	
,	PC	,	
of	CONJ(type=coor)	of	
terwijl	CONJ(type=sub)	terwijl	
het	PD(type=pers,position=free)	het	
op	ADP(type=pre)	op	
de	PD(type=d-p,subtype=art,position=prenom)	de	
eene	NUM(type=card,position=prenom,representation=let)	een	
plaats	NOU-C(number=sg)	plaats	
ingetrokken	AA(degree=pos,position=free)	ingetrokken	
of	CONJ(type=coor)	of	
dikker	AA(degree=comp,position=free)	dik	
is	VRB(finiteness=fin,tense=pres)	zijn	
als	CONJ(type=sub)	als	
op	ADP(type=pre)	op	
de	PD(type=d-p,subtype=art,position=prenom)	de	
andere	NUM(type=ord,position=prenom,representation=let)	ander	
,	PC	,	
gelijmt	VRB(finiteness=pastpart)	lijmen	
,	PC	,	
dan	ADV(type=reg)	dan	
zijn	VRB(finiteness=fin,tense=pres)	zijn	
alle	PD(type=indef,subtype=oth,position=prenom)	al	
voorgaande	AA(degree=pos,position=prenom)	voorgaand	
zorgen	NOU-C(number=pl)	zorg	
verlooren	VRB(finiteness=pastpart)	verliezen	
,	PC	,	



Marie	NOU-P	Marie	
boog	VRB(finiteness=fin,tense=past)	buigen	
zich	PD(type=refl,position=free)	zich	
,	PC	,	
vatte	VRB(finiteness=fin,tense=past)	vatten	
eene	PD(type=indef,subtype=art,position=prenom)	een	
lelie	NOU-C(number=sg)	lelie	
bij	ADP(type=pre)	bij	
haar	PD(type=poss,position=prenom)	haar	
taaien	AA(degree=pos,position=prenom)	taai	
,	PC	,	
lijmerigen	AA(degree=pos,position=prenom)	lijmerig	
stengel	NOU-C(number=sg)	stengel	
en	CONJ(type=coor)	en	
trok	VRB(finiteness=fin,tense=past)	trekken	
,	PC	,	
en	CONJ(type=coor)	en	
trok	VRB(finiteness=fin,tense=past)	trekken	
tot	CONJ(type=sub)	tot	
zij	PD(type=pers,position=free)	zij	
de	PD(type=d-p,subtype=art,position=prenom)	de	
bloem	NOU-C(number=sg)	bloem	
met	ADP(type=pre)	met	
een	PD(type=indef,subtype=art,position=prenom)	een	
zeer	AA(degree=pos,position=free)	zeer	
langen	AA(degree=pos,position=prenom)	lang	
steel	NOU-C(number=sg)	steel	
uit	ADP(type=pre)	uit	
het	PD(type=d-p,subtype=art,position=prenom)	het	
kroos	NOU-C(number=sg)	kroos	
ophief	VRB(finiteness=fin,tense=past)	opheffen	
,	PC	,	



Wat	PD(type=w-p,position=prenom)	wat	
middel	NOU-C(number=sg)	middel	
dient	VRB(finiteness=fin,tense=pres)	dienen	
verkoren	VRB(finiteness=pastpart)	verkiezen	
,	PC	,	
Of	CONJ(type=coor)	of	
opentlijke	AA(degree=pos,position=prenom)	openlijk	
krijg	NOU-C(number=sg)	krijg	
,	PC	,	
of	CONJ(type=coor)	of	
sluwbedekte	AA(degree=pos,position=free)+AA(degree=pos,position=prenom)	sluw+bedekt	
list	NOU-C(number=sg)	list	
,	PC	,	



Een	PD(type=indef,subtype=art,position=prenom)	een	
aantal	NOU-C(number=sg)	aantal	
maatschappijen	NOU-C(number=pl)	maatschappij	
(	PC	(	
kwamen	VRB(finiteness=fin,tense=past)	komen	
)	PC	)	
tot	ADP(type=pre)	tot	
stand	NOU-C(number=sg)	stand	
…	PC	…	
alle	PD(type=indef,subtype=oth,position=prenom)	al	
overzeesche	AA(degree=pos,position=prenom)	overzees	
ondernemingen	NOU-C(number=pl)	onderneming	
ten	ADP(type=pre)+PD(type=d-p,subtype=art,position=prenom)	te+het	
doel	NOU-C(number=sg)	doel	
hebbende	VRB(finiteness=prespart)	hebben	
,	PC	,	
hoewel	CONJ(type=sub)	hoewel	
men	PD(type=pers,position=free)	men	
niet	ADV(type=reg)	niet	
berekenen	VRB(finiteness=inf)	berekenen	
kan	VRB(finiteness=fin,tense=pres)	kunnen	
dat	CONJ(type=sub)	dat	
de	PD(type=d-p,subtype=art,position=prenom)	de	
oprigters	NOU-C(number=pl)	oprichter	
die	PD(type=d-p,subtype=oth,position=prenom)	die	
locale	AA(degree=pos,position=prenom)	lokaal	
kennis	NOU-C(number=sg)	kennis	
verworven	VRB(finiteness=pastpart)	verwerven	
of	CONJ(type=coor)	of	
die	PD(type=d-p,subtype=oth,position=prenom)	die	
betrekkingen	NOU-C(number=pl)	betrekking	
gevormd	VRB(finiteness=pastpart)	vormen	
hebben	VRB(finiteness=fin,tense=pres)	hebben	
,	PC	,	
waardoor	ADV(type=pron)	waardoor	
dusdanige	PD(type=d-p,subtype=oth,position=prenom)	dusdanig	
zaken	NOU-C(number=pl)	zaak	
behooren	VRB(finiteness=fin,tense=pres)	behoren	
te	ADP(type=pre)	te	
worden	VRB(finiteness=inf)	worden	
voorbereid	VRB(finiteness=pastpart)	voorbereiden	
,	PC	,	



Nu	ADV(type=reg)	nu	
speelt	VRB(finiteness=fin,tense=pres)	opspelen	mw_225626
zij	PD(type=pers,position=free)	zij	
zoo	ADV(type=reg)	zo	
verschrikkelijk	AA(degree=pos,position=free)	verschrikkelijk	
op	VRB(finiteness=fin,tense=pres)	opspelen	mw_225626
,	PC	,	
omdat	CONJ(type=sub)	omdat	
ik	PD(type=pers,position=free)	ik	
haar	PD(type=pers,position=free)	zij	
niet	ADV(type=reg)	niet	
in	ADP(type=pre)	in	
eens	ADV(type=reg)	eens	
een	PD(type=indef,subtype=art,position=prenom)	een	
beter	AA(degree=comp,position=prenom)	beter	
logement	NOU-C(number=sg)	logement	
geef	VRB(finiteness=fin,tense=pres)	geven	
,	PC	,	



Aan	ADP(type=pre)	aan	
de	PD(type=d-p,subtype=art,position=prenom)	de	
rivier	NOU-C(number=sg)	rivier	
zag	VRB(finiteness=fin,tense=past)	zien	
hij	PD(type=pers,position=free)	hij	
…	PC	…	
eenige	PD(type=indef,subtype=oth,position=prenom)	enig	
sjouwerlieden	NOU-C(number=pl)	sjouwerlieden	
bezig	AA(degree=pos,position=free)	bezig	
met	ADP(type=pre)	met	
het	PD(type=d-p,subtype=art,position=prenom)	het	
laden	NOU-C(number=sg)	laden	
van	ADP(type=pre)	van	
een	PD(type=indef,subtype=art,position=prenom)	een	
schip	NOU-C(number=sg)	schip	
;	PC	;	
…	PC	…	
hij	PD(type=pers,position=free)	hij	
(	PC	(	
volgde	VRB(finiteness=fin,tense=past)	volgen	
)	PC	)	
nauwlettend	AA(degree=pos,position=free)	nauwlettend	
hunne	PD(type=poss,position=prenom)	hun	
bewegingen	NOU-C(number=pl)	beweging	
,	PC	,	
…	PC	…	
zich	PD(type=refl,position=free)	zich	
afvragend	VRB(finiteness=prespart)	afvragen	
hoe	ADV(type=reg)	hoe	
ze	PD(type=pers,position=free)	zij	
die	PD(type=d-p,subtype=oth,position=prenom)	die	
baal	NOU-C(number=sg)	baal	
daar	ADV(type=reg)	daar	
over	ADP(type=pre)	over	
de	PD(type=d-p,subtype=art,position=prenom)	de	
loopplank	NOU-C(number=sg)	loopplank	
zouden	VRB(finiteness=fin,tense=past)	zullen	
krijgen	VRB(finiteness=inf)	krijgen	
,	PC	,	



Ik	PD(type=pers,position=free)	ik	
zweefde	VRB(finiteness=fin,tense=past)	zweven	
met	ADP(type=pre)	met	
mijne	PD(type=poss,position=prenom)	mijn	
aandacht	NOU-C(number=sg)	aandacht	
zoo	ADV(type=reg)	zo	
los	AA(degree=pos,position=free)	los	
in	ADP(type=pre)	in	
den	PD(type=d-p,subtype=art,position=prenom)	de	
donkeren	AA(degree=pos,position=prenom)	donker	
sterrenhemel	NOU-C(number=sg)	sterrenhemel	
,	PC	,	
dat	CONJ(type=sub)	dat	
ik	PD(type=pers,position=free)	ik	
naar	ADP(type=pre)	naar	
grond	NOU-C(number=sg)	grond	
begon	VRB(finiteness=fin,tense=past)	beginnen	
te	ADP(type=pre)	te	
verlangen	VRB(finiteness=inf)	verlangen	
,	PC	,	



Toen	CONJ(type=sub)	toen	
…	PC	…	
een	PD(type=indef,subtype=art,position=prenom)	een	
zekere	PD(type=indef,subtype=oth,position=prenom)	zeker	
Scherpschutter	NOU-C(number=sg)	scherpschutter	
…	PC	…	
naar	ADP(type=pre)	naar	
mijn	PD(type=poss,position=prenom)	mijn	
onnozel	AA(degree=pos,position=prenom)	onnozel	
Boekske	NOU-C(number=sg)	boekje	
…	PC	…	
zijn	PD(type=poss,position=prenom)	zijn	
geweer	NOU-C(number=sg)	geweer	
wendde	VRB(finiteness=fin,tense=past)	wenden	
,	PC	,	
en	CONJ(type=coor)	en	
niet	ADV(type=reg)	niet	
lugtig	AA(degree=pos,position=free)	luchtig	
weg	ADV(type=reg)	weg	
…	PC	…	
maar	CONJ(type=coor)	maar	
,	PC	,	
uit	ADP(type=pre)	uit	
alle	PD(type=indef,position=free)	al	
zijne	PD(type=poss,position=prenom)	zijn	
magt	NOU-C(number=sg)	macht	
,	PC	,	
tegen	ADP(type=pre)	tegen	
hetzelve	PD(type=d-p,position=free)	hetzelve	
losbrandde	VRB(finiteness=fin,tense=past)	losbranden	
,	PC	,	



Hij	PD(type=pers,position=free)	hij	
(	PC	(	
riep	VRB(finiteness=fin,tense=past)	roepen	
)	PC	)	
tot	ADP(type=pre)	tot	
de	PD(type=d-p,subtype=art,position=prenom)	de	
wachten	NOU-C(number=pl)	wacht	
:	PC	:	
”	PC	”	
Maakt	VRB(finiteness=fin,tense=pres)	losmaken	mw_274344
zijne	PD(type=poss,position=prenom)	zijn	
handen	NOU-C(number=pl)	hand	
los	VRB(finiteness=fin,tense=pres)	losmaken	mw_274344
!	PC	!	
Volgt	VRB(finiteness=fin,tense=pres)	volgen	
mij	PD(type=pers,position=free)	ik	
”,	PC	”,	



De	PD(type=d-p,subtype=art,position=prenom)	de	
Koning	NOU-C(number=sg)	koning	
voert	VRB(finiteness=fin,tense=pres)	afvoeren	mw_526121
het	PD(type=d-p,subtype=art,position=prenom)	het	
heir	NOU-C(number=sg)	heer	
van	ADP(type=pre)	van	
d	PD(type=d-p,subtype=art,position=prenom)	de	
'	PC	'	
oever	NOU-C(number=sg)	oever	
af	VRB(finiteness=fin,tense=pres)	afvoeren	mw_526121
in	ADP(type=pre)	in	
't	PD(type=d-p,subtype=art,position=prenom)	het	
nat	NOU-C(number=sg)	nat	
,	PC	,	



Als	CONJ(type=sub)	als	
gij	PD(type=pers,position=free)	gij	
u	PD(type=refl,position=free)	u	
losscheurt	VRB(finiteness=fin,tense=pres)	losscheuren	
van	ADP(type=pre)	van	
de	PD(type=d-p,subtype=art,position=prenom)	de	
ondeugende	NOU-C(number=sg)	ondeugende	
,	PC	,	
die	PD(type=d-p,position=free)	die	
,	PC	,	
alleen	AA(degree=pos,position=free)	alleen	
door	ADP(type=pre)	door	
jaloezij	NOU-C(number=sg)	jaloezie	
gedreven	VRB(finiteness=pastpart)	drijven	
,	PC	,	
u	PD(type=pers,position=free)	u	
een	PD(type=indef,subtype=art,position=prenom)	een	
slagtoffer	NOU-C(number=sg)	slachtoffer	
van	ADP(type=pre)	van	
hare	PD(type=poss,position=prenom)	haar	
wraakzucht	NOU-C(number=sg)	wraakzucht	
maken	VRB(finiteness=inf)	maken	
wil	VRB(finiteness=fin,tense=pres)	willen	
,	PC	,	



Onder	ADP(type=pre)	onder	
de	PD(type=d-p,subtype=art,position=prenom)	de	
landen	NOU-C(number=pl)	land	
…	PC	…	
die	PD(type=d-p,position=free)	die	
…	PC	…	
aan	ADP(type=pre)	aan	
al	PD(type=indef,position=free)	al	
de	PD(type=d-p,subtype=art,position=prenom)	de	
vrije	AA(degree=pos,position=prenom)	vrij	
heirmannen	NOU-C(number=pl)	heerman	
waren	VRB(finiteness=fin,tense=past)	zijn	
uitgedeeld	VRB(finiteness=pastpart)	uitdelen	
geworden	VRB(finiteness=pastpart)	worden	
,	PC	,	
hadden	VRB(finiteness=fin,tense=past)	hebben	
de	PD(type=d-p,subtype=art,position=prenom)	de	
edellieden	NOU-C(number=pl)	edellieden	
vermoedelijk	AA(degree=pos,position=free)	vermoedelijk	
het	PD(type=d-p,subtype=art,position=prenom)	het	
kleinste	AA(degree=sup,position=prenom)	klein	
lot	NOU-C(number=sg)	lot	
niet	ADV(type=reg)	niet	
gekregen	VRB(finiteness=pastpart)	krijgen	
,	PC	,	



En	CONJ(type=coor)	en	
nimmer	ADV(type=reg)	nimmer	
drinkt	VRB(finiteness=fin,tense=pres)	drinken	
mijn	PD(type=poss,position=prenom)	mijn	
borst	NOU-C(number=sg)	borst	
den	PD(type=d-p,subtype=art,position=prenom)	de	
vuurstroom	NOU-C(number=sg)	vuurstroom	
uwer	PD(type=poss,position=prenom)	uw	
luchten	NOU-C(number=pl)	lucht	
,	PC	,	
Mijn	PD(type=poss,position=prenom)	mijn	
zinkend	AA(degree=pos,position=prenom)	zinkend	
vaderland	NOU-C(number=sg)	vaderland	



Het	PD(type=d-p,subtype=art,position=prenom)	het	
werkvolk	NOU-C(number=sg)	werkvolk	
luchten	VRB(finiteness=inf)	luchten	
(	PC	(	
dat	CONJ(type=sub)	dat	
ze	PD(type=pers,position=free)	zij	
niet	ADV(type=reg)	niet	
ledig	AA(degree=pos,position=free)	ledig	
staan	VRB(finiteness=fin,tense=pres)	staan	
noch	CONJ(type=coor)	noch	
borrels	NOU-C(number=pl)	borrel	
drinken	VRB(finiteness=fin,tense=pres)	drinken	
),	PC	),	



G.	NOU-P(WF=abbr)	G.	
ontstak	VRB(finiteness=fin,tense=past)	ontsteken	
hier	ADV(type=pron)	hierdoor	mw_651113
door	ADV(type=pron)	hierdoor	mw_651113
nog	ADV(type=reg)	nog	
meer	ADV(type=reg)	meer	
in	ADP(type=pre)	in	
toorn	NOU-C(number=sg)	toorn	
…,	PC	…,	
en	CONJ(type=coor)	en	
schoon	CONJ(type=sub)	schoon	
J.	NOU-P(WF=abbr)	J.	
geheel	AA(degree=pos,position=free)	geheel	
in	ADP(type=pre)	in	
't	PD(type=d-p,subtype=art,position=prenom)	het	
zwart	NOU-C(number=sg)	zwart	
was	VRB(finiteness=fin,tense=past)	zijn	
gekleed	VRB(finiteness=pastpart)	kleden	
,	PC	,	
nam	VRB(finiteness=fin,tense=past)	opnemen	mw_424443
hij	PD(type=pers,position=free)	hij	
hem	PD(type=pers,position=free)	hij	
luchtig	AA(degree=pos,position=free)	luchtig	
op	VRB(finiteness=fin,tense=past)	opnemen	mw_424443
,	PC	,	
en	CONJ(type=coor)	en	
wierp	VRB(finiteness=fin,tense=past)	werpen	
hem	PD(type=pers,position=free)	hij	
in	ADP(type=pre)	in	
den	PD(type=d-p,subtype=art,position=prenom)	de	
trog	NOU-C(number=sg)	trog	
,	PC	,	



Uren	NOU-C(number=pl)	uur	
,	PC	,	
dagen	NOU-C(number=pl)	dag	
,	PC	,	
maanden	NOU-C(number=pl)	maand	
,	PC	,	
jaren	NOU-C(number=pl)	jaar	
Vliegen	VRB(finiteness=fin,tense=pres)	heenvliegen	mw_35597
als	CONJ(type=sub)	als	
een	PD(type=indef,subtype=art,position=prenom)	een	
schaduw	NOU-C(number=sg)	schaduw	
heen	VRB(finiteness=fin,tense=pres)	heenvliegen	mw_35597
,	PC	,	



Hij	PD(type=pers,position=free)	hij	
was	VRB(finiteness=fin,tense=past)	zijn	
maar	ADV(type=reg)	maar	
gansch	AA(degree=pos,position=free)	gans	
niet	ADV(type=reg)	niet	
mak	AA(degree=pos,position=free)	mak	
en	CONJ(type=coor)	en	
sloeg	VRB(finiteness=fin,tense=past)	slaan	
er	ADV(type=pron)	eronder	mw_552512
onder	ADV(type=pron)	eronder	mw_552512
,	PC	,	
dat	CONJ(type=sub)	dat	
het	PD(type=pers,position=free)	het	
daverde	VRB(finiteness=fin,tense=past)	daveren	
,	PC	,	



Toen	CONJ(type=sub)	toen	
hij	PD(type=pers,position=free)	hij	
,	PC	,	
zijn	PD(type=poss,position=prenom)	zijn	
zakje	NOU-C(number=sg)	zakje	
te	ADV(type=reg)	tevoorschijn	mw_846411
voorschijn	ADV(type=reg)	tevoorschijn	mw_846411
halende	VRB(finiteness=prespart)	halen	
,	PC	,	
de	PD(type=d-p,subtype=art,position=prenom)	de	
”	PC	”	
vrinden	NOU-C(number=pl)	vriend	
”	PC	”	
de	PD(type=d-p,subtype=art,position=prenom)	de	
vracht	NOU-C(number=sg)	vracht	
kwam	VRB(finiteness=fin,tense=past)	komen	
afvorderen	VRB(finiteness=inf)	afvorderen	
,	PC	,	



Hij	PD(type=pers,position=free)	hij	
zal	VRB(finiteness=fin,tense=pres)	zullen	
tusschen	ADP(type=pre)	tussen	
vier	NUM(type=card,position=prenom,representation=let)	vier	
oogen	NOU-C(number=pl)	oog	
wel	ADV(type=reg)	wel	
ne	PD(type=indef,subtype=art,position=prenom)	een	
keer	NOU-C(number=sg)	keer	
'n	PD(type=indef,subtype=art,position=prenom)	een	
malinge	NOU-C(number=sg)	maling	
krijgen	VRB(finiteness=inf)	krijgen	
,	PC	,	
let	VRB(finiteness=fin,tense=pres)	letten	
er	ADV(type=pron)	erop	mw_452696
op	ADV(type=pron)	erop	mw_452696
!	PC	!	



De	PD(type=d-p,subtype=art,position=prenom)	de	
waereld	NOU-C(number=sg)	wereld	
(	PC	(	
was	VRB(finiteness=fin,tense=past)	zijn	
)	PC	)	
belust	AA(degree=pos,position=free)	belust	
…	PC	…	
op	ADP(type=pre)	op	
heilige	AA(degree=pos,position=prenom)	heilig	
naamen	NOU-C(number=pl)	naam	
;	PC	;	
het	CONJ(type=coor)	hetzij	mw_326629
zij	CONJ(type=coor)	hetzij	mw_326629
uit	ADP(type=pre)	uit	
den	PD(type=d-p,subtype=art,position=prenom)	de	
Bijbel	NOU-P	Bijbel	
,	PC	,	
het	CONJ(type=coor)	hetzij	mw_437237
zij	CONJ(type=coor)	hetzij	mw_437237
uit	ADP(type=pre)	uit	
de	PD(type=d-p,subtype=art,position=prenom)	de	
martelaarsboeken	NOU-C(number=pl)	martelaarsboek	
,	PC	,	



Heeft	VRB(finiteness=fin,tense=pres)	hebben	
die	PD(type=d-p,subtype=oth,position=prenom)	die	
woeste	AA(degree=pos,position=prenom)	woest	
drift	NOU-C(number=sg)	drift	
…	PC	…	
U	PD(type=pers,position=free)	u	
…	PC	…	
vervoerd	VRB(finiteness=pastpart)	vervoeren	
,	PC	,	
om	ADP(type=pre)	om	
…	PC	…	
wars	AA(degree=pos,position=free)	wars	
van	ADP(type=pre)	van	
matigheid	NOU-C(number=sg)	matigheid	
u	PD(type=refl,position=free)	u	
tot	ADP(type=pre)	tot	
geweld	NOU-C(number=sg)	geweld	
te	ADP(type=pre)	te	
wenden	VRB(finiteness=inf)	wennen	
?	PC	?	



Indien	CONJ(type=sub)	indien	
hun	PD(type=poss,position=prenom)	hun	
eigenbelang	NOU-C(number=sg)	eigenbelang	
het	PD(type=pers,position=free)	het	
meebracht	VRB(finiteness=fin,tense=past)	medebrengen	
…	PC	…	
te	ADP(type=pre)	te	
stemmen	VRB(finiteness=inf)	stemmen	
naar	ADP(type=pre)	naar	
den	PD(type=d-p,subtype=art,position=prenom)	de	
zin	NOU-C(number=sg)	zin	
van	ADP(type=pre)	van	
den	PD(type=d-p,subtype=art,position=prenom)	de	
stadhouder	NOU-C(number=sg)	stadhouder	
,	PC	,	



Slatius	NOU-P	Slatius	
lachte	VRB(finiteness=fin,tense=past)	medelachen	mw_560738
een	PD(type=indef,subtype=art,position=prenom)	een	
oogenblik	NOU-C(number=sg)	ogenblik	
mede	VRB(finiteness=fin,tense=past)	medelachen	mw_560738
,	PC	,	
nog	ADV(type=reg)	nog	
niet	ADV(type=reg)	niet	
geheel	AA(degree=pos,position=free)	geheel	
met	ADP(type=pre)	met	
zich	PD(type=refl,position=free)	zich	
zelven	PD(type=d-p,position=free)	zelf	
eens	AA(degree=pos,position=free)	eens	



Geen	PD(type=indef,subtype=oth,position=prenom)	geen	
vorst	NOU-C(number=sg)	vorst	
zit	VRB(finiteness=fin,tense=pres)	zitten	
op	ADP(type=pre)	op	
zijn	PD(type=poss,position=prenom)	zijn	
zetel	NOU-C(number=sg)	zetel	
veilig	AA(degree=pos,position=free)	veilig	
,	PC	,	
Waar	ADV(type=reg)	waar	
ooit	ADV(type=reg)	ooit	
die	PD(type=d-p,subtype=oth,position=prenom)	die	
eed	NOU-C(number=sg)	eed	
een	PD(type=indef,subtype=art,position=prenom)	een	
meineed	NOU-C(number=sg)	meineed	
wordt	VRB(finiteness=fin,tense=pres)	worden	
,	PC	,	



Geërgerd	VRB(finiteness=pastpart)	ergeren	
over	ADP(type=pre)	over	
hem	PD(type=pers,position=free)	hij	
en	CONJ(type=coor)	en	
zijn	PD(type=poss,position=prenom)	zijn	
…	PC	…	
professor	NOU-C(number=sg)	professor	
,	PC	,	
die	PD(type=d-p,position=free)	die	
met	ADP(type=pre)	met	
hun	PD(type=poss,position=prenom)	hun	
beiden	PD(type=indef,position=free)	beide	
hem	PD(type=pers,position=free)	hij	
nog	ADV(type=reg)	nog	
niet	ADV(type=reg)	niet	
konden	VRB(finiteness=fin,tense=past)	kunnen	
genezen	VRB(finiteness=inf)	genezen	
,	PC	,	



Hij	PD(type=pers,position=free)	hij	
heeft	VRB(finiteness=fin,tense=pres)	hebben	
een	PD(type=indef,subtype=art,position=prenom)	een	
goede	AA(degree=pos,position=prenom)	goed	
muink	NOU-C(number=sg)	meuk	
gemaakt	VRB(finiteness=pastpart)	maken	



Ik	PD(type=pers,position=free)	ik	
(	PC	(	
vroeg	VRB(finiteness=fin,tense=past)	vragen	
)	PC	)	
hem	PD(type=pers,position=free)	hij	
:	PC	:	
door	ADP(type=pre)	door	
welk	PD(type=w-p,position=prenom)	welk	
regt	NOU-C(number=sg)	recht	
hij	PD(type=pers,position=free)	hij	
de	PD(type=d-p,subtype=art,position=prenom)	de	
reizigers	NOU-C(number=pl)	reiziger	
aanhield	VRB(finiteness=fin,tense=past)	aanhouden	
,	PC	,	
en	CONJ(type=coor)	en	
zoo	ADV(type=reg)	zo	
onmenschelijk	AA(degree=pos,position=free)	onmenselijk	
liet	VRB(finiteness=fin,tense=past)	laten	
mishandelen	VRB(finiteness=inf)	mishandelen	
?	PC	?	



Is	VRB(finiteness=fin,tense=pres)	zijn	
dit	PD(type=d-p,position=free)	dit	
uw	PD(type=poss,position=prenom)	uw	
helsche	AA(degree=pos,position=prenom)	hels	
list	NOU-C(number=sg)	list	
?	PC	?	
mijn	PD(type=poss,position=prenom)	mijn	
oogmerken	NOU-C(number=pl)	oogmerk	
mij	PD(type=pers,position=free)	ik	
af	VRB(finiteness=inf)	afvragen	mw_100387
te	ADP(type=pre)	te	
vragen	VRB(finiteness=inf)	afvragen	mw_100387
om	ADP(type=pre)	om	
daardoor	ADV(type=pron)	daardoor	
de	PD(type=d-p,subtype=art,position=prenom)	de	
uwe	NOU-C(number=sg)	uwe	
te	ADP(type=pre)	te	
bedekken	VRB(finiteness=inf)	bedekken	
!	PC	!	



De	PD(type=d-p,subtype=art,position=prenom)	de	
Koeijen	NOU-C(number=pl)	koe	
bekomen	VRB(finiteness=fin,tense=pres)	bekomen	
ontwrichte	AA(degree=pos,position=prenom)	ontwricht	
heupen	NOU-C(number=pl)	heup	
door	ADP(type=pre)	door	
het	PD(type=d-p,subtype=art,position=prenom)	het	
moeijelijk	AA(degree=pos,position=free)	moeilijk	
baren	NOU-C(number=sg)	baren	
,	PC	,	
door	ADP(type=pre)	door	
mistred	NOU-C(number=sg)	mistred	
,	PC	,	
struikelen	NOU-C(number=sg)	struikel	



De	PD(type=d-p,subtype=art,position=prenom)	de	
moerpilaren	NOU-C(number=pl)	moerpilaar	
in	ADP(type=pre)	in	
eene	PD(type=indef,subtype=art,position=prenom)	een	
kerk	NOU-C(number=sg)	kerk	
zijn	VRB(finiteness=fin,tense=pres)	zijn	
de	PD(type=d-p,subtype=art,position=prenom)	de	
vier	NUM(type=card,position=prenom,representation=let)	vier	
zware	AA(degree=pos,position=prenom)	zwaar	
pilaren	NOU-C(number=pl)	pilaar	
waar	ADV(type=pron)	waarop	mw_882287
de	PD(type=d-p,subtype=art,position=prenom)	de	
kloktoren	NOU-C(number=sg)	kloktoren	
op	ADV(type=pron)	waarop	mw_882287
gebouwd	VRB(finiteness=pastpart)	bouwen	
is	VRB(finiteness=fin,tense=pres)	zijn	
en	CONJ(type=coor)	en	
rust	VRB(finiteness=fin,tense=pres)	rusten	
,	PC	,	



Betrap	VRB(finiteness=fin,tense=pres)	betrappen	
ik	PD(type=pers,position=free)	ik	
den	PD(type=d-p,subtype=art,position=prenom)	de	
dief	NOU-C(number=sg)	dief	
…,	PC	…,	
ik	PD(type=pers,position=free)	ik	
schiet	VRB(finiteness=fin,tense=pres)	schieten	
hem	PD(type=pers,position=free)	hij	
morsdood	AA(degree=pos,position=free)	morsdood	
,	PC	,	



Zich	PD(type=refl,position=free)	zich	
door	ADP(type=pre)	door	
anderen	PD(type=indef,position=free)	ander	
te	ADP(type=pre)	te	
laten	VRB(finiteness=inf)	laten	
aanbevelen	VRB(finiteness=inf)	aanbevelen	
was	VRB(finiteness=fin,tense=past)	zijn	
den	PD(type=d-p,subtype=art,position=prenom)	de	
grooten	AA(degree=pos,position=prenom)	groot	
man	NOU-C(number=sg)	man	
…	PC	…	
zijn	PD(type=poss,position=prenom)	zijn	
eer	NOU-C(number=sg)	eer	
te	ADV(type=reg)	te	
na	AA(degree=pos,position=free)	na	
,	PC	,	



Een	PD(type=indef,subtype=art,position=prenom)	een	
veelschrijver	NOU-C(number=sg)	veelschrijver	
…,	PC	…,	
die	PD(type=d-p,position=free)	die	
van	ADP(type=pre)	van	
de	PD(type=d-p,subtype=art,position=prenom)	de	
eene	NUM(type=card,position=prenom,representation=let)	een	
liefhebberij	NOU-C(number=sg)	liefhebberij	
naar	ADP(type=pre)	naar	
de	PD(type=d-p,subtype=art,position=prenom)	de	
andere	NUM(type=ord,position=prenom,representation=let)	ander	
overgaat	VRB(finiteness=fin,tense=pres)	overgaan	
,	PC	,	
al	ADV(type=reg)	al	
naardat	ADP(type=pre)+CONJ(type=sub)	naar+dat	
het	PD(type=pers,position=free)	het	
hem	PD(type=pers,position=free)	hij	
voor	ADP(type=pre)	voor	
het	PD(type=d-p,subtype=art,position=prenom)	het	
oogenblik	NOU-C(number=sg)	ogenblik	
gelust	VRB(finiteness=fin,tense=pres)	gelusten	
,	PC	,	



(	PC	(	
Herstelde	AA(degree=pos,position=prenom)	hersteld	
zieken	NOU-C(number=pl)	zieke	
)	PC	)	
Als	CONJ(type=sub)	als	
uit	ADP(type=pre)	uit	
de	PD(type=d-p,subtype=art,position=prenom)	de	
nacht	NOU-C(number=sg)	nacht	
van	ADP(type=pre)	van	
't	PD(type=d-p,subtype=art,position=prenom)	het	
graf	NOU-C(number=sg)	graf	
ten	ADP(type=pre)+PD(type=d-p,subtype=art,position=prenom)	te+de	
hemel	NOU-C(number=sg)	hemel	
opgebeurd	VRB(finiteness=pastpart)	opbeuren	
,	PC	,	



Ik	PD(type=pers,position=free)	ik	
weet	VRB(finiteness=fin,tense=pres)	weten	
dat	CONJ(type=sub)	dat	
in	ADP(type=pre)	in	
hun	PD(type=poss,position=prenom)	hun	
handen	NOU-C(number=pl)	hand	
mijn	PD(type=poss,position=prenom)	mijn	
nalatenschap	NOU-C(number=sg)	nalatenschap	
geen	PD(type=indef,subtype=oth,position=prenom)	geen	
dood	AA(degree=pos,position=prenom)	dood	
kapitaal	NOU-C(number=sg)	kapitaal	
zal	VRB(finiteness=fin,tense=pres)	zullen	
wezen	VRB(finiteness=inf)	wezen	



Het	PD(type=d-p,subtype=art,position=prenom)	het	
napleiten	NOU-C(number=sg)	napleiten	
van	ADP(type=pre)	van	
Maerlant	NOU-P	Maerlant	
en	CONJ(type=coor)	en	
de	PD(type=d-p,subtype=art,position=prenom)	de	
zijnen	NOU-C(number=pl)	zijne	



Ik	PD(type=pers,position=free)	ik	
zou	VRB(finiteness=fin,tense=past)	zullen	
wel	ADV(type=reg)	wel	
heen	VRB(finiteness=inf)	heenbruien	mw_647672
bruijen	VRB(finiteness=inf)	heenbruien	mw_647672
maar	CONJ(type=coor)	maar	
…	PC	…	
de	PD(type=d-p,subtype=art,position=prenom)	de	
oude	NOU-C(number=sg)	oude	
zou	VRB(finiteness=fin,tense=past)	zullen	
mij	PD(type=pers,position=free)	ik	
heel	AA(degree=pos,position=free)	heel	
spoedig	AA(degree=pos,position=free)	spoedig	
laten	VRB(finiteness=inf)	laten	
na	VRB(finiteness=inf)	narijden	mw_318589
rijen	VRB(finiteness=inf)	narijden	mw_318589
,	PC	,	



Dit	PD(type=d-p,subtype=oth,position=prenom)	dit	
alles	PD(type=indef,position=free)	alles	
…	PC	…	
pleit	VRB(finiteness=fin,tense=pres)	pleiten	
voor	ADP(type=pre)	voor	
een	PD(type=indef,subtype=art,position=prenom)	een	
natuurlijken	AA(degree=pos,position=prenom)	natuurlijk	
loop	NOU-C(number=sg)	loop	
der	PD(type=d-p,subtype=art,position=prenom)	de	
ziekte	NOU-C(number=sg)	ziekte	
,	PC	,	



Slaat	VRB(finiteness=fin,tense=pres)	gadeslaan	mw_940048
men	PD(type=pers,position=free)	men	
…	PC	…	
op	ADP(type=pre)	op	
't	PD(type=d-p,subtype=art,position=prenom)	het	
kostschool	NOU-C(number=sg)	kostschool	
U	PD(type=pers,position=free)	u	
niet	ADV(type=reg)	niet	
wat	ADV(type=reg)	wat	
nauwlettend	AA(degree=pos,position=free)	nauwlettend	
ga	VRB(finiteness=fin,tense=pres)	gadeslaan	mw_940048
?	PC	?	



In	ADP(type=pre)	in	
den	PD(type=d-p,subtype=art,position=prenom)	de	
nazomer	NOU-C(number=sg)	nazomer	
verliest	VRB(finiteness=fin,tense=pres)	verliezen	
het	PD(type=d-p,subtype=art,position=prenom)	het	
gras	NOU-C(number=sg)	gras	
spoedig	AA(degree=pos,position=free)	spoedig	
veel	PD(type=indef,position=free)	veel	
van	ADP(type=pre)	van	
zijn	PD(type=poss,position=prenom)	zijn	
voedend	AA(degree=pos,position=prenom)	voedend	
vermogen	NOU-C(number=sg)	vermogen	
,	PC	,	



Straks	ADV(type=reg)	straks	
dondert	VRB(finiteness=fin,tense=pres)	nederdonderen	mw_132075
uit	ADP(type=pre)	uit	
den	PD(type=d-p,subtype=art,position=prenom)	het	
Hoogen	NOU-C(number=sg)	hoge	
Het	PD(type=d-p,subtype=art,position=prenom)	het	
vonnis	NOU-C(number=sg)	vonnis	
neêr	VRB(finiteness=fin,tense=pres)	nederdonderen	mw_132075
dat	PD(type=d-p,position=free)	dat	
alle	PD(type=indef,subtype=oth,position=prenom)	al	
hoop	NOU-C(number=sg)	hoop	
vernielt	VRB(finiteness=fin,tense=pres)	vernielen	
,	PC	,	



De	PD(type=d-p,subtype=art,position=prenom)	de	
onvoegzaamheid	NOU-C(number=sg)	onvoegzaamheid	
van	ADP(type=pre)	van	
een	PD(type=indef,subtype=art,position=prenom)	een	
gerekt	AA(degree=pos,position=prenom)	gerekt	
verblijf	NOU-C(number=sg)	verblijf	
tweede	NUM(type=ord,position=prenom,representation=let)	tweede	
huwelijk	NOU-C(number=sg)	huwelijk	
)	PC	)	
in	ADP(type=pre)	in	
Nederland	NOU-P	Nederland	
,	PC	,	



Hij	PD(type=pers,position=free)	hij	
verveelt	VRB(finiteness=fin,tense=pres)	vervelen	
zich	PD(type=refl,position=free)	zich	
,	PC	,	
wordt	VRB(finiteness=fin,tense=pres)	worden	
baloorig	AA(degree=pos,position=free)	balorig	
,	PC	,	
gaat	VRB(finiteness=fin,tense=pres)	gaan	
op	ADP(type=pre)	op	
reis	NOU-C(number=sg)	reis	
,	PC	,	
ziet	VRB(finiteness=fin,tense=pres)	zien	
zich	PD(type=refl,position=free)	zich	
door	ADP(type=pre)	door	
fatsoenlijke	AA(degree=pos,position=prenom)	fatsoenlijk	
luiden	NOU-C(number=pl)	lieden	
den	PD(type=d-p,subtype=art,position=prenom)	de	
nek	NOU-C(number=sg)	nek	
toekeeren	VRB(finiteness=inf)	toekeren	
en	CONJ(type=coor)	en	
door	ADP(type=pre)	door	
kellners	NOU-C(number=pl)	kelner	
uitlachen	VRB(finiteness=inf)	uitlachen	
,	PC	,	



Je	PD(type=pers,position=free)	jij	
woont	VRB(finiteness=fin,tense=pres)	wonen	
daar	ADV(type=reg)	daar	
heel	AA(degree=pos,position=free)	heel	
aardig	AA(degree=pos,position=free)	aardig	
en	CONJ(type=coor)	en	
heel	AA(degree=pos,position=free)	heel	
netjes	AA(degree=pos,position=free)	netjes	
,	PC	,	
maar	CONJ(type=coor)	maar	
toch	ADV(type=reg)	toch	
,	PC	,	
ruim	AA(degree=pos,position=free)	ruim	
is	VRB(finiteness=fin,tense=pres)	zijn	
anders	ADV(type=reg)	anders	
,	PC	,	



Dat	CONJ(type=sub)	dat	
de	PD(type=d-p,subtype=art,position=prenom)	de	
toekomstige	AA(degree=pos,position=prenom)	toekomstig	
koloniale	AA(degree=pos,position=prenom)	koloniaal	
politiek	NOU-C(number=sg)	politiek	
zich	PD(type=refl,position=free)	zich	
op	ADP(type=pre)	op	
dit	PD(type=d-p,subtype=oth,position=prenom)	dit	
oogenblik	NOU-C(number=sg)	ogenblik	
nog	ADV(type=reg)	nog	
vrij	AA(degree=pos,position=free)	vrij	
nevelachtig	AA(degree=pos,position=free)	nevelachtig	
voordoet	VRB(finiteness=fin,tense=pres)	voordoen	
,	PC	,	



Mijn	PD(type=poss,position=prenom)	mijn	
menheer	NOU-C(number=sg)	mijnheer	
deê	VRB(finiteness=fin,tense=past)	doen	
maar	ADV(type=reg)	maar	
niet	ADV(type=reg)	niet	
as	CONJ(type=sub)	als	
hoesten	VRB(finiteness=inf)	hoesten	
;	PC	;	
nou	ADV(type=reg)	nu	
was	VRB(finiteness=fin,tense=past)	zijn	
ie	PD(type=pers,position=free)	hij	
vol	AA(degree=pos,position=free)	vol	
op	ADP(type=pre)	op	
de	PD(type=d-p,subtype=art,position=prenom)	de	
borst	NOU-C(number=sg)	borst	
,	PC	,	



O	INT	o	
!	PC	!	
weer	ADV(type=reg)	weder	
,	PC	,	
Mevrouw	NOU-C(number=sg)	mevrouw	
!	PC	!	
weer	VRB(finiteness=fin,tense=pres)	afweren	mw_917476
gij	PD(type=pers,position=free)	gij	
de	PD(type=d-p,subtype=art,position=prenom)	de	
straf	NOU-C(number=sg)	straf	
Van	ADP(type=pre)	van	
't	PD(type=d-p,subtype=art,position=prenom)	het	
ongelukkig	AA(degree=pos,position=prenom)	ongelukkig	
Holland	NOU-P	Holland	
af	VRB(finiteness=fin,tense=pres)	afweren	mw_917476
.	PC	.	



Zij	PD(type=pers,position=free)	zij	
…	PC	…	
huppelde	VRB(finiteness=fin,tense=past)	huppelen	
naar	ADP(type=pre)	naar	
huis	NOU-C(number=sg)	huis	
om	ADP(type=pre)	om	
hare	PD(type=poss,position=prenom)	haar	
moeder	NOU-C(number=sg)	moeder	
…	PC	…	
dit	PD(type=d-p,subtype=oth,position=prenom)	dit	
nieuws	NOU-C(number=sg)	nieuws	
te	ADP(type=pre)	te	
vertellen	VRB(finiteness=inf)	vertellen	
,	PC	,	



Men	PD(type=pers,position=free)	men	
leerde	VRB(finiteness=fin,tense=past)	leren	
er	ADV(type=reg)	er	
(	PC	(	
op	ADP(type=pre)	op	
zekere	PD(type=indef,subtype=oth,position=prenom)	zeker	
school	NOU-C(number=sg)	school	
)	PC	)	
…	PC	…	
vooral	ADV(type=reg)	vooral	
nijgen	VRB(finiteness=inf)	nijgen	
en	CONJ(type=coor)	en	
buigen	VRB(finiteness=inf)	buigen	
,	PC	,	
serviteurkens	NOU-C(number=pl)	serviteurtje	
en	CONJ(type=coor)	en	
servantjes	NOU-C(number=pl)	servantje	
maken	VRB(finiteness=inf)	maken	
,	PC	,	



De	PD(type=d-p,subtype=art,position=prenom)	de	
Post-Beambte	NOU-C(number=sg)	postbeambte	
…	PC	…	
gaat	VRB(finiteness=fin,tense=pres)	overgaan	mw_140477
verder	AA(degree=comp,position=free)	verder	
over	VRB(finiteness=fin,tense=pres)	overgaan	mw_140477
tot	ADP(type=pre)	tot	
het	PD(type=d-p,subtype=art,position=prenom)	het	
onderzoek	NOU-C(number=sg)	onderzoek	
der	PD(type=d-p,subtype=art,position=prenom)	de	
chargementen	NOU-C(number=pl)	chargement	
…;	PC	…;	
hy	PD(type=pers,position=free)	hij	
maakt	VRB(finiteness=fin,tense=pres)	maken	
een	PD(type=indef,subtype=art,position=prenom)	een	
nominativen	AA(degree=pos,position=prenom)	nominatief	
Staat	NOU-C(number=sg)	staat	
,	PC	,	
van	ADP(type=pre)	van	
die	PD(type=d-p,position=free)	die	
welke	PD(type=w-p,position=free)	welk	
overblyven	VRB(finiteness=fin,tense=pres)	overblijven	
om	ADP(type=pre)	om	
afgegeven	VRB(finiteness=pastpart)	afgeven	
te	ADP(type=pre)	te	
worden	VRB(finiteness=inf)	worden	
,	PC	,	



De	PD(type=d-p,subtype=art,position=prenom)	de	
nuttelooze	AA(degree=pos,position=prenom)	nutteloos	
verspilling	NOU-C(number=sg)	verspilling	
van	ADP(type=pre)	van	
kracht	NOU-C(number=sg)	kracht	
…,	PC	…,	
onafscheidelijk	AA(degree=pos,position=free)	onafscheidelijk	
verbonden	AA(degree=pos,position=free)	verbonden	
aan	ADP(type=pre)	aan	
een	PD(type=indef,subtype=art,position=prenom)	een	
omwenteling	NOU-C(number=sg)	omwenteling	
,	PC	,	



”	PC	”	
Zedelijke	AA(degree=pos,position=prenom)	zedelijk	
dwang	NOU-C(number=sg)	dwang	
is	VRB(finiteness=fin,tense=pres)	zijn	
het	PD(type=d-p,subtype=art,position=prenom)	het	
beste	AA(degree=sup,position=prenom)	best	
middel	NOU-C(number=sg)	middel	
om	ADP(type=pre)	om	
bekwaam	AA(degree=pos,position=free)	bekwaam	
te	ADP(type=pre)	te	
maken	VRB(finiteness=inf)	maken	
.”	PC	.”	
Schrijf	VRB(finiteness=fin,tense=pres)	voorschrijven	mw_947731
niet	ADV(type=reg)	niet	
voor	VRB(finiteness=fin,tense=pres)	voorschrijven	mw_947731
in	ADP(type=pre)	in	
art.	NOU-C(number=sg,WF=abbr)	artikel	
1	NUM(type=card,position=postnom,representation=dig)	een	
,	PC	,	
2	NUM(type=card,position=postnom,representation=dig)	twee	
,	PC	,	
3	NUM(type=card,position=postnom,representation=dig)	drie	
:	PC	:	
dat	PD(type=d-p,subtype=oth,position=prenom)	dat	
collegie	NOU-C(number=sg)	college	
en	CONJ(type=coor)	en	
dat	PD(type=d-p,subtype=oth,position=prenom)	dat	
collegie	NOU-C(number=sg)	college	
is	VRB(finiteness=fin,tense=pres)	zijn	
obligatoir	AA(degree=pos,position=free)	obligatoir	
,	PC	,	
maar	CONJ(type=coor)	maar	
:	PC	:	
die	PD(type=d-p,subtype=oth,position=prenom)	die	
kennis	NOU-C(number=sg)	kennis	
en	CONJ(type=coor)	en	
dàt	PD(type=d-p,position=free)	dat	
er	ADV(type=pron)	erin	mw_892806
in	ADV(type=pron)	erin	mw_892806
,	PC	,	
dàt	PD(type=d-p,position=free)	dat	
is	VRB(finiteness=fin,tense=pres)	zijn	
zóó	ADV(type=reg)	zo	
obligatoir	AA(degree=pos,position=free)	obligatoir	
,	PC	,	
dat	CONJ(type=sub)	dat	



't	PD(type=pers,position=free)	het	
Was	VRB(finiteness=fin,tense=past)	zijn	
of	CONJ(type=sub)	of	
natuur	NOU-C(number=sg)	natuur	
verbood	VRB(finiteness=fin,tense=past)	verbieden	
,	PC	,	
den	PD(type=d-p,subtype=art,position=prenom)	de	
toeleg	NOU-C(number=sg)	toeleg	
door	VRB(finiteness=inf)	doodrijven	mw_434932
te	ADP(type=pre)	te	
drijven	VRB(finiteness=inf)	doodrijven	mw_434932
.	PC	.	



Ook	ADV(type=reg)	ook	
hebben	VRB(finiteness=fin,tense=pres)	hebben	
wij	PD(type=pers,position=free)	wij	
officiëel	AA(degree=pos,position=free)	officieel	
gedejeuneerd	VRB(finiteness=pastpart)	dejeuneren	
bij	ADP(type=pre)	bij	
den	PD(type=d-p,subtype=art,position=prenom)	de	
Praeses	NOU-C(number=sg)	preses	
van	ADP(type=pre)	van	
't	PD(type=d-p,subtype=art,position=prenom)	het	
Corps	NOU-C(number=sg)	corps	
,	PC	,	
en	CONJ(type=coor)	en	
daarna	ADV(type=pron)	daarna	
officiëel	AA(degree=pos,position=free)	officieel	
Champagne	NOU-C(number=sg)	champagne	
gedronken	VRB(finiteness=pastpart)	drinken	
bij	ADP(type=pre)	bij	
den	PD(type=d-p,subtype=art,position=prenom)	de	
Rector	NOU-C(number=sg)	rector magnificus	mw_426140
Magnificus	NOU-C(number=sg)	rector magnificus	mw_426140
,	PC	,	
professor	NOU-C(number=sg)	professor	
Boorman	NOU-P	Boorman	
,	PC	,	
wiens	PD(type=w-p,position=free)	wie	
conterfeitsel	NOU-C(number=sg)	konterfeitsel	
vóór	ADV(type=reg)	voor	
in	ADP(type=pre)	in	
staat	VRB(finiteness=fin,tense=pres)	staan	
,	PC	,	
en	CONJ(type=coor)	en	
die	PD(type=d-p,position=free)	die	
er	ADV(type=pron)	ermede	mw_960145
erg	AA(degree=pos,position=free)	erg	
lekker	AA(degree=pos,position=free)	lekker	
mee	ADV(type=pron)	ermede	mw_960145
is	VRB(finiteness=fin,tense=pres)	zijn	
.	PC	.	
Nu	ADV(type=reg)	nu	
dat	PD(type=d-p,subtype=oth,position=prenom)	dat	
officiëele	AA(degree=pos,position=prenom)	officieel	
gedeelte	NOU-C(number=sg)	gedeelte	
afgeloopen	VRB(finiteness=pastpart)	aflopen	
is	VRB(finiteness=fin,tense=pres)	zijn	
,	PC	,	
komen	VRB(finiteness=fin,tense=pres)	komen	
we	PD(type=pers,position=free)	wij	
aan	ADP(type=pre)	aan	
het	PD(type=d-p,subtype=art,position=prenom)	het	
officieuse	AA(degree=pos,position=prenom)	officieus	
,	PC	,	
en	CONJ(type=coor)	en	
geven	VRB(finiteness=fin,tense=pres)	geven	
we	PD(type=pers,position=free)	wij	
ons	PD(type=refl,position=free)	ons	
zelven	PD(type=d-p,position=free)	zelf	
de	PD(type=d-p,subtype=art,position=prenom)	de	
eer	NOU-C(number=sg)	eer	
eenige	PD(type=indef,subtype=oth,position=prenom)	enig	
particuliere	AA(degree=pos,position=prenom)	particulier	
presentexemplaren	NOU-C(number=pl)	presentexemplaar	
aan	VRB(finiteness=inf)	aanbieden	mw_790578
te	ADP(type=pre)	te	
bieden	VRB(finiteness=inf)	aanbieden	mw_790578
,	PC	,	



Inmiddels	ADV(type=reg)	inmiddels	
kwam	VRB(finiteness=fin,tense=past)	komen	
Mercuur	NOU-P	Mercuur	
met	ADP(type=pre)	met	
het	PD(type=d-p,subtype=art,position=prenom)	het	
geheele	AA(degree=pos,position=prenom)	geheel	
gezelschap	NOU-C(number=sg)	gezelschap	
…	PC	…	
den	PD(type=d-p,subtype=art,position=prenom)	de	
Olymp	NOU-P	Olymp	
opstijgen	VRB(finiteness=inf)	opstijgen	
,	PC	,	



Hebt	VRB(finiteness=fin,tense=pres)	hebben	
ge	PD(type=pers,position=free)	gij	
dat	PD(type=d-p,subtype=oth,position=prenom)	dat	
boek	NOU-C(number=sg)	boek	
gelezen	VRB(finiteness=pastpart)	lezen	
?	PC	?	
Neen	ADV(type=reg)	neen	
,	PC	,	
ik	PD(type=pers,position=free)	ik	
heb	VRB(finiteness=fin,tense=pres)	hebben	
er	ADV(type=pron)	erin	mw_559553
maar	ADV(type=reg)	maar	
wat	PD(type=indef,position=free)	wat	
in	ADV(type=pron)	erin	mw_559553
omgebladerd	VRB(finiteness=pastpart)	ombladeren	
.	PC	.	
Die	PD(type=d-p,subtype=oth,position=prenom)	die	
roman	NOU-C(number=sg)	roman	
is	VRB(finiteness=fin,tense=pres)	zijn	
te	ADV(type=reg)	te	
vervelend	AA(degree=pos,position=free)	vervelend	
om	ADP(type=pre)	om	
door	VRB(finiteness=inf)	doorlezen	mw_673467
te	ADP(type=pre)	te	
lezen	VRB(finiteness=inf)	doorlezen	mw_673467
,	PC	,	
maar	CONJ(type=coor)	maar	
om	ADP(type=pre)	om	
de	PD(type=d-p,subtype=art,position=prenom)	de	
mooie	AA(degree=pos,position=prenom)	mooi	
platen	NOU-C(number=pl)	plaat	
wel	ADV(type=reg)	wel	
aardig	AA(degree=pos,position=free)	aardig	
om	ADP(type=pre)	om	
er	ADV(type=pron)	erin	mw_536080
eens	ADV(type=reg)	eens	
in	ADV(type=pron)	erin	mw_536080
om	VRB(finiteness=inf)	ombladeren	mw_865433
te	ADP(type=pre)	te	
bladeren	VRB(finiteness=inf)	ombladeren	mw_865433
.	PC	.	



Ziet	VRB(finiteness=fin,tense=pres)	zien	
nu	ADV(type=reg)	nu	
,	PC	,	
wat	PD(type=w-p,position=prenom)	wat	
lieflijke	AA(degree=pos,position=prenom)	lieflijk	
lommerpriëelen	NOU-C(number=pl)	lommerprieel	
,	PC	,	
…	PC	…	
Heuvels	NOU-C(number=pl)	heuvel	
,	PC	,	
met	ADP(type=pre)	met	
vriendlijke	AA(degree=pos,position=prenom)	vriendelijk	
rozen	NOU-C(number=pl)	roos	
ombloeid	VRB(finiteness=pastpart)	ombloeien	
!	PC	!	



Neen	ADV(type=reg)	neen	
,	PC	,	
die	PD(type=d-p,position=free)	die	
zich	PD(type=refl,position=free)	zich	
't	PD(type=d-p,subtype=art,position=prenom)	het	
middelpunt	NOU-C(number=sg)	middelpunt	
van	ADP(type=pre)	van	
zijne	PD(type=poss,position=prenom)	zijn	
omgeving	NOU-C(number=sg)	omgeving	
maakt	VRB(finiteness=fin,tense=pres)	maken	
,	PC	,	
Die	PD(type=d-p,position=free)	die	
is	VRB(finiteness=fin,tense=pres)	zijn	
't	PD(type=pers,position=free)	het	
dat	PD(type=d-p,position=free)	dat	
aan	ADP(type=pre)	aan	
't	PD(type=d-p,subtype=art,position=prenom)	het	
geluk	NOU-C(number=sg)	geluk	
en	CONJ(type=coor)	en	
't	PD(type=d-p,subtype=art,position=prenom)	het	
waar	AA(degree=pos,position=prenom)	waar	
genot	NOU-C(number=sg)	genot	
verzaakt	VRB(finiteness=fin,tense=pres)	verzaken	
.	PC	.	



Gooi	VRB(finiteness=fin,tense=pres)	omgooien	mw_867690
hem	PD(type=pers,position=free)	hij	
gauw	AA(degree=pos,position=free)	gauw	
zijn	PD(type=poss,position=prenom)	zijn	
mantel	NOU-C(number=sg)	mantel	
om	VRB(finiteness=fin,tense=pres)	omgooien	mw_867690
,	PC	,	
want	CONJ(type=coor)	want	
hij	PD(type=pers,position=free)	hij	
heeft	VRB(finiteness=fin,tense=pres)	hebben	
haast	ADV(type=reg)	haast	
.	PC	.	
Zij	PD(type=pers,position=free)	zij	
gooide	VRB(finiteness=fin,tense=past)	omgooien	mw_668826
het	PD(type=d-p,subtype=art,position=prenom)	het	
kind	NOU-C(number=sg)	kind	
een	PD(type=indef,subtype=art,position=prenom)	een	
doek	NOU-C(number=sg)	doek	
om	VRB(finiteness=fin,tense=past)	omgooien	mw_668826
.	PC	.	



Ik	PD(type=pers,position=free)	ik	
val	VRB(finiteness=fin,tense=pres)	vallen	
voor	ADP(type=pre)	voor	
u	PD(type=pers,position=free)	u	
te	ADP(type=pre)	te	
voet	NOU-C(number=sg)	voet	
,	PC	,	
ik	PD(type=pers,position=free)	ik	
omhels	VRB(finiteness=fin,tense=pres)	omhelzen	
uwe	PD(type=poss,position=prenom)	uw	
knieën	NOU-C(number=pl)	knie	
,	PC	,	



Wanneer	CONJ(type=sub)	wanneer	
eens	ADV(type=reg)	eens	
de	PD(type=d-p,subtype=art,position=prenom)	de	
penen	NOU-C(number=pl)	peen	
en	CONJ(type=coor)	en	
ander	PD(type=indef,subtype=oth,position=prenom)	ander	
onkruid	NOU-C(number=sg)	onkruid	
al	ADV(type=reg)	al	
te	ADV(type=reg)	te	
zeer	AA(degree=pos,position=free)	zeer	
vermenigvuldigd	VRB(finiteness=pastpart)	vermenigvuldigen	
zijn	VRB(finiteness=fin,tense=pres)	zijn	
om	ADP(type=pre)	om	
behoorlijk	AA(degree=pos,position=free)	behoorlijk	
geweerd	VRB(finiteness=pastpart)	weren	
te	ADP(type=pre)	te	
kunnen	VRB(finiteness=inf)	kunnen	
worden	VRB(finiteness=inf)	worden	
,	PC	,	
dan	ADV(type=reg)	dan	
moet	VRB(finiteness=fin,tense=pres)	moeten	
men	PD(type=pers,position=free)	men	
met	ADP(type=pre)	met	
den	PD(type=d-p,subtype=art,position=prenom)	de	
paardenhaak	NOU-C(number=sg)	paardenhaak	
den	PD(type=d-p,subtype=art,position=prenom)	de	
ganschen	AA(degree=pos,position=prenom)	gans	
akker	NOU-C(number=sg)	akker	
omkappen	VRB(finiteness=inf)	omkappen	
,	PC	,	
alle	PD(type=indef,position=free)	al	
de	PD(type=d-p,subtype=art,position=prenom)	de	
penen	NOU-C(number=pl)	peen	
,	PC	,	
ander	PD(type=indef,subtype=oth,position=prenom)	ander	
onkruid	NOU-C(number=sg)	onkruid	
en	CONJ(type=coor)	en	
stoppelen	NOU-C(number=pl)	stoppel	
der	PD(type=d-p,subtype=art,position=prenom)	de	
vruchten	NOU-C(number=pl)	vrucht	
op	ADP(type=pre)	op	
hoopen	NOU-C(number=pl)	hoop	
trekken	VRB(finiteness=inf)	trekken	
en	CONJ(type=coor)	en	
verbranden	VRB(finiteness=inf)	verbranden	
,	PC	,	



Gods	NOU-P	God	
almacht	NOU-C(number=sg)	almacht	
bindt	VRB(finiteness=fin,tense=pres)	binden	
geen	PD(type=indef,subtype=oth,position=prenom)	geen	
tijd	NOU-C(number=sg)	tijd	
,	PC	,	
neen	ADV(type=reg)	neen	
,	PC	,	
waan	VRB(finiteness=fin,tense=pres)	wanen	
niet	ADV(type=reg)	niet	
dat	CONJ(type=sub)	dat	
de	PD(type=d-p,subtype=art,position=prenom)	de	
Alwijze	NOU-P	Alwijze	
De	PD(type=d-p,subtype=art,position=prenom)	de	
stervenstond	NOU-C(number=sg)	stervenstond	
vervroegt	VRB(finiteness=fin,tense=pres)	vervroegen	
van	ADP(type=pre)	van	
moêgeleefden	AA(degree=pos,position=free)+AA(degree=pos,position=prenom)	moede+geleefd	
grijze	NOU-C(number=sg)	grijs	
,	PC	,	
…	PC	…	
Of	CONJ(type=coor)	of	
koningen	NOU-C(number=pl)	koning	
verschoont	VRB(finiteness=fin,tense=pres)	verschonen	
wier	PD(type=w-p,position=free)	wie	
vuist	NOU-C(number=sg)	vuist	
den	PD(type=d-p,subtype=art,position=prenom)	de	
staf	NOU-C(number=sg)	staf	
omknelt	VRB(finiteness=fin,tense=pres)	omknellen	
!	PC	!	



Bij	ADP(type=pre)	bij	
die	PD(type=d-p,subtype=oth,position=prenom)	die	
hitte	NOU-C(number=sg)	hitte	
loopt	VRB(finiteness=fin,tense=pres)	lopen	
het	PD(type=d-p,subtype=art,position=prenom)	het	
hout	NOU-C(number=sg)	hout	
gevaar	NOU-C(number=sg)	gevaar	
van	ADP(type=pre)	van	
omkromming	NOU-C(number=sg)	omkromming	
.	PC	.	



De	PD(type=d-p,subtype=art,position=prenom)	de	
beide	PD(type=indef,subtype=oth,position=prenom)	beide	
partijen	NOU-C(number=pl)	partij	
gaven	VRB(finiteness=fin,tense=past)	toegeven	mw_991945
elkaar	PD(type=recip,position=free)	elkander	
bij	ADP(type=pre)	bij	
de	PD(type=d-p,subtype=art,position=prenom)	de	
laatste	AA(degree=sup,position=prenom)	laat	
verkiezing	NOU-C(number=sg)	verkiezing	
niets	PD(type=indef,position=free)	niets	
toe	VRB(finiteness=fin,tense=past)	toegeven	mw_991945
,	PC	,	
en	CONJ(type=coor)	en	
de	PD(type=d-p,subtype=art,position=prenom)	de	
wervers	NOU-C(number=pl)	werver	
hebben	VRB(finiteness=fin,tense=pres)	hebben	
het	PD(type=d-p,subtype=art,position=prenom)	het	
geheele	AA(degree=pos,position=prenom)	geheel	
district	NOU-C(number=sg)	district	
door	ADP(type=post)	door	
omgekuipt	VRB(finiteness=pastpart)	omkuipen	
voor	ADP(type=pre)	voor	
de	PD(type=d-p,subtype=art,position=prenom)	de	
twee	NUM(type=card,position=prenom,representation=let)	twee	
candidaten	NOU-C(number=pl)	kandidaat	
.	PC	.	



Ach	INT	ach	
!	PC	!	
alles	PD(type=indef,position=free)	alles	
werkt	VRB(finiteness=fin,tense=pres)	werken	
en	CONJ(type=coor)	en	
woelt	VRB(finiteness=fin,tense=pres)	woelen	
,	PC	,	
verteert	VRB(finiteness=fin,tense=pres)	verteren	
zich	PD(type=refl,position=free)	zich	
in	ADP(type=pre)	in	
zijn	PD(type=poss,position=prenom)	zijn	
woelen	NOU-C(number=sg)	woelen	
,	PC	,	
Het	PD(type=d-p,subtype=art,position=prenom)	het	
minste	AA(degree=sup,position=prenom)	min	
stofjen	NOU-C(number=sg)	stofje	
klemt	VRB(finiteness=fin,tense=pres)	klemmen	
,	PC	,	
verplaatst	VRB(finiteness=fin,tense=pres)	verplaatsen	
,	PC	,	
of	CONJ(type=coor)	of	
paart	VRB(finiteness=fin,tense=pres)	omparen	mw_686960
zich	PD(type=refl,position=free)	zich	
om	VRB(finiteness=fin,tense=pres)	omparen	mw_686960
.	PC	.	



'k	PD(type=pers,position=free)	ik	
Stond	VRB(finiteness=fin,tense=past)	doorstaan	mw_124956
al	PD(type=indef,position=free)	al	
het	PD(type=d-p,subtype=art,position=prenom)	het	
blaffen	NOU-C(number=sg)	blaffen	
door	VRB(finiteness=fin,tense=past)	doorstaan	mw_124956
der	PD(type=d-p,subtype=art,position=prenom)	de	
losgelaten	AA(degree=pos,position=prenom)	losgelaten	
honden	NOU-C(number=pl)	hond	
,	PC	,	
Uit	ADP(type=pre)	uit	
wrevel	NOU-C(number=sg)	wrevel	
,	PC	,	
spijt	NOU-C(number=sg)	spijt	
,	PC	,	
en	CONJ(type=coor)	en	
haat	NOU-C(number=sg)	haat	
op	ADP(type=pre)	op	
d'eenige	PD(type=d-p,subtype=art,position=prenom)+NOU-C(number=sg)	de+enige	
afgezonden	VRB(finiteness=pastpart)	afzenden	
,	PC	,	
Die	PD(type=d-p,position=free)	die	
de	PD(type=d-p,subtype=art,position=prenom)	de	
onschuld	NOU-C(number=sg)	onschuld	
waar	ADV(type=reg)	waar	
zy	PD(type=pers,position=free)	zij	
leed	VRB(finiteness=fin,tense=past)	lijden	
,	PC	,	
met	ADP(type=pre)	met	
onbeklemde	AA(degree=pos,position=prenom)	onbeklemd	
borst	NOU-C(number=sg)	borst	
,	PC	,	
Gelasterd	VRB(finiteness=pastpart)	lasteren	
en	CONJ(type=coor)	en	
bedreigd	VRB(finiteness=pastpart)	bedreigen	
,	PC	,	
door	ADP(type=pre)	door	
't	PD(type=d-p,subtype=art,position=prenom)	het	
Recht	NOU-C(number=sg)	recht	
beschermen	VRB(finiteness=inf)	beschermen	
dorst	VRB(finiteness=fin,tense=past)	durven	
,	PC	,	



Hij	PD(type=pers,position=free)	hij	
heeft	VRB(finiteness=fin,tense=pres)	hebben	
er	ADV(type=pron)	ermede	mw_606059
nu	ADV(type=reg)	nu	
al	ADV(type=reg)	al	
wie	PD(type=w-p,position=free)	wie	
weet	VRB(finiteness=fin,tense=pres)	weten	
hoe	ADV(type=reg)	hoe	
lang	AA(degree=pos,position=free)	lang	
mee	ADV(type=pron)	ermede	mw_606059
omgepeuterd	VRB(finiteness=pastpart)	ompeuteren	
,	PC	,	
maar	CONJ(type=coor)	maar	
kan	VRB(finiteness=fin,tense=pres)	kunnen	
maar	ADV(type=reg)	maar	
niet	ADV(type=reg)	niet	
klaar	VRB(finiteness=inf)	klaarkomen	mw_601873
komen	VRB(finiteness=inf)	klaarkomen	mw_601873
.	PC	.	
Hou	VRB(finiteness=fin,tense=pres)	ophouden	mw_30868
toch	ADV(type=reg)	toch	
op	VRB(finiteness=fin,tense=pres)	ophouden	mw_30868
langer	AA(degree=comp,position=free)	lang	
met	ADP(type=pre)	met	
dat	PD(type=d-p,subtype=oth,position=prenom)	dat	
werk	NOU-C(number=sg)	werk	
om	VRB(finiteness=inf)	ompeuteren	mw_201877
te	ADP(type=pre)	te	
peuteren	VRB(finiteness=inf)	ompeuteren	mw_201877
.	PC	.	



Die	PD(type=d-p,position=free)	die	
't	PD(type=pers,position=free)	het	
thands	ADV(type=reg)	thans	
,	PC	,	
de	PD(type=d-p,subtype=art,position=prenom)	de	
toekomst	NOU-C(number=sg)	toekomst	
,	PC	,	
en	CONJ(type=coor)	en	
't	PD(type=d-p,subtype=art,position=prenom)	het	
voorleden	NOU-C(number=sg)	voorleden	
,	PC	,	
Met	ADP(type=pre)	met	
de	PD(type=d-p,subtype=art,position=prenom)	de	
eeuwenstroom	NOU-C(number=sg)	eeuwenstroom	
der	PD(type=d-p,subtype=art,position=prenom)	de	
eeuwigheden	NOU-C(number=pl)	eeuwigheid	
,	PC	,	
In	ADP(type=pre)	in	
êênen	PD(type=indef,subtype=art,position=prenom)	een	
enklen	AA(degree=pos,position=prenom)	enkel	
blik	NOU-C(number=sg)	blik	
omsloot	VRB(finiteness=fin,tense=past)	omsluiten	
.	PC	.	



Zoo	CONJ(type=sub)	zo	
ras	AA(degree=pos,position=free)	ras	
de	PD(type=d-p,subtype=art,position=prenom)	de	
wakers	NOU-C(number=pl)	waker	
zich	PD(type=refl,position=free)	zich	
verzekerd	VRB(finiteness=pastpart)	verzekeren	
hadden	VRB(finiteness=fin,tense=past)	hebben	
,	PC	,	
dat	CONJ(type=sub)	dat	
geene	PD(type=indef,subtype=oth,position=prenom)	geen	
onbescheidene	AA(degree=pos,position=prenom)	onbescheiden	
nieuwsgierigen	NOU-C(number=pl)	nieuwsgierige	
zich	PD(type=refl,position=free)	zich	
in	ADP(type=pre)	in	
den	PD(type=d-p,subtype=art,position=prenom)	de	
omtrek	NOU-C(number=sg)	omtrek	
van	ADP(type=pre)	van	
het	PD(type=d-p,subtype=art,position=prenom)	het	
plein	NOU-C(number=sg)	plein	
bevonden	VRB(finiteness=fin,tense=past)	bevinden	
,	PC	,	



Daar	ADV(type=reg)	daar	
valt	VRB(finiteness=fin,tense=pres)	vallen	
Eukraat	NOU-P	Eukraat	
een	PD(type=indef,subtype=art,position=prenom)	een	
bijl	NOU-C(number=sg)	bijl	
Omtrent	ADP(type=pre)	omtrent	
den	PD(type=d-p,subtype=art,position=prenom)	de	
haard	NOU-C(number=sg)	haard	
in	ADP(type=pre)	in	
't	PD(type=d-p,subtype=art,position=prenom)	het	
oog	NOU-C(number=sg)	oog	
;	PC	;	
hij	PD(type=pers,position=free)	hij	
grijpt	VRB(finiteness=fin,tense=pres)	grijpen	
die	PD(type=d-p,position=free)	die	
in	ADP(type=pre)	in	
der	PD(type=d-p,subtype=art,position=prenom)	de	
ijl	NOU-C(number=sg)	ijl	
.	PC	.	



Wat	PD(type=w-p,position=free)	wat	
hief	VRB(finiteness=fin,tense=past)	heffen	
u	PD(type=pers,position=free)	u	
tot	ADP(type=pre)	tot	
dien	PD(type=d-p,subtype=oth,position=prenom)	die	
top	NOU-C(number=sg)	top	
van	ADP(type=pre)	van	
bloei	NOU-C(number=sg)	bloei	
en	CONJ(type=coor)	en	
staatsvermogen	NOU-C(number=sg)	staatsvermogen	
,	PC	,	
Euroop	NOU-P	Euroop	
dat	CONJ(type=sub)	dat	
ge	PD(type=pers,position=free)	gij	
Aarde	NOU-C(number=sg)	aarde	
en	CONJ(type=coor)	en	
Zee	NOU-C(number=sg)	zee	
omvangt	VRB(finiteness=fin,tense=pres)	omvangen	
?	PC	?	



Mejufvrouw	NOU-C(number=sg)	mejuffrouw	
Spa	NOU-P	Spa	
had	VRB(finiteness=fin,tense=past)	hebben	
vast	AA(degree=pos,position=free)	vast	
besloten	VRB(finiteness=pastpart)	besluiten	
,	PC	,	
Om	ADP(type=pre)	om	
Zondag	NOU-C(number=sg)	zondagmiddag	mw_104007
middag	NOU-C(number=sg)	zondagmiddag	mw_104007
heen	VRB(finiteness=inf)	heengaan	mw_282900
te	ADP(type=pre)	te	
gaan	VRB(finiteness=inf)	heengaan	mw_282900
,	PC	,	
Haar	PD(type=poss,position=prenom)	haar	
plan	NOU-C(number=sg)	plan	
was	VRB(finiteness=fin,tense=past)	zijn	
niet	ADV(type=reg)	niet	
omver	VRB(finiteness=inf)	omverstoten	mw_943947
te	ADP(type=pre)	te	
stooten	VRB(finiteness=inf)	omverstoten	mw_943947
,	PC	,	
Ze	PD(type=pers,position=free)	zij	
deed	VRB(finiteness=fin,tense=past)	doen	
vol	AA(degree=pos,position=free)	vol	
nadruk	NOU-C(number=sg)	nadruk	
dit	PD(type=d-p,position=free)	dit	
verstaan	VRB(finiteness=inf)	verstaan	
.	PC	.	



De	PD(type=d-p,subtype=art,position=prenom)	de	
paarden	NOU-C(number=pl)	paard	
werden	VRB(finiteness=fin,tense=past)	worden	
in	ADP(type=pre)	in	
de	PD(type=d-p,subtype=art,position=prenom)	de	
baan	NOU-C(number=sg)	baan	
omgewend	VRB(finiteness=pastpart)	omwenden	
en	CONJ(type=coor)	en	
de	PD(type=d-p,subtype=art,position=prenom)	de	
koets	NOU-C(number=sg)	koets	
keerde	VRB(finiteness=fin,tense=past)	terugkeren	mw_70933
terug	VRB(finiteness=fin,tense=past)	terugkeren	mw_70933
,	PC	,	



Waarom	ADV(type=pron)	waarom	
…	PC	…	
de	PD(type=d-p,subtype=art,position=prenom)	de	
flesschen	NOU-C(number=pl)	fles	
niet	ADV(type=reg)	niet	
omgeworpen	VRB(finiteness=pastpart)	omwerpen	
?	PC	?	
zoo	ADV(type=reg)	zo	
hadt	VRB(finiteness=fin,tense=past)	hebben	
gy	PD(type=pers,position=free)	gij	
den	PD(type=d-p,subtype=art,position=prenom)	de	
brei	NOU-C(number=sg)	brei	
voor	ADP(type=pre)	voor	
u-alleen	PD(type=pers,position=free)+AA(degree=pos,position=free)	u+alleen	
gehad	VRB(finiteness=pastpart)	hebben	
,	PC	,	
die	PD(type=d-p,position=free)	die	
zy	PD(type=pers,position=free)	zij	
met	ADP(type=pre)	met	
haar	PD(type=poss,position=prenom)	haar	
langen	AA(degree=pos,position=prenom)	lang	
snavel	NOU-C(number=sg)	snavel	
van	ADP(type=pre)	van	
den	PD(type=d-p,subtype=art,position=prenom)	de	
vlakken	AA(degree=pos,position=prenom)	vlak	
disch	NOU-C(number=sg)	dis	
niet	ADV(type=reg)	niet	
had	VRB(finiteness=fin,tense=past)	hebben	
kunnen	VRB(finiteness=inf)	kunnen	
afslorpen	VRB(finiteness=inf)	afslurpen	
,	PC	,	



”	PC	”	
Is	VRB(finiteness=fin,tense=pres)	zijn	
het	PD(type=pers,position=free)	het	
waar	AA(degree=pos,position=free)	waar	
,	PC	,	
…	PC	…	
dat	CONJ(type=sub)	dat	
Aafje	NOU-P	Aafje	
Jansz	NOU-P	Jansz	
gister	NOU-C(number=sg)	gisteravond	mw_541869
avond	NOU-C(number=sg)	gisteravond	mw_541869
op	ADP(type=pre)	op	
het	PD(type=d-p,subtype=art,position=prenom)	het	
Larensche	AA(degree=pos,position=prenom)	Larens	
veen	NOU-C(number=sg)	veen	
is	VRB(finiteness=fin,tense=pres)	zijn	
afgezet	VRB(finiteness=pastpart)	afzetten	
'	PC	'	
eworden	VRB(finiteness=pastpart)	worden	
?”	PC	?”	
—	PC	—	
”	PC	”	
Naakt	AA(degree=pos,position=free)	naakt	
uit'eschud	VRB(finiteness=pastpart)	uitschudden	
,	PC	,	
meugje	VRB(finiteness=fin,tense=pres)+PD(type=pers,position=free)	mogen+jij	
wel	ADV(type=reg)	wel	
zeggen	VRB(finiteness=inf)	zeggen	
,”	PC	,”	



—	PC	—	
De	PD(type=d-p,subtype=art,position=prenom)	de	
woorden	NOU-C(number=pl)	woord	
van	ADP(type=pre)	van	
het	PD(type=d-p,subtype=art,position=prenom)	het	
begin	NOU-C(number=sg)	begin	
des	PD(type=d-p,subtype=art,position=prenom)	het	
gebeds	NOU-C(number=sg)	gebed	
durfde	VRB(finiteness=fin,tense=past)	durven	
men	PD(type=pers,position=free)	men	
nog	ADV(type=reg)	nog	
niet	ADV(type=reg)	niet	
omzetten	VRB(finiteness=inf)	omzetten	
;	PC	;	
en	CONJ(type=coor)	en	
het	PD(type=pers,position=free)	het	
bleef	VRB(finiteness=fin,tense=past)	blijven	
,	PC	,	
als	CONJ(type=sub)	als	
te	ADV(type=reg)	tevoren	mw_577002
voren	ADV(type=reg)	tevoren	mw_577002
,	PC	,	
Vater	RES(type=for)	vater	
unser	RES(type=for)	unser	
,	PC	,	



Zoo	ADV(type=reg)	zo	
nadert	VRB(finiteness=fin,tense=pres)	naderen	
hij	PD(type=pers,position=free)	hij	
den	PD(type=d-p,subtype=art,position=prenom)	de	
stroom	NOU-C(number=sg)	stroom	
,	PC	,	
Die	PD(type=d-p,position=free)	die	
,	PC	,	
ruim	AA(degree=pos,position=free)	ruim	
en	CONJ(type=coor)	en	
breed	AA(degree=pos,position=free)	breed	
van	ADP(type=pre)	van	
mond	NOU-C(number=sg)	mond	
,	PC	,	
en	CONJ(type=coor)	en	
niet	ADV(type=reg)	niet	
omzet	VRB(finiteness=fin,tense=pres)	omzetten	
van	ADP(type=pre)	van	
klippen	NOU-C(number=pl)	klip	
,	PC	,	
Zijn	PD(type=poss,position=prenom)	zijn	
heldre	AA(degree=pos,position=prenom)	helder	
watren	NOU-C(number=pl)	water	
naar	ADP(type=pre)	naar	
het	PD(type=d-p,subtype=art,position=prenom)	het	
pekelschuim	NOU-C(number=sg)	pekelschuim	
deed	VRB(finiteness=fin,tense=past)	doen	
glippen	VRB(finiteness=inf)	glippen	
.	PC	.	



Toen	CONJ(type=sub)	toen	
deze	PD(type=d-p,position=free)	deze	
naar	ADP(type=pre)	naar	
een	PD(type=indef,subtype=art,position=prenom)	een	
geschikten	AA(degree=pos,position=prenom)	geschikt	
persoon	NOU-C(number=sg)	persoon	
omzag	VRB(finiteness=fin,tense=past)	omzien	
,	PC	,	
ten	CONJ(type=sub)	teneinde	mw_712710
einde	CONJ(type=sub)	teneinde	mw_712710
hem	PD(type=pers,position=free)	hij	
te	ADP(type=pre)	te	
vertegenwoordigen	VRB(finiteness=inf)	vertegenwoordigen	
op	ADP(type=pre)	op	
de	PD(type=d-p,subtype=art,position=prenom)	de	
rechtsdagen	NOU-C(number=pl)	rechtsdag	
in	ADP(type=pre)	in	
Westergoo	NOU-P	Westergo	
,	PC	,	



Het	PD(type=d-p,subtype=art,position=prenom)	het	
lichte	AA(degree=pos,position=prenom)	licht	
schuitje	NOU-C(number=sg)	schuitje	
is	VRB(finiteness=fin,tense=pres)	zijn	
op	ADP(type=pre)	op	
den	PD(type=d-p,subtype=art,position=prenom)	de	
vijver	NOU-C(number=sg)	vijver	
omgezwabbeld	VRB(finiteness=pastpart)	omzwabbelen	
.	PC	.	
Pas	VRB(finiteness=fin,tense=pres)	oppassen	mw_371547
op	VRB(finiteness=fin,tense=pres)	oppassen	mw_371547
,	PC	,	
dat	CONJ(type=sub)	dat	
de	PD(type=d-p,subtype=art,position=prenom)	de	
boot	NOU-C(number=sg)	boot	
niet	ADV(type=reg)	niet	
omzwabbelt	VRB(finiteness=fin,tense=pres)	omzwabbelen	
.	PC	.	



Onaangemerkt	ADP(type=pre)	onaangemerkt	
de	PD(type=d-p,subtype=art,position=prenom)	de	
verzachtende	AA(degree=pos,position=prenom)	verzachtend	
omstandigheden	NOU-C(number=pl)	omstandigheid	
deed	VRB(finiteness=fin,tense=past)	doen	
het	PD(type=d-p,subtype=art,position=prenom)	het	
Openbaar	AA(degree=pos,position=prenom)	openbaar	
Ministerie	NOU-C(number=sg)	ministerie	
den	PD(type=d-p,subtype=art,position=prenom)	de	
eisch	NOU-C(number=sg)	eis	
van	ADP(type=pre)	van	
vijf	NUM(type=card,position=prenom,representation=let)	vijf	
jaren	NOU-C(number=pl)	jaar	
tuchthuisstraf	NOU-C(number=sg)	tuchthuisstraf	
.	PC	.	
Onaangemerkt	ADP(type=pre)	onaangemerkt	
zijne	PD(type=poss,position=prenom)	zijn	
groote	AA(degree=pos,position=prenom)	groot	
bekwaamheid	NOU-C(number=sg)	bekwaamheid	
is	VRB(finiteness=fin,tense=pres)	zijn	
hij	PD(type=pers,position=free)	hij	
niet	ADV(type=reg)	niet	
benoemd	VRB(finiteness=pastpart)	benoemen	
.	PC	.	
Onaangemerkt	ADP(type=pre)	onaangemerkt	
zijne	PD(type=poss,position=prenom)	zijn	
verdiensten	NOU-C(number=pl)	verdienste	
,	PC	,	
die	PD(type=d-p,position=free)	die	
ik	PD(type=pers,position=free)	ik	
niet	ADV(type=reg)	niet	
betwisten	VRB(finiteness=inf)	betwisten	
wil	VRB(finiteness=fin,tense=pres)	willen	
,	PC	,	
is	VRB(finiteness=fin,tense=pres)	zijn	
hij	PD(type=pers,position=free)	hij	
geen	PD(type=indef,subtype=oth,position=prenom)	geen	
aangenaam	AA(degree=pos,position=prenom)	aangenaam	
mensch	NOU-C(number=sg)	mens	
.	PC	.	



”	PC	”	
Die	PD(type=d-p,subtype=oth,position=prenom)	die	
kleine	AA(degree=pos,position=prenom)	klein	
deerne	NOU-C(number=sg)	deerne	
…	PC	…	
deed	VRB(finiteness=fin,tense=past)	doen	
op	ADP(type=pre)	op	
mij	PD(type=pers,position=free)	ik	
een	PD(type=indef,subtype=art,position=prenom)	een	
geheel	AA(degree=pos,position=free)	geheel	
andere	PD(type=indef,subtype=oth,position=prenom)	ander	
uitwerking	NOU-C(number=sg)	uitwerking	
”.	PC	”.	
—	PC	—	
”	PC	”	
Inderdaad	ADV(type=reg)	inderdaad	
,	PC	,	
zij	PD(type=pers,position=free)	zij	
was	VRB(finiteness=fin,tense=past)	zijn	
niet	ADV(type=reg)	niet	
onaardig	AA(degree=pos,position=free)	onaardig	
”,	PC	”,	



Niettegenstaande	ADP(type=pre)	niettegenstaande	
de	PD(type=d-p,subtype=art,position=prenom)	de	
zuivere	AA(degree=pos,position=prenom)	zuiver	
lijnen	NOU-C(number=pl)	lijn	
,	PC	,	
maakt	VRB(finiteness=fin,tense=pres)	maken	
haar	PD(type=poss,position=prenom)	haar	
gelaat	NOU-C(number=sg)	gelaat	
geen	PD(type=indef,subtype=oth,position=prenom)	geen	
indruk	NOU-C(number=sg)	indruk	
door	ADP(type=pre)	door	
de	PD(type=d-p,subtype=art,position=prenom)	de	
volslagen	AA(degree=pos,position=prenom)	volslagen	
onbeduidendheid	NOU-C(number=sg)	onbeduidendheid	
.	PC	.	
De	PD(type=d-p,subtype=art,position=prenom)	de	
onbeduidendheid	NOU-C(number=sg)	onbeduidendheid	
der	PD(type=d-p,subtype=art,position=prenom)	de	
schilderijen	NOU-C(number=pl)	schilderij	
op	ADP(type=pre)	op	
die	PD(type=d-p,subtype=oth,position=prenom)	die	
tentoonstelling	NOU-C(number=sg)	tentoonstelling	
geeft	VRB(finiteness=fin,tense=pres)	geven	
geen	PD(type=indef,subtype=oth,position=prenom)	geen	
hoog	AA(degree=pos,position=prenom)	hoog	
denkbeeld	NOU-C(number=sg)	denkbeeld	
van	ADP(type=pre)	van	
de	PD(type=d-p,subtype=art,position=prenom)	de	
kunst	NOU-C(number=sg)	kunst	
bij	ADP(type=pre)	bij	
dat	PD(type=d-p,subtype=oth,position=prenom)	dat	
volk	NOU-C(number=sg)	volk	
.	PC	.	
De	PD(type=d-p,subtype=art,position=prenom)	de	
onbeduidendheid	NOU-C(number=sg)	onbeduidendheid	
van	ADP(type=pre)	van	
eene	PD(type=indef,subtype=art,position=prenom)	een	
geldsom	NOU-C(number=sg)	geldsom	
,	PC	,	
van	ADP(type=pre)	van	
een	PD(type=indef,subtype=art,position=prenom)	een	
gesprek	NOU-C(number=sg)	gesprek	
,	PC	,	
van	ADP(type=pre)	van	
een	PD(type=indef,subtype=art,position=prenom)	een	
boek	NOU-C(number=sg)	boek	
,	PC	,	
van	ADP(type=pre)	van	
een	PD(type=indef,subtype=art,position=prenom)	een	
voorval	NOU-C(number=sg)	voorval	
,	PC	,	
van	ADP(type=pre)	van	
eene	PD(type=indef,subtype=art,position=prenom)	een	
omstandigheid	NOU-C(number=sg)	omstandigheid	
.	PC	.	



Hij	PD(type=pers,position=free)	hij	
is	VRB(finiteness=fin,tense=pres)	zijn	
al	ADV(type=reg)	al	
een	PD(type=indef,subtype=art,position=prenom)	een	
heel	AA(degree=pos,position=free)	heel	
onbeleefde	AA(degree=pos,position=prenom)	onbeleefd	
kerel	NOU-C(number=sg)	kerel	
.	PC	.	
Een	PD(type=indef,subtype=art,position=prenom)	een	
onbeleefde	AA(degree=pos,position=prenom)	onbeleefd	
jongen	NOU-C(number=sg)	jongen	
.	PC	.	



Ik	PD(type=pers,position=free)	ik	
ken	VRB(finiteness=fin,tense=pres)	kennen	
geen	PD(type=indef,subtype=oth,position=prenom)	geen	
onbeminlijker	AA(degree=comp,position=prenom)	onbeminnelijk	
mensch	NOU-C(number=sg)	mens	
.	PC	.	
Hij	PD(type=pers,position=free)	hij	
heeft	VRB(finiteness=fin,tense=pres)	hebben	
het	PD(type=d-p,subtype=art,position=prenom)	het	
onbeminlijkst	AA(degree=sup,position=prenom)	onbeminnelijk	
karakter	NOU-C(number=sg)	karakter	
,	PC	,	
dat	PD(type=d-p,position=free)	dat	
ik	PD(type=pers,position=free)	ik	
ooit	ADV(type=reg)	ooit	
gekend	VRB(finiteness=pastpart)	kennen	
heb	VRB(finiteness=fin,tense=pres)	hebben	
.	PC	.	
Een	PD(type=indef,subtype=art,position=prenom)	een	
niet	ADV(type=reg)	niet	
onbeminnelijk	AA(degree=pos,position=prenom)	onbeminnelijk	
meisje	NOU-C(number=sg)	meisje	
.	PC	.	



Ik	PD(type=pers,position=free)	ik	
zal	VRB(finiteness=fin,tense=pres)	zullen	
het	PD(type=pers,position=free)	het	
eens	ADV(type=reg)	eens	
afzien	VRB(finiteness=inf)	afzien	
(	PC	(	
eens	ADV(type=reg)	eens	
zien	VRB(finiteness=inf)	zien	
wat	PD(type=w-p,position=free)	wat	
er	ADV(type=pron)	ervan	mw_162519
van	ADV(type=pron)	ervan	mw_162519
wordt	VRB(finiteness=fin,tense=pres)	worden	
),	PC	),	
eer	CONJ(type=sub)	eer	
ik	PD(type=pers,position=free)	ik	
een	PD(type=indef,subtype=art,position=prenom)	een	
besluit	NOU-C(number=sg)	besluit	
neem	VRB(finiteness=fin,tense=pres)	nemen	
.	PC	.	



De	PD(type=d-p,subtype=art,position=prenom)	de	
onbescheiden	AA(degree=pos,position=prenom)	onbescheiden	
alarmverspreider	NOU-C(number=sg)	alarmverspreider	
,	PC	,	
die	PD(type=d-p,position=free)	die	
geen	PD(type=indef,subtype=oth,position=prenom)	geen	
goede	AA(degree=pos,position=prenom)	goed	
bewijsstukken	NOU-C(number=pl)	bewijsstuk	
voor	ADP(type=pre)	voor	
zijn	PD(type=poss,position=prenom)	zijn	
nieuws	NOU-C(number=sg)	nieuws	
leveren	VRB(finiteness=inf)	leveren	
kon	VRB(finiteness=fin,tense=past)	kunnen	
,	PC	,	
wordt	VRB(finiteness=fin,tense=pres)	worden	
op	ADP(type=pre)	op	
het	PD(type=d-p,subtype=art,position=prenom)	het	
foltertuig	NOU-C(number=sg)	foltertuig	
gesleept	VRB(finiteness=pastpart)	slepen	
,	PC	,	



Eén	PD(type=indef,subtype=art,position=prenom)	een	
boot	NOU-C(number=sg)	boot	
slechts	ADV(type=reg)	slechts	
had	VRB(finiteness=fin,tense=past)	hebben	
niet	ADV(type=reg)	niet	
mogen	VRB(finiteness=inf)	mogen	
landen	VRB(finiteness=inf)	landen	
Door	ADP(type=pre)	door	
fellen	AA(degree=pos,position=prenom)	fel	
stormwind	NOU-C(number=sg)	stormwind	
aangetast	VRB(finiteness=pastpart)	aantasten	
,	PC	,	
Was	VRB(finiteness=fin,tense=past)	zijn	
zij	PD(type=pers,position=free)	zij	
gedreven	VRB(finiteness=pastpart)	drijven	
op	ADP(type=pre)	op	
de	PD(type=d-p,subtype=art,position=prenom)	de	
zanden	NOU-C(number=pl)	zand	
,	PC	,	
En	CONJ(type=coor)	en	
zat	VRB(finiteness=fin,tense=past)	zitten	
er	ADV(type=reg)	er	
onbeweeglijk	AA(degree=pos,position=free)	onbeweeglijk	
vast	AA(degree=pos,position=free)	vast	
.	PC	.	



Geen	PD(type=indef,subtype=oth,position=prenom)	geen	
stug	AA(degree=pos,position=prenom)	stug	
gemoed	NOU-C(number=sg)	gemoed	
bleef	VRB(finiteness=fin,tense=past)	blijven	
koud	AA(degree=pos,position=free)	koud	
of	CONJ(type=coor)	of	
koel	AA(degree=pos,position=free)	koel	
,	PC	,	
Geen	PD(type=indef,subtype=oth,position=prenom)	geen	
wreevlige	AA(degree=pos,position=prenom)	wrevelig	
inborst	NOU-C(number=sg)	inborst	
onbewogen	AA(degree=pos,position=free)	onbewogen	
.	PC	.	



Hij	PD(type=pers,position=free)	hij	
is	VRB(finiteness=fin,tense=pres)	zijn	
het	PD(type=d-p,subtype=art,position=prenom)	het	
flonkerlicht	NOU-C(number=sg)	flonkerlicht	
,	PC	,	
de	PD(type=d-p,subtype=art,position=prenom)	de	
luister	NOU-C(number=sg)	luister	
onzer	PD(type=poss,position=prenom)	ons	
dagen	NOU-C(number=pl)	dag	
,	PC	,	
Op	ADP(type=pre)	op	
wien	PD(type=w-p,position=free)	wie	
ons	PD(type=poss,position=prenom)	ons	
vaderland	NOU-C(number=sg)	vaderland	
hoogmoedig	AA(degree=pos,position=free)	hoogmoedig	
roem	NOU-C(number=sg)	roem	
durft	VRB(finiteness=fin,tense=pres)	durven	
dragen	VRB(finiteness=inf)	dragen	
,	PC	,	
Ofschoon	CONJ(type=sub)	ofschoon	
het	PD(type=pers,position=free)	het	
tevens	ADV(type=reg)	tevens	
op	ADP(type=pre)	op	
't	PD(type=d-p,subtype=art,position=prenom)	het	
onbillijkst	NOU-C(number=sg)	onbillijkste	
hem	PD(type=pers,position=free)	hij	
verstoot	VRB(finiteness=fin,tense=pres)	verstoten	
.	PC	.	



Ondankbren	NOU-C(number=sg)	ondankbare	
!	PC	!	
werd	VRB(finiteness=fin,tense=past)	worden	
dan	ADV(type=reg)	dan	
nooit	ADV(type=reg)	nooit	
uw	PD(type=poss,position=prenom)	uw	
stalen	AA(degree=pos,position=prenom)	stalen	
borst	NOU-C(number=sg)	borst	
verteederd	VRB(finiteness=pastpart)	vertederen	
Door	ADP(type=pre)	door	
vrouwlijk	AA(degree=pos,position=prenom)	vrouwelijk	
schoon	NOU-C(number=sg)	schoon	
?	PC	?	



Deze	PD(type=d-p,position=free)	deze	
was	VRB(finiteness=fin,tense=past)	zijn	
bezig	AA(degree=pos,position=free)	bezig	
zijn	PD(type=poss,position=prenom)	zijn	
medicijnkist	NOU-C(number=sg)	medicijnkist	
van	ADP(type=pre)	van	
onder	ADP(type=pre)	onder	
den	PD(type=d-p,subtype=art,position=prenom)	de	
ingestorten	AA(degree=pos,position=prenom)	ingestort	
hoop	NOU-C(number=sg)	hoop	
voor	ADP(type=pre)	voor	
den	PD(type=d-p,subtype=art,position=prenom)	de	
dag	NOU-C(number=sg)	dag	
te	ADP(type=pre)	te	
halen	VRB(finiteness=inf)	halen	
,	PC	,	



De	PD(type=d-p,subtype=art,position=prenom)	de	
spoorwegbrug	NOU-C(number=sg)	spoorwegbrug	
zal	VRB(finiteness=fin,tense=pres)	zullen	
weldra	ADV(type=reg)	weldra	
gereed	AA(degree=pos,position=free)	gereed	
zijn	VRB(finiteness=inf)	zijn	
:	PC	:	
de	PD(type=d-p,subtype=art,position=prenom)	de	
onderbouw	NOU-C(number=sg)	onderbouw	
is	VRB(finiteness=fin,tense=pres)	zijn	
al	ADV(type=reg)	al	
geheel	AA(degree=pos,position=free)	geheel	
voltooid	AA(degree=pos,position=free)	voltooid	
.	PC	.	



Als	CONJ(type=sub)	als	
een	PD(type=indef,subtype=art,position=prenom)	een	
echte	AA(degree=pos,position=prenom)	echt	
kamerdienaar	NOU-C(number=sg)	kamerdienaar	
van	ADP(type=pre)	van	
het	PD(type=d-p,subtype=art,position=prenom)	het	
regentschap	NOU-C(number=sg)	regentschap	
…	PC	…	
paarde	VRB(finiteness=fin,tense=past)	paren	
hij	PD(type=pers,position=free)	hij	
onbeschaamdheid	NOU-C(number=sg)	onbeschaamdheid	
van	ADP(type=pre)	van	
handelingen	NOU-C(number=pl)	handeling	
aan	ADP(type=pre)	aan	
den	PD(type=d-p,subtype=art,position=prenom)	de	
beleefden	AA(degree=pos,position=prenom)	beleefd	
vorm	NOU-C(number=sg)	vorm	
der	PD(type=d-p,subtype=art,position=prenom)	de	
onderdanigheid	NOU-C(number=sg)	onderdanigheid	
,	PC	,	



Jaren	NOU-C(number=pl)	jaar	
lang	AA(degree=pos,position=free)	lang	
was	VRB(finiteness=fin,tense=past)	zijn	
hij	PD(type=pers,position=free)	hij	
gewoon	AA(degree=pos,position=free)	gewoon	
zich	PD(type=refl,position=free)	zich	
des	PD(type=d-p,subtype=art,position=prenom)	de	
morgens	NOU-C(number=sg)	morgen	
een	PD(type=indef,subtype=art,position=prenom)	een	
uurtje	NOU-C(number=sg)	uurtje	
af	VRB(finiteness=inf)	afzonderen	mw_667025
te	ADP(type=pre)	te	
zonderen	VRB(finiteness=inf)	afzonderen	mw_667025
,	PC	,	
eer	CONJ(type=sub)	eer	
hij	PD(type=pers,position=free)	hij	
zijn	PD(type=poss,position=prenom)	zijn	
werk	NOU-C(number=sg)	werk	
ging	VRB(finiteness=fin,tense=past)	gaan	
verrigten	VRB(finiteness=inf)	verrichten	
,	PC	,	



Daar	ADV(type=reg)	daar	
was	VRB(finiteness=fin,tense=past)	zijn	
het	PD(type=d-p,subtype=art,position=prenom)	het	
strijdperk	NOU-C(number=sg)	strijdperk	
,	PC	,	
rood	AA(degree=pos,position=free)	rood	
verlicht	VRB(finiteness=pastpart)	verlichten	
Door	ADP(type=pre)	door	
't	PD(type=d-p,subtype=art,position=prenom)	het	
vuur	NOU-C(number=sg)	vuur	
van	ADP(type=pre)	van	
de	PD(type=d-p,subtype=art,position=prenom)	de	
ondergaande	AA(degree=pos,position=prenom)	ondergaand	
steden	NOU-C(number=pl)	stad	
,	PC	,	
Waarin	ADV(type=pron)	waarin	
Oranje	NOU-P	Oranje	
en	CONJ(type=coor)	en	
Parma	NOU-P	Parma	
streden	VRB(finiteness=fin,tense=past)	strijden	
.	PC	.	



Ik	PD(type=pers,position=free)	ik	
verneem	VRB(finiteness=fin,tense=pres)	vernemen	
,	PC	,	
dat	CONJ(type=sub)	dat	
elk	PD(type=indef,subtype=oth,position=prenom)	elk	
stuk	NOU-C(number=sg)	stuk	
van	ADP(type=pre)	van	
achten	NUM(type=card,position=free,representation=let)	acht	
,	PC	,	
hetwelk	PD(type=w-p,position=free)	hetwelk	
voor	ADP(type=pre)	voor	
mijne	PD(type=poss,position=prenom)	mijn	
tafel	NOU-C(number=sg)	tafel	
wordt	VRB(finiteness=fin,tense=pres)	worden	
uitgegeven	VRB(finiteness=pastpart)	uitgeven	
,	PC	,	
het	PD(type=d-p,subtype=art,position=prenom)	het	
onderhoud	NOU-C(number=sg)	onderhoud	
van	ADP(type=pre)	van	
een	PD(type=indef,subtype=art,position=prenom)	een	
lijdend	AA(degree=pos,position=prenom)	lijdend	
huisgezin	NOU-C(number=sg)	huisgezin	
had	VRB(finiteness=fin,tense=past)	hebben	
kunnen	VRB(finiteness=inf)	kunnen	
verzekeren	VRB(finiteness=inf)	verzekeren	
,	PC	,	



Ik	PD(type=pers,position=free)	ik	
begrijp	VRB(finiteness=fin,tense=pres)	begrijpen	
niet	ADV(type=reg)	niet	
recht	AA(degree=pos,position=free)	recht	
welke	PD(type=w-p,position=prenom)	welk	
zaken	NOU-C(number=pl)	zaak	
gij	PD(type=pers,position=free)	gij	
met	ADP(type=pre)	met	
mij	PD(type=pers,position=free)	ik	
kunt	VRB(finiteness=fin,tense=pres)	kunnen	
hebben	VRB(finiteness=inf)	hebben	
uitstaan	VRB(finiteness=inf)	uitstaan	
,	PC	,	
zoo	ADV(type=reg)	zo	
geheim	AA(degree=pos,position=free)	geheim	
,	PC	,	
dat	CONJ(type=sub)	dat	
zij	PD(type=pers,position=free)	zij	
een	PD(type=indef,subtype=art,position=prenom)	een	
afzonderlijk	AA(degree=pos,position=prenom)	afzonderlijk	
onderhoud	NOU-C(number=sg)	onderhoud	
vereischen	VRB(finiteness=fin,tense=pres)	vereisen	
,	PC	,	



Nog	ADV(type=reg)	nog	
één	NUM(type=card,position=prenom,representation=let)	een	
woord	NOU-C(number=sg)	woord	
,	PC	,	
…	PC	…	
en	CONJ(type=coor)	en	
laat	VRB(finiteness=fin,tense=pres)	laten	
ons	PD(type=pers,position=free)	wij	
dan	ADV(type=reg)	dan	
aan	ADP(type=pre)	aan	
dit	PD(type=d-p,subtype=oth,position=prenom)	dit	
pijnlijk	AA(degree=pos,position=prenom)	pijnlijk	
onderhoud	NOU-C(number=sg)	onderhoud	
een	PD(type=indef,subtype=art,position=prenom)	een	
einde	NOU-C(number=sg)	einde	
maken	VRB(finiteness=inf)	maken	
,	PC	,	



Het	PD(type=pers,position=free)	het	
is	VRB(finiteness=fin,tense=pres)	zijn	
de	PD(type=d-p,subtype=art,position=prenom)	de	
student	NOU-C(number=sg)	student	
…,	PC	…,	
die	PD(type=d-p,position=free)	die	
in	ADP(type=pre)	in	
het	PD(type=d-p,subtype=art,position=prenom)	het	
hoofdvertrek	NOU-C(number=sg)	hoofdvertrek	
gevestigd	VRB(finiteness=pastpart)	vestigen	
is	VRB(finiteness=fin,tense=pres)	zijn	
,	PC	,	
…	PC	…	
terwijl	CONJ(type=sub)	terwijl	
de	PD(type=d-p,subtype=art,position=prenom)	de	
eigenaar	NOU-C(number=sg)	eigenaar	
…	PC	…	
zich	PD(type=refl,position=free)	zich	
naar	ADP(type=pre)	naar	
een	PD(type=indef,subtype=art,position=prenom)	een	
achter	NOU-C(number=sg,WF=trunc)+NOU-C(number=sg)	achterkamertje+onderkamertje	mw_790306
-	PC	-	
of	CONJ(type=coor)	of	
onderkamertje	NOU-C(number=sg,WF=trunc)+NOU-C(number=sg)	achterkamertje+onderkamertje	mw_790306
verbannen	VRB(finiteness=pastpart)	verbannen	
heeft	VRB(finiteness=fin,tense=pres)	hebben	
,	PC	,	



De	PD(type=d-p,subtype=art,position=prenom)	de	
bedrieger	NOU-C(number=sg)	bedrieger	
ontvangt	VRB(finiteness=fin,tense=pres)	ontvangen	
niet	ADV(type=reg)	niet	
zelden	ADV(type=reg)	zelden	
zijn	PD(type=poss,position=prenom)	zijn	
loon	NOU-C(number=sg)	loon	
;	PC	;	
de	PD(type=d-p,subtype=art,position=prenom)	de	
listige	AA(degree=pos,position=prenom)	listig	
draaijerijen	NOU-C(number=pl)	draaierij	
van	ADP(type=pre)	van	
den	PD(type=d-p,subtype=art,position=prenom)	de	
geveinsden	NOU-C(number=sg)	geveinsde	
en	CONJ(type=coor)	en	
onderkruiper	NOU-C(number=sg)	onderkruiper	
worden	VRB(finiteness=fin,tense=pres)	worden	
menigmaal	ADV(type=reg)	menigmaal	
ontdekt	VRB(finiteness=pastpart)	ontdekken	
,	PC	,	



Waar	ADV(type=reg)	waar	
men	PD(type=pers,position=free)	men	
,	PC	,	
om	ADP(type=pre)	om	
dit	PD(type=d-p,subtype=oth,position=prenom)	dit	
einde	NOU-C(number=sg)	einde	
te	ADP(type=pre)	te	
bereiken	VRB(finiteness=inf)	bereiken	
,	PC	,	
geen	PD(type=indef,subtype=oth,position=prenom)	geen	
openbaar	AA(degree=pos,position=prenom)	openbaar	
geweld	NOU-C(number=sg)	geweld	
kan	VRB(finiteness=fin,tense=pres)	kunnen	
gebruiken	VRB(finiteness=inf)	gebruiken	
,	PC	,	
maar	CONJ(type=coor)	maar	
door	ADP(type=pre)	door	
list	NOU-C(number=sg)	list	
,	PC	,	
en	CONJ(type=coor)	en	
onderkruiping	NOU-C(number=sg)	onderkruiping	
,	PC	,	
en	CONJ(type=coor)	en	
opstoking	NOU-C(number=sg)	opstoking	
,	PC	,	
eenen	PD(type=indef,subtype=art,position=prenom)	een	
bedekten	AA(degree=pos,position=prenom)	bedekt	
oorlog	NOU-C(number=sg)	oorlog	
moet	VRB(finiteness=fin,tense=pres)	moeten	
voeren	VRB(finiteness=inf)	voeren	
,	PC	,	



Kon	VRB(finiteness=fin,tense=past)	kunnen	
die	PD(type=d-p,subtype=oth,position=prenom)	die	
godvruchtige	AA(degree=pos,position=prenom)	godvruchtig	
oorlogsman	NOU-C(number=sg)	oorlogsman	
Geen	PD(type=indef,subtype=oth,position=prenom)	geen	
stond	NOU-C(number=sg)	stond	
afzond'ren	VRB(finiteness=inf)	afzonderen	
van	ADP(type=pre)	van	
den	PD(type=d-p,subtype=art,position=prenom)	de	
tijd	NOU-C(number=sg)	tijd	
Aan	ADP(type=pre)	aan	
moord	NOU-C(number=sg)	moord	
en	CONJ(type=coor)	en	
eerdienst	NOU-C(number=sg)	eredienst	
toegewijd	VRB(finiteness=pastpart)	toewijden	
?	PC	?	



Met	ADP(type=pre)	met	
een	PD(type=indef,subtype=art,position=prenom)	een	
gerust	AA(degree=pos,position=prenom)	gerust	
geweten	NOU-C(number=sg)	geweten	
…	PC	…	
zoudt	VRB(finiteness=fin,tense=pres)	zullen	
gij	PD(type=pers,position=free)	gij	
uw	PD(type=poss,position=prenom)	uw	
lei	NOU-C(number=sg)	lei	
aan	ADP(type=pre)	aan	
den	PD(type=d-p,subtype=art,position=prenom)	de	
ondermeester	NOU-C(number=sg)	ondermeester	
overgeven	VRB(finiteness=inf)	overgeven	
,	PC	,	
om	ADP(type=pre)	om	
te	ADP(type=pre)	te	
laten	VRB(finiteness=inf)	laten	
nacijferen	VRB(finiteness=inf)	nacijferen	
,	PC	,	



Zij	PD(type=pers,position=free)	zij	
haastte	VRB(finiteness=fin,tense=past)	haasten	
zich	PD(type=refl,position=free)	zich	
,	PC	,	
beide	PD(type=indef,subtype=oth,position=prenom)	beide	
brieven	NOU-C(number=pl)	brief	
,	PC	,	
al	CONJ(type=sub)	al	
was	VRB(finiteness=fin,tense=past)	zijn	
het	PD(type=pers,position=free)	het	
dan	ADV(type=reg)	dan	
ongedagteekend	AA(degree=pos,position=free)	ongedagtekend	
,	PC	,	
te	ADP(type=pre)	te	
sluiten	VRB(finiteness=inf)	sluiten	
,	PC	,	



Hoevele	PD(type=indef,subtype=oth,position=prenom)	hoeveel	
Engelsche	AA(degree=pos,position=prenom)	Engels	
romans	NOU-C(number=pl)	roman	
zouden	VRB(finiteness=fin,tense=past)	zullen	
ongeschreven	AA(degree=pos,position=free)	ongeschreven	
…	PC	…	
zijn	VRB(finiteness=inf)	zijn	
,	PC	,	
indien	CONJ(type=sub)	indien	
men	PD(type=pers,position=free)	men	



De	PD(type=d-p,subtype=art,position=prenom)	de	
Mensch	NOU-C(number=sg)	mens	
…	PC	…	
heeft	VRB(finiteness=fin,tense=pres)	hebben	
…	PC	…	
de	PD(type=d-p,subtype=art,position=prenom)	de	
bovenlip	NOU-C(number=sg)	bovenlip	
…	PC	…	
ongespleten	AA(degree=pos,position=free)	ongespleten	
,	PC	,	



Meesterstuk	NOU-C(number=sg)	meesterstuk	
van	ADP(type=pre)	van	
d	PD(type=d-p,subtype=art,position=prenom)	de	
'	PC	'	
Ongewraakte	NOU-P	Ongewraakte	



Die	PD(type=d-p,subtype=oth,position=prenom)	die	
pligt	NOU-C(number=sg)	plicht	
,	PC	,	
die	PD(type=d-p,subtype=oth,position=prenom)	die	
zoetste	AA(degree=sup,position=prenom)	zoet	
pligt	NOU-C(number=sg)	plicht	
der	PD(type=d-p,subtype=art,position=prenom)	de	
vrouwen	NOU-C(number=pl)	vrouw	
,	PC	,	
Die	PD(type=d-p,position=free)	die	
't	PD(type=d-p,subtype=art,position=prenom)	het	
hart	NOU-C(number=sg)	hart	
onthardt	VRB(finiteness=fin,tense=pres)	ontharden	
,	PC	,	
zijn	PD(type=poss,position=prenom)	zijn	
togten	NOU-C(number=pl)	tocht	
leidt	VRB(finiteness=fin,tense=pres)	leiden	
,	PC	,	
En	CONJ(type=coor)	en	
't	PD(type=d-p,subtype=art,position=prenom)	het	
levensheil	NOU-C(number=sg)	levensheil	
,	PC	,	
reeds	ADV(type=reg)	reeds	
overdolven	VRB(finiteness=pastpart)	overdelven	
,	PC	,	
Weêr	ADV(type=reg)	weder	
op	VRB(finiteness=inf)	optoveren	mw_987344
kan	VRB(finiteness=fin,tense=pres)	kunnen	
toovren	VRB(finiteness=inf)	optoveren	mw_987344
uit	ADP(type=pre)	uit	
de	PD(type=d-p,subtype=art,position=prenom)	de	
golven	NOU-C(number=pl)	golf	
,	PC	,	
Geliefde	NOU-C(number=sg)	geliefde	
,	PC	,	
heet	VRB(finiteness=fin,tense=pres)	heten	
Zachtmoedigheid	NOU-C(number=sg)	zachtmoedigheid	
!	PC	!	



Alles	PD(type=indef,position=free)	alles	
daar	ADV(type=reg)	daar	
in	ADP(type=pre)	in	
huis	NOU-C(number=sg)	huis	
was	VRB(finiteness=fin,tense=past)	zijn	
groot	AA(degree=pos,position=free)	groot	
,	PC	,	
ontzagverwekkend	AA(degree=pos,position=free)	ontzagverwekkend	
en	CONJ(type=coor)	en	
omslachtig	AA(degree=pos,position=free)	omslachtig	
,	PC	,	



(	PC	(	
De	PD(type=d-p,subtype=art,position=prenom)	de	
diamanten	NOU-C(number=pl)	diamant	
)	PC	)	
zijn	VRB(finiteness=fin,tense=pres)	zijn	
…	PC	…	
onverkoopbaar	AA(degree=pos,position=free)	onverkoopbaar	
heden	ADV(type=reg)	heden	
ten	ADP(type=pre)+PD(type=d-p,subtype=art,position=prenom)	te+de	
dage	NOU-C(number=sg)	dag	
,	PC	,	



Hem	PD(type=pers,position=free)	hij	
doet	VRB(finiteness=fin,tense=pres)	doen	
in	ADP(type=pre)	in	
't	PD(type=d-p,subtype=art,position=prenom)	het	
aakligst	AA(degree=sup,position=prenom)	akelig	
uur	NOU-C(number=sg)	uur	
Het	PD(type=d-p,subtype=art,position=prenom)	het	
schaduwbeeld	NOU-C(number=sg)	schaduwbeeld	
der	PD(type=d-p,subtype=art,position=prenom)	de	
hoop	NOU-C(number=sg)	hoop	
nog	ADV(type=reg)	nog	
zoete	AA(degree=pos,position=prenom)	zoet	
vleitaal	NOU-C(number=sg)	vleitaal	
kwelen	VRB(finiteness=inf)	kwelen	
.	PC	.	



Was	VRB(finiteness=fin,tense=past)	zijn	
dat	PD(type=d-p,subtype=oth,position=prenom)	dat	
gevoel	NOU-C(number=sg)	gevoel	
nu	ADV(type=reg)	nu	
ook	ADV(type=reg)	ook	
al	ADV(type=reg)	al	
gestorven	VRB(finiteness=pastpart)	sterven	
in	ADP(type=pre)	in	
hem	PD(type=pers,position=free)	hij	
?	PC	?	



Wie	PD(type=w-p,position=free)	wie	
wandelt	VRB(finiteness=fin,tense=pres)	wandelen	
daar	ADV(type=reg)	daar	
in	ADP(type=pre)	in	
die	PD(type=d-p,subtype=oth,position=prenom)	die	
schoone	AA(degree=pos,position=prenom)	schoon	
streek	NOU-C(number=sg)	streek	
?	PC	?	
Ik	PD(type=pers,position=free)	ik	
herken	VRB(finiteness=fin,tense=pres)	herkennen	
het	PD(type=d-p,subtype=art,position=prenom)	het	
bevallig	AA(degree=pos,position=prenom)	bevallig	
oord	NOU-C(number=sg)	oord	
niet	ADV(type=reg)	niet	
,	PC	,	



Onze	PD(type=poss,position=prenom)	ons	
trein	NOU-C(number=sg)	trein	
is	VRB(finiteness=fin,tense=pres)	zijn	
niet	ADV(type=reg)	niet	
meer	ADV(type=reg)	meer	
dan	CONJ(type=coor)	dan	
een	PD(type=indef,subtype=art,position=prenom)	een	
visschersschuitje	NOU-C(number=sg)	vissersschuitje	
in	ADP(type=pre)	in	
eene	PD(type=indef,subtype=art,position=prenom)	een	
oorlogshaven	NOU-C(number=sg)	oorlogshaven	
,	PC	,	



—	PC	—	
Deez	PD(type=d-p,subtype=oth,position=prenom)	deze	
'	PC	'	
grijzaards	NOU-C(number=pl)	grijsaard	
,	PC	,	
voor	ADP(type=pre)	voor	
geen	PD(type=indef,subtype=oth,position=prenom)	geen	
kamp	NOU-C(number=sg)	kamp	
bestand	AA(degree=pos,position=free)	bestand	
,	PC	,	
Bezwijken	VRB(finiteness=fin,tense=pres)	bezwijken	
onder	ADP(type=pre)	onder	
't	PD(type=d-p,subtype=art,position=prenom)	het	
oorlogswapen	NOU-C(number=sg)	oorlogswapen	
,	PC	,	



't	PD(type=pers,position=free)	het	
was	VRB(finiteness=fin,tense=past)	zijn	
avond	NOU-C(number=sg)	avond	
.	PC	.	
—	PC	—	
Kalm	AA(degree=pos,position=free)	kalm	
en	CONJ(type=coor)	en	
statig	AA(degree=pos,position=free)	statig	
Rees	VRB(finiteness=fin,tense=past)	rijzen	
de	PD(type=d-p,subtype=art,position=prenom)	de	
maan	NOU-C(number=sg)	maan	
aan	ADP(type=pre)	aan	
d'oostertrans	PD(type=d-p,subtype=art,position=prenom)+NOU-C(number=sg)	de+oostertrans	
.	PC	.	



Een	PD(type=indef,subtype=art,position=prenom)	een	
uur	NOU-C(number=sg)	uur	
later	AA(degree=comp,position=free)	laat	
zit	VRB(finiteness=fin,tense=pres)	zitten	
ik	PD(type=pers,position=free)	ik	
met	ADP(type=pre)	met	
roodbekreten	AA(degree=pos,position=free)+AA(degree=pos,position=prenom)	rood+bekreten	
oogen	NOU-C(number=pl)	oog	
op	ADP(type=pre)	op	
de	PD(type=d-p,subtype=art,position=prenom)	de	
diligentie	NOU-C(number=sg)	diligentie	
,	PC	,	



—	PC	—	
Solinus	NOU-P	Solinus	
Polijhistor	NOU-P	Polijhistor	
stelt	VRB(finiteness=fin,tense=pres)	stellen	
dien	PD(type=d-p,subtype=oth,position=prenom)	die	
tijd	NOU-C(number=sg)	tijd	
wel	ADV(type=reg)	wel	
op	ADP(type=pre)	op	
twaalf	NUM(type=card,position=prenom,representation=let)	twaalf	
dagen	NOU-C(number=pl)	dag	
,	PC	,	



Om	ADP(type=pre)	om	
't	PD(type=d-p,subtype=art,position=prenom)	het	
Saraceensch	AA(degree=pos,position=prenom)	Saraceens	
gebroed	NOU-C(number=sg)	gebroed	
op	ADP(type=pre)	op	
zwaard	NOU-C(number=sg)	zwaard	
of	CONJ(type=coor)	of	
lans	NOU-C(number=sg)	lans	
te	ADP(type=pre)	te	
dagen	VRB(finiteness=inf)	dagen	
,	PC	,	



Kees	NOU-P	Kees	
had	VRB(finiteness=fin,tense=past)	hebben	
niet	ADV(type=reg)	niet	
voor	ADP(type=pre)	voor	
niets	PD(type=indef,position=free)	niets	
op	ADP(type=pre)	op	
de	PD(type=d-p,subtype=art,position=prenom)	de	
bureaux	NOU-C(number=pl)	bureau	
gewerkt	VRB(finiteness=pastpart)	werken	
,	PC	,	



Mijn	PD(type=poss,position=prenom)	mijn	
borstkwaal	NOU-C(number=sg)	borstkwaal	
is	VRB(finiteness=fin,tense=pres)	zijn	
zeer	AA(degree=pos,position=free)	zeer	
gelenigd	VRB(finiteness=pastpart)	lenigen	
…;	PC	…;	
alhoewel	CONJ(type=sub)	alhoewel	
men	PD(type=pers,position=free)	men	
daarmeê	ADV(type=pron)	daarmede	
zich	PD(type=refl,position=free)	zich	
niet	ADV(type=reg)	niet	
voorstellen	VRB(finiteness=inf)	voorstellen	
moet	VRB(finiteness=fin,tense=pres)	moeten	
dat	CONJ(type=sub)	dat	
zy	PD(type=pers,position=free)	zij	
niet	ADV(type=reg)	niet	
eensklaps	ADV(type=reg)	eensklaps	
weder	ADV(type=reg)	weder	
opbarste	VRB(finiteness=fin,tense=past)	opbarsten	
,	PC	,	



Biecht	VRB(finiteness=fin,tense=pres)	opbiechten	mw_663290
nu	ADV(type=reg)	nu	
eens	ADV(type=reg)	eens	
op	VRB(finiteness=fin,tense=pres)	opbiechten	mw_663290
wat	PD(type=w-p,position=free)	wat	
je	PD(type=pers,position=free)	jij	
vandaag	ADV(type=reg)	vandaag	
weer	ADV(type=reg)	weder	
voor	ADP(type=pre)	voor	
kattekwaad	NOU-C(number=sg)	kattenkwaad	
hebt	VRB(finiteness=fin,tense=pres)	hebben	
uitgehaald	VRB(finiteness=pastpart)	uithalen	
.	PC	.	



Die	PD(type=d-p,subtype=oth,position=prenom)	die	
zweer	NOU-C(number=sg)	zweer	
botte	VRB(finiteness=fin,tense=past)	opbotten	mw_800427
wederom	ADV(type=reg)	wederom	
op	VRB(finiteness=fin,tense=past)	opbotten	mw_800427
,	PC	,	
na	CONJ(type=sub)	nadat	mw_432353
dat	CONJ(type=sub)	nadat	mw_432353
zij	PD(type=pers,position=free)	zij	
reeds	ADV(type=reg)	reeds	
genezen	VRB(finiteness=pastpart)	genezen	
was	VRB(finiteness=fin,tense=past)	zijn	
,	PC	,	



Het	PD(type=pers,position=free)	het	
zijn	VRB(finiteness=fin,tense=pres)	zijn	
rijke	AA(degree=pos,position=prenom)	rijk	
lieden	NOU-C(number=pl)	lieden	
,	PC	,	
die	PD(type=d-p,position=free)	die	
opdissen	VRB(finiteness=fin,tense=pres)	opdissen	
als	CONJ(type=sub)	als	
de	PD(type=d-p,subtype=art,position=prenom)	de	
Vorsten	NOU-C(number=pl)	vorst	
van	ADP(type=pre)	van	
het	PD(type=d-p,subtype=art,position=prenom)	het	
Oosten	NOU-P	Oosten	
,	PC	,	



Ik	PD(type=pers,position=free)	ik	
…	PC	…	
vernam	VRB(finiteness=fin,tense=past)	vernemen	
dat	CONJ(type=sub)	dat	
'	PC	'	
er	ADV(type=reg)	er	
zich	PD(type=refl,position=free)	zich	
weder	ADV(type=reg)	weder	
gegronde	AA(degree=pos,position=prenom)	gegrond	
hoop	NOU-C(number=sg)	hoop	
op	ADP(type=pre)	op	
uw	PD(type=poss,position=prenom)	uw	
herstel	NOU-C(number=sg)	herstel	
opdeed	VRB(finiteness=fin,tense=past)	opdoen	
,	PC	,	



—	PC	—	
Zijn	PD(type=poss,position=prenom)	zijn	
nest	NOU-C(number=sg)	nest	
…	PC	…	
(	PC	(	
bestaat	VRB(finiteness=fin,tense=pres)	bestaan	
)	PC	)	
slechts	ADV(type=reg)	slechts	
uit	ADP(type=pre)	uit	
de	PD(type=d-p,subtype=art,position=prenom)	de	
opeenhooping	NOU-C(number=sg)	opeenhoping	
van	ADP(type=pre)	van	
eenige	PD(type=indef,subtype=oth,position=prenom)	enig	
stukjes	NOU-C(number=pl)	stukje	
boomschors	NOU-C(number=sg)	boomschors	
en	CONJ(type=coor)	en	
dorre	AA(degree=pos,position=prenom)	dor	
bladeren	NOU-C(number=pl)	blad	
,	PC	,	



De	PD(type=d-p,subtype=art,position=prenom)	de	
Zwervling	NOU-C(number=sg)	zwerveling	
waagt	VRB(finiteness=fin,tense=pres)	wagen	
,	PC	,	
met	ADP(type=pre)	met	
schroom	NOU-C(number=sg)	schroom	
,	PC	,	
het	PD(type=d-p,subtype=art,position=prenom)	het	
open	AA(degree=pos,position=prenom)	open	
spoor	NOU-C(number=sg)	spoor	
te	ADP(type=pre)	te	
drukken	VRB(finiteness=inf)	drukken	
,	PC	,	
Dat	PD(type=d-p,position=free)	dat	
naar	ADP(type=pre)	naar	
den	PD(type=d-p,subtype=art,position=prenom)	de	
steenklomp	NOU-C(number=sg)	steenklomp	
wijst	VRB(finiteness=fin,tense=pres)	wijzen	
,	PC	,	



Ik	PD(type=pers,position=free)	ik	
had	VRB(finiteness=fin,tense=past)	hebben	
verzuimd	VRB(finiteness=pastpart)	verzuimen	
de	PD(type=d-p,subtype=art,position=prenom)	de	
deur	NOU-C(number=sg)	deur	
te	ADP(type=pre)	te	
sluiten	VRB(finiteness=inf)	sluiten	
en	CONJ(type=coor)	en	
toen	CONJ(type=sub)	toen	
ik	PD(type=pers,position=free)	ik	
thuiskwam	VRB(finiteness=fin,tense=past)	thuiskomen	
vond	VRB(finiteness=fin,tense=past)	vinden	
ik	PD(type=pers,position=free)	ik	
het	PD(type=d-p,subtype=art,position=prenom)	het	
huis	NOU-C(number=sg)	huis	
open	AA(degree=pos,position=free)	open	
.	PC	.	
De	PD(type=d-p,subtype=art,position=prenom)	de	
meid	NOU-C(number=sg)	meid	
laat	VRB(finiteness=fin,tense=pres)	openlaten	mw_681545
altijd	ADV(type=reg)	altijd	
die	PD(type=d-p,subtype=oth,position=prenom)	die	
kast	NOU-C(number=sg)	kast	
open	VRB(finiteness=fin,tense=pres)	openlaten	mw_681545
.	PC	.	
De	PD(type=d-p,subtype=art,position=prenom)	de	
kooi	NOU-C(number=sg)	kooi	
was	VRB(finiteness=fin,tense=past)	zijn	
open	AA(degree=pos,position=free)	open	
en	CONJ(type=coor)	en	
de	PD(type=d-p,subtype=art,position=prenom)	de	
vogel	NOU-C(number=sg)	vogel	
gevlogen	VRB(finiteness=pastpart)	vliegen	
.	PC	.	



De	PD(type=d-p,subtype=art,position=prenom)	de	
tafel	NOU-C(number=sg)	tafel	
lag	VRB(finiteness=fin,tense=past)	liggen	
zoo	ADV(type=reg)	zo	
vol	AA(degree=pos,position=free)	vol	
dat	CONJ(type=sub)	dat	
er	ADV(type=reg)	er	
geen	PD(type=indef,subtype=oth,position=prenom)	geen	
plekje	NOU-C(number=sg)	plekje	
open	AA(degree=pos,position=free)	open	
was	VRB(finiteness=fin,tense=past)	zijn	
om	ADP(type=pre)	om	
het	PD(type=d-p,subtype=art,position=prenom)	het	
theeblad	NOU-C(number=sg)	theeblad	
neer	VRB(finiteness=inf)	neerzetten	mw_179218
te	ADP(type=pre)	te	
zetten	VRB(finiteness=inf)	neerzetten	mw_179218
.	PC	.	
Een	PD(type=indef,subtype=art,position=prenom)	een	
open	AA(degree=pos,position=prenom)	open	
vak	NOU-C(number=sg)	vak	
in	ADP(type=pre)	in	
eene	PD(type=indef,subtype=art,position=prenom)	een	
boekenkast	NOU-C(number=sg)	boekenkast	
Eene	PD(type=indef,subtype=art,position=prenom)	een	
opene	AA(degree=pos,position=prenom)	open	
ruimte	NOU-C(number=sg)	ruimte	
in	ADP(type=pre)	in	
een	PD(type=indef,subtype=art,position=prenom)	een	
brief	NOU-C(number=sg)	brief	
of	CONJ(type=coor)	of	
ander	PD(type=indef,subtype=oth,position=prenom)	ander	
geschrift	NOU-C(number=sg)	geschrift	



Zoo	CONJ(type=sub)	zodat	mw_614446
dat	CONJ(type=sub)	zodat	mw_614446
het	PD(type=d-p,subtype=art,position=prenom)	het	
beest	NOU-C(number=sg)	beest	
opengehakt	VRB(finiteness=pastpart)	openhakken	
zijnde	VRB(finiteness=prespart)	zijn	
,	PC	,	
de	PD(type=d-p,subtype=art,position=prenom)	de	
geheele	AA(degree=pos,position=prenom)	geheel	
ruggraat	NOU-C(number=sg)	ruggengraat	
aan	ADV(type=reg)	aaneen	mw_659291
één	ADV(type=reg)	aaneen	mw_659291
verbonden	VRB(finiteness=pastpart)	verbinden	
is	VRB(finiteness=fin,tense=pres)	zijn	
,	PC	,	



Ach	INT	ach	
't	PD(type=pers,position=free)	het	
is	VRB(finiteness=fin,tense=pres)	zijn	
verdoofd	VRB(finiteness=pastpart)	verdoven	
,	PC	,	
verlamd	VRB(finiteness=pastpart)	verlammen	
,	PC	,	
en	CONJ(type=coor)	en	
weet	VRB(finiteness=fin,tense=pres)	weten	
met	ADP(type=pre)	met	
ijdel	AA(degree=pos,position=prenom)	ijdel	
nijpen	NOU-C(number=sg)	nijpen	
Geen	PD(type=indef,subtype=oth,position=prenom)	geen	
stuk	NOU-C(number=sg)	stuk	
papier	NOU-C(number=sg)	papier	
,	PC	,	
geen	PD(type=indef,subtype=oth,position=prenom)	geen	
speld	NOU-C(number=sg)	speld	
,	PC	,	
geen	PD(type=indef,subtype=oth,position=prenom)	geen	
koorddraad	NOU-C(number=sg)	koorddraad	
op	VRB(finiteness=inf)	opgrijpen	mw_541776
te	ADP(type=pre)	te	
grijpen	VRB(finiteness=inf)	opgrijpen	mw_541776
,	PC	,	



Het	PD(type=pers,position=free)	het	
is	VRB(finiteness=fin,tense=pres)	zijn	
alsof	CONJ(type=sub)	alsof	
er	ADV(type=pron)	eraan	mw_470394
geen	PD(type=indef,subtype=oth,position=prenom)	geen	
opkomen	NOU-C(number=sg)	opkomen	
aan	ADV(type=pron)	eraan	mw_470394
is	VRB(finiteness=fin,tense=pres)	zijn	
:	PC	:	
het	PD(type=pers,position=free)	het	
is	VRB(finiteness=fin,tense=pres)	zijn	
alsof	CONJ(type=sub)	alsof	
het	PD(type=pers,position=free)	het	
niet	ADV(type=reg)	niet	
opkan	VRB(finiteness=inf)	opkunnen	
,	PC	,	



Hij	PD(type=pers,position=free)	hij	
(	PC	(	
voelt	VRB(finiteness=fin,tense=pres)	voelen	
)	PC	)	
zich	PD(type=refl,position=free)	zich	
lusteloos	AA(degree=pos,position=free)	lusteloos	
,	PC	,	
ongeschikt	AA(degree=pos,position=free)	ongeschikt	
om	ADP(type=pre)	om	
zelfs	ADV(type=reg)	zelfs	
de	PD(type=d-p,subtype=art,position=prenom)	de	
weinige	PD(type=indef,subtype=oth,position=prenom)	weinig	
bezigheden	NOU-C(number=pl)	bezigheid	
,	PC	,	
die	PD(type=d-p,position=free)	die	
hij	PD(type=pers,position=free)	hij	
zich	PD(type=refl,position=free)	zich	
oplegt	VRB(finiteness=fin,tense=pres)	opleggen	
,	PC	,	
te	ADP(type=pre)	te	
verrigten	VRB(finiteness=inf)	verrichten	
,	PC	,	



Daar	ADV(type=reg)	daar	
zag	VRB(finiteness=fin,tense=past)	zien	
men	PD(type=pers,position=free)	men	
,	PC	,	
op	ADP(type=pre)	op	
het	PD(type=d-p,subtype=art,position=prenom)	het	
schitterendst	NOU-C(number=sg)	schitterendste	
uitgedoscht	VRB(finiteness=pastpart)	uitdossen	
…,	PC	…,	
al	PD(type=indef,position=free)	al	
wat	PD(type=w-p,position=free)	wat	
zoowel	ADV(type=reg)	zowel	
Holland	NOU-P	Holland	
zelf	PD(type=d-p,position=postnom)	zelf	
als	CONJ(type=sub)	als	
de	PD(type=d-p,subtype=art,position=prenom)	de	
naburigste	AA(degree=sup,position=prenom)	naburig	
landen	NOU-C(number=pl)	land	
doorluchtigst	AA(degree=sup,position=free)	doorluchtig	
konden	VRB(finiteness=fin,tense=past)	kunnen	
opleveren	VRB(finiteness=inf)	opleveren	
,	PC	,	



Hoedanigheden	NOU-C(number=pl)	hoedanigheid	
…,	PC	…,	
welke	PD(type=w-p,position=free)	welk	
menig	PD(type=indef,subtype=oth,position=prenom)	menig	
Diplomaat	NOU-C(number=sg)	diplomaat	
haar	PD(type=pers,position=free)	zij	
benijden	VRB(finiteness=inf)	benijden	
kon	VRB(finiteness=fin,tense=past)	kunnen	
:	PC	:	
de	PD(type=d-p,subtype=art,position=prenom)	de	
stille	AA(degree=pos,position=prenom)	stil	
fijne	AA(degree=pos,position=prenom)	fijn	
opmerking	NOU-C(number=sg)	opmerking	
;	PC	;	
eene	PD(type=indef,subtype=art,position=prenom)	een	
lichtsnelle	AA(degree=pos,position=prenom)	lichtsnel	
bevatting	NOU-C(number=sg)	bevatting	
,	PC	,	



was	VRB(finiteness=fin,tense=past)	zijn	
…	PC	…	
genoeg	ADV(type=reg)	genoeg	
door	ADP(type=pre)	door	
ijdelheid	NOU-C(number=sg)	ijdelheid	
verblind	AA(degree=pos,position=free)	verblind	
,	PC	,	
om	ADP(type=pre)	om	
deze	PD(type=d-p,subtype=oth,position=prenom)	deze	
woorden	NOU-C(number=pl)	woord	
…	PC	…	
voor	ADP(type=pre)	voor	
een	PD(type=indef,subtype=art,position=prenom)	een	
kompliment	NOU-C(number=sg)	compliment	
op	VRB(finiteness=inf)	opnemen	mw_200124
te	ADP(type=pre)	te	
nemen	VRB(finiteness=inf)	opnemen	mw_200124
,	PC	,	



Twee	NUM(type=card,position=prenom,representation=let)	twee	
breede	AA(degree=pos,position=prenom)	breed	
vlechten	NOU-C(number=pl)	vlecht	
,	PC	,	
van	ADP(type=pre)	van	
achteren	ADV(type=reg)	achteren	
door	ADP(type=pre)	door	
eene	PD(type=indef,subtype=art,position=prenom)	een	
haarnaald	NOU-C(number=sg)	haarnaald	
opgenomen	VRB(finiteness=pastpart)	opnemen	
,	PC	,	



Zoodanige	PD(type=d-p,subtype=oth,position=prenom)	zodanig	
Commissie	NOU-C(number=sg)	commissie	
,	PC	,	
Acte	NOU-C(number=sg)	akte	
of	CONJ(type=coor)	of	
Bullen	NOU-C(number=pl)	bul	
…,	PC	…,	
welke	PD(type=w-p,position=free)	welk	
aan	ADP(type=pre)	aan	
den	PD(type=d-p,subtype=art,position=prenom)	de	
Geëxamineerden	NOU-C(number=sg)	geëxamineerde	
het	PD(type=d-p,subtype=art,position=prenom)	het	
regt	NOU-C(number=sg)	recht	
geven	VRB(finiteness=fin,tense=pres)	geven	
,	PC	,	
om	ADP(type=pre)	om	
zijn	PD(type=poss,position=prenom)	zijn	
beroep	NOU-C(number=sg)	beroep	
alomme	ADV(type=reg)	alom	
in	ADP(type=pre)	in	
het	PD(type=d-p,subtype=art,position=prenom)	het	
Koningrijk	NOU-C(number=sg)	koninkrijk	
uit	VRB(finiteness=inf)	uitoefenen	mw_115364
te	ADP(type=pre)	te	
oefenen	VRB(finiteness=inf)	uitoefenen	mw_115364
,	PC	,	



Ze	PD(type=pers,position=free)	zij	
heeft	VRB(finiteness=fin,tense=pres)	hebben	
altijd	ADV(type=reg)	altijd	
goed	AA(degree=pos,position=free)	goed	
opgepast	VRB(finiteness=pastpart)	oppassen	
,	PC	,	
op	ADP(type=pre)	op	
school	NOU-C(number=sg)	school	
en	CONJ(type=coor)	en	
overal	ADV(type=reg)	overal	
,	PC	,	



De	PD(type=d-p,subtype=art,position=prenom)	de	
hel	NOU-C(number=sg)	hel	
,	PC	,	
bevrucht	VRB(finiteness=pastpart)	bevruchten	
van	ADP(type=pre)	van	
gif	NOU-C(number=sg)	gif	
en	CONJ(type=coor)	en	
zwadder	NOU-C(number=sg)	zwadder	
,	PC	,	
Spuw	VRB(finiteness=fin,tense=pres)	opspuwen	mw_447891
'	PC	'	
Flipsen	NOU-C(number=pl)	Filips	
met	ADP(type=pre)	met	
hunne	PD(type=poss,position=prenom)	hun	
Alvaas	NOU-C(number=pl)	Alva	
op	VRB(finiteness=fin,tense=pres)	opspuwen	mw_447891
,	PC	,	



Zijne	PD(type=poss,position=prenom)	zijn	
treden	NOU-C(number=pl)	trede	
zijn	VRB(finiteness=fin,tense=pres)	zijn	
afgemeten	VRB(finiteness=pastpart)	afmeten	
,	PC	,	
altoos	ADV(type=reg)	altoos	
aan	ADP(type=pre)	aan	
elkanderen	PD(type=recip,position=free)	elkander	
gelijk	AA(degree=pos,position=free)	gelijk	
,	PC	,	
zoo	ADV(type=reg)	zo	
ook	ADV(type=reg)	ook	
zijne	PD(type=poss,position=prenom)	zijn	
gebaren	NOU-C(number=pl)	gebaar	
,	PC	,	
…,	PC	…,	
zijn	PD(type=poss,position=prenom)	zijn	
zitten	NOU-C(number=sg)	zitten	
en	CONJ(type=coor)	en	
opstaan	NOU-C(number=sg)	opstaan	
,	PC	,	



Het	PD(type=d-p,subtype=art,position=prenom)	het	
leger	NOU-C(number=sg)	leger	
…	PC	…	
was	VRB(finiteness=fin,tense=past)	zijn	
…	PC	…	
niet	ADV(type=reg)	niet	
talrijk	AA(degree=pos,position=free)	talrijk	
genoeg	ADV(type=reg)	genoeg	
om	ADP(type=pre)	om	
…	PC	…	
krachtig	AA(degree=pos,position=free)	krachtig	
op	VRB(finiteness=inf)	optreden	mw_320034
te	ADP(type=pre)	te	
treden	VRB(finiteness=inf)	optreden	mw_320034
,	PC	,	



Het	PD(type=d-p,subtype=art,position=prenom)	het	
koele	AA(degree=pos,position=prenom)	koel	
verstand	NOU-C(number=sg)	verstand	
trad	VRB(finiteness=fin,tense=past)	optreden	mw_989041
op	VRB(finiteness=fin,tense=past)	optreden	mw_989041
tegen	ADP(type=pre)	tegen	
dit	PD(type=d-p,subtype=oth,position=prenom)	dit	
dichterlijk	AA(degree=pos,position=prenom)	dichterlijk	
denkbeeld	NOU-C(number=sg)	denkbeeld	
,	PC	,	



De	PD(type=d-p,subtype=art,position=prenom)	de	
fransche	AA(degree=pos,position=prenom)	Frans	
vloot	NOU-C(number=sg)	vloot	
,	PC	,	
langs	ADP(type=pre)	langs	
de	PD(type=d-p,subtype=art,position=prenom)	de	
Vlaamsche	AA(degree=pos,position=prenom)	Vlaams	
oevers	NOU-C(number=pl)	oever	
opvarende	VRB(finiteness=prespart)	opvaren	
,	PC	,	



—	PC	—	
De	PD(type=d-p,subtype=art,position=prenom)	de	
daadzaken	NOU-C(number=pl)	daadzaak	
,	PC	,	
welke	PD(type=w-p,position=free)	welk	
ons	PD(type=pers,position=free)	wij	
hunne	PD(type=poss,position=prenom)	hun	
ornithologische	AA(degree=pos,position=prenom)	ornithologisch	
waarnemingen	NOU-C(number=pl)	waarneming	
opleveren	VRB(finiteness=fin,tense=pres)	opleveren	
,	PC	,	
dragen	VRB(finiteness=fin,tense=pres)	bijdragen	mw_87600
weinig	ADV(type=reg)	weinig	
bij	VRB(finiteness=fin,tense=pres)	bijdragen	mw_87600
tot	ADP(type=pre)	tot	
oplossing	NOU-C(number=sg)	oplossing	
der	PD(type=d-p,subtype=art,position=prenom)	de	
voorgestelde	AA(degree=pos,position=prenom)	voorgesteld	
vraag	NOU-C(number=sg)	vraag	
,	PC	,	



Zijne	PD(type=poss,position=prenom)	zijn	
aanbiddelijke	AA(degree=pos,position=prenom)	aanbiddelijk	
Voorzienigheid	NOU-P	Voorzienigheid	
,	PC	,	
onder	ADP(type=pre)	onder	
wier	PD(type=w-p,position=free)	wie	
bescherming	NOU-C(number=sg)	bescherming	
en	CONJ(type=coor)	en	
overbestuur	NOU-C(number=sg)	overbestuur	
het	PD(type=pers,position=free)	het	
gevoelde	VRB(finiteness=fin,tense=past)	gevoelen	
te	ADP(type=pre)	te	
moeten	VRB(finiteness=inf)	moeten	
waken	VRB(finiteness=inf)	waken	
,	PC	,	



De	PD(type=d-p,subtype=art,position=prenom)	de	
grenzen	NOU-C(number=pl)	grens	
der	PD(type=d-p,subtype=art,position=prenom)	de	
haag	NOU-C(number=sg)	haag	
,	PC	,	
door	ADP(type=pre)	door	
het	PD(type=d-p,subtype=art,position=prenom)	het	
nieuwsgierig	AA(degree=pos,position=prenom)	nieuwsgierig	
jong	NOU-C(number=sg)	jong	
spijtig	AA(degree=pos,position=free)	spijtig	
aangestaard	VRB(finiteness=pastpart)	aanstaren	
en	CONJ(type=coor)	en	
gretig	AA(degree=pos,position=free)	gretig	
overgeblikt	VRB(finiteness=pastpart)	overblikken	
,	PC	,	



De	PD(type=d-p,subtype=art,position=prenom)	de	
overheid	NOU-C(number=sg)	overheid	
is	VRB(finiteness=fin,tense=pres)	zijn	
van	ADP(type=pre)	van	
God	NOU-P	God	
ingegeven	VRB(finiteness=pastpart)	ingeven	
,	PC	,	
zoo	ADV(type=reg)	zo	
leert	VRB(finiteness=fin,tense=pres)	leren	
de	PD(type=d-p,subtype=art,position=prenom)	de	
schrift	NOU-P	Schrift	
,	PC	,	



Een	PD(type=indef,subtype=art,position=prenom)	een	
boerenknecht	NOU-C(number=sg)	boerenknecht	
…	PC	…	
heeft	VRB(finiteness=fin,tense=pres)	hebben	
een	PD(type=indef,subtype=art,position=prenom)	een	
huwelijk	NOU-C(number=sg)	huwelijk	
,	PC	,	
zij	VRB(finiteness=fin,tense=pres)	zijn	
het	PD(type=pers,position=free)	het	
ook	ADV(type=reg)	ook	
met	ADP(type=pre)	met	
eene	PD(type=indef,subtype=art,position=prenom)	een	
overjarige	AA(degree=pos,position=prenom)	overjarig	
huismansdochter	NOU-C(number=sg)	huismansdochter	
,	PC	,	
in	ADP(type=pre)	in	
het	PD(type=d-p,subtype=art,position=prenom)	het	
verschiet	NOU-C(number=sg)	verschiet	
,	PC	,	



Aan	ADP(type=pre)	aan	
den	PD(type=d-p,subtype=art,position=prenom)	de	
overkant	NOU-C(number=sg)	overkant	
…	PC	…	
van	ADP(type=pre)	van	
het	PD(type=d-p,subtype=art,position=prenom)	het	
graf	NOU-C(number=sg)	graf	
,	PC	,	
dat	PD(type=d-p,position=free)	dat	
ons	PD(type=pers,position=free)	wij	
beidt	VRB(finiteness=fin,tense=pres)	beiden	
,	PC	,	



En	CONJ(type=coor)	en	
”	PC	”	
blonde	AA(degree=pos,position=prenom)	blond	
Mary	NOU-P	Mary	
”	PC	”	
klinkt	VRB(finiteness=fin,tense=pres)	overklinken	mw_374036
de	PD(type=d-p,subtype=art,position=prenom)	de	
blonde	AA(degree=pos,position=prenom)	blond	
heuvlen	NOU-C(number=pl)	heuvel	
over	VRB(finiteness=fin,tense=pres)	overklinken	mw_374036
,	PC	,	



De	PD(type=d-p,subtype=art,position=prenom)	de	
vrome	AA(degree=pos,position=prenom)	vroom	
bidder	NOU-C(number=sg)	bidder	
waakte	VRB(finiteness=fin,tense=past)	waken	
…	PC	…	
Met	ADP(type=pre)	met	
overkruiste	AA(degree=pos,position=prenom)	overkruist	
borst	NOU-C(number=sg)	borst	
,	PC	,	
en	CONJ(type=coor)	en	
bede	NOU-C(number=sg)	bede	
en	CONJ(type=coor)	en	
boeteklacht	NOU-C(number=sg)	boeteklacht	
,	PC	,	



Twee	NUM(type=card,position=prenom,representation=let)	twee	
torren	NOU-C(number=pl)	tor	
bonte	AA(degree=pos,position=prenom)	bont	
cigarenkistjes	NOU-C(number=pl)	sigarenkistje	
stonden	VRB(finiteness=fin,tense=past)	staan	
al	ADV(type=reg)	al	
weerkanten	NOU-C(number=pl)	wederkant	
en	CONJ(type=coor)	en	
liepen	VRB(finiteness=fin,tense=past)	toelopen	mw_292891
alboven	ADV(type=reg)+ADV(type=reg)	al+boven	
toe	VRB(finiteness=fin,tense=past)	toelopen	mw_292891
in	ADP(type=pre)	in	
een	PD(type=indef,subtype=art,position=prenom)	een	
halfronden	AA(degree=pos,position=prenom)	halfrond	
boge	NOU-C(number=sg)	boog	
,	PC	,	



Het	PD(type=pers,position=free)	het	
loopt	VRB(finiteness=fin,tense=pres)	lopen	
er	ADV(type=pron)	erover	mw_331448
over	ADV(type=pron)	erover	mw_331448
,	PC	,	
het	PD(type=pers,position=free)	het	
zal	VRB(finiteness=fin,tense=pres)	zullen	
niet	ADV(type=reg)	niet	
duren	VRB(finiteness=inf)	duren	
,	PC	,	



De	PD(type=d-p,subtype=art,position=prenom)	de	
heer	NOU-C(number=sg)	heer	
had	VRB(finiteness=fin,tense=past)	hebben	
de	PD(type=d-p,subtype=art,position=prenom)	de	
onbeschaamdheid	NOU-C(number=sg)	onbeschaamdheid	
voor	VRB(finiteness=inf)	voorstellen	mw_329784
te	ADP(type=pre)	te	
stellen	VRB(finiteness=inf)	voorstellen	mw_329784
ze	PD(type=pers,position=free)	zij	
tegen	ADP(type=pre)	tegen	
achthonderd	NUM(type=card,position=prenom,representation=let)	achthonderd	
frank	NOU-C(number=sg)	frank	
over	VRB(finiteness=inf)	overmaken	mw_319514
te	ADP(type=pre)	te	
maken	VRB(finiteness=inf)	overmaken	mw_319514
,	PC	,	



De	PD(type=d-p,subtype=art,position=prenom)	de	
Vorst	NOU-C(number=sg)	vorst	
…,	PC	…,	
Die	PD(type=d-p,position=free)	die	
,	PC	,	
nooit	ADV(type=reg)	nooit	
in	ADP(type=pre)	in	
weldaân	NOU-C(number=pl)	weldaad	
uitgeput	VRB(finiteness=pastpart)	uitputten	
,	PC	,	
Zijn	PD(type=poss,position=prenom)	zijn	
Rijk	NOU-C(number=sg)	rijk	
met	ADP(type=pre)	met	
zegen	NOU-C(number=sg)	zegen	
overschudt	VRB(finiteness=fin,tense=pres)	overschudden	
,	PC	,	



Hij	PD(type=pers,position=free)	hij	
(	PC	(	
werd	VRB(finiteness=fin,tense=past)	worden	
)	PC	)	
gebrandmerkt	VRB(finiteness=pastpart)	brandmerken	
als	CONJ(type=sub)	als	
een	PD(type=indef,subtype=art,position=prenom)	een	
overspeler	NOU-C(number=sg)	overspeler	
en	CONJ(type=coor)	en	
echtbreker	NOU-C(number=sg)	echtbreker	
,	PC	,	



De	PD(type=d-p,subtype=art,position=prenom)	de	
hulp	NOU-C(number=sg)	hulp	
stak	VRB(finiteness=fin,tense=past)	oversteken	mw_616603
in	ADP(type=pre)	in	
't	PD(type=d-p,subtype=art,position=prenom)	het	
hôtel	NOU-C(number=sg)	hotel	
niet	ADV(type=reg)	niet	
over	VRB(finiteness=fin,tense=past)	oversteken	mw_616603
,	PC	,	
't	PD(type=pers,position=free)	het	
Ging	VRB(finiteness=fin,tense=past)	gaan	
alles	PD(type=indef,position=free)	alles	
op	ADP(type=pre)	op	
den	PD(type=d-p,subtype=art,position=prenom)	de	
langen	AA(degree=pos,position=prenom)	lang	
duur	NOU-C(number=sg)	duur	
,	PC	,	



't	PD(type=pers,position=free)	het	
Is	VRB(finiteness=fin,tense=pres)	zijn	
alles	PD(type=indef,position=free)	alles	
hier	ADV(type=reg)	hier	
vergeefsche	AA(degree=pos,position=prenom)	vergeefs	
smart	NOU-C(number=sg)	smart	
,	PC	,	
Heel	AA(degree=pos,position=free)	heel	
't	PD(type=d-p,subtype=art,position=prenom)	het	
leven	NOU-C(number=sg)	leven	
,	PC	,	
overwolkt	VRB(finiteness=pastpart)	overwolken	
met	ADP(type=pre)	met	
zwart	NOU-C(number=sg)	zwart	
,	PC	,	



Het	PD(type=d-p,subtype=art,position=prenom)	het	
stil	AA(degree=pos,position=prenom)	stil	
en	CONJ(type=coor)	en	
vredig	AA(degree=pos,position=prenom)	vredig	
graf	NOU-C(number=sg)	graf	
alleen	AA(degree=pos,position=free)	alleen	
Is	VRB(finiteness=fin,tense=pres)	zijn	
al	PD(type=indef,position=free)	al	
wat	PD(type=w-p,position=free)	wat	
my	PD(type=pers,position=free)	ik	
van	ADP(type=pre)	van	
't	PD(type=d-p,subtype=art,position=prenom)	het	
lot	NOU-C(number=sg)	lot	
nog	ADV(type=reg)	nog	
over	VRB(finiteness=fin,tense=past)	overblijven	mw_10636
bleef	VRB(finiteness=fin,tense=past)	overblijven	mw_10636
te	ADP(type=pre)	te	
vragen	VRB(finiteness=inf)	vragen	
,	PC	,	



Panelle	NOU-C(number=sg)	panelle	
.	PC	.	
Eene	PD(type=indef,subtype=art,position=prenom)	een	
soort	NOU-C(number=sg)	soort	
van	ADP(type=pre)	van	
ruwe	AA(degree=pos,position=prenom)	ruw	
suiker	NOU-C(number=sg)	suiker	
,	PC	,	
die	PD(type=d-p,position=free)	die	
uit	ADP(type=pre)	uit	
de	PD(type=d-p,subtype=art,position=prenom)	de	
fransche	AA(degree=pos,position=prenom)	Frans	
west-indische	AA(degree=pos,position=prenom)	West-Indisch	
eilanden	NOU-C(number=pl)	eiland	
in	ADP(type=pre)	in	
den	PD(type=d-p,subtype=art,position=prenom)	de	
handel	NOU-C(number=sg)	handel	
komt	VRB(finiteness=fin,tense=pres)	komen	
,	PC	,	



Victoria	NOU-P	Victoria	
!	PC	!	
Victoria	NOU-P	Victoria	
!	PC	!	
riep	VRB(finiteness=fin,tense=past)	roepen	
de	PD(type=d-p,subtype=art,position=prenom)	de	
Pap	NOU-C(number=sg)	pap	
van	ADP(type=pre)	van	
Tante	NOU-C(number=sg)	tante	
,	PC	,	



Neen	ADV(type=reg)	neen	
…	PC	…	
wischt	VRB(finiteness=fin,tense=pres)	droogwissen	mw_918697
dien	PD(type=d-p,subtype=oth,position=prenom)	die	
traan	NOU-C(number=sg)	traan	
niet	ADV(type=reg)	niet	
droog	VRB(finiteness=fin,tense=pres)	droogwissen	mw_918697
,	PC	,	
Die	PD(type=d-p,position=free)	die	
…	PC	…	
ligt	VRB(finiteness=fin,tense=pres)	liggen	
te	ADP(type=pre)	te	
paarlen	VRB(finiteness=inf)	parelen	
op	ADP(type=pre)	op	
uw	PD(type=poss,position=prenom)	uw	
wang	NOU-C(number=sg)	wang	
,	PC	,	



Wy	PD(type=pers,position=free)	wij	
beginnen	VRB(finiteness=fin,tense=pres)	beginnen	
langzamerhand	ADV(type=reg)	langzamerhand	
te	ADP(type=pre)	te	
meenen	VRB(finiteness=inf)	menen	
,	PC	,	
dat	CONJ(type=sub)	dat	
die	PD(type=d-p,subtype=oth,position=prenom)	die	
uitdrukkingen	NOU-C(number=pl)	uitdrukking	
werkelijk	AA(degree=pos,position=free)	werkelijk	
passen	VRB(finiteness=fin,tense=pres)	passen	
voor	ADP(type=pre)	voor	
de	PD(type=d-p,subtype=art,position=prenom)	de	
zaak	NOU-C(number=sg)	zaak	
,	PC	,	



Het	PD(type=d-p,subtype=art,position=prenom)	het	
zweet	NOU-C(number=sg)	zweet	
brak	VRB(finiteness=fin,tense=past)	uitbreken	mw_126242
de	PD(type=d-p,subtype=art,position=prenom)	de	
patiente	NOU-C(number=sg)	patiënte	
wel	ADV(type=reg)	wel	
van	ADP(type=pre)	van	
alle	PD(type=indef,subtype=oth,position=prenom)	al	
kanten	NOU-C(number=pl)	kant	
uit.	VRB(finiteness=fin,tense=past)	uitbreken	mw_126242
…	PC	…	
maar	CONJ(type=coor)	maar	
evenwel	ADV(type=reg)	evenwel	
het	PD(type=pers,position=free)	het	
zat	VRB(finiteness=fin,tense=past)	zitten	
'	PC	'	
er	ADV(type=pron)	erin	mw_272177
al	ADV(type=reg)	al	
vrij	AA(degree=pos,position=free)	vrij	
goed	AA(degree=pos,position=free)	goed	
in	ADV(type=pron)	erin	mw_272177



Bied	VRB(finiteness=fin,tense=pres)	bieden	
bij	ADP(type=pre)	bij	
de	PD(type=d-p,subtype=art,position=prenom)	de	
keus	NOU-C(number=sg)	keus	
een	PD(type=indef,subtype=art,position=prenom)	een	
goeden	AA(degree=pos,position=prenom)	goed	
raad	NOU-C(number=sg)	raad	
,	PC	,	
Zoodat	CONJ(type=sub)	zodat	
Patroon	NOU-C(number=sg)	patroon	
er	ADV(type=pron)	erbij	mw_393563
wel	ADV(type=reg)	wel	
bij	ADV(type=pron)	erbij	mw_393563
staat	VRB(finiteness=fin,tense=pres)	staan	



Graaf	NOU-C(number=sg)	graaf	
Willem	NOU-P	Willem	
…	PC	…	
verzonken	VRB(finiteness=pastpart)	verzinken	
in	ADP(type=pre)	in	
gedachten	NOU-C(number=pl)	gedachte	
.	PC	.	
Rekt	VRB(finiteness=fin,tense=pres)	uitrekken	mw_985518
zich	PD(type=refl,position=free)	zich	
de	PD(type=d-p,subtype=art,position=prenom)	de	
dagen	NOU-C(number=pl)	dag	
uit	VRB(finiteness=fin,tense=pres)	uitrekken	mw_985518
tot	ADP(type=pre)	tot	
in	ADP(type=pre)	in	
het	PD(type=d-p,subtype=art,position=prenom)	het	
hart	NOU-C(number=sg)	hart	
der	PD(type=d-p,subtype=art,position=prenom)	de	
nachten	NOU-C(number=pl)	nacht	
,	PC	,	
En	CONJ(type=coor)	en	
,	PC	,	
mijmrend	VRB(finiteness=prespart)	mijmeren	
op	ADP(type=pre)	op	
de	PD(type=d-p,subtype=art,position=prenom)	de	
peul	NOU-C(number=sg)	peul	
,	PC	,	
vindt	VRB(finiteness=fin,tense=pres)	vinden	
nog	ADV(type=reg)	nog	
hem	PD(type=pers,position=free)	hij	
de	PD(type=d-p,subtype=art,position=prenom)	de	
ochtend	NOU-C(number=sg)	ochtend	
weer	ADV(type=reg)	weder	
,	PC	,	



De	PD(type=d-p,subtype=art,position=prenom)	de	
peure	NOU-C(number=sg)	peur	
wordt	VRB(finiteness=fin,tense=pres)	worden	
gemaakt	VRB(finiteness=pastpart)	maken	
met	ADP(type=pre)	met	
de	PD(type=d-p,subtype=art,position=prenom)	de	
wormen	NOU-C(number=pl)	worm	
een	NUM(type=card,position=free,representation=let)	een	
voor	ADP(type=pre)	voor	
een	NUM(type=card,position=free,representation=let)	een	
in	ADP(type=pre)	in	
hunne	PD(type=poss,position=prenom)	hun	
lengte	NOU-C(number=sg)	lengte	
op	ADP(type=pre)	op	
eenen	PD(type=indef,subtype=art,position=prenom)	een	
draad	NOU-C(number=sg)	draad	
te	ADP(type=pre)	te	
rijgen	VRB(finiteness=inf)	rijgen	
,	PC	,	
welken	PD(type=w-p,position=prenom)	welk	
draad	NOU-C(number=sg)	draad	
men	PD(type=pers,position=free)	men	
dan	ADV(type=reg)	dan	
op	ADP(type=pre)	op	
zichzelven	PD(type=refl,position=free)	zichzelf	
in	ADP(type=pre)	in	
eenen	PD(type=indef,subtype=art,position=prenom)	een	
tros	NOU-C(number=sg)	tros	
wentelt	VRB(finiteness=fin,tense=pres)	wentelen	
,	PC	,	



Overal	ADV(type=reg)	overal	
waar	ADV(type=reg)	waar	
hij	PD(type=pers,position=free)	hij	
mij	PD(type=pers,position=free)	ik	
ontmoet	VRB(finiteness=fin,tense=pres)	ontmoeten	
,	PC	,	
pakt	VRB(finiteness=fin,tense=pres)	aanpakken	mw_687570
hij	PD(type=pers,position=free)	hij	
mij	PD(type=pers,position=free)	ik	
aan	VRB(finiteness=fin,tense=pres)	aanpakken	mw_687570
,	PC	,	
en	CONJ(type=coor)	en	
maalt	VRB(finiteness=fin,tense=pres)	malen	
mij	PD(type=pers,position=free)	ik	
met	ADP(type=pre)	met	
zijne	PD(type=poss,position=prenom)	zijn	
klachten	NOU-C(number=pl)	klacht	
aan	ADP(type=pre)	aan	
de	PD(type=d-p,subtype=art,position=prenom)	de	
ooren	NOU-C(number=pl)	oor	
.	PC	.	
Heb	VRB(finiteness=fin,tense=pres)	hebben	
ik	PD(type=pers,position=free)	ik	
hem	PD(type=pers,position=free)	hij	
niet	ADV(type=reg)	niet	
goed	AA(degree=pos,position=free)	goed	
aangepakt	VRB(finiteness=pastpart)	aanpakken	
?	PC	?	
hem	PD(type=pers,position=free)	hij	
niet	ADV(type=reg)	niet	
duchtig	AA(degree=pos,position=free)	duchtig	
de	PD(type=d-p,subtype=art,position=prenom)	de	
waarheid	NOU-C(number=sg)	waarheid	
gezegd	VRB(finiteness=pastpart)	zeggen	
?	PC	?	



Vraag	NOU-C(number=sg)	vraag	
,	PC	,	
vraag	NOU-C(number=sg)	vraag	
,	PC	,	
waartoe	ADV(type=pron)	waartoe	
de	PD(type=d-p,subtype=art,position=prenom)	de	
glans	NOU-C(number=sg)	glans	
der	PD(type=d-p,subtype=art,position=prenom)	de	
hemelfakklen	NOU-C(number=pl)	hemelfakkel	
licht	VRB(finiteness=fin,tense=pres)	lichten	
?	PC	?	
Waartoe	ADV(type=pron)	waartoe	
de	PD(type=d-p,subtype=art,position=prenom)	de	
Almachte	AA(degree=pos,position=prenom)	almacht	
hand	NOU-C(number=sg)	hand	
't	PD(type=d-p,subtype=art,position=prenom)	het	
heelal	NOU-C(number=sg)	heelal	
heeft	VRB(finiteness=fin,tense=pres)	hebben	
ingericht	VRB(finiteness=pastpart)	inrichten	
?	PC	?	



Zullen	VRB(finiteness=fin,tense=pres)	zullen	
wij	PD(type=pers,position=free)	wij	
de	PD(type=d-p,subtype=art,position=prenom)	de	
piano	NOU-C(number=sg)	piano	
eens	ADV(type=reg)	eens	
openmaken	VRB(finiteness=inf)	openmaken	



—	PC	—	
Jannetje	NOU-P	Jannetje	
ziet	VRB(finiteness=fin,tense=pres)	zien	
nog	ADV(type=reg)	nog	
zuurder	AA(degree=comp,position=free)	zuur	
als	CONJ(type=sub)	als	
zij	PD(type=pers,position=free)	zij	
de	PD(type=d-p,subtype=art,position=prenom)	de	
piano	NOU-C(number=sg)	piano	
hoort	VRB(finiteness=fin,tense=pres)	horen	
rammelen	VRB(finiteness=inf)	rammelen	
en	CONJ(type=coor)	en	
haar	PD(type=poss,position=prenom)	haar	
oor	NOU-C(number=sg)	oor	
uitheemsche	AA(degree=pos,position=prenom)	uitheems	
klanken	NOU-C(number=pl)	klank	
vangt	VRB(finiteness=fin,tense=pres)	vangen	
,	PC	,	



Hoe	ADV(type=reg)	hoe	
pijnigt	VRB(finiteness=fin,tense=pres)	pijnigen	
het	PD(type=pers,position=free)	het	
hem	PD(type=pers,position=free)	hij	
wanneer	CONJ(type=sub)	wanneer	
de	PD(type=d-p,subtype=art,position=prenom)	de	
kleingeestigheid	NOU-C(number=sg)	kleingeestigheid	
hem	PD(type=pers,position=free)	hij	
de	PD(type=d-p,subtype=art,position=prenom)	de	
inzage	NOU-C(number=sg)	inzage	
der	PD(type=d-p,subtype=art,position=prenom)	de	
staatsstukken	NOU-C(number=pl)	staatsstuk	
weigert	VRB(finiteness=fin,tense=pres)	weigeren	
,	PC	,	
die	PD(type=d-p,position=free)	die	
hij	PD(type=pers,position=free)	hij	
tot	ADP(type=pre)	tot	
het	PD(type=d-p,subtype=art,position=prenom)	het	
volmaken	NOU-C(number=sg)	volmaken	
van	ADP(type=pre)	van	
zijn	PD(type=poss,position=prenom)	zijn	
werk	NOU-C(number=sg)	werk	
noodig	AA(degree=pos,position=free)	nodig	
heeft	VRB(finiteness=fin,tense=pres)	hebben	
!	PC	!	



Piket	NOU-C(number=sg)	piket	
is	VRB(finiteness=fin,tense=pres)	zijn	
een	PD(type=indef,subtype=art,position=prenom)	een	
klein	AA(degree=pos,position=prenom)	klein	
paaltje	NOU-C(number=sg)	paaltje	
,	PC	,	
dat	PD(type=d-p,position=free)	dat	
…	PC	…	
gebruikt	VRB(finiteness=pastpart)	gebruiken	
wordt	VRB(finiteness=fin,tense=pres)	worden	
om	ADP(type=pre)	om	
op	ADP(type=pre)	op	
een	PD(type=indef,subtype=art,position=prenom)	een	
terrein	NOU-C(number=sg)	terrein	
de	PD(type=d-p,subtype=art,position=prenom)	de	
rigting	NOU-C(number=sg)	richting	
van	ADP(type=pre)	van	
eenig	PD(type=indef,subtype=oth,position=prenom)	enig	
aanteleggen	VRB(finiteness=inf)+ADP(type=pre)	aanleggen+te	
werk	NOU-C(number=sg)	werk	
vasttestellen	VRB(finiteness=inf)+ADP(type=pre)	vaststellen+te	
,	PC	,	



Mijn	PD(type=poss,position=prenom)	mijn	
oogen	NOU-C(number=pl)	oog	
pinsen	VRB(finiteness=fin,tense=pres)	pinsen	
van	ADP(type=pre)	van	
den	PD(type=d-p,subtype=art,position=prenom)	de	
rook	NOU-C(number=sg)	rook	
,	PC	,	
van	ADP(type=pre)	van	
den	PD(type=d-p,subtype=art,position=prenom)	de	
ajuin	NOU-C(number=sg)	ajuin	
,	PC	,	



Een	PD(type=indef,subtype=art,position=prenom)	een	
steen	NOU-C(number=sg)	steen	
op	ADV(type=reg)	opzij	mw_519002
zij	ADV(type=reg)	opzij	mw_519002
pitsen	VRB(finiteness=inf)	pitsen	
,	PC	,	
voortduwen	VRB(finiteness=inf)	voortduwen	
bij	ADP(type=pre)	bij	
middel	NOU-C(number=sg)	middel	
van	ADP(type=pre)	van	
een	PD(type=indef,subtype=art,position=prenom)	een	
bijl	NOU-C(number=sg)	bijl	



Wijl	CONJ(type=sub)	wijl	
't	PD(type=d-p,subtype=art,position=prenom)	het	
zorgvol	AA(degree=pos,position=prenom)	zorgvol	
oog	NOU-C(number=sg)	oog	
het	PD(type=d-p,subtype=art,position=prenom)	het	
dennenhout	NOU-C(number=sg)	dennenhout	
En	CONJ(type=coor)	en	
't	PD(type=d-p,subtype=art,position=prenom)	het	
jeugdig	AA(degree=pos,position=prenom)	jeugdig	
eikenloof	NOU-C(number=sg)	eikenloof	
aanschouwt	VRB(finiteness=fin,tense=pres)	aanschouwen	
,	PC	,	
En	CONJ(type=coor)	en	
opspoort	VRB(finiteness=fin,tense=pres)	opsporen	
of	CONJ(type=sub)	of	
…	PC	…	
't	PD(type=pers,position=free)	het	
nog	ADV(type=reg)	nog	
van	ADP(type=pre)	van	
konijnen	NOU-C(number=pl)	konijn	
krielt	VRB(finiteness=fin,tense=pres)	krielen	
,	PC	,	
Wier	PD(type=w-p,position=free)	wie	
tand	NOU-C(number=sg)	tand	
des	PD(type=d-p,subtype=art,position=prenom)	de	
planters	NOU-C(number=sg)	planter	
hoop	NOU-C(number=sg)	hoop	
vernielt	VRB(finiteness=fin,tense=pres)	vernielen	
,	PC	,	



De	PD(type=d-p,subtype=art,position=prenom)	de	
bergtop	NOU-C(number=sg)	bergtop	
gloeit	VRB(finiteness=fin,tense=pres)	gloeien	
van	ADP(type=pre)	van	
purperglans	NOU-C(number=sg)	purperglans	
,	PC	,	
De	PD(type=d-p,subtype=art,position=prenom)	de	
dauwdrop	NOU-C(number=sg)	dauwdrup	
blinkt	VRB(finiteness=fin,tense=pres)	blinken	
op	ADP(type=pre)	op	
twijg	NOU-C(number=sg)	twijg	
en	CONJ(type=coor)	en	
gras	NOU-C(number=sg)	gras	
,	PC	,	
De	PD(type=d-p,subtype=art,position=prenom)	de	
damp	NOU-C(number=sg)	damp	
stijgt	VRB(finiteness=fin,tense=pres)	opstijgen	mw_720717
op	VRB(finiteness=fin,tense=pres)	opstijgen	mw_720717
uit	ADP(type=pre)	uit	
beek	NOU-C(number=sg)	beek	
en	CONJ(type=coor)	en	
plas	NOU-C(number=sg)	plas	
,	PC	,	



Neem	VRB(finiteness=fin,tense=pres)	nemen	
ieder	PD(type=indef,subtype=oth,position=prenom)	ieder	
oogenblik	NOU-C(number=sg)	ogenblik	
in	ADP(type=pre)	in	
acht	NOU-C(number=sg)	acht	
,	PC	,	
Als	CONJ(type=sub)	als	
die	PD(type=d-p,position=free)	die	
uws	PD(type=poss,position=prenom)	uw	
Heilands	NOU-C(number=sg)	heiland	
weêrkomst	NOU-C(number=sg)	wederkomst	
wacht	VRB(finiteness=fin,tense=pres)	wachten	
,	PC	,	



Huurtroepen	NOU-C(number=pl)	huurtroep	
…	PC	…	
die	PD(type=d-p,position=free)	die	
…	PC	…	
zoo	CONJ(type=sub)	zo	
de	PD(type=d-p,subtype=art,position=prenom)	de	
nood	NOU-C(number=sg)	nood	
dwong	VRB(finiteness=fin,tense=past)	dwingen	
,	PC	,	
zich	PD(type=refl,position=free)	zich	
niet	ADV(type=reg)	niet	
ontzagen	VRB(finiteness=fin,tense=past)	ontzien	
door	ADP(type=pre)	door	
plunderen	NOU-C(number=sg)	plunderen	
van	ADP(type=pre)	van	
het	PD(type=d-p,subtype=art,position=prenom)	het	
platteland	NOU-C(number=sg)	platteland	
in	ADP(type=pre)	in	
hunne	PD(type=poss,position=prenom)	hun	
behoeften	NOU-C(number=pl)	behoefte	
te	ADP(type=pre)	te	
voorzien	VRB(finiteness=inf)	voorzien	
,	PC	,	



Hoe	ADV(type=reg)	hoe	
moet	VRB(finiteness=fin,tense=pres)	moeten	
hij	PD(type=pers,position=free)	hij	
…	PC	…	
weten	VRB(finiteness=inf)	weten	
te	ADP(type=pre)	te	
spelen	VRB(finiteness=inf)	spelen	
,	PC	,	
te	ADP(type=pre)	te	
stoeien	VRB(finiteness=inf)	stoeien	
,	PC	,	
te	ADP(type=pre)	te	
zingen	VRB(finiteness=inf)	zingen	
en	CONJ(type=coor)	en	
hen	PD(type=pers,position=free)	zij	
tevens	ADV(type=reg)	tevens	
te	ADP(type=pre)	te	
leeren	VRB(finiteness=inf)	leren	
,	PC	,	
zonder	ADP(type=pre)	zonder	
dat	CONJ(type=sub)	dat	
zij	PD(type=pers,position=free)	zij	
't	PD(type=pers,position=free)	het	
bemerken	VRB(finiteness=fin,tense=pres)	bemerken	
,	PC	,	
waarlijk	ADV(type=reg)	waarlijk	
niet	ADV(type=reg)	niet	
te	ADV(type=reg)	te	
veel	PD(type=indef,position=free)	veel	
en	CONJ(type=coor)	en	
niet	ADV(type=reg)	niet	
altijd	ADV(type=reg)	altijd	
door	ADV(type=reg)	dooreen	mw_400370
een	ADV(type=reg)	dooreen	mw_400370
plechtstatig	AA(degree=pos,position=free)	plechtstatig	
en	CONJ(type=coor)	en	
vervelend	AA(degree=pos,position=free)	vervelend	
:	PC	:	
Wat	PD(type=w-p,position=free)	wat	
leert	VRB(finiteness=fin,tense=pres)	leren	
men	PD(type=pers,position=free)	men	
nu	ADV(type=reg)	nu	
hieruit	ADV(type=pron)	hieruit	
en	CONJ(type=coor)	en	
daaruit	ADV(type=pron)	daaruit	
,	PC	,	



Een	PD(type=indef,subtype=art,position=prenom)	een	
Heldenschaar	NOU-C(number=sg)	heldenschaar	
(	PC	(	
gordt	VRB(finiteness=fin,tense=pres)	aangorden	mw_660120
)	PC	)	
zich	PD(type=refl,position=free)	zich	
aan	VRB(finiteness=fin,tense=pres)	aangorden	mw_660120
,	PC	,	
ten	ADP(type=pre)+PD(type=d-p,subtype=art,position=prenom)	te+het	
pleit	NOU-C(number=sg)	pleit	
Om	ADP(type=pre)	om	
wettig	AA(degree=pos,position=prenom)	wettig	
erf	NOU-C(number=sg)	erf	
,	PC	,	
te	ADP(type=pre)	te	
wrevel	NOU-C(number=sg)	wrevel	
haar	PD(type=pers,position=free)	zij	
ontzeid	VRB(finiteness=pastpart)	ontzeggen	
,	PC	,	



Dat	CONJ(type=sub)	dat	
gij	PD(type=pers,position=free)	gij	
in	ADP(type=pre)	in	
mijne	PD(type=poss,position=prenom)	mijn	
plekke	NOU-C(number=sg)	plek	
waart	VRB(finiteness=fin,tense=past)	zijn	
,	PC	,	
wat	PD(type=w-p,position=free)	wat	
zoudt	VRB(finiteness=fin,tense=pres)	zullen	
gij	PD(type=pers,position=free)	gij	
doen	VRB(finiteness=inf)	doen	
?	PC	?	



Er	ADV(type=reg)	er	
wordt	VRB(finiteness=fin,tense=pres)	worden	
voorzeker	ADV(type=reg)	voorzeker	
een	PD(type=indef,subtype=art,position=prenom)	een	
hooge	AA(degree=pos,position=prenom)	hoog	
mate	NOU-C(number=sg)	maat	
van	ADP(type=pre)	van	
plichtsgevoel	NOU-C(number=sg)	plichtsgevoel	
vereischt	VRB(finiteness=pastpart)	vereisen	
in	ADP(type=pre)	in	
een	PD(type=indef,subtype=art,position=prenom)	een	
man	NOU-C(number=sg)	man	
van	ADP(type=pre)	van	
vorstelijke	AA(degree=pos,position=prenom)	vorstelijk	
afkomst	NOU-C(number=sg)	afkomst	
,	PC	,	
die	PD(type=d-p,position=free)	die	
het	PD(type=d-p,subtype=art,position=prenom)	het	
gezag	NOU-C(number=sg)	gezag	
lief	VRB(finiteness=fin,tense=pres)	liefhebben	mw_510649
heeft	VRB(finiteness=fin,tense=pres)	liefhebben	mw_510649
,	PC	,	
om	ADP(type=pre)	om	
op	ADP(type=pre)	op	
acht	AA(degree=pos,position=prenom)	achtenvijftigjarig	mw_554407
en	AA(degree=pos,position=prenom)	achtenvijftigjarig	mw_554407
vijftigjarigen	AA(degree=pos,position=prenom)	achtenvijftigjarig	mw_554407
leeftijd	NOU-C(number=sg)	leeftijd	
plaats	NOU-C(number=sg)	plaats	
te	ADP(type=pre)	te	
maken	VRB(finiteness=inf)	maken	
voor	ADP(type=pre)	voor	
een	PD(type=indef,subtype=art,position=prenom)	een	
jongeling	NOU-C(number=sg)	jongeling	
van	ADP(type=pre)	van	
achttien	NUM(type=card,position=prenom,representation=let)	achttien	
jaar	NOU-C(number=sg)	jaar	
,	PC	,	



De	PD(type=d-p,subtype=art,position=prenom)	de	
zon	NOU-C(number=sg)	zon	
mag	VRB(finiteness=fin,tense=pres)	mogen	
niet	ADV(type=reg)	niet	
op	ADP(type=pre)	op	
't	PD(type=d-p,subtype=art,position=prenom)	het	
vloerkleed	NOU-C(number=sg)	vloerkleed	
schijnen	VRB(finiteness=inf)	schijnen	
!	PC	!	
De	PD(type=d-p,subtype=art,position=prenom)	de	
kamers	NOU-C(number=pl)	kamer	
lucht	VRB(finiteness=fin,tense=pres)	luchten	
ik	PD(type=pers,position=free)	ik	
iedren	PD(type=indef,subtype=oth,position=prenom)	ieder	
dag	NOU-C(number=sg)	dag	
;	PC	;	
Geen	PD(type=indef,subtype=oth,position=prenom)	geen	
plooi	NOU-C(number=sg)	plooi	
mag	VRB(finiteness=fin,tense=pres)	mogen	
in	ADP(type=pre)	in	
mijn	PD(type=poss,position=prenom)	mijn	
valgordijnen	NOU-C(number=pl)	valgordijn	
,	PC	,	



't	PD(type=d-p,subtype=art,position=prenom)	het	
Laatste	AA(degree=sup,position=prenom)	laat	
gemelde	AA(degree=pos,position=prenom)	gemeld	
boek	NOU-C(number=sg)	boek	
heb	VRB(finiteness=fin,tense=pres)	hebben	
ik	PD(type=pers,position=free)	ik	
dus	ADV(type=reg)	dus	
geplukt	VRB(finiteness=pastpart)	plukken	
ontfangen	VRB(finiteness=pastpart)	ontvangen	
,	PC	,	
't	PD(type=d-p,position=free)	hetgeen	mw_510074
geen	PD(type=d-p,position=free)	hetgeen	mw_510074
ik	PD(type=pers,position=free)	ik	
niet	ADV(type=reg)	niet	
weet	VRB(finiteness=fin,tense=pres)	weten	
of	CONJ(type=sub)	of	
U	PD(type=pers,position=free)	u	
bekend	AA(degree=pos,position=free)	bekend	
,	PC	,	
dan	ADV(type=reg)	dan	
misschien	ADV(type=reg)	misschien	
in	ADP(type=pre)	in	
het	PD(type=d-p,subtype=art,position=prenom)	het	
pak	NOU-C(number=sg)	pak	
('	PC	('	
t	PD(type=d-p,position=free)	hetgeen	mw_966467
geen	PD(type=d-p,position=free)	hetgeen	mw_966467
doorvochtigd	VRB(finiteness=pastpart)	doorvochtigen	
tot	ADP(type=pre)	tot	
my	PD(type=pers,position=free)	ik	
kwam	VRB(finiteness=fin,tense=past)	komen	
)	PC	)	
zoo	ADV(type=reg)	zo	
geworden	VRB(finiteness=pastpart)	worden	
is	VRB(finiteness=fin,tense=pres)	zijn	
,	PC	,	



Men	PD(type=pers,position=free)	men	
zegt	VRB(finiteness=fin,tense=pres)	zeggen	
Poere	NOU-C(number=sg)	poer	
,	PC	,	
poere	NOU-C(number=sg)	poer	
!	PC	!	
om	ADP(type=pre)	om	
eene	PD(type=indef,subtype=art,position=prenom)	een	
kat	NOU-C(number=sg)	kat	
te	ADP(type=pre)	te	
roepen	VRB(finiteness=inf)	roepen	
,	PC	,	



De	PD(type=d-p,subtype=art,position=prenom)	de	
poffer	NOU-C(number=sg)	poffer	
kiest	VRB(finiteness=fin,tense=pres)	kiezen	
het	PD(type=d-p,subtype=art,position=prenom)	het	
hazenpad	NOU-C(number=sg)	hazenpad	
,	PC	,	
En	CONJ(type=coor)	en	
roept	VRB(finiteness=fin,tense=pres)	roepen	
:	PC	:	
ô	INT	o	
Jupiter	NOU-P	Jupiter	
!	PC	!	
ach	INT	ach	
!	PC	!	
toon	VRB(finiteness=fin,tense=pres)	tonen	
my	PD(type=pers,position=free)	ik	
toch	ADV(type=reg)	toch	
een	PD(type=indef,subtype=art,position=prenom)	een	
gat	NOU-C(number=sg)	gat	
Of	CONJ(type=coor)	of	
hol	NOU-C(number=sg)	hol	
waer	ADV(type=reg)	waar	
ik	PD(type=pers,position=free)	ik	
my	PD(type=refl,position=free)	mij	
kan	VRB(finiteness=fin,tense=pres)	kunnen	
versteken	VRB(finiteness=inf)	versteken	
!	PC	!	



in	ADP(type=pre)	in	
't	PD(type=d-p,subtype=art,position=prenom)	het	
midden	NOU-C(number=sg)	midden	
van	ADP(type=pre)	van	
den	PD(type=d-p,subtype=art,position=prenom)	de	
vloed	NOU-C(number=sg)	vloed	
,	PC	,	
Die	PD(type=d-p,position=free)	die	
,	PC	,	
nooit	ADV(type=reg)	nooit	
betembaar	AA(degree=pos,position=free)	betembaar	
,	PC	,	
steeds	ADV(type=reg)	steeds	
als	CONJ(type=sub)	als	
alverslindend	AA(degree=pos,position=free)	alverslindend	
woedt	VRB(finiteness=fin,tense=pres)	woeden	
,	PC	,	



Ik	PD(type=pers,position=free)	ik	
lag	VRB(finiteness=fin,tense=past)	liggen	
te	ADP(type=pre)	te	
bed	NOU-C(number=sg)	bed	
,	PC	,	
en	CONJ(type=coor)	en	
de	PD(type=d-p,subtype=art,position=prenom)	de	
doctor	NOU-C(number=sg)	dokter	
voelde	VRB(finiteness=fin,tense=past)	voelen	
mij	PD(type=pers,position=free)	ik	
den	PD(type=d-p,subtype=art,position=prenom)	de	
pols	NOU-C(number=sg)	pols	
,	PC	,	



Wordende	VRB(finiteness=prespart)	worden	
alle	PD(type=indef,subtype=oth,position=prenom)	al	
vrome	AA(degree=pos,position=prenom)	vroom	
burgeren	NOU-C(number=pl)	burger	
aangemaand	VRB(finiteness=pastpart)	aanmanen	
,	PC	,	
om	ADP(type=pre)	om	
met	ADP(type=pre)	met	
groote	AA(degree=pos,position=prenom)	groot	
pompe	NOU-C(number=sg)	pomp	
en	CONJ(type=coor)	en	
solemniteit	NOU-C(number=sg)	solemniteit	
den	PD(type=d-p,subtype=art,position=prenom)	de	
doortogt	NOU-C(number=sg)	doortocht	
op	VRB(finiteness=inf)	opluisteren	mw_592728
te	ADP(type=pre)	te	
luisteren	VRB(finiteness=inf)	opluisteren	mw_592728
,	PC	,	



Verschansingen	NOU-C(number=pl)	verschansing	
…	PC	…	
met	ADP(type=pre)	met	
een	PD(type=indef,subtype=art,position=prenom)	een	
tusschenruimte	NOU-C(number=sg)	tussenruimte	
van	ADP(type=pre)	van	
ongeveer	ADV(type=reg)	ongeveer	
een	PD(type=indef,subtype=art,position=prenom)	een	
kwart	NOU-C(number=sg)	kwart	
mijl	NOU-C(number=sg)	mijl	
;	PC	;	
daarachter	ADV(type=pron)	daarachter	
posteerden	VRB(finiteness=fin,tense=past)	posteren	
zich	PD(type=refl,position=free)	zich	
de	PD(type=d-p,subtype=art,position=prenom)	de	
Fransche	AA(degree=pos,position=prenom)	Frans	
soldaten	NOU-C(number=pl)	soldaat	
,	PC	,	



Naar	ADP(type=pre)	naar	
geen	PD(type=indef,subtype=oth,position=prenom)	geen	
ijdele	AA(degree=pos,position=prenom)	ijdel	
eer	NOU-C(number=sg)	eer	
,	PC	,	
geen	PD(type=indef,subtype=oth,position=prenom)	geen	
weidsche	AA(degree=pos,position=prenom)	weids	
praal	NOU-C(number=sg)	praal	
te	ADP(type=pre)	te	
streven	VRB(finiteness=inf)	streven	
,	PC	,	



Pythagoras	NOU-P	Pythagoras	
,	PC	,	
die	PD(type=d-p,position=free)	die	
altijd	ADV(type=reg)	altijd	
op	ADP(type=pre)	op	
allerhande	PD(type=indef,subtype=oth,position=prenom)	allerhande	
verheven	AA(degree=pos,position=prenom)	verheven	
dingen	NOU-C(number=pl)	ding	
zat	VRB(finiteness=fin,tense=past)	zitten	
te	ADP(type=pre)	te	
praktiseren	VRB(finiteness=inf)	praktiseren	
,	PC	,	



De	PD(type=d-p,subtype=art,position=prenom)	de	
laatste	AA(degree=sup,position=prenom)	laat	
maal	NOU-C(number=sg)	maal	
,	PC	,	
dat	CONJ(type=sub)	dat	
gij	PD(type=pers,position=free)	gij	
hier	ADV(type=reg)	hier	
hebt	VRB(finiteness=fin,tense=pres)	hebben	
gepredikt	VRB(finiteness=pastpart)	prediken	
,	PC	,	



Toen	CONJ(type=sub)	toen	
men	PD(type=pers,position=free)	men	
ten	ADP(type=pre)	te	
half	AA(degree=pos,position=prenom)	half	
vier	NUM(type=card,position=free,representation=let)	vier	
in	ADP(type=pre)	in	
de	PD(type=d-p,subtype=art,position=prenom)	de	
volslagenste	AA(degree=sup,position=prenom)	volslagen	
afgewondenheid	NOU-C(number=sg)	afgewondenheid	
de	PD(type=d-p,subtype=art,position=prenom)	de	
Witte	AA(degree=pos,position=prenom)	wit	
Poort	NOU-C(number=sg)	poort	
bereikte	VRB(finiteness=fin,tense=past)	bereiken	
,	PC	,	
was	VRB(finiteness=fin,tense=past)	zijn	
er	ADV(type=reg)	er	
niet	ADV(type=reg)	niet	
een	NUM(type=card,position=free,representation=let)	een	
der	PD(type=d-p,subtype=art,position=prenom)	de	
lievelingen	NOU-C(number=pl)	lieveling	
die	PD(type=d-p,position=free)	die	
present	AA(degree=pos,position=free)	present	
genoeg	ADV(type=reg)	genoeg	
was	VRB(finiteness=fin,tense=past)	zijn	
om	ADP(type=pre)	om	
het	PD(type=d-p,subtype=art,position=prenom)	het	
poortgeld	NOU-C(number=sg)	poortgeld	
te	ADP(type=pre)	te	
voldoen	VRB(finiteness=inf)	voldoen	
,	PC	,	



Dat	PD(type=d-p,position=free)	dat	
nergens	ADV(type=reg)	nergens	
opzettelijk	AA(degree=pos,position=free)	opzettelijk	
naar	ADP(type=pre)	naar	
mooi	AA(degree=pos,position=prenom)	mooi	
rhythme	NOU-C(number=sg)	ritme	
gezocht	VRB(finiteness=pastpart)	zoeken	
is	VRB(finiteness=fin,tense=pres)	zijn	
…,	PC	…,	
is	VRB(finiteness=fin,tense=pres)	zijn	
prijzenswaard	AA(degree=pos,position=free)	prijzenswaard	
en	CONJ(type=coor)	en	
getuigt	VRB(finiteness=fin,tense=pres)	getuigen	
van	ADP(type=pre)	van	
des	PD(type=d-p,subtype=art,position=prenom)	de	
schrijvers	NOU-C(number=sg)	schrijver	
eerlijkheid	NOU-C(number=sg)	eerlijkheid	
,	PC	,	



Maar	CONJ(type=coor)	maar	
't	PD(type=d-p,subtype=art,position=prenom)	het	
werk	NOU-C(number=sg)	werk	
eischt	VRB(finiteness=fin,tense=pres)	eisen	
hier	ADV(type=reg)	hier	
een	PD(type=indef,subtype=art,position=prenom)	een	
schat	NOU-C(number=sg)	schat	
van	ADP(type=pre)	van	
tijd	NOU-C(number=sg)	tijd	
,	PC	,	
En	CONJ(type=coor)	en	
niet	ADV(type=reg)	niet	
alzoo	ADV(type=reg)	alzo	
't	PD(type=d-p,subtype=art,position=prenom)	het	
toilet	NOU-C(number=sg)	toilet	
,	PC	,	



Hij	PD(type=pers,position=free)	hij	
zal	VRB(finiteness=fin,tense=pres)	zullen	
toch	ADV(type=reg)	toch	
eerst	ADV(type=reg)	eerst	
een	PD(type=indef,subtype=art,position=prenom)	een	
beetje	NOU-C(number=sg)	beetje	
in	ADP(type=pre)	in	
Den	NOU-P	Den Haag	mw_166515
Haag	NOU-P	Den Haag	mw_166515
willen	VRB(finiteness=inf)	willen	
blijven	VRB(finiteness=inf)	blijven	
en	CONJ(type=coor)	en	
van	ADP(type=pre)	van	
Scheveningen	NOU-P	Scheveningen	
profiteeren	VRB(finiteness=inf)	profiteren	
,	PC	,	



Ik	PD(type=pers,position=free)	ik	
hou	VRB(finiteness=fin,tense=pres)	houden	
niet	ADV(type=reg)	niet	
van	ADP(type=pre)	van	
scènes	NOU-C(number=pl)	scène	
…,	PC	…,	
het	PD(type=pers,position=free)	het	
is	VRB(finiteness=fin,tense=pres)	zijn	
burgerlijk	AA(degree=pos,position=free)	burgerlijk	
…,	PC	…,	
maar	CONJ(type=coor)	maar	
mijne	PD(type=poss,position=prenom)	mijn	
Amélie	NOU-P	Amélie	
mag	VRB(finiteness=fin,tense=pres)	mogen	
niet	ADV(type=reg)	niet	
straffeloos	AA(degree=pos,position=free)	straffeloos	
worden	VRB(finiteness=inf)	worden	
geprostitueerd	VRB(finiteness=pastpart)	prostitueren	



Als	CONJ(type=sub)	als	
ik	PD(type=pers,position=free)	ik	
middel	NOU-C(number=sg)	middel	
zag	VRB(finiteness=fin,tense=past)	zien	
,	PC	,	
de	PD(type=d-p,subtype=art,position=prenom)	de	
Gids	NOU-C(number=sg)	gids	
beter	AA(degree=comp,position=free)	beter	
te	ADP(type=pre)	te	
maken	VRB(finiteness=inf)	maken	
,	PC	,	
als	CONJ(type=sub)	als	
ik	PD(type=pers,position=free)	ik	
jonge	AA(degree=pos,position=prenom)	jong	
lieden	NOU-C(number=pl)	lieden	
wist	VRB(finiteness=fin,tense=past)	weten	
,	PC	,	
in	ADP(type=pre)	in	
staat	NOU-C(number=sg)	staat	
de	PD(type=d-p,subtype=art,position=prenom)	de	
pruiken	NOU-C(number=pl)	pruik	
te	ADP(type=pre)	te	
vervangen	VRB(finiteness=inf)	vervangen	
,	PC	,	
ik	PD(type=pers,position=free)	ik	
zou	VRB(finiteness=fin,tense=past)	zullen	
nog	ADV(type=reg)	nog	
hart	NOU-C(number=sg)	hart	
voor	ADP(type=pre)	voor	
het	PD(type=d-p,subtype=art,position=prenom)	het	
tijdschrift	NOU-C(number=sg)	tijdschrift	
hebben	VRB(finiteness=inf)	hebben	
,	PC	,	



Het	PD(type=d-p,subtype=art,position=prenom)	het	
”	PC	”	
manneje	NOU-C(number=sg)	mannetje	
”,	PC	”,	
onlangs	ADV(type=reg)	onlangs	
nog	ADV(type=reg)	nog	
een	PD(type=indef,subtype=art,position=prenom)	een	
plat	AA(degree=pos,position=prenom)	plat	
kind	NOU-C(number=sg)	kind	
,	PC	,	
begost	VRB(finiteness=fin,tense=past)	beginnen	
alleene	AA(degree=pos,position=free)	alleen	
te	ADP(type=pre)	te	
loopen	VRB(finiteness=inf)	lopen	
:	PC	:	
't	PD(type=pers,position=free)	het	
was	VRB(finiteness=fin,tense=past)	zijn	
”	PC	”	
uut	ADP(type=pre)	uit	
de	PD(type=d-p,subtype=art,position=prenom)	de	
pujen	NOU-C(number=pl)	pui	
”,	PC	”,	



Menig	PD(type=indef,position=free)	menig	
onzer	PD(type=pers,position=free)	wij	
is	VRB(finiteness=fin,tense=pres)	zijn	
misschien	ADV(type=reg)	misschien	
op	ADP(type=pre)	op	
een	PD(type=indef,subtype=art,position=prenom)	een	
punt	NOU-C(number=sg)	punt	
des	PD(type=d-p,subtype=art,position=prenom)	het	
levens	NOU-C(number=sg)	leven	
gekomen	VRB(finiteness=pastpart)	komen	
,	PC	,	
waarin	ADV(type=pron)	waarin	



Die	PD(type=d-p,subtype=oth,position=prenom)	die	
prikkelingen	NOU-C(number=pl)	prikkeling	
zijn	VRB(finiteness=fin,tense=pres)	zijn	
misschien	ADV(type=reg)	misschien	
goed	AA(degree=pos,position=free)	goed	
voor	ADP(type=pre)	voor	
lieden	NOU-C(number=pl)	lieden	
,	PC	,	
bij	ADP(type=pre)	bij	
welke	PD(type=w-p,position=free)	welk	
,	PC	,	
of	CONJ(type=coor)	of	
door	ADP(type=pre)	door	
misbruik	NOU-C(number=sg)	misbruik	
,	PC	,	
of	CONJ(type=coor)	of	
door	ADP(type=pre)	door	
den	PD(type=d-p,subtype=art,position=prenom)	de	
tijd	NOU-C(number=sg)	tijd	
,	PC	,	
de	PD(type=d-p,subtype=art,position=prenom)	de	
fijnste	AA(degree=sup,position=prenom)	fijn	
puntjes	NOU-C(number=pl)	puntje	
versleten	AA(degree=pos,position=free)	versleten	
zijn	VRB(finiteness=fin,tense=pres)	zijn	
,	PC	,	



Puntje	NOU-C(number=sg)	puntje	
is	VRB(finiteness=fin,tense=pres)	zijn	
te	ADP(type=pre)	te	
Antw.	NOU-P(WF=abbr)	Antwerpen	
dat	PD(type=d-p,subtype=oth,position=prenom)	dat	
deel	NOU-C(number=sg)	deel	
van	ADP(type=pre)	van	
den	PD(type=d-p,subtype=art,position=prenom)	de	
os	NOU-C(number=sg)	os	
't	PD(type=w-p,position=free)	hetwelk	mw_197968
welk	PD(type=w-p,position=free)	hetwelk	mw_197968
aan	ADP(type=pre)	aan	
den	PD(type=d-p,subtype=art,position=prenom)	de	
harst	NOU-C(number=sg)	harst	
grenst	VRB(finiteness=fin,tense=pres)	grenzen	
,	PC	,	



Ook	ADV(type=reg)	ook	
hij	PD(type=pers,position=free)	hij	
niettegenstaande	ADP(type=pre)	niettegenstaande	
zijne	PD(type=poss,position=prenom)	zijn	
eindelooze	AA(degree=pos,position=prenom)	eindeloos	
zedepreken	NOU-C(number=pl)	zedenpreek	
en	CONJ(type=coor)	en	
godgeleerde	AA(degree=pos,position=prenom)	godgeleerd	
bespiegelingen	NOU-C(number=pl)	bespiegeling	
,	PC	,	
hield	VRB(finiteness=fin,tense=past)	houden	
in	ADP(type=pre)	in	
zijne	PD(type=poss,position=prenom)	zijn	
jeugd	NOU-C(number=sg)	jeugd	
te	ADV(type=reg)	te	
veel	ADV(type=reg)	veel	
van	ADP(type=pre)	van	
”	PC	”	
de	PD(type=d-p,subtype=art,position=prenom)	de	
vrijsters	NOU-C(number=pl)	vrijster	
”	PC	”	
en	CONJ(type=coor)	en	
in	ADP(type=pre)	in	
zijnen	PD(type=poss,position=prenom)	zijn	
ouderdom	NOU-C(number=sg)	ouderdom	
van	ADP(type=pre)	van	
”	PC	”	
geld	NOU-C(number=sg)	geld	
en	CONJ(type=coor)	en	
hooge	AA(degree=pos,position=prenom)	hoog	
staten	NOU-C(number=pl)	staat	
”	PC	”	
om	ADP(type=pre)	om	
voor	ADP(type=pre)	voor	
het	PD(type=d-p,subtype=art,position=prenom)	het	
type	NOU-C(number=sg)	type	
van	ADP(type=pre)	van	
den	PD(type=d-p,subtype=art,position=prenom)	de	
waren	AA(degree=pos,position=prenom)	waar	
puritein	NOU-C(number=sg)	puritein	
te	ADP(type=pre)	te	
kunnen	VRB(finiteness=inf)	kunnen	
doorgaan	VRB(finiteness=inf)	doorgaan	
,	PC	,	



Door	ADP(type=pre)	door	
zijn	PD(type=poss,position=prenom)	zijn	
ambt	NOU-C(number=sg)	ambt	
…	PC	…	
neer	VRB(finiteness=inf)	neerleggen	mw_604919
te	ADP(type=pre)	te	
leggen	VRB(finiteness=inf)	neerleggen	mw_604919
en	CONJ(type=coor)	en	
ambteloos	AA(degree=pos,position=prenom)	ambteloos	
burger	NOU-C(number=sg)	burger	
te	ADP(type=pre)	te	
worden	VRB(finiteness=inf)	worden	
,	PC	,	



Een	PD(type=indef,subtype=art,position=prenom)	een	
spotter	NOU-C(number=sg)	spotter	
,	PC	,	
zoo	CONJ(type=sub)	zo	
er	ADV(type=reg)	er	
nog	ADV(type=reg)	nog	
veel	PD(type=indef,position=free)	veel	
zyn	VRB(finiteness=fin,tense=pres)	zijn	
,	PC	,	
Was	VRB(finiteness=fin,tense=past)	zijn	
voor	ADP(type=pre)	voor	
Apollo's	NOU-P	Apollo	
beeld	NOU-C(number=sg)	beeld	
getreden	VRB(finiteness=pastpart)	treden	
Alsof	CONJ(type=sub)	alsof	
hy	PD(type=pers,position=free)	hij	
't	PD(type=pers,position=free)	het	
wou	VRB(finiteness=fin,tense=past)	willen	
te	ADP(type=pre)	te	
rade	NOU-C(number=sg)	raad	
gaen	VRB(finiteness=inf)	gaan	
,	PC	,	
En	CONJ(type=coor)	en	
sprak	VRB(finiteness=fin,tense=past)	aanspreken	mw_446288
't	PD(type=d-p,subtype=art,position=prenom)	het	
orakel	NOU-C(number=sg)	orakel	
schimpend	VRB(finiteness=prespart)	schimpen	
aen	VRB(finiteness=fin,tense=past)	aanspreken	mw_446288
,	PC	,	



Hij	PD(type=pers,position=free)	hij	
(	PC	(	
stoot	VRB(finiteness=fin,tense=pres)	stoten	
)	PC	)	
…	PC	…	
zijn	PD(type=poss,position=prenom)	zijn	
scheenbeen	NOU-C(number=sg)	scheenbeen	
tegen	ADP(type=pre)	tegen	
den	PD(type=d-p,subtype=art,position=prenom)	de	
kameremmer	NOU-C(number=sg)	kameremmer	
…	PC	…	
”	PC	”	
Au	INT	au	
!	PC	!	
sakkerloot	INT	sakkerloot	
,	PC	,	
au	INT	au	
!	PC	!	
dat	PD(type=d-p,position=free)	dat	
's	VRB(finiteness=fin,tense=pres)	zijn	
raak	AA(degree=pos,position=free)	raak	
!”	PC	!”	



Raam	NOU-C(number=sg)	raam	
,	PC	,	
IJzeren	AA(degree=pos,position=prenom)	ijzeren	
vierkant	NOU-C(number=sg)	vierkant	
met	ADP(type=pre)	met	
rugkant	NOU-C(number=sg)	rugkant	
waar	ADV(type=pron)	waarin	mw_115083
eene	PD(type=indef,subtype=art,position=prenom)	een	
ruit	NOU-C(number=sg)	ruit	
in	ADV(type=pron)	waarin	mw_115083
gevestigd	VRB(finiteness=pastpart)	vestigen	
wordt	VRB(finiteness=fin,tense=pres)	worden	
,	PC	,	



Geen	PD(type=indef,subtype=oth,position=prenom)	geen	
wind	NOU-C(number=sg)	wind	
,	PC	,	
die	PD(type=d-p,position=free)	die	
ten	ADP(type=pre)+PD(type=d-p,subtype=art,position=prenom)	te+het	
gevall	NOU-C(number=sg)	geval	
'	PC	'	
Van	ADP(type=pre)	van	
u	PD(type=pers,position=free)	u	
,	PC	,	
van	ADP(type=pre)	van	
't	PD(type=d-p,subtype=art,position=prenom)	het	
menschlijk	AA(degree=pos,position=prenom)	menselijk	
ras	NOU-C(number=sg)	ras	
,	PC	,	
één	NUM(type=card,position=prenom,representation=let)	een	
zuchtjen	NOU-C(number=sg)	zuchtje	
aêmen	VRB(finiteness=inf)	ademen	
zal	VRB(finiteness=fin,tense=pres)	zullen	
,	PC	,	



De	PD(type=d-p,subtype=art,position=prenom)	de	
trommel	NOU-C(number=sg)	trommel	
wordt	VRB(finiteness=fin,tense=pres)	worden	
geroerd	VRB(finiteness=pastpart)	roeren	
en	CONJ(type=coor)	en	
klep	NOU-C(number=sg)	klep	
en	CONJ(type=coor)	en	
ratel	NOU-C(number=sg)	ratel	
kletteren	VRB(finiteness=fin,tense=pres)	kletteren	
;	PC	;	
Men	PD(type=pers,position=free)	men	
steekt	VRB(finiteness=fin,tense=pres)	steken	
de	PD(type=d-p,subtype=art,position=prenom)	de	
noodtrompet	NOU-C(number=sg)	noodtrompet	
,	PC	,	



Ik	PD(type=pers,position=free)	ik	
weet	VRB(finiteness=fin,tense=pres)	weten	
niet	ADV(type=reg)	niet	
…	PC	…	
van	ADV(type=pron)	vanwaar	mw_56717
waar	ADV(type=pron)	vanwaar	mw_56717
haar	PD(type=pers,position=free)	zij	
die	PD(type=d-p,subtype=oth,position=prenom)	die	
vrijheid	NOU-C(number=sg)	vrijheid	
aanwaait	VRB(finiteness=fin,tense=pres)	aanwaaien	
,	PC	,	
om	ADP(type=pre)	om	
,	PC	,	
als	CONJ(type=sub)	als	
haar	PD(type=poss,position=prenom)	haar	
Papa	NOU-C(number=sg)	papa	
goedvindt	VRB(finiteness=fin,tense=pres)	goedvinden	
eenige	PD(type=indef,subtype=oth,position=prenom)	enig	
honende	AA(degree=pos,position=prenom)	honend	
expressien	NOU-C(number=pl)	expressie	
omtrent	ADP(type=pre)	omtrent	
mij	PD(type=pers,position=free)	ik	
te	ADP(type=pre)	te	
gebruiken	VRB(finiteness=inf)	gebruiken	
,	PC	,	
die	PD(type=d-p,position=free)	die	
zoo	ADV(type=reg)	zo	
raauw	AA(degree=pos,position=free)	rauw	
aan	ADP(type=pre)	aan	
u	PD(type=pers,position=free)	u	
over	VRB(finiteness=inf)	overbrieven	mw_317483
te	ADP(type=pre)	te	
brieven	VRB(finiteness=inf)	overbrieven	mw_317483
,	PC	,	



Wie	PD(type=w-p,position=free)	wie	
is	VRB(finiteness=fin,tense=pres)	zijn	
deze	PD(type=d-p,subtype=oth,position=prenom)	deze	
Eva	NOU-P	Eva	
…?	PC	…?	
Ach	INT	ach	
,	PC	,	
een	PD(type=indef,subtype=art,position=prenom)	een	
schepsel	NOU-C(number=sg)	schepsel	
Gods	NOU-P	God	
,	PC	,	
goed	AA(degree=pos,position=free)	goed	
en	CONJ(type=coor)	en	
recht	AA(degree=pos,position=free)	recht	
,	PC	,	
vóor	ADP(type=pre)	voor	
weinige	PD(type=indef,subtype=oth,position=prenom)	weinig	
oogenblikken	NOU-C(number=pl)	ogenblik	
nog	ADV(type=reg)	nog	
heilig	AA(degree=pos,position=free)	heilig	
en	CONJ(type=coor)	en	
rein	AA(degree=pos,position=free)	rein	
,	PC	,	



Met	ADP(type=pre)	met	
hem	PD(type=pers,position=free)	hij	
,	PC	,	
die	PD(type=d-p,position=free)	die	
regtens	ADV(type=reg)	rechtens	
niet	ADV(type=reg)	niet	
tot	ADP(type=pre)	tot	
naleving	NOU-C(number=sg)	naleving	
zijner	PD(type=poss,position=prenom)	zijn	
verbintenis	NOU-C(number=sg)	verbintenis	
kan	VRB(finiteness=fin,tense=pres)	kunnen	
gedwongen	VRB(finiteness=pastpart)	dwingen	
worden	VRB(finiteness=inf)	worden	
,	PC	,	



Men	PD(type=pers,position=free)	men	
(	PC	(	
had	VRB(finiteness=fin,tense=past)	hebben	
)	PC	)	
gelegenheid	NOU-C(number=sg)	gelegenheid	
…	PC	…	
achting	NOU-C(number=sg)	achting	
te	ADP(type=pre)	te	
krijgen	VRB(finiteness=inf)	krijgen	
voor	ADP(type=pre)	voor	
zijn	PD(type=poss,position=prenom)	zijn	
helder	AA(degree=pos,position=prenom)	helder	
doorzicht	NOU-C(number=sg)	doorzicht	
,	PC	,	
vasten	AA(degree=pos,position=prenom)	vast	
wil	NOU-C(number=sg)	wil	
,	PC	,	
rechtschapen	AA(degree=pos,position=prenom)	rechtschapen	
inborst	NOU-C(number=sg)	inborst	
en	CONJ(type=coor)	en	
strenge	AA(degree=pos,position=prenom)	streng	
godsdienstige	AA(degree=pos,position=prenom)	godsdienstig	
beginselen	NOU-C(number=pl)	beginsel	
,	PC	,	



De	PD(type=d-p,subtype=art,position=prenom)	de	
regtsgeleerdheid	NOU-C(number=sg)	rechtsgeleerdheid	
in	ADP(type=pre)	in	
ons	PD(type=poss,position=prenom)	ons	
land	NOU-C(number=sg)	land	
verliest	VRB(finiteness=fin,tense=pres)	verliezen	
er	ADV(type=pron)	erbij	mw_418320
niet	ADV(type=reg)	niet	
veel	PD(type=indef,position=free)	veel	
,	PC	,	
maar	CONJ(type=coor)	maar	
alles	PD(type=indef,position=free)	alles	
bij	ADV(type=pron)	erbij	mw_418320



Wij	PD(type=pers,position=free)	wij	
stemmen	VRB(finiteness=fin,tense=pres)	toegestemmen	mw_375399
toe	VRB(finiteness=fin,tense=pres)	toegestemmen	mw_375399
,	PC	,	
dat	CONJ(type=sub)	dat	
de	PD(type=d-p,subtype=art,position=prenom)	de	
Vlaming	NOU-C(number=sg)	Vlaming	
,	PC	,	
die	PD(type=d-p,position=free)	die	
tevens	ADV(type=reg)	tevens	
Fransch	NOU-P	Frans	
kent	VRB(finiteness=fin,tense=pres)	kennen	
,	PC	,	
overal	ADV(type=reg)	overal	
in	ADP(type=pre)	in	
het	PD(type=d-p,subtype=art,position=prenom)	het	
land	NOU-C(number=sg)	land	
eene	PD(type=indef,subtype=art,position=prenom)	een	
Fransche	AA(degree=pos,position=prenom)	Frans	
proceduur	NOU-C(number=sg)	procedure	
mag	VRB(finiteness=fin,tense=pres)	mogen	
vragen	VRB(finiteness=inf)	vragen	
.	PC	.	
Enkel	ADV(type=reg)	enkel	
en	CONJ(type=coor)	en	
alleen	AA(degree=pos,position=free)	alleen	
wanneer	CONJ(type=sub)	wanneer	
hij	PD(type=pers,position=free)	hij	
het	PD(type=d-p,subtype=art,position=prenom)	het	
Fransch	NOU-P	Frans	
onmachtig	AA(degree=pos,position=free)	onmachtig	
is	VRB(finiteness=fin,tense=pres)	zijn	
,	PC	,	
willen	VRB(finiteness=fin,tense=pres)	willen	
wij	PD(type=pers,position=free)	wij	
dat	CONJ(type=sub)	dat	
de	PD(type=d-p,subtype=art,position=prenom)	de	
rechtspleging	NOU-C(number=sg)	rechtspleging	
in	ADP(type=pre)	in	
het	PD(type=d-p,subtype=art,position=prenom)	het	
Vlaamsch	NOU-P	Vlaams	
geschiede	VRB(finiteness=fin,tense=pres)	geschieden	
,	PC	,	



De	PD(type=d-p,subtype=art,position=prenom)	de	
ontbinding	NOU-C(number=sg)	ontbinding	
van	ADP(type=pre)	van	
een	PD(type=indef,subtype=art,position=prenom)	een	
voorstel	NOU-C(number=sg)	voorstel	
in	ADP(type=pre)	in	
zijne	PD(type=poss,position=prenom)	zijn	
bestanddeelen	NOU-C(number=pl)	bestanddeel	
,	PC	,	
heet	VRB(finiteness=fin,tense=pres)	heten	
ontleding	NOU-C(number=sg)	ontleding	
(	PC	(	
analyse	NOU-C(number=sg)	analyse	
),	PC	),	
en	CONJ(type=coor)	en	
wordt	VRB(finiteness=fin,tense=pres)	worden	
onderscheiden	VRB(finiteness=pastpart)	onderscheiden	
in	ADP(type=pre)	in	
de	PD(type=d-p,subtype=art,position=prenom)	de	
redekunstige	AA(degree=pos,position=prenom)	redekunstig	
of	CONJ(type=coor)	of	
logische	AA(degree=pos,position=prenom)	logisch	
,	PC	,	
en	CONJ(type=coor)	en	
de	PD(type=d-p,subtype=art,position=prenom)	de	
spraakkunstige	AA(degree=pos,position=prenom)	spraakkunstig	
of	CONJ(type=coor)	of	
grammaticale	AA(degree=pos,position=prenom)	grammaticaal	
ontleding	NOU-C(number=sg)	ontleding	
,	PC	,	



Men	PD(type=pers,position=free)	men	
neemt	VRB(finiteness=fin,tense=pres)	aannemen	mw_378960
een	PD(type=indef,subtype=art,position=prenom)	een	
redekunstigen	AA(degree=pos,position=prenom)	redekunstig	
stijl	NOU-C(number=sg)	stijl	
aan	VRB(finiteness=fin,tense=pres)	aannemen	mw_378960
,	PC	,	
dat	PD(type=d-p,position=free)	dat	
is	VRB(finiteness=fin,tense=pres)	zijn	
,	PC	,	
een	PD(type=indef,subtype=art,position=prenom)	een	
verzameling	NOU-C(number=sg)	verzameling	
van	ADP(type=pre)	van	
woorden	NOU-C(number=pl)	woord	
,	PC	,	
doch	CONJ(type=coor)	doch	
ik	PD(type=pers,position=free)	ik	
zal	VRB(finiteness=fin,tense=pres)	zullen	
er	ADV(type=pron)	ervan	mw_252371
niets	PD(type=indef,position=free)	niets	
meer	PD(type=indef,position=free)	meer	
van	ADV(type=pron)	ervan	mw_252371
zeggen	VRB(finiteness=inf)	zeggen	
,	PC	,	



Het	PD(type=d-p,subtype=art,position=prenom)	het	
karakter	NOU-C(number=sg)	karakter	
van	ADP(type=pre)	van	
den	PD(type=d-p,subtype=art,position=prenom)	de	
moordenaar	NOU-C(number=sg)	moordenaar	
en	CONJ(type=coor)	en	
de	PD(type=d-p,subtype=art,position=prenom)	de	
redenen	NOU-C(number=pl)	reden	
,	PC	,	
die	PD(type=d-p,position=free)	die	
hem	PD(type=pers,position=free)	hij	
tot	ADP(type=pre)	tot	
zijn	PD(type=poss,position=prenom)	zijn	
misdrijf	NOU-C(number=sg)	misdrijf	
hebben	VRB(finiteness=fin,tense=pres)	hebben	
bewogen	VRB(finiteness=pastpart)	bewegen	
,	PC	,	



De	PD(type=d-p,subtype=art,position=prenom)	de	
nieuwe	AA(degree=pos,position=prenom)	nieuw	
bevoegdheid	NOU-C(number=sg)	bevoegdheid	
der	PD(type=d-p,subtype=art,position=prenom)	de	
Staten-Generaal	NOU-P	Staten-Generaal	
om	ADP(type=pre)	om	
bij	ADP(type=pre)	bij	
de	PD(type=d-p,subtype=art,position=prenom)	de	
wet	NOU-C(number=sg)	wet	
het	PD(type=d-p,subtype=art,position=prenom)	het	
gebruik	NOU-C(number=sg)	gebruik	
te	ADP(type=pre)	te	
regelen	VRB(finiteness=inf)	regelen	
van	ADP(type=pre)	van	
het	PD(type=d-p,subtype=art,position=prenom)	het	
koloniaal	AA(degree=pos,position=prenom)	koloniaal	
saldo	NOU-C(number=sg)	saldo	
,	PC	,	
voor	ADP(type=pre)	voor	
het	PD(type=d-p,subtype=art,position=prenom)	het	
moederland	NOU-C(number=sg)	moederland	
beschikbaar	AA(degree=pos,position=free)	beschikbaar	
,	PC	,	



In	ADP(type=pre)	in	
België	NOU-P	België	
(	PC	(	
berustte	VRB(finiteness=fin,tense=past)	berusten	
)	PC	)	
de	PD(type=d-p,subtype=art,position=prenom)	de	
betrekking	NOU-C(number=sg)	betrekking	
tusschen	ADP(type=pre)	tussen	
Vorst	NOU-C(number=sg)	vorst	
en	CONJ(type=coor)	en	
Volk	NOU-C(number=sg)	volk	
op	ADP(type=pre)	op	
vaste	AA(degree=pos,position=prenom)	vast	
gronden	NOU-C(number=pl)	grond	
,	PC	,	
en	CONJ(type=coor)	en	
elks	PD(type=indef,subtype=oth,position=prenom)	elk	
pligten	NOU-C(number=pl)	plicht	
en	CONJ(type=coor)	en	
regten	NOU-C(number=pl)	recht	
waren	VRB(finiteness=fin,tense=past)	zijn	
door	ADP(type=pre)	door	
geschrevene	AA(degree=pos,position=prenom)	geschreven	
wetten	NOU-C(number=pl)	wet	
geregeld	VRB(finiteness=pastpart)	regelen	
,	PC	,	



't	PD(type=pers,position=free)	het	
Is	VRB(finiteness=fin,tense=pres)	zijn	
maklijk	AA(degree=pos,position=free)	makkelijk	
mild	AA(degree=pos,position=free)	mild	
zijn	VRB(finiteness=inf)	zijn	
van	ADP(type=pre)	van	
eens	PD(type=indef,subtype=art,position=prenom)	een	
anders	PD(type=indef,subtype=oth,position=prenom)	ander	
kapitaal	NOU-C(number=sg)	kapitaal	
,	PC	,	



Regeling	NOU-C(number=sg)	regeling	
daarvan	ADV(type=pron)	daarvan	
(	PC	(	
van	ADP(type=pre)	van	
de	PD(type=d-p,subtype=art,position=prenom)	de	
spelling	NOU-C(number=sg)	spelling	
)	PC	)	
is	VRB(finiteness=fin,tense=pres)	zijn	
onontbeerlijk	AA(degree=pos,position=free)	onontbeerlijk	
voor	ADP(type=pre)	voor	
de	PD(type=d-p,subtype=art,position=prenom)	de	
schrijftaal	NOU-C(number=sg)	schrijftaal	
,	PC	,	



Regelmatige	AA(degree=pos,position=prenom)	regelmatig	
ligchamen	NOU-C(number=pl)	lichaam	
zijn	VRB(finiteness=fin,tense=pres)	zijn	
door	ADP(type=pre)	door	
een	PD(type=indef,subtype=art,position=prenom)	een	
zeker	AA(degree=pos,position=prenom)	zeker	
getal	NOU-C(number=sg)	getal	
zijvlakken	NOU-C(number=pl)	zijvlak	
,	PC	,	
welke	PD(type=w-p,position=free)	welk	
gelijke	AA(degree=pos,position=prenom)	gelijk	
en	CONJ(type=coor)	en	
gelijkvormige	AA(degree=pos,position=prenom)	gelijkvormig	
drie	NOU-C(number=pl,WF=trunc)+NOU-C(number=pl)	driehoek+veelhoek	mw_972418
of	CONJ(type=coor)	of	
veelhoeken	NOU-C(number=pl,WF=trunc)+NOU-C(number=pl)	driehoek+veelhoek	mw_972418
zijn	VRB(finiteness=fin,tense=pres)	zijn	
,	PC	,	
bepaald	VRB(finiteness=pastpart)	bepalen	
,	PC	,	



Het	PD(type=d-p,subtype=art,position=prenom)	het	
weigeren	NOU-C(number=sg)	weigeren	
van	ADP(type=pre)	van	
Nederlandsch	AA(degree=pos,position=prenom)	Nederlands	
register	NOU-C(number=sg)	register	
aan	ADP(type=pre)	aan	
in	ADP(type=pre)	in	
vreemde	AA(degree=pos,position=prenom)	vreemd	
landen	NOU-C(number=pl)	land	
gebouwde	AA(degree=pos,position=prenom)	gebouwd	
schepen	NOU-C(number=pl)	schip	
,	PC	,	



Maar	CONJ(type=coor)	maar	
,	PC	,	
zal	VRB(finiteness=fin,tense=pres)	zullen	
men	PD(type=pers,position=free)	men	
vragen	VRB(finiteness=inf)	vragen	
,	PC	,	
is	VRB(finiteness=fin,tense=pres)	zijn	
de	PD(type=d-p,subtype=art,position=prenom)	de	
staat	NOU-C(number=sg)	staat	
,	PC	,	
zoo	CONJ(type=sub)	zo	
al	ADV(type=reg)	al	
onbevoegd	AA(degree=pos,position=free)	onbevoegd	
reglementen	NOU-C(number=pl)	reglement	
voor	ADP(type=pre)	voor	
de	PD(type=d-p,subtype=art,position=prenom)	de	
bordeelen	NOU-C(number=pl)	bordeel	
vast	VRB(finiteness=inf)	vaststellen	mw_432585
te	ADP(type=pre)	te	
stellen	VRB(finiteness=inf)	vaststellen	mw_432585
,	PC	,	
bevoegd	AA(degree=pos,position=free)	bevoegd	
bordeelen	NOU-C(number=pl)	bordeel	
te	ADP(type=pre)	te	
sluiten	VRB(finiteness=inf)	sluiten	
?	PC	?	



Het	PD(type=d-p,subtype=art,position=prenom)	het	
bloed	NOU-C(number=sg)	bloed	
,	PC	,	
dat	PD(type=d-p,position=free)	dat	
in	ADP(type=pre)	in	
den	PD(type=d-p,subtype=art,position=prenom)	het	
beginne	NOU-C(number=sg)	begin	
afgelaten	VRB(finiteness=pastpart)	aflaten	
wordt	VRB(finiteness=fin,tense=pres)	worden	
,	PC	,	
schijnt	VRB(finiteness=fin,tense=pres)	schijnen	
gezond	AA(degree=pos,position=free)	gezond	
en	CONJ(type=coor)	en	
niet	ADV(type=reg)	niet	
ontstoken	AA(degree=pos,position=free)	onstoken	
;	PC	;	
naderhand	ADV(type=reg)	naderhand	
is	VRB(finiteness=fin,tense=pres)	zijn	
het	PD(type=pers,position=free)	het	
slijmeriger	AA(degree=comp,position=free)	slijmerig	
of	CONJ(type=coor)	of	
snotteriger	AA(degree=comp,position=free)	snotterig	
,	PC	,	
eene	PD(type=indef,subtype=art,position=prenom)	een	
enkele	PD(type=indef,subtype=oth,position=prenom)	enkel	
reize	NOU-C(number=sg)	reis	
dik	AA(degree=pos,position=free)	dik	
,	PC	,	



Reis	NOU-C(number=sg)	reis	
…	PC	…	
Eene	PD(type=indef,subtype=art,position=prenom)	een	
rekenmunt	NOU-C(number=sg)	rekenmunt	
in	ADP(type=pre)	in	
Bombay	NOU-P	Bombay	
,	PC	,	
waarvan	ADV(type=pron)	waarvan	
5	NUM(type=card,position=free,representation=dig)	vijf	
omtrent	ADV(type=reg)	omtrent	
1	NUM(type=card,position=prenom,representation=dig)	een	
cent	NOU-C(number=sg)	cent	
uitmaken	VRB(finiteness=fin,tense=pres)	uitmaken	
,	PC	,	



Men	PD(type=pers,position=free)	men	
(	PC	(	
doorbladert	VRB(finiteness=fin,tense=pres)	doorbladeren	
)	PC	)	
…	PC	…	
maar	CONJ(type=coor)	maar	
al	ADV(type=reg)	al	
te	ADV(type=reg)	te	
dikwijls	ADV(type=reg)	dikwijls	
eene	PD(type=indef,subtype=art,position=prenom)	een	
gansche	AA(degree=pos,position=prenom)	gans	
rij	NOU-C(number=sg)	rij	
van	ADP(type=pre)	van	
wijdloopige	AA(degree=pos,position=prenom)	wijdlopig	
reisbeschrijvingen	NOU-C(number=pl)	reisbeschrijving	
,	PC	,	
eer	CONJ(type=sub)	eer	
men	PD(type=pers,position=free)	men	
eene	PD(type=indef,subtype=art,position=prenom)	een	
opmerking	NOU-C(number=sg)	opmerking	
omtrent	ADP(type=pre)	omtrent	
het	PD(type=d-p,subtype=art,position=prenom)	het	
verhuizen	NOU-C(number=sg)	verhuizen	
der	PD(type=d-p,subtype=art,position=prenom)	de	
vogels	NOU-C(number=pl)	vogel	
aantreft	VRB(finiteness=fin,tense=pres)	aantreffen	
,	PC	,	



Reit	NOU-C(number=sg)	reit	
.	PC	.	
Alle	PD(type=indef,subtype=oth,position=prenom)	al	
slag	NOU-C(number=sg)	slag	
van	ADP(type=pre)	van	
kruid	NOU-C(number=sg)	kruid	
dat	PD(type=d-p,position=free)	dat	
onder	ADP(type=pre)	onder	
water	NOU-C(number=sg)	water	
groeit	VRB(finiteness=fin,tense=pres)	groeien	
of	CONJ(type=coor)	of	
er	ADV(type=pron)	erboven	mw_976542
boven	ADV(type=pron)	erboven	mw_976542
drijft	VRB(finiteness=fin,tense=pres)	drijven	
…	PC	…	
In	ADP(type=pre)	in	
't	PD(type=d-p,subtype=art,position=prenom)	het	
bezonder	NOU-C(number=sg)	bijzonder	
1°	ADV(type=reg,WF=abbr)	primo	
de	PD(type=d-p,subtype=art,position=prenom)	de	
Waterranonkels	NOU-C(number=pl)	waterranonkel	
,	PC	,	
ranunculus	RES(type=for)	ranunculus	
aquatilis	RES(type=for)	aquatilis	
L.	RES(type=for,WF=abbr)	Linnaeus	
en	CONJ(type=coor)	en	
ranunculus	RES(type=for)	ranunculus	
fluitans	RES(type=for)	fluitans	
Lamarck	RES(type=for)	lamarck	
;	PC	;	
2°	ADV(type=reg,WF=abbr)	secundo	
de	PD(type=d-p,subtype=art,position=prenom)	de	
Watergerwe	NOU-C(number=sg)	watergerf	
,	PC	,	
hottonia	RES(type=for)	hottonia	
palustris	RES(type=for)	palustris	
L	RES(type=for,WF=abbr)	Linnaeus	
.;	PC	.;	
3°	ADV(type=reg,WF=abbr)	tertio	
Geld	NOU-C(number=sg)	geld	
op	ADP(type=pre)	op	
't	PD(type=d-p,subtype=art,position=prenom)	het	
water	NOU-C(number=sg)	water	
,	PC	,	
hydrocharis	RES(type=for)	hydrocharis	
morsus	RES(type=for)	morsus	
ranœ	RES(type=for)	ranoe	
L	RES(type=for,WF=abbr)	Linnaeus	
.,	PC	.,	
fr.	NOU-P(WF=abbr)	Frans	
morrène	RES(type=for)	morrène	
;	PC	;	
4°	ADV(type=reg,WF=abbr)	kwarto	
de	PD(type=d-p,subtype=art,position=prenom)	de	
potameën	NOU-C(number=pl)	potamee	
of	CONJ(type=coor)	of	
najaden	NOU-C(number=pl)	najade	



De	PD(type=d-p,subtype=art,position=prenom)	de	
nadenkende	AA(degree=pos,position=prenom)	nadenkend	
Onderwijzer	NOU-C(number=sg)	onderwijzer	
zal	VRB(finiteness=fin,tense=pres)	zullen	
ook	ADV(type=reg)	ook	
bij	ADP(type=pre)	bij	
meergevorderde	ADV(type=reg)+AA(degree=pos,position=prenom)	meer+gevorderd	
leerlingen	NOU-C(number=pl)	leerling	
ondervinden	VRB(finiteness=inf)	ondervinden	
,	PC	,	
dat	CONJ(type=sub)	dat	
het	PD(type=d-p,subtype=art,position=prenom)	het	
uit	ADP(type=pre)	uit	
het	PD(type=d-p,subtype=art,position=prenom)	het	
hoofd	NOU-C(number=sg)	hoofd	
rekenen	NOU-C(number=sg)	rekenen	
niet	ADV(type=reg)	niet	
alleen	AA(degree=pos,position=free)	alleen	
de	PD(type=d-p,subtype=art,position=prenom)	de	
eerste	NUM(type=ord,position=prenom,representation=let)	eerste	
,	PC	,	
maar	CONJ(type=coor)	maar	
tevens	ADV(type=reg)	tevens	
de	PD(type=d-p,subtype=art,position=prenom)	de	
zekerste	AA(degree=sup,position=prenom)	zeker	
grondslag	NOU-C(number=sg)	grondslag	
van	ADP(type=pre)	van	
de	PD(type=d-p,subtype=art,position=prenom)	de	
geheele	AA(degree=pos,position=prenom)	geheel	
Rekenkunde	NOU-C(number=sg)	rekenkunde	
is	VRB(finiteness=fin,tense=pres)	zijn	
,	PC	,	



De	PD(type=d-p,subtype=art,position=prenom)	de	
duivel	NOU-C(number=sg)	duivel	
in	ADP(type=pre)	in	
de	PD(type=d-p,subtype=art,position=prenom)	de	
gedaante	NOU-C(number=sg)	gedaante	
van	ADP(type=pre)	van	
een	PD(type=indef,subtype=art,position=prenom)	een	
Hollandsch	AA(degree=pos,position=prenom)	Hollands	
Zeeofficier	NOU-C(number=sg)	zeeofficier	
komt	VRB(finiteness=fin,tense=pres)	komen	
hem	PD(type=pers,position=free)	hij	
redden	VRB(finiteness=inf)	redden	
!	PC	!	
Wij	PD(type=pers,position=free)	wij	
zijn	VRB(finiteness=fin,tense=pres)	zijn	
't	PD(type=d-p,subtype=art,position=prenom)	het	
kind	NOU-C(number=sg)	kind	
van	ADP(type=pre)	van	
de	PD(type=d-p,subtype=art,position=prenom)	de	
rekening	NOU-C(number=sg)	rekening	
!	PC	!	



Wellicht	ADV(type=reg)	wellicht	
ware	VRB(finiteness=fin,tense=past)	zijn	
het	PD(type=pers,position=free)	het	
op	ADP(type=pre)	op	
een	PD(type=indef,subtype=art,position=prenom)	een	
openlijke	AA(degree=pos,position=prenom)	openlijk	
scheuring	NOU-C(number=sg)	scheuring	
tusschen	ADP(type=pre)	tussen	
de	PD(type=d-p,subtype=art,position=prenom)	de	
preciese	AA(degree=pos,position=prenom)	precies	
Calvinisten	NOU-C(number=pl)	calvinist	
van	ADP(type=pre)	van	
het	PD(type=d-p,subtype=art,position=prenom)	het	
zuiden	NOU-C(number=sg)	zuiden	
en	CONJ(type=coor)	en	
de	PD(type=d-p,subtype=art,position=prenom)	de	
rekkelijke	AA(degree=pos,position=prenom)	rekkelijk	
Calvinisten	NOU-C(number=pl)	calvinist	
van	ADP(type=pre)	van	
het	PD(type=d-p,subtype=art,position=prenom)	het	
noorden	NOU-C(number=sg)	noorden	
uitgeloopen	VRB(finiteness=pastpart)	uitlopen	
,	PC	,	
indien	CONJ(type=sub)	indien	
niet	ADV(type=reg)	niet	
de	PD(type=d-p,subtype=art,position=prenom)	de	
spoedig	AA(degree=pos,position=free)	spoedig	
gevolgde	AA(degree=pos,position=prenom)	gevolgd	
onderdrukking	NOU-C(number=sg)	onderdrukking	
van	ADP(type=pre)	van	
alle	PD(type=indef,subtype=oth,position=prenom)	al	
protestantsche	AA(degree=pos,position=prenom)	protestants	
godsdienstoefening	NOU-C(number=sg)	godsdienstoefening	
en	CONJ(type=coor)	en	
belijdenis	NOU-C(number=sg)	belijdenis	
van	ADP(type=pre)	vanwege	mw_412019
wege	ADP(type=pre)	vanwege	mw_412019
de	PD(type=d-p,subtype=art,position=prenom)	de	
landvoogdes	NOU-C(number=sg)	landvoogdes	
den	PD(type=d-p,subtype=art,position=prenom)	de	
twist	NOU-C(number=sg)	twist	
had	VRB(finiteness=fin,tense=past)	hebben	
gesmoord	VRB(finiteness=pastpart)	smoren	
,	PC	,	



Al	CONJ(type=sub)	al	
rekken	VRB(finiteness=fin,tense=pres)	rekken	
langzaam	AA(degree=pos,position=free)	langzaam	
weer	ADV(type=reg)	weder	
de	PD(type=d-p,subtype=art,position=prenom)	de	
dagen	NOU-C(number=pl)	dag	
,	PC	,	
Al	CONJ(type=sub)	al	
dreef	VRB(finiteness=fin,tense=past)	drijven	
weer	ADV(type=reg)	weder	
de	PD(type=d-p,subtype=art,position=prenom)	de	
ijsvloer	NOU-C(number=sg)	ijsvloer	
uit	ADP(type=pre)	uit	
de	PD(type=d-p,subtype=art,position=prenom)	de	
gracht	NOU-C(number=sg)	gracht	
,	PC	,	
't	PD(type=pers,position=free)	het	
Is	VRB(finiteness=fin,tense=pres)	zijn	
kil	AA(degree=pos,position=free)	kil	
en	CONJ(type=coor)	en	
huivrig	AA(degree=pos,position=free)	huiverig	
toch	ADV(type=reg)	toch	
bij	ADP(type=pre)	bij	
nacht	NOU-C(number=sg)	nacht	
,	PC	,	



—	PC	—	
Het	PD(type=pers,position=free)	het	
gelukte	VRB(finiteness=fin,tense=past)	gelukken	
ons	PD(type=pers,position=free)	wij	
het	PD(type=d-p,subtype=art,position=prenom)	het	
hert	NOU-C(number=sg)	hert	
naar	ADP(type=pre)	naar	
een	PD(type=indef,subtype=art,position=prenom)	een	
nabijgelegen	AA(degree=pos,position=prenom)	nabijgelegen	
veldbosch	NOU-C(number=sg)	veldbos	
te	ADP(type=pre)	te	
dringen	VRB(finiteness=inf)	dringen	
,	PC	,	
aan	ADP(type=pre)	aan	
welks	PD(type=w-p,position=free)	welk	
zoom	NOU-C(number=sg)	zoom	
het	PD(type=d-p,subtype=art,position=prenom)	het	
eerste	NUM(type=ord,position=prenom,representation=let)	eerste	
relais	NOU-C(number=sg)	relais	
geplaatst	VRB(finiteness=pastpart)	plaatsen	
was	VRB(finiteness=fin,tense=past)	zijn	
,	PC	,	



In	ADP(type=pre)	in	
hoeverre	ADV(type=reg)	hoever	
nu	ADV(type=reg)	nu	
dit	PD(type=d-p,position=free)	dit	
eenigzins	ADV(type=reg)	enigszins	
in	ADP(type=pre)	in	
relatie	NOU-C(number=sg)	relatie	
staat	VRB(finiteness=fin,tense=pres)	staan	
met	ADP(type=pre)	met	
alle	PD(type=indef,position=free)	al	
de	PD(type=d-p,subtype=art,position=prenom)	de	
tijdingen	NOU-C(number=pl)	tijding	
,	PC	,	
die	PD(type=d-p,position=free)	die	
dezer	PD(type=d-p,subtype=oth,position=prenom)	deze	
dagen	NOU-C(number=pl)	dag	
zijn	VRB(finiteness=fin,tense=pres)	zijn	
verspreid	VRB(finiteness=pastpart)	verspreiden	
geworden	VRB(finiteness=pastpart)	worden	
,	PC	,	
zal	VRB(finiteness=fin,tense=pres)	zullen	
de	PD(type=d-p,subtype=art,position=prenom)	de	
tijd	NOU-C(number=sg)	tijd	
leeren	VRB(finiteness=inf)	leren	
,	PC	,	



Ik	PD(type=pers,position=free)	ik	
ben	VRB(finiteness=fin,tense=pres)	zijn	
er	ADV(type=pron)	eraf	mw_221452
verre	AA(degree=pos,position=free)	ver	
af	ADV(type=pron)	eraf	mw_221452
,	PC	,	
in	ADP(type=pre)	in	
u	PD(type=pers,position=free)	u	
te	ADP(type=pre)	te	
bespotten	VRB(finiteness=inf)	bespotten	
wat	PD(type=w-p,position=free)	wat	
ik	PD(type=pers,position=free)	ik	
hoogacht	VRB(finiteness=fin,tense=pres)	hoogachten	
,	PC	,	
al	CONJ(type=sub)	al	
kan	VRB(finiteness=fin,tense=pres)	kunnen	
ik	PD(type=pers,position=free)	ik	
uwe	PD(type=poss,position=prenom)	uw	
religieuse	AA(degree=pos,position=prenom)	religieus	
opinies	NOU-C(number=pl)	opinie	
niet	ADV(type=reg)	niet	
deelen	VRB(finiteness=inf)	delen	
,	PC	,	



Religie-vrijheid	NOU-C(number=sg)	religievrijheid	
.	PC	.	
Het	PD(type=d-p,subtype=art,position=prenom)	het	
regt	NOU-C(number=sg)	recht	
der	PD(type=d-p,subtype=art,position=prenom)	de	
staatsburgers	NOU-C(number=pl)	staatsburger	
,	PC	,	
om	ADP(type=pre)	om	
hunne	PD(type=poss,position=prenom)	hun	
godsdienst	NOU-C(number=sg)	godsdienst	
ongehinderd	AA(degree=pos,position=free)	ongehinderd	
uit	VRB(finiteness=inf)	uitoefenen	mw_973947
te	ADP(type=pre)	te	
oefenen	VRB(finiteness=inf)	uitoefenen	mw_973947
,	PC	,	
zonder	ADP(type=pre)	zonder	
zich	PD(type=refl,position=free)	zich	
daardoor	ADV(type=pron)	daardoor	
verkort	VRB(finiteness=pastpart)	verkorten	
te	ADP(type=pre)	te	
zien	VRB(finiteness=inf)	zien	
in	ADP(type=pre)	in	
hunne	PD(type=poss,position=prenom)	hun	
regten	NOU-C(number=pl)	recht	
,	PC	,	
is	VRB(finiteness=fin,tense=pres)	zijn	
eene	PD(type=indef,subtype=art,position=prenom)	een	
tijdmatige	AA(degree=pos,position=prenom)	tijdmatig	
vordering	NOU-C(number=sg)	vordering	
,	PC	,	
welke	PD(type=w-p,position=free)	welk	
tegenwoordig	AA(degree=pos,position=free)	tegenwoordig	
in	ADP(type=pre)	in	
de	PD(type=d-p,subtype=art,position=prenom)	de	
meeste	AA(degree=sup,position=prenom)	meest	
beschaafde	AA(degree=pos,position=prenom)	beschaafd	
staten	NOU-C(number=pl)	staat	
erkend	VRB(finiteness=pastpart)	erkennen	
en	CONJ(type=coor)	en	
toegestaan	VRB(finiteness=pastpart)	toestaan	
wordt	VRB(finiteness=fin,tense=pres)	worden	
,	PC	,	
onder	ADP(type=pre)	onder	
zekere	PD(type=indef,subtype=oth,position=prenom)	zeker	
voorwaarden	NOU-C(number=pl)	voorwaarde	
en	CONJ(type=coor)	en	
bepalingen	NOU-C(number=pl)	bepaling	
,	PC	,	



Remis	NOU-C(number=sg)	remise	
,	PC	,	
ook	ADV(type=reg)	ook	
remise	NOU-C(number=sg)	remise	
,	PC	,	
in	ADP(type=pre)	in	
het	PD(type=d-p,subtype=art,position=prenom)	het	
kaartspel	NOU-C(number=sg)	kaartspel	
,	PC	,	
schaaken	NOU-C(number=sg)	schaken	
damspel	NOU-C(number=sg)	damspel	
:	PC	:	
gelijk	AA(degree=pos,position=free)	gelijk	
,	PC	,	
noch	CONJ(type=coor)	noch	
gewonnen	VRB(finiteness=pastpart)	winnen	
noch	CONJ(type=coor)	noch	
verloren	VRB(finiteness=pastpart)	verliezen	
,	PC	,	
even	PD(type=indef,subtype=oth,position=prenom)	evenveel	mw_297785
veel	PD(type=indef,subtype=oth,position=prenom)	evenveel	mw_297785
punten	NOU-C(number=pl)	punt	
gehaald	VRB(finiteness=pastpart)	halen	
,	PC	,	
onbeslist	AA(degree=pos,position=free)	onbeslist	
gebleven	VRB(finiteness=pastpart)	blijven	
,	PC	,	



Thans	ADV(type=reg)	thans	
mag	VRB(finiteness=fin,tense=pres)	mogen	
ik	PD(type=pers,position=free)	ik	
u	PD(type=pers,position=free)	u	
nog	ADV(type=reg)	nog	
de	PD(type=d-p,subtype=art,position=prenom)	de	
eene	NUM(type=card,position=prenom,representation=let)	een	
of	CONJ(type=coor)	of	
andere	PD(type=indef,subtype=oth,position=prenom)	ander	
anecdote	NOU-C(number=sg)	anekdote	
vertellen	VRB(finiteness=inf)	vertellen	
,	PC	,	
die	PD(type=d-p,position=free)	die	
gij	PD(type=pers,position=free)	gij	
tien	NUM(type=card,position=prenom,representation=let)	tien	
-	PC	-	
of	CONJ(type=coor)	of	
meermalen	ADV(type=reg)	meermaal	
gehoord	VRB(finiteness=pastpart)	horen	
hebt	VRB(finiteness=fin,tense=pres)	hebben	
,	PC	,	



Repliek	NOU-C(number=sg)	repliek	
…,	PC	…,	
is	VRB(finiteness=fin,tense=pres)	zijn	
eene	PD(type=indef,subtype=art,position=prenom)	een	
beantwoording	NOU-C(number=sg)	beantwoording	
of	CONJ(type=coor)	of	
wederlegging	NOU-C(number=sg)	wederlegging	
van	ADP(type=pre)	van	
eene	PD(type=indef,subtype=art,position=prenom)	een	
vroegere	AA(degree=comp,position=prenom)	vroeg	
rede	NOU-C(number=sg)	rede	
of	CONJ(type=coor)	of	
bewering	NOU-C(number=sg)	bewering	
,	PC	,	



Vóór	ADP(type=pre)	voor	
de	PD(type=d-p,subtype=art,position=prenom)	de	
5de	NUM(type=ord,position=prenom,representation=mix-dig)	vijfde	
klasse	NOU-C(number=sg)	klasse	
geene	PD(type=indef,subtype=oth,position=prenom)	geen	
eigen	AA(degree=pos,position=prenom)	eigen	
opstellen	NOU-C(number=pl)	opstel	
dus	ADV(type=reg)	dus	
.	PC	.	
Maar	CONJ(type=coor)	maar	
wat	PD(type=w-p,position=free)	wat	
dan	ADV(type=reg)	dan	
?	PC	?	
Reproductief	AA(degree=pos,position=prenom)	reproductief	
werk	NOU-C(number=sg)	werk	
,	PC	,	
zooals	CONJ(type=sub)	zoals	
Lehmann	NOU-P	Lehmann	
het	PD(type=pers,position=free)	het	
noemt	VRB(finiteness=fin,tense=pres)	noemen	
.	PC	.	
Is	VRB(finiteness=fin,tense=pres)	zijn	
een	PD(type=indef,subtype=art,position=prenom)	een	
stuk	NOU-C(number=sg)	stuk	
proza	NOU-C(number=sg)	proza	
of	CONJ(type=coor)	of	
een	PD(type=indef,subtype=art,position=prenom)	een	
gedicht	NOU-C(number=sg)	gedicht	
in	ADP(type=pre)	in	
de	PD(type=d-p,subtype=art,position=prenom)	de	
laagste	AA(degree=sup,position=prenom)	laag	
klasse	NOU-C(number=sg)	klasse	
behandeld	VRB(finiteness=pastpart)	behandelen	
,	PC	,	
…	PC	…	
dan	ADV(type=reg)	dan	
laat	VRB(finiteness=fin,tense=pres)	laten	
gij	PD(type=pers,position=free)	gij	
hen	PD(type=pers,position=free)	zij	
…	PC	…	
den	PD(type=d-p,subtype=art,position=prenom)	de	
inhoud	NOU-C(number=sg)	inhoud	
van	ADP(type=pre)	van	
datzelfde	PD(type=d-p,subtype=oth,position=prenom)	datzelfde	
stuk	NOU-C(number=sg)	stuk	
op	ADP(type=pre)	op	
schrift	NOU-C(number=sg)	schrift	
brengen	VRB(finiteness=inf)	brengen	
,	PC	,	



Nu	ADV(type=reg)	nu	
wordt	VRB(finiteness=fin,tense=pres)	worden	
…	PC	…	
deze	PD(type=d-p,subtype=oth,position=prenom)	deze	
brief	NOU-C(number=sg)	brief	
wat	ADV(type=reg)	wat	
onbescheiden	AA(degree=pos,position=free)	onbescheiden	
lang	AA(degree=pos,position=free)	lang	
.	PC	.	
…	PC	…	
Ik	PD(type=pers,position=free)	ik	
ben	VRB(finiteness=fin,tense=pres)	zijn	
ver	AA(degree=pos,position=free)	ver	
van	ADP(type=pre)	van	
u	PD(type=pers,position=free)	u	
daardoor	ADV(type=pron)	daardoor	
…	PC	…	
eenige	PD(type=indef,subtype=oth,position=prenom)	enig	
last	NOU-C(number=sg)	last	
van	ADP(type=pre)	van	
rescriptie	NOU-C(number=sg)	rescriptie	
te	ADP(type=pre)	te	
willen	VRB(finiteness=inf)	willen	
opleggen	VRB(finiteness=inf)	opleggen	
,	PC	,	
hoezeer	CONJ(type=sub)	hoezeer	
ik	PD(type=pers,position=free)	ik	
wel	ADV(type=reg)	wel	
niet	ADV(type=reg)	niet	
behoef	VRB(finiteness=fin,tense=pres)	behoeven	
te	ADP(type=pre)	te	
zeggen	VRB(finiteness=inf)	zeggen	
dat	CONJ(type=sub)	dat	
een	PD(type=indef,subtype=art,position=prenom)	een	
letterschrift	NOU-C(number=sg)	letterschrift	
van	ADP(type=pre)	van	
u	PD(type=pers,position=free)	u	
altijd	ADV(type=reg)	altijd	
recht	AA(degree=pos,position=free)	recht	
gewenscht	VRB(finiteness=pastpart)	wensen	
blijft	VRB(finiteness=fin,tense=pres)	blijven	
,	PC	,	



Bij	ADP(type=pre)	bij	
de	PD(type=d-p,subtype=art,position=prenom)	de	
revuen	NOU-C(number=pl)	revue	
behoorde	VRB(finiteness=fin,tense=past)	behoren	
zijn	PD(type=poss,position=prenom)	zijn	
fraije	AA(degree=pos,position=prenom)	fraai	
wagen	NOU-C(number=sg)	wagen	
en	CONJ(type=coor)	en	
zijne	PD(type=poss,position=prenom)	zijn	
vier	NUM(type=card,position=prenom,representation=let)	vier	
schimmels	NOU-C(number=pl)	schimmel	
onder	ADP(type=pre)	onder	
de	PD(type=d-p,subtype=art,position=prenom)	de	
prachtigste	AA(degree=sup,position=prenom)	prachtig	
equipages	NOU-C(number=pl)	equipage	
,	PC	,	



De	PD(type=d-p,subtype=art,position=prenom)	de	
opvoeding	NOU-C(number=sg)	opvoeding	
der	PD(type=d-p,subtype=art,position=prenom)	de	
kinderen	NOU-C(number=pl)	kind	
nam	VRB(finiteness=fin,tense=past)	nemen	
in	ADP(type=pre)	in	
de	PD(type=d-p,subtype=art,position=prenom)	de	
beide	PD(type=indef,subtype=oth,position=prenom)	beide	
gezinnen	NOU-C(number=pl)	gezin	
eene	PD(type=indef,subtype=art,position=prenom)	een	
ietwat	ADV(type=reg)	ietwat	
andere	PD(type=indef,subtype=oth,position=prenom)	ander	
rigting	NOU-C(number=sg)	richting	
,	PC	,	



Schuif	VRB(finiteness=fin,tense=pres)	schuiven	
dien	PD(type=d-p,subtype=oth,position=prenom)	die	
porseleinen	AA(degree=pos,position=prenom)	porseleinen	
schotel	NOU-C(number=sg)	schotel	
wat	ADV(type=reg)	wat	
verder	AA(degree=comp,position=free)	verder	
op	ADP(type=pre)	op	
de	PD(type=d-p,subtype=art,position=prenom)	de	
tafel	NOU-C(number=sg)	tafel	
:	PC	:	
hij	PD(type=pers,position=free)	hij	
staat	VRB(finiteness=fin,tense=pres)	staan	
daar	ADV(type=reg)	daar	
te	ADP(type=pre)	te	
rieschaalde	AA(degree=pos,position=free)	rietschaald	
op	ADP(type=pre)	op	
den	PD(type=d-p,subtype=art,position=prenom)	het	
boord	NOU-C(number=sg)	boord	
(	PC	(	
en	CONJ(type=coor)	en	
loopt	VRB(finiteness=fin,tense=pres)	lopen	
gevaar	NOU-C(number=sg)	gevaar	
van	ADP(type=pre)	van	
af	VRB(finiteness=inf)	afvallen	mw_864547
te	ADP(type=pre)	te	
vallen	VRB(finiteness=inf)	afvallen	mw_864547
),	PC	),	



—	PC	—	
Ik	PD(type=pers,position=free)	ik	
…	PC	…	
denk	VRB(finiteness=fin,tense=pres)	denken	
den	PD(type=d-p,subtype=art,position=prenom)	de	
kop	NOU-C(number=sg)	kop	
my	PD(type=pers,position=free)	ik	
zeer	AA(degree=pos,position=free)	zeer	
,	PC	,	
Met	ADP(type=pre)	met	
woorden	NOU-C(number=pl)	woord	
aan	ADP(type=pre)	aan	
malkaâr	PD(type=recip,position=free)	malkander	
te	ADP(type=pre)	te	
lijmen	VRB(finiteness=inf)	lijmen	
,	PC	,	
Op	CONJ(type=sub)	opdat	mw_494561
dat	CONJ(type=sub)	opdat	mw_494561
,	PC	,	
na	ADP(type=pre)	na	
honderd	NUM(type=card,position=prenom,representation=let)	honderd	
jaar	NOU-C(number=sg)	jaar	
misschien	ADV(type=reg)	misschien	
Uw	PD(type=poss,position=prenom)	uw	
achterkleinzoonskind	NOU-C(number=sg)	achterkleinzoonskind	
moog	VRB(finiteness=fin,tense=pres)	mogen	
zien	VRB(finiteness=inf)	zien	
Hoe	ADV(type=reg)	hoe	
meesterlijk	AA(degree=pos,position=free)	meesterlijk	
onze	PD(type=poss,position=prenom)	ons	
eeuw	NOU-C(number=sg)	eeuw	
kon	VRB(finiteness=fin,tense=past)	kunnen	
rijmen	VRB(finiteness=inf)	rijmen	
,	PC	,	



De	PD(type=d-p,subtype=art,position=prenom)	de	
rijzadel	NOU-C(number=sg)	rijzadel	
der	PD(type=d-p,subtype=art,position=prenom)	de	
kavallerie	NOU-C(number=sg)	cavalerie	
bestaat	VRB(finiteness=fin,tense=pres)	bestaan	
uit	ADP(type=pre)	uit	
den	PD(type=d-p,subtype=art,position=prenom)	de	
zadelbok	NOU-C(number=sg)	zadelbok	
en	CONJ(type=coor)	en	
de	PD(type=d-p,subtype=art,position=prenom)	de	
bekleeding	NOU-C(number=sg)	bekleding	
,	PC	,	



Hij	PD(type=pers,position=free)	hij	
zag	VRB(finiteness=fin,tense=past)	zien	
aan	ADP(type=pre)	aan	
den	PD(type=d-p,subtype=art,position=prenom)	de	
Horizon	NOU-C(number=sg)	horizon	
van	ADP(type=pre)	van	
Staat	NOU-C(number=sg)	staat	
,	PC	,	
dat	CONJ(type=sub)	dat	
de	PD(type=d-p,subtype=art,position=prenom)	de	
vijgen	NOU-C(number=pl)	vijg	
in	ADP(type=pre)	in	
waarde	NOU-C(number=sg)	waarde	
zouden	VRB(finiteness=fin,tense=past)	zullen	
rijzen	VRB(finiteness=inf)	rijzen	
,	PC	,	
doch	CONJ(type=coor)	doch	
dat	CONJ(type=sub)	dat	
de	PD(type=d-p,subtype=art,position=prenom)	de	
ingeleide	AA(degree=pos,position=prenom)	ingelegd	
vruchten	NOU-C(number=pl)	vrucht	
en	CONJ(type=coor)	en	
pruimen	NOU-C(number=pl)	pruim	
zouden	VRB(finiteness=fin,tense=past)	zullen	
dalen	VRB(finiteness=inf)	dalen	
,	PC	,	



—	PC	—	
Het	PD(type=d-p,subtype=art,position=prenom)	het	
opzigt	NOU-C(number=sg)	opzicht	
over	ADP(type=pre)	over	
de	PD(type=d-p,subtype=art,position=prenom)	de	
ringkaden	NOU-C(number=pl)	ringkade	
,	PC	,	
de	PD(type=d-p,subtype=art,position=prenom)	de	
overpaden	NOU-C(number=pl)	overpad	
en	CONJ(type=coor)	en	
wegen	NOU-C(number=pl)	weg	
,	PC	,	
het	PD(type=d-p,subtype=art,position=prenom)	het	
schouwen	NOU-C(number=sg)	schouwen	
der	PD(type=d-p,subtype=art,position=prenom)	de	
slooten	NOU-C(number=pl)	sloot	
.,	PC	.,	



Terwijl	CONJ(type=sub)	terwijl	
hij	PD(type=pers,position=free)	hij	
verontwaardigd	AA(degree=pos,position=free)	verontwaardigd	
met	ADP(type=pre)	met	
de	PD(type=d-p,subtype=art,position=prenom)	de	
gesloten	AA(degree=pos,position=prenom)	gesloten	
vuist	NOU-C(number=sg)	vuist	
op	ADP(type=pre)	op	
de	PD(type=d-p,subtype=art,position=prenom)	de	
tafel	NOU-C(number=sg)	tafel	
sloeg	VRB(finiteness=fin,tense=past)	slaan	
,	PC	,	
dat	CONJ(type=sub)	dat	
kannen	NOU-C(number=pl)	kan	
en	CONJ(type=coor)	en	
glazen	NOU-C(number=pl)	glas	
rinkinkten	VRB(finiteness=fin,tense=past)	rinkinken	
,	PC	,	



De	PD(type=d-p,subtype=art,position=prenom)	de	
gitzwarte	AA(degree=pos,position=prenom)	gitzwart	
onheilsvogel	NOU-C(number=sg)	onheilsvogel	
roeit	VRB(finiteness=fin,tense=pres)	roeien	
hen	PD(type=pers,position=free)	zij	
krassende	VRB(finiteness=prespart)	krassen	
over	ADP(type=pre)	over	
't	PD(type=d-p,subtype=art,position=prenom)	het	
hoofd	NOU-C(number=sg)	hoofd	
,	PC	,	



Maar	CONJ(type=coor)	maar	
ach	INT	ach	
!	PC	!	
ik	PD(type=pers,position=free)	ik	
roep	VRB(finiteness=fin,tense=pres)	roepen	
vergeefs	AA(degree=pos,position=free)	vergeefs	
.	PC	.	
Mijn	PD(type=poss,position=prenom)	mijn	
dierbre	NOU-C(number=sg)	dierbare	
keert	VRB(finiteness=fin,tense=pres)	wederkeren	mw_79187
niet	ADV(type=reg)	niet	
weder	VRB(finiteness=fin,tense=pres)	wederkeren	mw_79187
!	PC	!	



Juist	AA(degree=pos,position=free)	juist	
kwam	VRB(finiteness=fin,tense=past)	komen	
de	PD(type=d-p,subtype=art,position=prenom)	de	
nachtwacht	NOU-C(number=sg)	nachtwacht	
aanratelen	VRB(finiteness=inf)	aanratelen	
.	PC	.	
Hoor	VRB(finiteness=fin,tense=pres)	horen	
,	PC	,	
daar	ADV(type=reg)	daar	
komt	VRB(finiteness=fin,tense=pres)	komen	
de	PD(type=d-p,subtype=art,position=prenom)	de	
aschman	NOU-C(number=sg)	asman	
aanratelen	VRB(finiteness=inf)	aanratelen	
.	PC	.	



Wat	PD(type=w-p,position=prenom)	wat	
wondergeschiedenissen	NOU-C(number=pl)	wondergeschiedenis	
deze	PD(type=d-p,subtype=oth,position=prenom)	deze	
laatsten	NOU-C(number=pl)	laatste	
ook	ADV(type=reg)	ook	
mogen	VRB(finiteness=fin,tense=pres)	mogen	
opdisschen	VRB(finiteness=inf)	opdissen	
:	PC	:	
van	ADP(type=pre)	van	
zes	NUM(type=card,position=prenom,representation=let)	zes	
hazen	NOU-C(number=pl)	haas	
geschoten	VRB(finiteness=pastpart)	schieten	
op	ADP(type=pre)	op	
één	NUM(type=card,position=prenom,representation=let)	een	
stuk	NOU-C(number=sg)	stuk	
…	PC	…	
en	CONJ(type=coor)	en	
roerdompen	NOU-C(number=pl)	roerdomp	
die	PD(type=d-p,position=free)	die	
met	ADP(type=pre)	met	
den	PD(type=d-p,subtype=art,position=prenom)	de	
laadstok	NOU-C(number=sg)	laadstok	
wegvlogen	VRB(finiteness=fin,tense=past)	wegvliegen	
:	PC	:	
de	PD(type=d-p,subtype=art,position=prenom)	de	
polsdrager	NOU-C(number=sg)	polsdrager	
trekt	VRB(finiteness=fin,tense=pres)	trekken	
geen	PD(type=indef,position=free)	geen	
enkele	PD(type=indef,position=free)	enkel	
dezer	PD(type=d-p,subtype=oth,position=prenom)	deze	
groote	AA(degree=pos,position=prenom)	groot	
gebeurtenissen	NOU-C(number=pl)	gebeurtenis	
in	ADP(type=pre)	in	
twijfel	NOU-C(number=sg)	twijfel	
,	PC	,	



Wroeging	NOU-C(number=sg)	wroeging	
,	PC	,	
die	PD(type=d-p,position=free)	die	
gedurig	AA(degree=pos,position=free)	gedurig	
knaagt	VRB(finiteness=fin,tense=pres)	knagen	
,	PC	,	
En	CONJ(type=coor)	en	
,	PC	,	
een	PD(type=indef,subtype=art,position=prenom)	een	
poos	NOU-C(number=sg)	poos	
in	ADP(type=pre)	in	
slaap	NOU-C(number=sg)	slaap	
gesust	VRB(finiteness=pastpart)	sussen	
Door	ADP(type=pre)	door	
den	PD(type=d-p,subtype=art,position=prenom)	de	
roes	NOU-C(number=sg)	roes	
van	ADP(type=pre)	van	
nieuwen	AA(degree=pos,position=prenom)	nieuw	
lust	NOU-C(number=sg)	lust	
,	PC	,	
Weêr	ADV(type=reg)	weder	
ontwaakt	VRB(finiteness=fin,tense=pres)	ontwaken	
,	PC	,	



Die	PD(type=d-p,position=free)	die	
mij	PD(type=pers,position=free)	ik	
nu	ADV(type=reg)	nu	
vervolgen	VRB(finiteness=fin,tense=pres)	vervolgen	
,	PC	,	
zijn	VRB(finiteness=fin,tense=pres)	zijn	
lieden	NOU-C(number=pl)	lieden	
van	ADP(type=pre)	van	
het	PD(type=d-p,subtype=art,position=prenom)	het	
laagste	AA(degree=sup,position=prenom)	laag	
grauw	NOU-C(number=sg)	grauw	
,	PC	,	
met	ADP(type=pre)	met	
kwaadaardige	AA(degree=pos,position=prenom)	kwaadaardig	
roffianen	NOU-C(number=pl)	roffiaan	
van	ADP(type=pre)	van	
den	PD(type=d-p,subtype=art,position=prenom)	de	
grafelijken	AA(degree=pos,position=prenom)	grafelijk	
Schout	NOU-C(number=sg)	schout	
aan	ADP(type=pre)	aan	
het	PD(type=d-p,subtype=art,position=prenom)	het	
hoofd	NOU-C(number=sg)	hoofd	
,	PC	,	



Onhandig	AA(degree=pos,position=free)	onhandig	
,	PC	,	
als	CONJ(type=sub)	als	
een	PD(type=indef,subtype=art,position=prenom)	een	
dikke	AA(degree=pos,position=prenom)	dik	
timmerman	NOU-C(number=sg)	timmerman	
in	ADP(type=pre)	in	
een	PD(type=indef,subtype=art,position=prenom)	een	
rok	NOU-C(number=sg)	rok	
,	PC	,	
die	PD(type=d-p,position=free)	die	
hem	PD(type=pers,position=free)	hij	
te	ADV(type=reg)	te	
nauw	AA(degree=pos,position=free)	nauw	
scheen	VRB(finiteness=fin,tense=past)	schijnen	
(	PC	(	
een	PD(type=indef,subtype=art,position=prenom)	een	
concertzanger	NOU-C(number=sg)	concertzanger	
),	PC	),	



Het	PD(type=pers,position=free)	het	
is	VRB(finiteness=fin,tense=pres)	zijn	
al	ADV(type=reg)	al	
lang	AA(degree=pos,position=free)	lang	
dat	CONJ(type=sub)	dat	
het	PD(type=pers,position=free)	het	
rokt	VRB(finiteness=fin,tense=pres)	rokken	
en	CONJ(type=coor)	en	
spint	VRB(finiteness=fin,tense=pres)	spinnen	
(	PC	(	
dat	CONJ(type=sub)	dat	
er	ADV(type=reg)	er	
iets	PD(type=indef,position=free)	iets	
smeult	VRB(finiteness=fin,tense=pres)	smeulen	
onder	ADP(type=pre)	onder	
de	PD(type=d-p,subtype=art,position=prenom)	de	
asschen	NOU-C(number=pl)	as	
,	PC	,	
dat	PD(type=d-p,position=free)	dat	
er	ADV(type=reg)	er	
misnoegdheid	NOU-C(number=sg)	misnoegdheid	
of	CONJ(type=coor)	of	
opstand	NOU-C(number=sg)	opstand	
broedt	VRB(finiteness=fin,tense=pres)	broeden	
),	PC	),	



Wij	PD(type=pers,position=free)	wij	
zouden	VRB(finiteness=fin,tense=past)	zullen	
nauwlijks	ADV(type=reg)	nauwelijks	
zien	VRB(finiteness=inf)	zien	
,	PC	,	
gaan	VRB(finiteness=inf)	gaan	
,	PC	,	
drinken	VRB(finiteness=inf)	drinken	
,	PC	,	
eten	VRB(finiteness=inf)	eten	
Of	CONJ(type=coor)	of	
slapen	VRB(finiteness=inf)	slapen	
kunnen	VRB(finiteness=inf)	kunnen	
,	PC	,	
zonder	ADP(type=pre)	zonder	
hen	PD(type=pers,position=free)	zij	
en	CONJ(type=coor)	en	
wien	PD(type=w-p,position=free)	wie	
Dit	PD(type=d-p,position=free)	dit	
vreemd	AA(degree=pos,position=free)	vreemd	
klinkt	VRB(finiteness=fin,tense=pres)	klinken	
of	CONJ(type=coor)	of	
onbillijk	AA(degree=pos,position=free)	onbillijk	
,	PC	,	
ach	INT	ach	
!	PC	!	
dien	PD(type=d-p,position=free)	die	
zouden	VRB(finiteness=fin,tense=past)	zullen	
Wij	PD(type=pers,position=free)	wij	
voor	ADP(type=pre)	voor	
zeer	AA(degree=pos,position=free)	zeer	
dom	AA(degree=pos,position=free)	dom	
of	CONJ(type=coor)	of	
—	PC	—	
zeer	AA(degree=pos,position=free)	zeer	
romantisch	AA(degree=pos,position=free)	romantisch	
houden	VRB(finiteness=inf)	houden	
,	PC	,	



Beroemd	AA(degree=pos,position=free)	beroemd	
zijn	VRB(finiteness=fin,tense=pres)	zijn	
de	PD(type=d-p,subtype=art,position=prenom)	de	
romeinsche	AA(degree=pos,position=prenom)	Romeins	
darmsnaren	NOU-C(number=pl)	darmsnaar	
,	PC	,	
welke	PD(type=w-p,position=free)	welk	
hier	ADV(type=reg)	hier	
twee	NUM(type=card,position=prenom,representation=let)	twee	
fabrijken	NOU-C(number=pl)	fabriek	
aan	ADP(type=pre)	aan	
de	PD(type=d-p,subtype=art,position=prenom)	de	
vioolspelende	AA(degree=pos,position=prenom)	vioolspelend	
wereld	NOU-C(number=sg)	wereld	
leveren	VRB(finiteness=fin,tense=pres)	leveren	
,	PC	,	



Uw	PD(type=poss,position=prenom)	uw	
oordeel	NOU-C(number=sg)	oordeel	
over	ADP(type=pre)	over	
is	VRB(finiteness=fin,tense=pres)	zijn	
my	PD(type=pers,position=free)	ik	
tot	ADP(type=pre)	tot	
veel	PD(type=indef,subtype=oth,position=prenom)	veel	
eer	NOU-C(number=sg)	eer	
en	CONJ(type=coor)	en	
satisfactie	NOU-C(number=sg)	satisfactie	
.	PC	.	
Ik	PD(type=pers,position=free)	ik	
maak	VRB(finiteness=fin,tense=pres)	maken	
tog	ADV(type=reg)	toch	
staat	VRB(finiteness=fin,tense=pres)	staan	
op	ADP(type=pre)	op	
Uwe	PD(type=poss,position=prenom)	uw	
rondborstigheid	NOU-C(number=sg)	rondborstigheid	
.	PC	.	
Ge	PD(type=pers,position=free)	gij	
zult	VRB(finiteness=fin,tense=pres)	zullen	
me	PD(type=pers,position=free)	ik	
niet	ADV(type=reg)	niet	
prijzen	VRB(finiteness=inf)	prijzen	
waar	ADV(type=reg)	waar	
ik	PD(type=pers,position=free)	ik	
te	ADP(type=pre)	te	
laaken	VRB(finiteness=inf)	laken	
ben	VRB(finiteness=fin,tense=pres)	zijn	
,	PC	,	



Gezucht	NOU-C(number=sg)	gezucht	
,	PC	,	
gehuil	NOU-C(number=sg)	gehuil	
,	PC	,	
en	CONJ(type=coor)	en	
snerpend	AA(degree=pos,position=prenom)	snerpend	
angstgesteen	NOU-C(number=sg)	angstgesteen	
,	PC	,	
Doorgalmde	VRB(finiteness=fin,tense=past)	doorgalmen	
een	PD(type=indef,subtype=art,position=prenom)	een	
lucht	NOU-C(number=sg)	lucht	
,	PC	,	
waar	ADV(type=reg)	waar	
maan	NOU-C(number=sg)	maan	
noch	CONJ(type=coor)	noch	
starren	NOU-C(number=pl)	ster	
dagen	VRB(finiteness=fin,tense=pres)	dagen	
,	PC	,	



Tegen	ADP(type=pre)	tegen	
den	PD(type=d-p,subtype=art,position=prenom)	de	
middag	NOU-C(number=sg)	middag	
liep	VRB(finiteness=fin,tense=past)	rondlopen	mw_730873
ze	PD(type=pers,position=free)	zij	
klagend	VRB(finiteness=prespart)	klagen	
rond	VRB(finiteness=fin,tense=past)	rondlopen	mw_730873
,	PC	,	
alle	PD(type=indef,subtype=oth,position=prenom)	al	
hoekjes	NOU-C(number=pl)	hoekje	
besnuffelend	VRB(finiteness=prespart)	besnuffelen	
,	PC	,	



In	ADP(type=pre)	in	
een	PD(type=indef,subtype=art,position=prenom)	een	
uur	NOU-C(number=sg)	uur	
van	ADP(type=pre)	van	
uitspanning	NOU-C(number=sg)	uitspanning	
,	PC	,	
(	PC	(	
schepte	VRB(finiteness=fin,tense=past)	scheppen	
hij	PD(type=pers,position=free)	hij	
)	PC	)	
groot	AA(degree=pos,position=prenom)	groot	
vermaak	NOU-C(number=sg)	vermaak	
…	PC	…	
om	ADP(type=pre)	om	
de	PD(type=d-p,subtype=art,position=prenom)	de	
gansche	AA(degree=pos,position=prenom)	gans	
stad	NOU-C(number=sg)	stad	
rond	VRB(finiteness=inf)	rondwandelen	mw_677252
te	ADP(type=pre)	te	
wandelen	VRB(finiteness=inf)	rondwandelen	mw_677252
en	CONJ(type=coor)	en	
te	ADP(type=pre)	te	
zien	VRB(finiteness=inf)	zien	
,	PC	,	
of	CONJ(type=sub)	of	
er	ADV(type=reg)	er	
ook	ADV(type=reg)	ook	
huizen	NOU-C(number=pl)	huis	
te	ADP(type=pre)	te	
huur	NOU-C(number=sg)	huur	
hongen	VRB(finiteness=fin,tense=past)	hangen	
,	PC	,	
die	PD(type=d-p,position=free)	die	
voor	ADP(type=pre)	voor	
hun	PD(type=pers,position=free)	zij	
geschikt	AA(degree=pos,position=free)	geschikt	
zouden	VRB(finiteness=fin,tense=past)	zullen	
zijn	VRB(finiteness=inf)	zijn	
,	PC	,	



Een	PD(type=indef,subtype=art,position=prenom)	een	
knaap	NOU-C(number=sg)	knaap	
…,	PC	…,	
die	PD(type=d-p,position=free)	die	
met	ADP(type=pre)	met	
opene	AA(degree=pos,position=prenom)	open	
oogen	NOU-C(number=pl)	oog	
en	CONJ(type=coor)	en	
ooren	NOU-C(number=pl)	oor	
heimelijk	AA(degree=pos,position=free)	heimelijk	
rondwaart	VRB(finiteness=fin,tense=pres)	rondwaren	
,	PC	,	
rondgluurt	VRB(finiteness=fin,tense=pres)	rondgluren	
,	PC	,	
rondsnuffelt	VRB(finiteness=fin,tense=pres)	rondsnuffelen	
,	PC	,	
in	ADP(type=pre)	in	
één	NUM(type=card,position=prenom,representation=let)	een	
woord	NOU-C(number=sg)	woord	
een	PD(type=indef,subtype=art,position=prenom)	een	
luistervink	NOU-C(number=sg)	luistervink	
,	PC	,	



”	PC	”	
Wat	PD(type=w-p,position=free)	wat	
zal	VRB(finiteness=fin,tense=pres)	zullen	
mijnheer	NOU-C(number=sg)	mijnheer	
gebruiken	VRB(finiteness=inf)	gebruiken	
?	PC	?	
—	PC	—	
”	PC	”	
Een	PD(type=indef,subtype=art,position=prenom)	een	
glas	NOU-C(number=sg)	glas	
bessen	NOU-C(number=pl)	bes	
…”	PC	…”	
—	PC	—	
”	PC	”	
Een	PD(type=indef,subtype=art,position=prenom)	een	
glas	NOU-C(number=sg)	glas	
rood	NOU-C(number=sg)	rood	
voor	ADP(type=pre)	voor	
mijnheer	NOU-C(number=sg)	mijnheer	
!”	PC	!”	
schreeuwde	VRB(finiteness=fin,tense=past)	schreeuwen	
S	NOU-P(WF=abbr)	S.	
.,	PC	.,	



't	PD(type=d-p,subtype=art,position=prenom)	het	
Kontrakt	NOU-C(number=sg)	contract	
zij	VRB(finiteness=fin,tense=pres)	zijn	
veeleer	ADV(type=reg)	veeleer	
fluks	ADV(type=reg)	fluks	
gesloten	VRB(finiteness=pastpart)	sluiten	
,	PC	,	
En	CONJ(type=coor)	en	
't	PD(type=d-p,subtype=art,position=prenom)	het	
Loon	NOU-C(number=sg)	loon	
met	ADP(type=pre)	met	
handslag	NOU-C(number=sg)	handslag	
—	PC	—	
eed	NOU-C(number=sg)	eed	
—	PC	—	
…	PC	…	
verborgd	VRB(finiteness=pastpart)	verborgen	
.	PC	.	
Rooit	VRB(finiteness=fin,tense=pres)	rooien	
hij	PD(type=pers,position=free)	hij	
't	PD(type=pers,position=free)	het	
op	ADP(type=pre)	op	
dag	NOU-C(number=sg)	dag	
en	CONJ(type=coor)	en	
uur	NOU-C(number=sg)	uur	
—	PC	—	
die	PD(type=d-p,position=free)	die	
dàn	ADV(type=reg)	dan	
leeft	VRB(finiteness=fin,tense=pres)	leven	
die	PD(type=d-p,position=free)	die	
dàn	ADV(type=reg)	dan	
zorgt	VRB(finiteness=fin,tense=pres)	zorgen	
,	PC	,	



Hij	PD(type=pers,position=free)	hij	
…	PC	…	
rookte	VRB(finiteness=fin,tense=past)	roken	
een	PD(type=indef,subtype=art,position=prenom)	een	
platte	AA(degree=pos,position=prenom)	plat	
,	PC	,	
plompe	AA(degree=pos,position=prenom)	plomp	
,	PC	,	
gore	AA(degree=pos,position=prenom)	goor	
sigaar	NOU-C(number=sg)	sigaar	
,	PC	,	



—	PC	—	
Ze	PD(type=pers,position=free)	zij	
dorst	VRB(finiteness=fin,tense=past)	durven	
niet	ADV(type=reg)	niet	
te	ADP(type=pre)	te	
hopen	VRB(finiteness=inf)	hopen	
op	ADP(type=pre)	op	
een	PD(type=indef,subtype=art,position=prenom)	een	
rooskleuriger	AA(degree=comp,position=prenom)	rooskleurig	
toekomst	NOU-C(number=sg)	toekomst	
,	PC	,	



Tot	ADP(type=pre)	tot	
hulpmiddel	NOU-C(number=sg)	hulpmiddel	
voor	ADP(type=pre)	voor	
de	PD(type=d-p,subtype=art,position=prenom)	de	
beoefening	NOU-C(number=sg)	beoefening	
eener	PD(type=indef,subtype=art,position=prenom)	een	
taal	NOU-C(number=sg)	taal	
is	VRB(finiteness=fin,tense=pres)	zijn	
o.a.	ADP(type=pre,WF=abbr)+PD(type=indef,position=free,WF=abbr)	onder+ander	
de	PD(type=d-p,subtype=art,position=prenom)	de	
chrestomathie	NOU-C(number=sg)	chrestomathie	
of	CONJ(type=coor)	of	
anthologie	NOU-C(number=sg)	anthologie	
(	PC	(	
bloemlezing	NOU-C(number=sg)	bloemlezing	
)	PC	)	
te	ADP(type=pre)	te	
rekenen	VRB(finiteness=inf)	rekenen	
,	PC	,	
die	PD(type=d-p,position=free)	die	
een	PD(type=indef,subtype=art,position=prenom)	een	
geschikte	AA(degree=pos,position=prenom)	geschikt	
keus	NOU-C(number=sg)	keus	
van	ADP(type=pre)	van	
dicht	NOU-C(number=pl,WF=trunc)+NOU-C(number=pl)	dichtstuk+prozastuk	mw_125754
-	PC	-	
en	CONJ(type=coor)	en	
prozastukken	NOU-C(number=pl,WF=trunc)+NOU-C(number=pl)	dichtstuk+prozastuk	mw_125754
in	ADP(type=pre)	in	
die	PD(type=d-p,subtype=oth,position=prenom)	die	
taal	NOU-C(number=sg)	taal	
aanbiedt	VRB(finiteness=fin,tense=pres)	aanbieden	
,	PC	,	



Nu	CONJ(type=sub)	nu	
hij	PD(type=pers,position=free)	hij	
te	ADP(type=pre)	te	
Parijs	NOU-P	Parijs	
waarschijnlijk	AA(degree=pos,position=free)	waarschijnlijk	
op	ADP(type=pre)	op	
het	PD(type=d-p,subtype=art,position=prenom)	het	
wellustig	AA(degree=pos,position=prenom)	wellustig	
rozenbed	NOU-C(number=sg)	rozenbed	
zijne	PD(type=poss,position=prenom)	zijn	
zoo	ADV(type=reg)	zo	
lang	AA(degree=pos,position=free)	lang	
vervolgde	AA(degree=pos,position=prenom)	vervolgd	
Susanna	NOU-P	Suzanna	
omhelst	VRB(finiteness=fin,tense=pres)	omhelzen	
,	PC	,	



Schoon	CONJ(type=sub)	schoon	
hier	ADV(type=reg)	hier	
en	CONJ(type=coor)	en	
daar	ADV(type=reg)	daar	
…,	PC	…,	
vergaêrd	VRB(finiteness=pastpart)	vergaren	
in	ADP(type=pre)	in	
't	PD(type=d-p,subtype=art,position=prenom)	het	
rond	NOU-C(number=sg)	rond	
,	PC	,	
Een	PD(type=indef,subtype=art,position=prenom)	een	
tien	NOU-C(number=sg,WF=trunc)+NOU-C(number=sg)	tiental+twintigtal	mw_168685
of	CONJ(type=coor)	of	
twintigtal	NOU-C(number=sg,WF=trunc)+NOU-C(number=sg)	tiental+twintigtal	mw_168685
zich	PD(type=refl,position=free)	zich	
keert	VRB(finiteness=fin,tense=pres)	keren	
,	PC	,	
En	CONJ(type=coor)	en	
,	PC	,	
schoon	CONJ(type=sub)	schoon	
in	ADP(type=pre)	in	
't	PD(type=d-p,subtype=art,position=prenom)	het	
uiterst	NOU-C(number=sg)	uiterste	
,	PC	,	
kloek	AA(degree=pos,position=free)	kloek	
verweert	VRB(finiteness=fin,tense=pres)	verweren	
,	PC	,	
En	CONJ(type=coor)	en	
rug	NOU-C(number=sg)	rug	
aan	ADP(type=pre)	aan	
rug	NOU-C(number=sg)	rug	
manmoedig	AA(degree=pos,position=free)	manmoedig	
staat	VRB(finiteness=fin,tense=pres)	staan	
,	PC	,	
Of	CONJ(type=coor)	ofwel	mw_988330
wel	CONJ(type=coor)	ofwel	mw_988330
,	PC	,	
met	ADP(type=pre)	met	
roem	NOU-C(number=sg)	roem	
ten	ADP(type=pre)+PD(type=d-p,subtype=art,position=prenom)	te+het	
grave	NOU-C(number=sg)	graf	
gaat	VRB(finiteness=fin,tense=pres)	gaan	
,	PC	,	



Wij	PD(type=pers,position=free)	wij	
kunnen	VRB(finiteness=fin,tense=pres)	kunnen	
het	PD(type=pers,position=free)	het	
hier	ADV(type=reg)	hier	
niet	ADV(type=reg)	niet	
mededeelen	VRB(finiteness=inf)	mededelen	
,	PC	,	
het	PD(type=pers,position=free)	het	
zou	VRB(finiteness=fin,tense=past)	zullen	
te	ADV(type=reg)	te	
veel	PD(type=indef,position=free)	veel	
,	PC	,	
uit	ADP(type=pre)	uit	
zijn	PD(type=poss,position=prenom)	zijn	
verband	NOU-C(number=sg)	verband	
gerukt	VRB(finiteness=pastpart)	rukken	
,	PC	,	
verliezen	VRB(finiteness=inf)	verliezen	
,	PC	,	



Het	PD(type=d-p,subtype=art,position=prenom)	het	
geheel	AA(degree=pos,position=free)	geheel	
lijdelijk	AA(degree=pos,position=free)	lijdelijk	
afwachten	NOU-C(number=sg)	afwachten	
had	VRB(finiteness=fin,tense=past)	hebben	
ten	ADP(type=pre)+PD(type=d-p,subtype=art,position=prenom)	te+het	
minste	NOU-C(number=sg)	minste	
opgehouden	VRB(finiteness=pastpart)	ophouden	
…,	PC	…,	
er	ADV(type=reg)	er	
was	VRB(finiteness=fin,tense=past)	zijn	
toch	ADV(type=reg)	toch	
gehandeld	VRB(finiteness=pastpart)	handelen	
,	PC	,	
en	CONJ(type=coor)	en	
dat	PD(type=d-p,subtype=oth,position=prenom)	dat	
denkbeeld	NOU-C(number=sg)	denkbeeld	
gaf	VRB(finiteness=fin,tense=past)	geven	
haar	PD(type=pers,position=free)	zij	
meer	PD(type=indef,subtype=oth,position=prenom)	meer	
rust	NOU-C(number=sg)	rust	
,	PC	,	



Zijn	PD(type=poss,position=prenom)	zijn	
helm	NOU-C(number=sg)	helm	
was	VRB(finiteness=fin,tense=past)	zijn	
gesloten	AA(degree=pos,position=free)	gesloten	
,	PC	,	
omfloersd	AA(degree=pos,position=free)	omfloerst	
was	VRB(finiteness=fin,tense=past)	zijn	
zijn	PD(type=poss,position=prenom)	zijn	
zwaard	NOU-C(number=sg)	zwaard	
:	PC	:	
Zijn	PD(type=poss,position=prenom)	zijn	
rusting	NOU-C(number=sg)	rusting	
was	VRB(finiteness=fin,tense=past)	zijn	
somber	AA(degree=pos,position=free)	somber	
en	CONJ(type=coor)	en	
graauw	AA(degree=pos,position=free)	grauw	
,	PC	,	



—	PC	—	
De	PD(type=d-p,subtype=art,position=prenom)	de	
Aannemer	NOU-C(number=sg)	aannemer	
zal	VRB(finiteness=fin,tense=pres)	zullen	
de	PD(type=d-p,subtype=art,position=prenom)	de	
beschreven	AA(degree=pos,position=prenom)	beschreven	
berastering	NOU-C(number=sg)	berastering	
der	PD(type=d-p,subtype=art,position=prenom)	de	
plafonds	NOU-C(number=pl)	plafond	
en	CONJ(type=coor)	en	
der	PD(type=d-p,subtype=art,position=prenom)	de	
trappen	NOU-C(number=pl)	trap	
,	PC	,	
op	ADP(type=pre)	op	
de	PD(type=d-p,subtype=art,position=prenom)	de	
gewone	AA(degree=pos,position=prenom)	gewoon	
wijze	NOU-C(number=sg)	wijze	
moeten	VRB(finiteness=inf)	moeten	
berieten	VRB(finiteness=inf)	berieten	
,	PC	,	
in	ADP(type=pre)	in	
het	PD(type=d-p,subtype=art,position=prenom)	het	
ruw	NOU-C(number=sg)	ruw	
zetten	VRB(finiteness=inf)	zetten	
,	PC	,	
overrapen	VRB(finiteness=inf)	overrapen	
en	CONJ(type=coor)	en	
overpleisteren	VRB(finiteness=inf)	overpleisteren	
,	PC	,	
met	ADP(type=pre)	met	
schulpkalk	NOU-C(number=sg)	schelpkalk	
en	CONJ(type=coor)	en	
scherpzand	NOU-C(number=sg)	scherpzand	
en	CONJ(type=coor)	en	
steenkalk	NOU-C(number=sg)	steenkalk	
met	ADP(type=pre)	met	
gips	NOU-C(number=sg)	gips	
,	PC	,	



Maar	CONJ(type=coor)	maar	
God	NOU-P	God	
heeft	VRB(finiteness=fin,tense=pres)	hebben	
mijn	PD(type=poss,position=prenom)	mijn	
hart	NOU-C(number=sg)	hart	
tot	ADP(type=pre)	tot	
zulke	PD(type=d-p,subtype=oth,position=prenom)	zulk	
ruwe	AA(degree=pos,position=prenom)	ruw	
baldadigheden	NOU-C(number=pl)	baldadigheid	
onbekwaam	AA(degree=pos,position=free)	onbekwaam	
gemaakt	VRB(finiteness=pastpart)	maken	
,	PC	,	



In	ADP(type=pre)	in	
de	PD(type=d-p,subtype=art,position=prenom)	de	
nabijheid	NOU-C(number=sg)	nabijheid	
strekte	VRB(finiteness=fin,tense=past)	uitstrekken	mw_974724
zich	PD(type=refl,position=free)	zich	
het	PD(type=d-p,subtype=art,position=prenom)	het	
dichte	AA(degree=pos,position=prenom)	dicht	
bosch	NOU-C(number=sg)	bos	
van	ADP(type=pre)	van	
Soignies	NOU-P	Soignies	
uit	VRB(finiteness=fin,tense=past)	uitstrekken	mw_974724
,	PC	,	
waarin	ADV(type=pron)	waarin	
een	PD(type=indef,subtype=art,position=prenom)	een	
aanzienlijk	AA(degree=pos,position=prenom)	aanzienlijk	
getal	NOU-C(number=sg)	getal	
samengezworenen	NOU-C(number=sg)	samengezworene	
zich	PD(type=refl,position=free)	zich	
veilig	AA(degree=pos,position=free)	veilig	
verbergen	VRB(finiteness=inf)	verbergen	
kon	VRB(finiteness=fin,tense=past)	kunnen	
,	PC	,	



Marie	NOU-P	Marie	
kon	VRB(finiteness=fin,tense=past)	kunnen	
het	PD(type=pers,position=free)	het	
niet	ADV(type=reg)	niet	
helpen	VRB(finiteness=inf)	helpen	
dat	CONJ(type=sub)	dat	
ze	PD(type=pers,position=free)	zij	
,	PC	,	
volgens	ADP(type=pre)	volgens	
haar	PD(type=poss,position=prenom)	haar	
broeder	NOU-C(number=sg)	broeder	
,	PC	,	
geen	PD(type=indef,position=free)	geen	
de	PD(type=d-p,subtype=art,position=prenom)	de	
minste	AA(degree=sup,position=prenom)	min	
savoir	NOU-C(number=sg)	savoir-vivre	mw_116074
vivre	NOU-C(number=sg)	savoir-vivre	mw_116074
en	CONJ(type=coor)	en	
geen	PD(type=indef,subtype=oth,position=prenom)	geen	
greintje	NOU-C(number=sg)	greintje	
verstand	NOU-C(number=sg)	verstand	
had	VRB(finiteness=fin,tense=past)	hebben	
,	PC	,	



Dat	CONJ(type=sub)	dat	
het	PD(type=d-p,subtype=art,position=prenom)	het	
woord	NOU-C(number=sg)	woord	
apoplexie	RES(type=meta)	apoplexie	
eigenlijk	AA(degree=pos,position=free)	eigenlijk	
geen	PD(type=indef,subtype=oth,position=prenom)	geen	
pathologisch-anatomisch	AA(degree=pos,position=prenom)	pathologisch-anatomisch	
begrip	NOU-C(number=sg)	begrip	
uitdrukt	VRB(finiteness=fin,tense=pres)	uitdrukken	
;	PC	;	
dat	CONJ(type=sub)	dat	
het	PD(type=pers,position=free)	het	
dien	ADV(type=reg)	dientengevolge	mw_191401
ten	ADV(type=reg)	dientengevolge	mw_191401
gevolge	ADV(type=reg)	dientengevolge	mw_191401
dan	ADV(type=reg)	dan	
ook	ADV(type=reg)	ook	
voor	ADP(type=pre)	voor	
verschillende	AA(degree=pos,position=prenom)	verschillend	
toestanden	NOU-C(number=pl)	toestand	
der	PD(type=d-p,subtype=art,position=prenom)	de	
hersenen	NOU-C(number=pl)	hersenen	
is	VRB(finiteness=fin,tense=pres)	zijn	
gebezigd	VRB(finiteness=pastpart)	bezigen	
,	PC	,	



Zij	PD(type=pers,position=free)	zij	
,	PC	,	
die	PD(type=d-p,position=free)	die	
te	ADP(type=pre)	te	
Marseille	NOU-P	Marseille	
bijeenkwamen	VRB(finiteness=fin,tense=past)	bijeenkomen	
,	PC	,	
vertoonden	VRB(finiteness=fin,tense=past)	vertonen	
in	ADP(type=pre)	in	
hun	PD(type=poss,position=prenom)	hun	
meeningen	NOU-C(number=pl)	mening	
de	PD(type=d-p,subtype=art,position=prenom)	de	
schakeeringen	NOU-C(number=pl)	schakering	
van	ADP(type=pre)	van	
alle	PD(type=indef,subtype=oth,position=prenom)	al	
uiterste	AA(degree=pos,position=prenom)	uiterst	
socialistische	AA(degree=pos,position=prenom)	socialistisch	
denkwijzen	NOU-C(number=pl)	denkwijze	
,	PC	,	



Jan	NOU-P	Jan	
Harink	NOU-P	Harink	
…	PC	…	
neemt	VRB(finiteness=fin,tense=pres)	nemen	
een	PD(type=indef,subtype=art,position=prenom)	een	
sprong	NOU-C(number=sg)	sprong	
,	PC	,	
zoo	ADV(type=reg)	zo	
forsch	AA(degree=pos,position=free)	fors	
hij	PD(type=pers,position=free)	hij	
mag	VRB(finiteness=fin,tense=pres)	mogen	
,	PC	,	
En	CONJ(type=coor)	en	
slingert	VRB(finiteness=fin,tense=pres)	slingeren	
bij	ADP(type=pre)	bij	
Bossu	NOU-P	Bossu	
zich	PD(type=refl,position=free)	zich	
scheep	ADV(type=reg)	scheep	
,	PC	,	



Een	PD(type=indef,subtype=art,position=prenom)	een	
schip	NOU-C(number=sg)	schip	
scheeren	VRB(finiteness=inf)	scheren	
.	PC	.	
Eléver	RES(type=for)	eléver	
les	RES(type=for)	les	
couples	RES(type=for)	couples	
et	RES(type=for)	et	
clouer	RES(type=for)	clouer	
les	RES(type=for)	les	
lisses	RES(type=for)	lisses	
,	PC	,	
lisser	RES(type=for)	lisser	
,	PC	,	



De	PD(type=d-p,subtype=art,position=prenom)	de	
allengs	ADV(type=reg)	allengs	
gewijzigde	AA(degree=pos,position=prenom)	gewijzigd	
verhouding	NOU-C(number=sg)	verhouding	
van	ADP(type=pre)	van	
de	PD(type=d-p,subtype=art,position=prenom)	de	
liberale	AA(degree=pos,position=prenom)	liberaal	
partij	NOU-C(number=sg)	partij	
tegenover	ADP(type=pre)	tegenover	
de	PD(type=d-p,subtype=art,position=prenom)	de	
koloniale	AA(degree=pos,position=prenom)	koloniaal	
kwestie	NOU-C(number=sg)	kwestie	
…	PC	…	
is	VRB(finiteness=fin,tense=pres)	zijn	
…	PC	…	
niet	ADV(type=reg)	niet	
in	ADP(type=pre)	in	
een	PD(type=indef,subtype=art,position=prenom)	een	
paar	NOU-C(number=sg)	paar	
bladzijden	NOU-C(number=pl)	bladzijde	
te	ADP(type=pre)	te	
schetsen	VRB(finiteness=inf)	schetsen	
,	PC	,	



Eene	PD(type=indef,subtype=art,position=prenom)	een	
schie	NOU-C(number=sg)	schie	
slaan	VRB(finiteness=inf)	slaan	
neffens	ADP(type=pre)	nevens	
iets	PD(type=indef,position=free)	iets	
dat	PD(type=d-p,position=free)	dat	
luttert	VRB(finiteness=fin,tense=pres)	lutteren	
om	ADP(type=pre)	om	
het	PD(type=pers,position=free)	het	
vast	VRB(finiteness=inf)	vaststellen	mw_695539
te	ADP(type=pre)	te	
stellen	VRB(finiteness=inf)	vaststellen	mw_695539
,	PC	,	



In	ADP(type=pre)	in	
deze	PD(type=d-p,subtype=oth,position=prenom)	deze	
overvaart	NOU-C(number=sg)	overvaart	
schoot	VRB(finiteness=fin,tense=past)	schieten	
een	PD(type=indef,subtype=art,position=prenom)	een	
…	PC	…	
pijlvisch	NOU-C(number=sg)	pijlvis	
over	ADP(type=pre)	over	
ons	PD(type=poss,position=prenom)	ons	
vaartuig	NOU-C(number=sg)	vaartuig	
,	PC	,	



In	ADP(type=pre)	in	
een	PD(type=indef,subtype=art,position=prenom)	een	
duivenhok	NOU-C(number=sg)	duivenhok	
pikt	VRB(finiteness=fin,tense=pres)	pikken	
een	PD(type=indef,subtype=art,position=prenom)	een	
duif	NOU-C(number=sg)	duif	
met	ADP(type=pre)	met	
kleine	AA(degree=pos,position=prenom)	klein	
schokjes	NOU-C(number=pl)	schokje	
tegen	ADP(type=pre)	tegen	
den	PD(type=d-p,subtype=art,position=prenom)	de	
wand	NOU-C(number=sg)	wand	
,	PC	,	



Dikwijls	ADV(type=reg)	dikwijls	
beschuldigt	VRB(finiteness=fin,tense=pres)	beschuldigen	
men	PD(type=pers,position=free)	men	
u	PD(type=pers,position=free)	u	
dat	CONJ(type=sub)	dat	
gy	PD(type=pers,position=free)	gij	
uw	PD(type=poss,position=prenom)	uw	
schoolgeld	NOU-C(number=sg)	schoolgeld	
met	ADP(type=pre)	met	
lediggang	NOU-C(number=sg)	lediggang	
verdient	VRB(finiteness=fin,tense=pres)	verdienen	
:	PC	:	
en	CONJ(type=coor)	en	
ten	ADP(type=pre)+PD(type=d-p,subtype=art,position=prenom)	te+het	
aanzien	NOU-C(number=sg)	aanzien	
van	ADP(type=pre)	van	
sommigen	PD(type=indef,position=free)	sommig	
zal	VRB(finiteness=fin,tense=pres)	zullen	
deze	PD(type=d-p,subtype=oth,position=prenom)	deze	
beschuldiging	NOU-C(number=sg)	beschuldiging	
ook	ADV(type=reg)	ook	
maar	ADV(type=reg)	maar	
al	ADV(type=reg)	al	
te	ADV(type=reg)	te	
waar	AA(degree=pos,position=free)	waar	
zijn	VRB(finiteness=inf)	zijn	
,	PC	,	



Het	PD(type=pers,position=free)	het	
is	VRB(finiteness=fin,tense=pres)	zijn	
eene	PD(type=indef,subtype=art,position=prenom)	een	
schoone	AA(degree=pos,position=prenom)	schoon	
en	CONJ(type=coor)	en	
voortreffelijke	AA(degree=pos,position=prenom)	voortreffelijk	
zaak	NOU-C(number=sg)	zaak	
eene	PD(type=indef,subtype=art,position=prenom)	een	
overwinning	NOU-C(number=sg)	overwinning	
te	ADP(type=pre)	te	
behalen	VRB(finiteness=inf)	behalen	
;	PC	;	
namelijk	AA(degree=pos,position=free)	namelijk	
indien	CONJ(type=sub)	indien	
zij	PD(type=pers,position=free)	zij	
met	ADP(type=pre)	met	
wezenlijke	AA(degree=pos,position=prenom)	wezenlijk	
eer	NOU-C(number=sg)	eer	
en	CONJ(type=coor)	en	
tot	ADP(type=pre)	tot	
werkelijk	AA(degree=pos,position=prenom)	werkelijk	
voordeel	NOU-C(number=sg)	voordeel	
behaald	VRB(finiteness=pastpart)	behalen	
wordt	VRB(finiteness=fin,tense=pres)	worden	
,	PC	,	



Als	CONJ(type=sub)	als	
regel	NOU-C(number=sg)	regel	
kan	VRB(finiteness=fin,tense=pres)	kunnen	
worden	VRB(finiteness=inf)	worden	
aangenomen	VRB(finiteness=pastpart)	aannemen	
,	PC	,	
een	PD(type=indef,subtype=art,position=prenom)	een	
half	AA(degree=pos,position=prenom)	half	
jaar	NOU-C(number=sg)	jaar	
op	ADP(type=pre)	op	
't	PD(type=d-p,subtype=art,position=prenom)	het	
hok	NOU-C(number=sg)	hok	
of	CONJ(type=coor)	of	
7	NUM(type=card,position=prenom,representation=dig)	zeven	
maanden	NOU-C(number=pl)	maand	
ongeveer	ADV(type=reg)	ongeveer	
oud	AA(degree=pos,position=free)	oud	
,	PC	,	
100	NUM(type=card,position=prenom,representation=dig)	honderd	
KG.	NOU-C(number=sg,WF=abbr)	kilogram	
schoon	AA(degree=pos,position=prenom)	schoon	
gewicht	NOU-C(number=sg)	gewicht	
,	PC	,	



De	PD(type=d-p,subtype=art,position=prenom)	de	
wangen	NOU-C(number=pl)	wang	
waren	VRB(finiteness=fin,tense=past)	zijn	
ingevallen	VRB(finiteness=pastpart)	invallen	
,	PC	,	
en	CONJ(type=coor)	en	
meer	ADV(type=reg)	meer	
dan	CONJ(type=coor)	dan	
de	PD(type=d-p,subtype=art,position=prenom)	de	
helft	NOU-C(number=sg)	helft	
van	ADP(type=pre)	van	
de	PD(type=d-p,subtype=art,position=prenom)	de	
tanden	NOU-C(number=pl)	tand	
miste	VRB(finiteness=fin,tense=past)	missen	
op	ADP(type=pre)	op	
't	PD(type=d-p,subtype=art,position=prenom)	het	
appèl	NOU-C(number=sg)	appel	
,	PC	,	
terwijl	CONJ(type=sub)	terwijl	
de	PD(type=d-p,subtype=art,position=prenom)	de	
overige	AA(degree=pos,position=prenom)	overig	
een	PD(type=indef,subtype=art,position=prenom)	een	
allesbehalve	ADV(type=reg)	allesbehalve	
behagelijk	AA(degree=pos,position=prenom)	behaaglijk	
uniform	NOU-C(number=sg)	uniform	
droegen	VRB(finiteness=fin,tense=past)	dragen	
,	PC	,	



De	PD(type=d-p,subtype=art,position=prenom)	de	
boerinnetjes	NOU-C(number=pl)	boerinnetje	
netjes	AA(degree=pos,position=free)	netjes	
uitgestreken	AA(degree=pos,position=free)	uitgestreken	
…,	PC	…,	
met	ADP(type=pre)	met	
al	PD(type=indef,position=free)	al	
het	PD(type=d-p,subtype=art,position=prenom)	het	
goud	NOU-C(number=sg)	goud	
dat	PD(type=d-p,position=free)	dat	
zij	PD(type=pers,position=free)	zij	
hebben	VRB(finiteness=fin,tense=pres)	hebben	
aan	ADP(type=pre)	aan	
't	PD(type=d-p,subtype=art,position=prenom)	het	
hoofd	NOU-C(number=sg)	hoofd	
,	PC	,	
en	CONJ(type=coor)	en	
de	PD(type=d-p,subtype=art,position=prenom)	de	
onderom	NOU-C(number=sg)	onderom	
van	ADP(type=pre)	van	
het	PD(type=d-p,subtype=art,position=prenom)	het	
jak	NOU-C(number=sg)	jak	
vooral	ADV(type=reg)	vooral	
niet	ADV(type=reg)	niet	
lager	AA(degree=comp,position=free)	laag	
dan	CONJ(type=coor)	dan	
de	PD(type=d-p,subtype=art,position=prenom)	de	
schouderblaren	NOU-C(number=pl)	schouderblad	
,	PC	,	



Een	PD(type=indef,subtype=art,position=prenom)	een	
mager	AA(degree=pos,position=prenom)	mager	
mensch	NOU-C(number=sg)	mens	
,	PC	,	
met	ADP(type=pre)	met	
eene	PD(type=indef,subtype=art,position=prenom)	een	
schrale	AA(degree=pos,position=prenom)	schraal	
tronie	NOU-C(number=sg)	tronie	
en	CONJ(type=coor)	en	
een	PD(type=indef,subtype=art,position=prenom)	een	
'	PC	'	
eenigzins	ADV(type=reg)	enigszins	
opgewipten	AA(degree=pos,position=prenom)	opgewipt	
neus	NOU-C(number=sg)	neus	
,	PC	,	



Dit	PD(type=d-p,subtype=oth,position=prenom)	dit	
hol	AA(degree=pos,position=prenom)	hol	
en	CONJ(type=coor)	en	
schraal	AA(degree=pos,position=prenom)	schraal	
gorgelgeluid	NOU-C(number=sg)	gorgelgeluid	
,	PC	,	
dat	PD(type=d-p,position=free)	dat	
de	PD(type=d-p,subtype=art,position=prenom)	de	
ziekte	NOU-C(number=sg)	ziekte	
en	CONJ(type=coor)	en	
het	PD(type=d-p,subtype=art,position=prenom)	het	
lijden	NOU-C(number=sg)	lijden	
hem	PD(type=pers,position=free)	hij	
tot	ADP(type=pre)	tot	
taal	NOU-C(number=sg)	taal	
gegeven	VRB(finiteness=pastpart)	geven	
hadden	VRB(finiteness=fin,tense=past)	hebben	
!	PC	!	



Dit	PD(type=d-p,subtype=oth,position=prenom)	dit	
alles	PD(type=indef,position=free)	alles	
had	VRB(finiteness=fin,tense=past)	hebben	
ik	PD(type=pers,position=free)	ik	
noodig	AA(degree=pos,position=free)	nodig	
…	PC	…	
om	ADP(type=pre)	om	
een	PD(type=indef,subtype=art,position=prenom)	een	
schrede	NOU-C(number=sg)	schrede	
verder	AA(degree=comp,position=free)	verder	
te	ADP(type=pre)	te	
komen	VRB(finiteness=inf)	komen	
,	PC	,	



En	CONJ(type=coor)	en	
schreem	VRB(finiteness=fin,tense=pres)	schremen	
…	PC	…	
niet	ADV(type=reg)	niet	
luide	AA(degree=pos,position=free)	luid	
mijn	PD(type=poss,position=prenom)	mijn	
wijf	NOU-C(number=sg)	wijf	
zou	VRB(finiteness=fin,tense=past)	zullen	
't	PD(type=pers,position=free)	het	
hooren	VRB(finiteness=inf)	horen	
,	PC	,	



Hij	PD(type=pers,position=free)	hij	
…	PC	…	
nam	VRB(finiteness=fin,tense=past)	nemen	
eenen	PD(type=indef,subtype=art,position=prenom)	een	
stoel	NOU-C(number=sg)	stoel	
,	PC	,	
zette	VRB(finiteness=fin,tense=past)	zetten	
er	ADV(type=pron)	erop	mw_261694
zich	PD(type=refl,position=free)	zich	
schrijlings	ADV(type=reg)	schrijlings	
op	ADV(type=pron)	erop	mw_261694



En	CONJ(type=coor)	en	
ze	PD(type=pers,position=free)	zij	
droomen	VRB(finiteness=fin,tense=pres)	dromen	
er	ADV(type=pron)	ervan	mw_581256
van	ADV(type=pron)	ervan	mw_581256
,	PC	,	
en	CONJ(type=coor)	en	
men	PD(type=pers,position=free)	men	
hoortze	VRB(finiteness=fin,tense=pres)+PD(type=pers,position=free)	horen+zij	
dan	ADV(type=reg)	dan	
somtyds	ADV(type=reg)	somtijds	
schruwelen	VRB(finiteness=inf)	schruwelen	
,	PC	,	
als	CONJ(type=sub)	als	
of	CONJ(type=sub)	of	
ze	PD(type=pers,position=free)	zij	
vermoord	VRB(finiteness=pastpart)	vermoorden	
wierden	VRB(finiteness=fin,tense=past)	worden	
,	PC	,	



Het	PD(type=d-p,subtype=art,position=prenom)	het	
heldere	AA(degree=pos,position=prenom)	helder	
zonlicht	NOU-C(number=sg)	zonlicht	
…	PC	…	
wierp	VRB(finiteness=fin,tense=past)	werpen	
een	PD(type=indef,subtype=art,position=prenom)	een	
schuinschen	AA(degree=pos,position=prenom)	schuins	
straal	NOU-C(number=sg)	straal	
op	ADP(type=pre)	op	
een	PD(type=indef,subtype=art,position=prenom)	een	
gezicht	NOU-C(number=sg)	gezicht	
,	PC	,	
dat	CONJ(type=sub)	dat	



—	PC	—	
In	ADP(type=pre)	in	
éénen	PD(type=indef,subtype=art,position=prenom)	een	
zwaarmoedigen	AA(degree=pos,position=prenom)	zwaarmoedig	
blik	NOU-C(number=sg)	blik	
saampakkend	VRB(finiteness=prespart)	samenpakken	
de	PD(type=d-p,subtype=art,position=prenom)	de	
weeke	AA(degree=pos,position=prenom)	week	
en	CONJ(type=coor)	en	
bleeke	AA(degree=pos,position=prenom)	bleek	
dichters	NOU-C(number=pl)	dichter	
in	ADP(type=pre)	in	
lang	AA(degree=pos,position=prenom)	lang	
gewaad	NOU-C(number=sg)	gewaad	
die	PD(type=d-p,position=free)	die	
om	ADP(type=pre)	om	
de	PD(type=d-p,subtype=art,position=prenom)	de	
doodsponde	NOU-C(number=sg)	doodsponde	
wachtten	VRB(finiteness=fin,tense=past)	wachten	
stilzwijgend	AA(degree=pos,position=free)	stilzwijgend	
,	PC	,	
—	PC	—	
egotisten	NOU-C(number=pl)	egotist	
,	PC	,	
psychologen	NOU-C(number=pl)	psycholoog	
,	PC	,	
sensitivisten	NOU-C(number=pl)	sensitivist	
,	PC	,	
symbolisten	NOU-C(number=pl)	symbolist	
,	PC	,	
mystici	NOU-C(number=pl)	mysticus	
,	PC	,	
—	PC	—	
somde	VRB(finiteness=fin,tense=past)	opsommen	mw_692680
hij	PD(type=pers,position=free)	hij	
de	PD(type=d-p,subtype=art,position=prenom)	de	
bankroetjes	NOU-C(number=pl)	bankroetje	
op	VRB(finiteness=fin,tense=past)	opsommen	mw_692680
van	ADP(type=pre)	van	
zijn	PD(type=poss,position=prenom)	zijn	
ijdele	AA(degree=pos,position=prenom)	ijdel	
schijn-ikheid	NOU-C(number=sg)	schijnikheid	
,	PC	,	



Terwijl	CONJ(type=sub)	terwijl	
Herzen	NOU-P	Herzen	
aldus	ADV(type=reg)	aldus	
het	PD(type=d-p,subtype=art,position=prenom)	het	
signaal	NOU-C(number=sg)	signaal	
gaf	VRB(finiteness=fin,tense=past)	geven	
,	PC	,	
vingen	VRB(finiteness=fin,tense=past)	opvangen	mw_103816
de	PD(type=d-p,subtype=art,position=prenom)	de	
auteurs	NOU-C(number=pl)	auteur	
in	ADP(type=pre)	in	
Rusland	NOU-P	Rusland	
zelf	PD(type=d-p,position=postnom)	zelf	
de	PD(type=d-p,subtype=art,position=prenom)	de	
echo's	NOU-C(number=pl)	echo	
dier	PD(type=d-p,subtype=oth,position=prenom)	die	
scherpe	AA(degree=pos,position=prenom)	scherp	
beschuldigingen	NOU-C(number=pl)	beschuldiging	
op	VRB(finiteness=fin,tense=past)	opvangen	mw_103816
,	PC	,	
en	CONJ(type=coor)	en	
gaven	VRB(finiteness=fin,tense=past)	wedergeven	mw_122882
ze	PD(type=pers,position=free)	zij	
als	CONJ(type=sub)	als	
weemoedige	AA(degree=pos,position=prenom)	weemoedig	
klachten	NOU-C(number=pl)	klacht	
weder	VRB(finiteness=fin,tense=past)	wedergeven	mw_122882
,	PC	,	



Je	PD(type=pers,position=free)	jij	
zult	VRB(finiteness=fin,tense=pres)	zullen	
voor	ADP(type=pre)	voor	
je	PD(type=poss,position=prenom)	jouw	
Sinter	NOU-C(number=sg)	sinterklaas	mw_874791
Klaas	NOU-C(number=sg)	sinterklaas	mw_874791
een	PD(type=indef,subtype=art,position=prenom)	een	
betere	AA(degree=comp,position=prenom)	beter	
mof	NOU-C(number=sg)	mof	
van	ADP(type=pre)	van	
mij	PD(type=pers,position=free)	ik	
hebben	VRB(finiteness=inf)	hebben	
,	PC	,	



Als	CONJ(type=sub)	als	
gij	PD(type=pers,position=free)	gij	
boos	AA(degree=pos,position=free)	boos	
op	ADP(type=pre)	op	
Lord	NOU-P	Lord	
wordt	VRB(finiteness=fin,tense=pres)	worden	
,	PC	,	
kijk	VRB(finiteness=fin,tense=pres)	kijken	
dan	ADV(type=reg)	dan	
eerst	ADV(type=reg)	eerst	
in	ADP(type=pre)	in	
die	PD(type=d-p,subtype=oth,position=prenom)	die	
print	NOU-C(number=sg)	print	
…	PC	…	
en	CONJ(type=coor)	en	
dan	ADV(type=reg)	dan	
zult	VRB(finiteness=fin,tense=pres)	zullen	
gij	PD(type=pers,position=free)	gij	
hem	PD(type=pers,position=free)	hij	
niet	ADV(type=reg)	niet	
slaan	VRB(finiteness=inf)	slaan	
,	PC	,	



Het	PD(type=d-p,subtype=art,position=prenom)	het	
woud	NOU-C(number=sg)	woud	
gaat	VRB(finiteness=fin,tense=pres)	dorgaan	mw_303411
hij	PD(type=pers,position=free)	hij	
door	VRB(finiteness=fin,tense=pres)	dorgaan	mw_303411
,	PC	,	
als	CONJ(type=sub)	als	
door	ADP(type=pre)	door	
Sanheribs	NOU-P	Sanherib	
leger	NOU-C(number=sg)	leger	
de	PD(type=d-p,subtype=art,position=prenom)	de	
slaande	AA(degree=pos,position=prenom)	slaand	
Engel	NOU-C(number=sg)	engel	
des	PD(type=d-p,subtype=art,position=prenom)	de	
Heeren	NOU-C(number=sg)	heer	



't	PD(type=pers,position=free)	het	
Is	VRB(finiteness=fin,tense=pres)	zijn	
November	NOU-C(number=sg)	november	
,	PC	,	
'k	PD(type=pers,position=free)	ik	
wensch	VRB(finiteness=fin,tense=pres)	wensen	
jelui	PD(type=pers,position=free)	jullie	
een	PD(type=indef,subtype=art,position=prenom)	een	
gezegende	AA(degree=pos,position=prenom)	gezegend	
slacht	NOU-C(number=sg)	slacht	
!	PC	!	



(	PC	(	
Hij	PD(type=pers,position=free)	hij	
)	PC	)	
was	VRB(finiteness=fin,tense=past)	zijn	
met	ADP(type=pre)	met	
een	PD(type=indef,subtype=art,position=prenom)	een	
grooten	AA(degree=pos,position=prenom)	groot	
huzaren	NOU-C(number=sg)	huzarenpallas	mw_962352
pallas	NOU-C(number=sg)	huzarenpallas	mw_962352
gewapend	VRB(finiteness=pastpart)	wapenen	
,	PC	,	
die	PD(type=d-p,position=free)	die	
hem	PD(type=pers,position=free)	hij	
tot	ADP(type=pre)	tot	
op	ADP(type=pre)	op	
den	PD(type=d-p,subtype=art,position=prenom)	de	
grond	NOU-C(number=sg)	grond	
sleepte	VRB(finiteness=fin,tense=past)	slepen	
,	PC	,	



Het	PD(type=d-p,subtype=art,position=prenom)	het	
geheele	AA(degree=pos,position=prenom)	geheel	
Antiliberalismus	NOU-C(number=sg)	antiliberalismus	
…	PC	…	
is	VRB(finiteness=fin,tense=pres)	zijn	
…	PC	…	
een	PD(type=indef,subtype=art,position=prenom)	een	
tegenoverbuigen	NOU-C(number=sg)	tegenoverbuigen	
van	ADP(type=pre)	van	
het	PD(type=d-p,subtype=art,position=prenom)	het	
kromme	AA(degree=pos,position=prenom)	krom	
stokjen	NOU-C(number=sg)	stokje	
,	PC	,	
zonder	ADP(type=pre)	zonder	
het	PD(type=pers,position=free)	het	
recht	AA(degree=pos,position=free)	recht	
te	ADP(type=pre)	te	
maken	VRB(finiteness=inf)	maken	
,	PC	,	
en	CONJ(type=coor)	en	
dikwijls	ADV(type=reg)	dikwijls	
draait	VRB(finiteness=fin,tense=pres)	terugdraaien	mw_353111
het	PD(type=pers,position=free)	het	
daarby	ADV(type=pron)	daarbij	
met	ADP(type=pre)	met	
een	PD(type=indef,subtype=art,position=prenom)	een	
slinger	NOU-C(number=sg)	slinger	
naar	ADP(type=pre)	naar	
denzelfden	PD(type=d-p,subtype=oth,position=prenom)	dezelfde	
kant	NOU-C(number=sg)	kant	
te	VRB(finiteness=fin,tense=pres)	terugdraaien	mw_353111
rug	VRB(finiteness=fin,tense=pres)	terugdraaien	mw_353111
,	PC	,	



Men	PD(type=pers,position=free)	men	
beseft	VRB(finiteness=fin,tense=pres)	beseffen	
niet	ADV(type=reg)	niet	
genoeg	ADV(type=reg)	genoeg	
,	PC	,	
hoe	ADV(type=reg)	hoe	
vele	PD(type=indef,subtype=oth,position=prenom)	veel	
…	PC	…	
achtenswaardige	AA(degree=pos,position=prenom)	achtenswaardig	
,	PC	,	
arbeidzame	AA(degree=pos,position=prenom)	arbeidzaam	
huisgezinnen	NOU-C(number=pl)	huisgezin	
daar	ADV(type=reg)	daar	
hun	PD(type=poss,position=prenom)	hun	
leven	NOU-C(number=sg)	leven	
…	PC	…	
slijten	VRB(finiteness=fin,tense=pres)	slijten	
aan	ADP(type=pre)	aan	
het	PD(type=d-p,subtype=art,position=prenom)	het	
hoekje	NOU-C(number=sg)	hoekje	
van	ADP(type=pre)	van	
hun	PD(type=poss,position=prenom)	hun	
haard	NOU-C(number=sg)	haard	
,	PC	,	



Bisschop	NOU-C(number=sg)	bisschop	
Jan	NOU-P	Jan	
…	PC	…	
verovert	VRB(finiteness=fin,tense=pres)	veroveren	
op	ADP(type=pre)	op	
slinksche	AA(degree=pos,position=prenom)	slinks	
wijze	NOU-C(number=sg)	wijze	
den	PD(type=d-p,subtype=art,position=prenom)	de	
titel	NOU-C(number=sg)	titel	
van	ADP(type=pre)	van	
Ruwaard	NOU-C(number=sg)	ruwaard	
,	PC	,	



Dit	PD(type=d-p,position=free)	dit	
is	VRB(finiteness=fin,tense=pres)	zijn	
de	PD(type=d-p,subtype=art,position=prenom)	de	
schering	NOU-C(number=sg)	schering	
en	CONJ(type=coor)	en	
inslag	NOU-C(number=sg)	inslag	
van	ADP(type=pre)	van	
alles	PD(type=indef,position=free)	alles	
—	PC	—	
dat	PD(type=d-p,position=free)	dat	
is	VRB(finiteness=fin,tense=pres)	zijn	
de	PD(type=d-p,subtype=art,position=prenom)	de	
slotsom	NOU-C(number=sg)	slotsom	
van	ADP(type=pre)	van	
uw	PD(type=poss,position=prenom)	uw	
geheel	AA(degree=pos,position=prenom)	geheel	
voorstel	NOU-C(number=sg)	voorstel	
,	PC	,	



's	PD(type=d-p,subtype=art,position=prenom)	de	
Morgens	NOU-C(number=sg)	morgen	
werd	VRB(finiteness=fin,tense=past)	worden	
zij	PD(type=pers,position=free)	zij	
reeds	ADV(type=reg)	reeds	
vroeg	AA(degree=pos,position=free)	vroeg	
uit	ADP(type=pre)	uit	
haren	PD(type=poss,position=prenom)	haar	
sluimer	NOU-C(number=sg)	sluimer	
opgeschrikt	VRB(finiteness=pastpart)	opschrikken	
,	PC	,	



Wanneer	CONJ(type=sub)	wanneer	
leden	NOU-C(number=pl)	lid	
der	PD(type=d-p,subtype=art,position=prenom)	de	
Kamer	NOU-C(number=sg)	kamer	
eene	PD(type=indef,subtype=art,position=prenom)	een	
lofrede	NOU-C(number=sg)	lofrede	
op	ADP(type=pre)	op	
haar	PD(type=pers,position=free)	zij	
houden	VRB(finiteness=fin,tense=pres)	houden	
,	PC	,	
sluiten	VRB(finiteness=fin,tense=pres)	sluiten	
zij	PD(type=pers,position=free)	zij	
aan	ADP(type=pre)	aan	
elk	PD(type=indef,position=free)	elk	
den	PD(type=d-p,subtype=art,position=prenom)	de	
mond	NOU-C(number=sg)	mond	
,	PC	,	



—	PC	—	
De	PD(type=d-p,subtype=art,position=prenom)	de	
lange	AA(degree=pos,position=prenom)	lang	
lenige	AA(degree=pos,position=prenom)	lenig	
slurp	NOU-C(number=sg)	slurp	
,	PC	,	
die	PD(type=d-p,position=free)	die	
uit	ADP(type=pre)	uit	
zijn	PD(type=poss,position=prenom)	zijn	
voorhoofd	NOU-C(number=sg)	voorhoofd	
(	PC	(	
dat	PD(type=d-p,position=free)	dat	
van	ADP(type=pre)	van	
den	PD(type=d-p,subtype=art,position=prenom)	de	
olifant	NOU-C(number=sg)	olifant	
)	PC	)	
schiet	VRB(finiteness=fin,tense=pres)	schieten	
,	PC	,	



”	PC	”	
Mijne	PD(type=poss,position=prenom)	mijn	
kinders	NOU-C(number=pl)	kind	
vallen	VRB(finiteness=fin,tense=pres)	vallen	
tengerder	AA(degree=comp,position=free)	tenger	
dan	CONJ(type=coor)	dan	
ik	PD(type=pers,position=free)	ik	
plagt	VRB(finiteness=fin,tense=past)	plegen	
te	ADP(type=pre)	te	
wezen	VRB(finiteness=inf)	wezen	
,”	PC	,”	
moge	VRB(finiteness=fin,tense=pres)	mogen	
zij	PD(type=pers,position=free)	zij	
klagen	VRB(finiteness=inf)	klagen	
;	PC	;	
smeltend	VRB(finiteness=prespart)	smelten	
noch	CONJ(type=coor)	noch	
smachtend	VRB(finiteness=prespart)	smachten	
hebben	VRB(finiteness=fin,tense=pres)	hebben	
de	PD(type=d-p,subtype=art,position=prenom)	de	
oolijken	NOU-C(number=pl)	olijke	
niets	PD(type=indef,position=free)	niets	
van	ADP(type=pre)	van	
het	PD(type=d-p,subtype=art,position=prenom)	het	
teringzieke	NOU-C(number=sg)	teringzieke	
,	PC	,	
dat	PD(type=d-p,position=free)	dat	
uit	ADP(type=pre)	uit	
vreemde	AA(degree=pos,position=prenom)	vreemd	
poëzij	NOU-C(number=sg)	poëzie	
in	ADP(type=pre)	in	
de	PD(type=d-p,subtype=art,position=prenom)	de	
onze	NOU-C(number=sg)	onze	
is	VRB(finiteness=fin,tense=pres)	zijn	
overgewaaid	VRB(finiteness=pastpart)	overwaaien	
,	PC	,	



Of	CONJ(type=sub)	of	
het	PD(type=pers,position=free)	het	
die	PD(type=d-p,position=free)	die	
was	VRB(finiteness=fin,tense=past)	zijn	
,	PC	,	
wiens	PD(type=w-p,position=free)	wie	
broer	NOU-C(number=sg)	broeder	
die	PD(type=d-p,subtype=oth,position=prenom)	die	
smerige	AA(degree=pos,position=prenom)	smerig	
affaire	NOU-C(number=sg)	affaire	
met	ADP(type=pre)	met	
de	PD(type=d-p,subtype=art,position=prenom)	de	
politie	NOU-C(number=sg)	politie	
gehad	VRB(finiteness=pastpart)	hebben	
had	VRB(finiteness=fin,tense=past)	hebben	
,	PC	,	



Een	PD(type=indef,subtype=art,position=prenom)	een	
oud	AA(degree=pos,position=prenom)	oud	
paleis	NOU-C(number=sg)	paleis	
,	PC	,	
welks	PD(type=w-p,position=free)	welk	
benedenste	AA(degree=sup,position=prenom)	benedenst	
verdieping	NOU-C(number=sg)	verdieping	
onder	ADP(type=pre)	onder	
de	PD(type=d-p,subtype=art,position=prenom)	de	
arcades	NOU-C(number=pl)	arcade	
,	PC	,	
die	PD(type=d-p,position=free)	die	
op	ADP(type=pre)	op	
den	PD(type=d-p,subtype=art,position=prenom)	de	
tuin	NOU-C(number=sg)	tuin	
uitkomen	VRB(finiteness=fin,tense=pres)	uitkomen	
,	PC	,	
met	ADP(type=pre)	met	
de	PD(type=d-p,subtype=art,position=prenom)	de	
prachtigste	AA(degree=sup,position=prenom)	prachtig	
…	PC	…	
winkels	NOU-C(number=pl)	winkel	
opgevuld	VRB(finiteness=pastpart)	opvullen	
is	VRB(finiteness=fin,tense=pres)	zijn	
,	PC	,	



Franciscus	NOU-P	Franciscus	
,	PC	,	
naast	ADP(type=pre)	naast	
zijn	PD(type=poss,position=prenom)	zijn	
sneeuwen	AA(degree=pos,position=prenom)	sneeuwen	
vrouw	NOU-C(number=sg)	vrouw	
,	PC	,	
Had	VRB(finiteness=fin,tense=past)	hebben	
grooten	AA(degree=pos,position=prenom)	groot	
hinder	NOU-C(number=sg)	hinder	
van	ADP(type=pre)	van	
de	PD(type=d-p,subtype=art,position=prenom)	de	
kou	NOU-C(number=sg)	koude	
',	PC	',	



Reeds	ADV(type=reg)	reeds	
tweemaal	ADV(type=reg)	tweemaal	
had	VRB(finiteness=fin,tense=past)	hebben	
zij	PD(type=pers,position=free)	zij	
gemeend	VRB(finiteness=pastpart)	menen	
,	PC	,	
de	PD(type=d-p,subtype=art,position=prenom)	de	
deur	NOU-C(number=sg)	deur	
te	ADP(type=pre)	te	
hooren	VRB(finiteness=inf)	horen	
openen	VRB(finiteness=inf)	openen	
,	PC	,	
en	CONJ(type=coor)	en	
was	VRB(finiteness=fin,tense=past)	zijn	
naar	ADP(type=pre)	naar	
voren	ADV(type=reg)	voren	
gesneld	VRB(finiteness=pastpart)	snellen	
,	PC	,	



Daar	ADV(type=reg)	daar	
ploeg	NOU-C(number=sg)	ploeg	
en	CONJ(type=coor)	en	
sikkel	NOU-C(number=sg)	sikkel	
roest	VRB(finiteness=fin,tense=pres)	roesten	
;	PC	;	
Daar	ADV(type=reg)	daar	
wetenschap	NOU-C(number=sg)	wetenschap	
en	CONJ(type=coor)	en	
kunsten	NOU-C(number=pl)	kunst	
sneven	VRB(finiteness=fin,tense=pres)	sneven	
,	PC	,	



Eer	CONJ(type=sub)	eer	
de	PD(type=d-p,subtype=art,position=prenom)	de	
…	PC	…	
bejaarde	AA(degree=pos,position=prenom)	bejaard	
man	NOU-C(number=sg)	man	
het	PD(type=pers,position=free)	het	
vermoedde	VRB(finiteness=fin,tense=past)	vermoeden	
,	PC	,	
vielen	VRB(finiteness=fin,tense=past)	vallen	
de	PD(type=d-p,subtype=art,position=prenom)	de	
drie	NUM(type=card,position=prenom,representation=let)	drie	
meisjes	NOU-C(number=pl)	meisje	
hem	PD(type=pers,position=free)	hij	
om	ADP(type=pre)	om	
den	PD(type=d-p,subtype=art,position=prenom)	de	
hals	NOU-C(number=sg)	hals	
,	PC	,	
namen	VRB(finiteness=fin,tense=past)	nemen	
hem	PD(type=pers,position=free)	hij	
in	ADP(type=pre)	in	
haar	PD(type=poss,position=prenom)	haar	
midden	NOU-C(number=sg)	midden	
,	PC	,	
kusten	VRB(finiteness=fin,tense=past)	kussen	
,	PC	,	
plaagden	VRB(finiteness=fin,tense=past)	plagen	
,	PC	,	
koosden	VRB(finiteness=fin,tense=past)	kozen	
,	PC	,	
solden	VRB(finiteness=fin,tense=past)	sollen	
hem	PD(type=pers,position=free)	hij	
om	ADP(type=pre)	om	
strijd	NOU-C(number=sg)	strijd	
,	PC	,	



Hierbij	ADV(type=pron)	hierbij	
is	VRB(finiteness=fin,tense=pres)	zijn	
het	PD(type=d-p,subtype=art,position=prenom)	het	
godsdienstige	AA(degree=pos,position=prenom)	godsdienstig	
gevoel	NOU-C(number=sg)	gevoel	
(	PC	(	
van	ADP(type=pre)	van	
den	PD(type=d-p,subtype=art,position=prenom)	de	
Doriër	NOU-C(number=sg)	Doriër	
)	PC	)	
ernstig	AA(degree=pos,position=free)	ernstig	
en	CONJ(type=coor)	en	
somber	AA(degree=pos,position=free)	somber	
:	PC	:	
het	PD(type=pers,position=free)	het	
sluit	VRB(finiteness=fin,tense=pres)	buitensluiten	mw_531790
alle	PD(type=indef,subtype=oth,position=prenom)	al	
zinnelijkheid	NOU-C(number=sg)	zinnelijkheid	
buiten	VRB(finiteness=fin,tense=pres)	buitensluiten	mw_531790
,	PC	,	



Hare	PD(type=poss,position=prenom)	haar	
wangen	NOU-C(number=pl)	wang	
waren	VRB(finiteness=fin,tense=past)	zijn	
kersrood	AA(degree=pos,position=free)	kersrood	
,	PC	,	
rond	AA(degree=pos,position=free)	rond	
en	CONJ(type=coor)	en	
dik	AA(degree=pos,position=free)	dik	
,	PC	,	
en	CONJ(type=coor)	en	
blonken	VRB(finiteness=fin,tense=past)	blinken	
,	PC	,	
als	CONJ(type=sub)	als	
spande	VRB(finiteness=fin,tense=past)	spannen	
de	PD(type=d-p,subtype=art,position=prenom)	de	
huid	NOU-C(number=sg)	huid	
er	ADV(type=pron)	erover	mw_330667
over	ADV(type=pron)	erover	mw_330667
,	PC	,	



Achter	ADV(type=reg)	achter	
,	PC	,	
'n	PD(type=indef,subtype=art,position=prenom)	een	
sloot	NOU-C(number=sg)	sloot	
drabbig	AA(degree=pos,position=postnom)	drabbig	
,	PC	,	
goor	AA(degree=pos,position=prenom)	goor	
water	NOU-C(number=sg)	water	
,	PC	,	
stinkend	VRB(finiteness=prespart)	stinken	
met	ADP(type=pre)	met	
spattende	AA(degree=pos,position=prenom)	spattend	
bellen	NOU-C(number=pl)	bel	
,	PC	,	



Dat	PD(type=d-p,position=free)	dat	
zijn	VRB(finiteness=fin,tense=pres)	zijn	
twee	NUM(type=card,position=prenom,representation=let)	twee	
meisjes	NOU-C(number=pl)	meisje	
uit	ADP(type=pre)	uit	
een	PD(type=indef,subtype=art,position=prenom)	een	
vermaard	AA(degree=pos,position=prenom)	vermaard	
speelhuis	NOU-C(number=sg)	speelhuis	
…,	PC	…,	
welke	PD(type=w-p,position=free)	welk	
hier	ADV(type=reg)	hier	
komen	VRB(finiteness=fin,tense=pres)	komen	
om	ADP(type=pre)	om	
haar	PD(type=poss,position=prenom)	haar	
fortuin	NOU-C(number=sg)	fortuin	
te	ADP(type=pre)	te	
beproeven	VRB(finiteness=inf)	beproeven	
,	PC	,	



Architectoniek	NOU-C(number=sg)	architectoniek	
,	PC	,	
de	PD(type=d-p,subtype=art,position=prenom)	de	
leer	NOU-C(number=sg)	leer	
der	PD(type=d-p,subtype=art,position=prenom)	de	
bouwkunst	NOU-C(number=sg)	bouwkunst	
;	PC	;	
ook	ADV(type=reg)	ook	
de	PD(type=d-p,subtype=art,position=prenom)	de	
kunst	NOU-C(number=sg)	kunst	
om	ADP(type=pre)	om	
een	PD(type=indef,subtype=art,position=prenom)	een	
wetenschappelijk	AA(degree=pos,position=prenom)	wetenschappelijk	
gebouw	NOU-C(number=sg)	gebouw	
(	PC	(	
systema	NOU-C(number=sg)	systema	
)	PC	)	
op	VRB(finiteness=inf)	optrekken	mw_713457
te	ADP(type=pre)	te	
trekken	VRB(finiteness=inf)	optrekken	mw_713457
,	PC	,	



Er	ADV(type=reg)	er	
was	VRB(finiteness=fin,tense=past)	zijn	
in	ADP(type=pre)	in	
zijnen	PD(type=poss,position=prenom)	zijn	
gang	NOU-C(number=sg)	gang	
en	CONJ(type=coor)	en	
in	ADP(type=pre)	in	
zijne	PD(type=poss,position=prenom)	zijn	
bewegingen	NOU-C(number=pl)	beweging	
iets	PD(type=indef,position=free)	iets	
traags	NOU-C(number=sg)	trage	
en	CONJ(type=coor)	en	
looms	NOU-C(number=sg)	lome	
,	PC	,	
als	CONJ(type=sub)	als	
waren	VRB(finiteness=fin,tense=past)	zijn	
zijne	PD(type=poss,position=prenom)	zijn	
leden	NOU-C(number=pl)	lid	
ontwricht	VRB(finiteness=pastpart)	ontwrichten	
en	CONJ(type=coor)	en	
zijne	PD(type=poss,position=prenom)	zijn	
spieren	NOU-C(number=pl)	spier	
zonder	ADP(type=pre)	zonder	
kracht	NOU-C(number=sg)	kracht	
,	PC	,	



Dat	CONJ(type=sub)	dat	
de	PD(type=d-p,subtype=art,position=prenom)	de	
gedagte	AA(degree=pos,position=prenom)	gedacht	
manschappen	NOU-C(number=pl)	manschap	
…	PC	…	
uit	ADP(type=pre)	uit	
den	PD(type=d-p,subtype=art,position=prenom)	de	
voorraad	NOU-C(number=sg)	voorraad	
van	ADP(type=pre)	van	
den	PD(type=d-p,subtype=art,position=prenom)	het	
Lande	NOU-C(number=sg)	land	
te	ADP(type=pre)	te	
Meester	NOU-C(number=sg)	meester	
Cornelis	NOU-P	Cornelis	
zullen	VRB(finiteness=fin,tense=pres)	zullen	
worden	VRB(finiteness=inf)	worden	
gespijzigt	VRB(finiteness=pastpart)	spijzigen	
met	ADP(type=pre)	met	
een	PD(type=indef,subtype=art,position=prenom)	een	
katje	NOU-C(number=sg)	katje	
rijst	NOU-C(number=sg)	rijst	
ieder	PD(type=indef,subtype=oth,position=prenom)	ieder	
daags	ADV(type=reg)	daags	
,	PC	,	



Zeg	VRB(finiteness=fin,tense=pres)	zeggen	
dan	ADV(type=reg)	dan	
,	PC	,	
dat	CONJ(type=sub)	dat	
bij	ADP(type=pre)	bij	
den	PD(type=d-p,subtype=art,position=prenom)	de	
dood	NOU-C(number=sg)	dood	
alle	PD(type=indef,subtype=oth,position=prenom)	al	
gemeenschap	NOU-C(number=sg)	gemeenschap	
tusschen	ADP(type=pre)	tussen	
u	PD(type=pers,position=free)	u	
en	CONJ(type=coor)	en	
uwe	PD(type=poss,position=prenom)	uw	
naasten	NOU-C(number=pl)	naaste	
ophoudt	VRB(finiteness=fin,tense=pres)	ophouden	
,	PC	,	
en	CONJ(type=coor)	en	
dat	CONJ(type=sub)	dat	
het	PD(type=pers,position=free)	het	
u	PD(type=pers,position=free)	u	
om	ADP(type=pre)	om	
het	PD(type=d-p,subtype=art,position=prenom)	het	
even	NOU-C(number=sg)	even	
is	VRB(finiteness=fin,tense=pres)	zijn	
,	PC	,	
hoe	ADV(type=reg)	hoe	
zij	PD(type=pers,position=free)	zij	
bij	ADP(type=pre)	bij	
uwe	PD(type=poss,position=prenom)	uw	
sponde	NOU-C(number=sg)	sponde	
staan	VRB(finiteness=fin,tense=pres)	staan	
,	PC	,	



Wij	PD(type=pers,position=free)	wij	
waren	VRB(finiteness=fin,tense=past)	zijn	
er	ADV(type=pron)	eropuit	mw_666729
dus	ADV(type=reg)	dus	
op	ADV(type=pron)	eropuit	mw_666729
uit	ADV(type=pron)	eropuit	mw_666729
om	ADP(type=pre)	om	
het	PD(type=d-p,subtype=art,position=prenom)	het	
vertrek	NOU-C(number=sg)	vertrek	
door	ADP(type=pre)	door	
het	PD(type=d-p,subtype=art,position=prenom)	het	
sprenkelen	NOU-C(number=sg)	sprenkelen	
van	ADP(type=pre)	van	
water	NOU-C(number=sg)	water	
…	PC	…	
zooveel	ADV(type=reg)	zoveel	
te	ADP(type=pre)	te	
verfrisschen	VRB(finiteness=inf)	verfrissen	
als	CONJ(type=sub)	als	
mogelijk	AA(degree=pos,position=free)	mogelijk	
was	VRB(finiteness=fin,tense=past)	zijn	
,	PC	,	



Had	VRB(finiteness=fin,tense=past)	hebben	
het	PD(type=pers,position=free)	het	
aan	ADP(type=pre)	aan	
haar	PD(type=pers,position=free)	zij	
alleen	AA(degree=pos,position=free)	alleen	
gestaan	VRB(finiteness=pastpart)	staan	
,	PC	,	
het	PD(type=d-p,subtype=art,position=prenom)	het	
erfgoed	NOU-C(number=sg)	erfgoed	
van	ADP(type=pre)	van	
Oranje	NOU-P	Oranje	
…	PC	…	
zou	VRB(finiteness=fin,tense=past)	zullen	
ten	ADP(type=pre)+PD(type=d-p,subtype=art,position=prenom)	te+het	
behoeve	NOU-C(number=sg)	behoef	
van	ADP(type=pre)	van	
hare	PD(type=poss,position=prenom)	haar	
broeders	NOU-C(number=pl)	broeder	
geheel	AA(degree=pos,position=free)	geheel	
verloren	VRB(finiteness=pastpart)	verliezen	
zijn	VRB(finiteness=inf)	zijn	
gegaan	VRB(finiteness=pastpart)	gaan	
,	PC	,	



Wanneer	CONJ(type=sub)	wanneer	
dus	ADV(type=reg)	dus	
een	PD(type=indef,subtype=art,position=prenom)	een	
wijsgeerig	AA(degree=pos,position=prenom)	wijsgerig	
historisch	AA(degree=pos,position=prenom)	historisch	
onderzoek	NOU-C(number=sg)	onderzoek	
…	PC	…	
het	PD(type=d-p,subtype=art,position=prenom)	het	
laatste	AA(degree=sup,position=prenom)	laat	
zal	VRB(finiteness=fin,tense=pres)	zullen	
omvergeworpen	VRB(finiteness=pastpart)	omverwerpen	
hebben	VRB(finiteness=inf)	hebben	
,	PC	,	
dan	ADV(type=reg)	dan	
zal	VRB(finiteness=fin,tense=pres)	zullen	
de	PD(type=d-p,subtype=art,position=prenom)	de	
kritiek	NOU-C(number=sg)	kritiek	
met	ADP(type=pre)	met	
de	PD(type=d-p,subtype=art,position=prenom)	de	
eerste	NOU-C(number=sg)	eerste	
op	ADP(type=pre)	op	
vasteren	AA(degree=comp,position=prenom)	vast	
grond	NOU-C(number=sg)	grond	
staan	VRB(finiteness=inf)	staan	
,	PC	,	



Wanneer	CONJ(type=sub)	wanneer	
wij	PD(type=pers,position=free)	wij	
ons	PD(type=refl,position=free)	ons	
een	PD(type=indef,subtype=art,position=prenom)	een	
oordeel	NOU-C(number=sg)	oordeel	
vermeten	VRB(finiteness=fin,tense=pres)	vermeten	
over	ADP(type=pre)	over	
iemands	PD(type=indef,position=free)	iemand	
hart	NOU-C(number=sg)	hart	
,	PC	,	
gemoedsbestaan	NOU-C(number=sg)	gemoedsbestaan	
,	PC	,	
inwendigen	AA(degree=pos,position=prenom)	inwendig	
staat	NOU-C(number=sg)	staat	
,	PC	,	



Daar	ADV(type=reg)	daar	
rust	VRB(finiteness=fin,tense=pres)	uitrusten	mw_685211
een	PD(type=indef,subtype=art,position=prenom)	een	
Mensch	NOU-C(number=sg)	mens	
eens	ADV(type=reg)	eens	
recht	AA(degree=pos,position=free)	recht	
uit	VRB(finiteness=fin,tense=pres)	uitrusten	mw_685211
,	PC	,	
word	VRB(finiteness=fin,tense=pres)	worden	
opgebeurd	VRB(finiteness=pastpart)	opbeuren	
,	PC	,	
ziet	VRB(finiteness=fin,tense=pres)	zien	
zyne	PD(type=poss,position=prenom)	zijn	
jeugd	NOU-C(number=sg)	jeugd	
vernieuwd	VRB(finiteness=pastpart)	vernieuwen	
als	CONJ(type=sub)	als	
eens	PD(type=indef,subtype=art,position=prenom)	een	
Aarends	NOU-C(number=sg)	arend	
,	PC	,	



Willem	NOU-P	Willem	
van	ADP(type=pre)	van	
Oranje	NOU-P	Oranje	
…,	PC	…,	
In	ADP(type=pre)	in	
staat	NOU-C(number=sg,WF=trunc)+NOU-C(number=sg)	staatskunst+oorlogskunst	mw_739500
-	PC	-	
en	CONJ(type=coor)	en	
oorlogskunst	NOU-C(number=sg,WF=trunc)+NOU-C(number=sg)	staatskunst+oorlogskunst	mw_739500
door	ADP(type=pre)	door	
Karel	NOU-P	Karel	
opgevoed	VRB(finiteness=pastpart)	opvoeden	
,	PC	,	



Die	PD(type=d-p,position=free)	die	
gevoel	NOU-C(number=sg)	gevoel	
hadden	VRB(finiteness=fin,tense=past)	hebben	
van	ADP(type=pre)	van	
goede	AA(degree=pos,position=prenom)	goed	
trouw	NOU-C(number=sg)	trouw	
,	PC	,	
hoorden	VRB(finiteness=fin,tense=past)	horen	
met	ADP(type=pre)	met	
verontwaardiging	NOU-C(number=sg)	verontwaardiging	
een	PD(type=indef,subtype=art,position=prenom)	een	
Staatsbankroet	NOU-C(number=sg)	staatsbankroet	
aanprijzen	VRB(finiteness=inf)	aanprijzen	
als	CONJ(type=sub)	als	
een	PD(type=indef,subtype=art,position=prenom)	een	
redmiddel	NOU-C(number=sg)	redmiddel	
,	PC	,	



Dat	CONJ(type=sub)	dat	
men	PD(type=pers,position=free)	men	
zich	PD(type=refl,position=free)	zich	
niet	ADV(type=reg)	niet	
zal	VRB(finiteness=fin,tense=pres)	zullen	
laten	VRB(finiteness=inf)	laten	
bewegen	VRB(finiteness=inf)	bewegen	
tot	ADP(type=pre)	tot	
eenigen	PD(type=indef,subtype=oth,position=prenom)	enig	
stap	NOU-C(number=sg)	stap	
…	PC	…	
leidende	VRB(finiteness=prespart)	leiden	
om	ADP(type=pre)	om	
in	ADP(type=pre)	in	
Belgie	NOU-P	België	
tegen	ADP(type=pre)	tegen	
Frankrijks	NOU-P	Frankrijk	
zin	NOU-C(number=sg)	zin	
eene	PD(type=indef,subtype=art,position=prenom)	een	
nieuwe	AA(degree=pos,position=prenom)	nieuw	
staatsregeling	NOU-C(number=sg)	staatsregeling	
in	VRB(finiteness=inf)	invoeren	mw_296451
te	ADP(type=pre)	te	
voeren	VRB(finiteness=inf)	invoeren	mw_296451
,	PC	,	



Inmiddels	ADV(type=reg)	inmiddels	
rijdt	VRB(finiteness=fin,tense=pres)	inrijden	mw_678641
,	PC	,	
met	ADP(type=pre)	met	
fieren	AA(degree=pos,position=prenom)	fier	
zin	NOU-C(number=sg)	zin	
,	PC	,	
De	PD(type=d-p,subtype=art,position=prenom)	de	
vreemdeling	NOU-C(number=sg)	vreemdeling	
de	PD(type=d-p,subtype=art,position=prenom)	de	
stadspoort	NOU-C(number=sg)	stadspoort	
in	VRB(finiteness=fin,tense=pres)	inrijden	mw_678641
,	PC	,	



Borger	NOU-P	Borger	
heb	VRB(finiteness=fin,tense=pres)	hebben	
ik	PD(type=pers,position=free)	ik	
slechts	ADV(type=reg)	slechts	
eenmaal	ADV(type=reg)	eenmaal	
,	PC	,	
en	CONJ(type=coor)	en	
dat	PD(type=d-p,position=free)	dat	
wel	ADV(type=reg)	wel	
in	ADP(type=pre)	in	
de	PD(type=d-p,subtype=art,position=prenom)	de	
Haarlemsche	AA(degree=pos,position=prenom)	Haarlems	
Groote	AA(degree=pos,position=prenom)	groot	
Kerk	NOU-C(number=sg)	kerk	
bij	ADP(type=pre)	bij	
eene	PD(type=indef,subtype=art,position=prenom)	een	
avondbeurt	NOU-C(number=sg)	avondbeurt	
,	PC	,	
hooren	VRB(finiteness=inf)	horen	
prediken	VRB(finiteness=inf)	prediken	
.	PC	.	
Het	PD(type=d-p,subtype=art,position=prenom)	het	
ruime	AA(degree=pos,position=prenom)	ruim	
kerkgebouw	NOU-C(number=sg)	kerkgebouw	
was	VRB(finiteness=fin,tense=past)	zijn	
stampvol	AA(degree=pos,position=free)	stampvol	
,	PC	,	



De	PD(type=d-p,subtype=art,position=prenom)	de	
Vlaggen	NOU-C(number=pl)	vlag	
,	PC	,	
Vaandels	NOU-C(number=pl)	vaandel	
en	CONJ(type=coor)	en	
Standaarden	NOU-C(number=pl)	standaard	
zullen	VRB(finiteness=fin,tense=pres)	zullen	
onder	ADP(type=pre)	onder	
het	PD(type=d-p,subtype=art,position=prenom)	het	
opzigt	NOU-C(number=sg)	opzicht	
van	ADP(type=pre)	van	
de	PD(type=d-p,subtype=art,position=prenom)	de	
Ministers	NOU-C(number=pl)	minister	
der	PD(type=d-p,subtype=art,position=prenom)	de	
Marine	NOU-C(number=sg)	marine	
en	CONJ(type=coor)	en	
van	ADP(type=pre)	van	
Oorlog	NOU-C(number=sg)	oorlog	
worden	VRB(finiteness=inf)	worden	
vervaardigd	VRB(finiteness=pastpart)	vervaardigen	
,	PC	,	
in	ADP(type=pre)	in	
manier	NOU-C(number=sg)	manier	
navolgende	VRB(finiteness=prespart)	navolgen	
,	PC	,	



Zoo	ADV(type=reg)	zo	
blijkt	VRB(finiteness=fin,tense=pres)	blijken	
,	PC	,	
dat	CONJ(type=sub)	dat	
de	PD(type=d-p,subtype=art,position=prenom)	de	
beide	PD(type=indef,subtype=oth,position=prenom)	beide	
metalen	AA(degree=pos,position=prenom)	metalen	
standbeelden	NOU-C(number=pl)	standbeeld	
,	PC	,	
die	PD(type=d-p,position=free)	die	
men	PD(type=pers,position=free)	men	
te	ADP(type=pre)	te	
weêrszijden	NOU-C(number=pl)	wederszijde	
van	ADP(type=pre)	van	
den	PD(type=d-p,subtype=art,position=prenom)	de	
triumftogt	NOU-C(number=sg)	triomftocht	
ziet	VRB(finiteness=fin,tense=pres)	zien	
,	PC	,	
Prins	NOU-C(number=sg)	prins	
Willem	NOU-P	Willem	
I	NUM(type=card,position=postnom,representation=rom)	een	
en	CONJ(type=coor)	en	
Prins	NOU-C(number=sg)	prins	
Maurits	NOU-P	Maurits	
voorstellen	VRB(finiteness=fin,tense=pres)	voorstellen	
,	PC	,	



—	PC	—	
Foei	INT	foei	
,	PC	,	
wat	PD(type=w-p,position=prenom)	wat	
tocht	NOU-C(number=sg)	tocht	
is	VRB(finiteness=fin,tense=pres)	zijn	
dat	PD(type=d-p,position=free)	dat	
!	PC	!	
We	PD(type=pers,position=free)	wij	
kunnen	VRB(finiteness=fin,tense=pres)	kunnen	
in	ADP(type=pre)	in	
't	PD(type=d-p,subtype=art,position=prenom)	het	
station	NOU-C(number=sg)	station	
niet	ADV(type=reg)	niet	
blijven	VRB(finiteness=inf)	blijven	
,	PC	,	



Zij	PD(type=pers,position=free)	zij	
roerde	VRB(finiteness=fin,tense=past)	aanroeren	mw_33518
zacht	AA(degree=pos,position=free)	zacht	
met	ADP(type=pre)	met	
de	PD(type=d-p,subtype=art,position=prenom)	de	
lippen	NOU-C(number=pl)	lip	
Betsy's	NOU-P	Betsy	
wang	NOU-C(number=sg)	wang	
aan	VRB(finiteness=fin,tense=past)	aanroeren	mw_33518
,	PC	,	



Stegelreep	NOU-C(number=sg)	stegelreep	
…	PC	…	
Riem	NOU-C(number=sg)	riem	
waaraan	ADV(type=pron)	waaraan	
de	PD(type=d-p,subtype=art,position=prenom)	de	
stijgbeugel	NOU-C(number=sg)	stijgbeugel	
hangt	VRB(finiteness=fin,tense=pres)	hangen	
,	PC	,	
fr.	NOU-P(WF=abbr)	Frans	
étrière	RES(type=for)	étrière	
,	PC	,	



Ik	PD(type=pers,position=free)	ik	
heb	VRB(finiteness=fin,tense=pres)	hebben	
al	ADV(type=reg)	al	
een	PD(type=indef,subtype=art,position=prenom)	een	
paar	NOU-C(number=sg)	paar	
keeren	NOU-C(number=pl)	keer	
aan	ADP(type=pre)	aan	
Dominee	NOU-C(number=sg)	dominee	
gevraagd	VRB(finiteness=pastpart)	vragen	
,	PC	,	
of	CONJ(type=sub)	of	
ik	PD(type=pers,position=free)	ik	
niet	ADV(type=reg)	niet	
een	PD(type=indef,subtype=art,position=prenom)	een	
advertentie	NOU-C(number=sg)	advertentie	
in	ADP(type=pre)	in	
de	PD(type=d-p,subtype=art,position=prenom)	de	
courant	NOU-C(number=sg)	courant	
zou	VRB(finiteness=fin,tense=past)	zullen	
zetten	VRB(finiteness=inf)	zetten	
,	PC	,	
en	CONJ(type=coor)	en	
of	CONJ(type=sub)	of	
hij	PD(type=pers,position=free)	hij	
er	ADV(type=reg)	er	
eene	NUM(type=card,position=free,representation=let)	een	
voor	ADP(type=pre)	voor	
mij	PD(type=pers,position=free)	ik	
stellen	VRB(finiteness=inf)	stellen	
wou	VRB(finiteness=fin,tense=past)	willen	
,	PC	,	



Bilderdijk	NOU-P	Bilderdijk	
verwijt	VRB(finiteness=fin,tense=pres)	verwijten	
den	PD(type=d-p,subtype=art,position=prenom)	de	
Hertog	NOU-C(number=sg)	hertog	
dat	CONJ(type=sub)	dat	
hij	PD(type=pers,position=free)	hij	
met	ADP(type=pre)	met	
van	NOU-P	Van Bleiswijk	mw_708208
Bleiswijk	NOU-P	Van Bleiswijk	mw_708208
alle	PD(type=indef,subtype=oth,position=prenom)	al	
moeite	NOU-C(number=sg)	moeite	
aanwendde	VRB(finiteness=fin,tense=past)	aanwenden	
om	ADP(type=pre)	om	
den	PD(type=d-p,subtype=art,position=prenom)	de	
jongen	AA(degree=pos,position=prenom)	jong	
Prins	NOU-C(number=sg)	prins	
stelselmatig	AA(degree=pos,position=free)	stelselmatig	
tot	ADP(type=pre)	tot	
een	PD(type=indef,subtype=art,position=prenom)	een	
dronkaard	NOU-C(number=sg)	dronkaard	
te	ADP(type=pre)	te	
maken	VRB(finiteness=inf)	maken	
,	PC	,	



”	PC	”	
Ik	PD(type=pers,position=free)	ik	
ben	VRB(finiteness=fin,tense=pres)	zijn	
niet	ADV(type=reg)	niet	
voor	ADP(type=pre)	voor	
u	PD(type=pers,position=free)	u	
geweest	VRB(finiteness=pastpart)	zijn	
,	PC	,	
wat	PD(type=w-p,position=free)	wat	
ik	PD(type=pers,position=free)	ik	
zijn	VRB(finiteness=inf)	zijn	
moest	VRB(finiteness=fin,tense=past)	moeten	
,”	PC	,”	
zeide	VRB(finiteness=fin,tense=past)	zeggen	
Anne's	NOU-P	Anne	
geweten	NOU-C(number=sg)	geweten	
—	PC	—	
in	ADP(type=pre)	in	
een	PD(type=indef,subtype=art,position=prenom)	een	
sterfhuis	NOU-C(number=sg)	sterfhuis	
heeft	VRB(finiteness=fin,tense=pres)	hebben	
het	PD(type=d-p,subtype=art,position=prenom)	het	
stem	NOU-C(number=sg)	stem	
!	PC	!	



Wat	PD(type=w-p,position=free)	wat	
hoorde	VRB(finiteness=fin,tense=past)	horen	
zij	PD(type=pers,position=free)	zij	
daar	ADV(type=reg)	daar	
?	PC	?	
Was	VRB(finiteness=fin,tense=past)	zijn	
dat	PD(type=d-p,position=free)	dat	
niet	ADV(type=reg)	niet	
de	PD(type=d-p,subtype=art,position=prenom)	de	
stem	NOU-C(number=sg)	stem	
van	ADP(type=pre)	van	
Marcellien	NOU-P	Marcellien	
?	PC	?	



Anderen	PD(type=indef,position=free)	ander	
door	ADP(type=pre)	door	
de	PD(type=d-p,subtype=art,position=prenom)	de	
natuur	NOU-C(number=sg)	natuur	
met	ADP(type=pre)	met	
een	PD(type=indef,subtype=art,position=prenom)	een	
zwak	AA(degree=pos,position=prenom)	zwak	
stemgeluid	NOU-C(number=sg)	stemgeluid	
bedeeld	VRB(finiteness=pastpart)	bedelen	
,	PC	,	



Tot	CONJ(type=sub)	tot	
Hij	PD(type=pers,position=free)	hij	
…	PC	…	
de	PD(type=d-p,subtype=art,position=prenom)	de	
koers	NOU-C(number=sg)	koers	
weêr	ADV(type=reg)	weder	
derwaart	ADV(type=reg)	derwaart	
zet	VRB(finiteness=fin,tense=pres)	zetten	
,	PC	,	
Waarheen	ADV(type=pron)	waarheen	
te	ADP(type=pre)	te	
steevnen	VRB(finiteness=inf)	stevenen	
hem	PD(type=pers,position=free)	hij	
zijn	PD(type=poss,position=prenom)	zijn	
loomheid	NOU-C(number=sg)	loomheid	
had	VRB(finiteness=fin,tense=past)	hebben	
belet	VRB(finiteness=pastpart)	beletten	
,	PC	,	



Wanneer	CONJ(type=sub)	wanneer	
…	PC	…	
de	PD(type=d-p,subtype=art,position=prenom)	de	
oudburgemeester	NOU-C(number=sg)	oud-burgenmeester	
en	CONJ(type=coor)	en	
verdediger	NOU-C(number=sg)	verdediger	
van	ADP(type=pre)	van	
Antwerpen	NOU-P	Antwerpen	
in	ADP(type=pre)	in	
zijne	PD(type=poss,position=prenom)	zijn	
laatste	AA(degree=sup,position=prenom)	laat	
levensjaren	NOU-C(number=pl)	levensjaar	
zich	PD(type=refl,position=free)	zich	
naar	ADP(type=pre)	naar	
het	PD(type=d-p,subtype=art,position=prenom)	het	
stille	AA(degree=pos,position=prenom)	stil	
Leiden	NOU-P	Leiden	
verplaatst	VRB(finiteness=fin,tense=pres)	verplaatsen	
,	PC	,	



Een	PD(type=indef,subtype=art,position=prenom)	een	
rotsachtige	AA(degree=pos,position=prenom)	rotsachtig	
natuur	NOU-C(number=sg)	natuur	
,	PC	,	
aristocraat	NOU-C(number=sg)	aristocraat	
in	ADP(type=pre)	in	
merg	NOU-C(number=sg)	merg	
en	CONJ(type=coor)	en	
been	NOU-C(number=sg)	been	
,	PC	,	
autoritair	AA(degree=pos,position=free)	autoritair	
in	ADP(type=pre)	in	
zijn	PD(type=poss,position=prenom)	zijn	
optreden	NOU-C(number=sg)	optreden	
,	PC	,	
…	PC	…	
doch	CONJ(type=coor)	doch	
edel	AA(degree=pos,position=free)	edel	
en	CONJ(type=coor)	en	
grootsch	AA(degree=pos,position=free)	groots	
,	PC	,	



De	PD(type=d-p,subtype=art,position=prenom)	de	
talrijke	AA(degree=pos,position=prenom)	talrijk	
inconvenienten	NOU-C(number=pl)	inconveniënt	
die	PD(type=d-p,position=free)	die	
een	PD(type=indef,subtype=art,position=prenom)	een	
gevolg	NOU-C(number=sg)	gevolg	
zijn	VRB(finiteness=fin,tense=pres)	zijn	
van	ADP(type=pre)	van	
den	PD(type=d-p,subtype=art,position=prenom)	de	
stilstand	NOU-C(number=sg)	stilstand	
der	PD(type=d-p,subtype=art,position=prenom)	de	
scheepvaart	NOU-C(number=sg)	scheepvaart	
,	PC	,	



Ze	PD(type=pers,position=free)	zij	
zag	VRB(finiteness=fin,tense=past)	zien	
hem	PD(type=pers,position=free)	hij	
staan	VRB(finiteness=inf)	staan	
…,	PC	…,	
ginder	ADV(type=reg)	ginder	
,	PC	,	
stokstil	AA(degree=pos,position=free)	stokstil	
midden	ADV(type=reg)	midden	
in	ADP(type=pre)	in	
't	PD(type=d-p,subtype=art,position=prenom)	het	
groen	NOU-C(number=sg)	groen	
,	PC	,	



Hoe	ADV(type=reg)	hoe	
Eline	NOU-P	Eline	
voorzichtig	AA(degree=pos,position=free)	voorzichtig	
de	PD(type=d-p,subtype=art,position=prenom)	de	
schaaltjes	NOU-C(number=pl)	schaaltje	
…	PC	…	
afkwastte	VRB(finiteness=fin,tense=past)	afkwasten	
…	PC	…	
zonder	ADP(type=pre)	zonder	
hare	PD(type=poss,position=prenom)	haar	
vingers	NOU-C(number=pl)	vinger	
te	ADP(type=pre)	te	
bevochtigen	VRB(finiteness=inf)	bevochtigen	
of	CONJ(type=coor)	of	
een	PD(type=indef,subtype=art,position=prenom)	een	
droppel	NOU-C(number=sg)	druppel	
te	ADP(type=pre)	te	
storten	VRB(finiteness=inf)	storten	
,	PC	,	



De	PD(type=d-p,subtype=art,position=prenom)	de	
blokker	NOU-C(number=sg)	blokker	
…	PC	…	
tass	VRB(finiteness=fin,tense=pres)	tassen	
'	PC	'	
nieuw	AA(degree=pos,position=free)	nieuw	
op	ADP(type=pre)	op	
oud	AA(degree=pos,position=free)	oud	
;	PC	;	
Licht	NOU-C(number=sg)	licht	
,	PC	,	
naast	ADP(type=pre)	naast	
zijn	PD(type=poss,position=prenom)	zijn	
lamp	NOU-C(number=sg)	lamp	
,	PC	,	
't	PD(type=d-p,subtype=art,position=prenom)	het	
verstand	NOU-C(number=sg)	verstand	
er	ADV(type=reg)	er	
niet	ADV(type=reg)	niet	
,	PC	,	
't	PD(type=pers,position=free)	het	
Wordt	VRB(finiteness=fin,tense=pres)	worden	
ballast	NOU-C(number=sg)	ballast	
,	PC	,	
waar	ADV(type=pron)	waarmede	mw_169226
hij	PD(type=pers,position=free)	hij	
't	PD(type=d-p,subtype=art,position=prenom)	het	
hoofd	NOU-C(number=sg)	hoofd	
meê	ADV(type=pron)	waarmede	mw_169226
stouwt	VRB(finiteness=fin,tense=pres)	stouwen	
,	PC	,	



Ik	PD(type=pers,position=free)	ik	
(	PC	(	
weet	VRB(finiteness=fin,tense=pres)	weten	
)	PC	)	
…	PC	…	
een	PD(type=indef,subtype=art,position=prenom)	een	
enge	AA(degree=pos,position=prenom)	eng	
stege	NOU-C(number=sg)	steeg	
,	PC	,	
waar	ADV(type=reg)	waar	
sedert	ADP(type=pre)	sedert	
eeuwen	NOU-C(number=pl)	eeuw	
alle	PD(type=indef,subtype=oth,position=prenom)	al	
gevels	NOU-C(number=pl)	gevel	
onveranderd	AA(degree=pos,position=free)	onveranderd	
zijn	VRB(finiteness=fin,tense=pres)	zijn	
gebleven	VRB(finiteness=pastpart)	blijven	
;	PC	;	
ik	PD(type=pers,position=free)	ik	
bezoek	VRB(finiteness=fin,tense=pres)	bezoeken	
dat	PD(type=d-p,subtype=oth,position=prenom)	dat	
…	PC	…	
schilderachtige	AA(degree=pos,position=prenom)	schilderachtig	
straatje	NOU-C(number=sg)	straatje	
zeer	AA(degree=pos,position=free)	zeer	
dikwijls	ADV(type=reg)	dikwijls	
,	PC	,	



”	PC	”	
Inderdaad	ADV(type=reg)	inderdaad	
?”	PC	?”	
vroeg	VRB(finiteness=fin,tense=past)	vragen	
zij	PD(type=pers,position=free)	zij	
met	ADP(type=pre)	met	
een	PD(type=indef,subtype=art,position=prenom)	een	
zachten	AA(degree=pos,position=prenom)	zacht	
lach	NOU-C(number=sg)	lach	
.	PC	.	
”	PC	”	
Ik	PD(type=pers,position=free)	ik	
benijd	VRB(finiteness=fin,tense=pres)	benijden	
u	PD(type=pers,position=free)	u	
.”	PC	.”	
En	CONJ(type=coor)	en	
zij	PD(type=pers,position=free)	zij	
zag	VRB(finiteness=fin,tense=past)	aanzien	mw_213888
mij	PD(type=pers,position=free)	ik	
aan	VRB(finiteness=fin,tense=past)	aanzien	mw_213888
met	ADP(type=pre)	met	
een	PD(type=indef,subtype=art,position=prenom)	een	
langen	AA(degree=pos,position=prenom)	lang	
en	CONJ(type=coor)	en	
strakken	AA(degree=pos,position=prenom)	strak	
blik	NOU-C(number=sg)	blik	
,	PC	,	



't	PD(type=pers,position=free)	het	
Druppelde	VRB(finiteness=fin,tense=past)	druppelen	
al	ADV(type=reg)	al	
zacht	AA(degree=pos,position=free)	zacht	
in	ADP(type=pre)	in	
de	PD(type=d-p,subtype=art,position=prenom)	de	
bladen	NOU-C(number=pl)	blad	
…	PC	…	
En	CONJ(type=coor)	en	
toen	ADV(type=reg)	toen	
ruischte	VRB(finiteness=fin,tense=past)	ruisen	
het	PD(type=pers,position=free)	het	
sterker	AA(degree=comp,position=free)	sterk	
en	CONJ(type=coor)	en	
vervaagde	VRB(finiteness=fin,tense=past)	vervagen	
de	PD(type=d-p,subtype=art,position=prenom)	de	
gezichteinder	NOU-C(number=sg)	gezichtseinder	
met	ADP(type=pre)	met	
het	PD(type=d-p,subtype=art,position=prenom)	het	
torenspitsje	NOU-C(number=sg)	torenspitsje	
in	ADP(type=pre)	in	
de	PD(type=d-p,subtype=art,position=prenom)	de	
grijze	AA(degree=pos,position=prenom)	grijs	
straling	NOU-C(number=sg)	straling	
,	PC	,	



De	PD(type=d-p,subtype=art,position=prenom)	de	
Koning	NOU-C(number=sg)	koning	
(	PC	(	
begon	VRB(finiteness=fin,tense=past)	beginnen	
)	PC	)	
morrend	VRB(finiteness=prespart)	morren	
…	PC	…	
over	ADV(type=reg)	over	
en	CONJ(type=coor)	en	
weder	ADV(type=reg)	weder	
door	ADP(type=pre)	door	
de	PD(type=d-p,subtype=art,position=prenom)	de	
kamer	NOU-C(number=sg)	kamer	
te	ADP(type=pre)	te	
wandelen	VRB(finiteness=inf)	wandelen	
.	PC	.	
Hij	PD(type=pers,position=free)	hij	
moest	VRB(finiteness=fin,tense=past)	moeten	
aan	ADP(type=pre)	aan	
eenen	PD(type=indef,subtype=art,position=prenom)	een	
pijnlijken	AA(degree=pos,position=prenom)	pijnlijk	
strijd	NOU-C(number=sg)	strijd	
overgeleverd	VRB(finiteness=pastpart)	overleveren	
zijn	VRB(finiteness=inf)	zijn	
;	PC	;	
want	CONJ(type=coor)	want	
zijne	PD(type=poss,position=prenom)	zijn	
gebaren	NOU-C(number=pl)	gebaar	
waren	VRB(finiteness=fin,tense=past)	zijn	
krampachtig	AA(degree=pos,position=free)	krampachtig	
,	PC	,	



Willem	NOU-P	Willem	
van	NOU-P	Van de Velde	mw_138114
de	NOU-P	Van de Velde	mw_138114
Velde	NOU-P	Van de Velde	mw_138114
(	PC	(	
waagde	VRB(finiteness=fin,tense=past)	wagen	
)	PC	)	
zich	PD(type=refl,position=free)	zich	
op	ADP(type=pre)	op	
een	PD(type=indef,subtype=art,position=prenom)	een	
rank	AA(degree=pos,position=prenom)	rank	
vaartuig	NOU-C(number=sg)	vaartuig	
te	ADP(type=pre)	te	
midden	NOU-C(number=sg)	midden	
van	ADP(type=pre)	van	
strijdende	AA(degree=pos,position=prenom)	strijdend	
vloten	NOU-C(number=pl)	vloot	
,	PC	,	
en	CONJ(type=coor)	en	
bragt	VRB(finiteness=fin,tense=past)	brengen	
onder	ADP(type=pre)	onder	
het	PD(type=d-p,subtype=art,position=prenom)	het	
oorverdoovend	AA(degree=pos,position=prenom)	oorverdovend	
gedonder	NOU-C(number=sg)	gedonder	
der	PD(type=d-p,subtype=art,position=prenom)	de	
kartouwen	NOU-C(number=pl)	kartouw	
…	PC	…	
zijne	PD(type=poss,position=prenom)	zijn	
onwaardeerbare	AA(degree=pos,position=prenom)	onwaardeerbaar	
schetsen	NOU-C(number=pl)	schets	
op	ADP(type=pre)	op	
het	PD(type=d-p,subtype=art,position=prenom)	het	
papier	NOU-C(number=sg)	papier	
,	PC	,	



't	PD(type=d-p,subtype=art,position=prenom)	het	
Geduld	NOU-C(number=sg)	geduld	
heeft	VRB(finiteness=fin,tense=pres)	hebben	
zijn	PD(type=poss,position=prenom)	zijn	
grenzen	NOU-C(number=pl)	grens	
,	PC	,	
ook	ADV(type=reg)	ook	
's	PD(type=d-p,subtype=art,position=prenom)	de	
jagers	NOU-C(number=sg)	jager	
geduld	NOU-C(number=sg)	geduld	
…:	PC	…:	
De	PD(type=d-p,subtype=art,position=prenom)	de	
strijdlust	NOU-C(number=sg)	strijdlust	
werd	VRB(finiteness=fin,tense=past)	worden	
hier	ADV(type=reg)	hier	
door	ADP(type=pre)	door	
den	PD(type=d-p,subtype=art,position=prenom)	de	
wijnlust	NOU-C(number=sg)	wijnlust	
verhuld	VRB(finiteness=pastpart)	verhullen	
,	PC	,	
En	CONJ(type=coor)	en	
daar	ADV(type=reg)	daar	
vlood	VRB(finiteness=fin,tense=past)	heenvlieden	mw_23357
hij	PD(type=pers,position=free)	hij	
henen	VRB(finiteness=fin,tense=past)	heenvlieden	mw_23357
voor	ADP(type=pre)	voor	
slapte	NOU-C(number=sg)	slapte	
in	ADP(type=pre)	in	
de	PD(type=d-p,subtype=art,position=prenom)	de	
lenden	NOU-C(number=pl)	lende	
,	PC	,	



De	PD(type=d-p,subtype=art,position=prenom)	de	
dood	NOU-C(number=sg)	dood	
heeft	VRB(finiteness=fin,tense=pres)	hebben	
…	PC	…	
Weêr	ADV(type=reg)	weder	
een	PD(type=indef,subtype=art,position=prenom)	een	
pand	NOU-C(number=sg)	pand	
van	ADP(type=pre)	van	
uwe	PD(type=poss,position=prenom)	uw	
liefde	NOU-C(number=sg)	liefde	
Uit	ADP(type=pre)	uit	
uwe	PD(type=poss,position=prenom)	uw	
armen	NOU-C(number=pl)	arm	
weggerukt	VRB(finiteness=pastpart)	wegrukken	
!	PC	!	



Het	PD(type=d-p,subtype=art,position=prenom)	het	
oog	NOU-C(number=sg)	oog	
…,	PC	…,	
dat	PD(type=d-p,position=free)	dat	
in	ADP(type=pre)	in	
geen	PD(type=indef,subtype=oth,position=prenom)	geen	
strik	NOU-C(number=sg)	strik	
blijft	VRB(finiteness=fin,tense=pres)	blijven	
hangen	VRB(finiteness=inf)	hangen	
,	PC	,	
Dien	PD(type=d-p,subtype=oth,position=prenom)	die	
vleijerij	NOU-C(number=sg)	vleierij	
den	PD(type=d-p,subtype=art,position=prenom)	de	
hoogmoed	NOU-C(number=sg)	hoogmoed	
spant	VRB(finiteness=fin,tense=pres)	spannen	
,	PC	,	



Stuurpennen	NOU-C(number=pl)	stuurpen	
(	PC	(	
rectrices	RES(type=for)	rectrices	
)	PC	)	
(	PC	(	
noemt	VRB(finiteness=fin,tense=pres)	noemen	
men	PD(type=pers,position=free)	men	
)	PC	)	
de	PD(type=d-p,subtype=art,position=prenom)	de	
hoofdpennen	NOU-C(number=pl)	hoofdpen	
van	ADP(type=pre)	van	
den	PD(type=d-p,subtype=art,position=prenom)	de	
staart	NOU-C(number=sg)	staart	
,	PC	,	
omdat	CONJ(type=sub)	omdat	
men	PD(type=pers,position=free)	men	
vroeger	AA(degree=comp,position=free)	vroeg	
meende	VRB(finiteness=fin,tense=past)	menen	
,	PC	,	
dat	CONJ(type=sub)	dat	
de	PD(type=d-p,subtype=art,position=prenom)	de	
staart	NOU-C(number=sg)	staart	
vooral	ADV(type=reg)	vooral	
dient	VRB(finiteness=fin,tense=pres)	dienen	
om	ADP(type=pre)	om	
de	PD(type=d-p,subtype=art,position=prenom)	de	
richting	NOU-C(number=sg)	richting	
van	ADP(type=pre)	van	
de	PD(type=d-p,subtype=art,position=prenom)	de	
vlucht	NOU-C(number=sg)	vlucht	
te	ADP(type=pre)	te	
wijzigen	VRB(finiteness=inf)	wijzigen	
,	PC	,	
hetgeen	PD(type=d-p,position=free)	hetgeen	
echter	ADV(type=reg)	echter	
niet	ADV(type=reg)	niet	
het	PD(type=d-p,subtype=art,position=prenom)	het	
geval	NOU-C(number=sg)	geval	
is	VRB(finiteness=fin,tense=pres)	zijn	
,	PC	,	
maar	CONJ(type=coor)	maar	
geschiedt	VRB(finiteness=fin,tense=pres)	geschieden	
door	ADP(type=pre)	door	
sterker	AA(degree=comp,position=prenom)	sterk	
beweging	NOU-C(number=sg)	beweging	
van	ADP(type=pre)	van	
den	PD(type=d-p,subtype=art,position=prenom)	de	
rechter	NOU-C(number=sg,WF=trunc)+NOU-C(number=sg)	rechtervleugel+linkervleugel	mw_444556
-	PC	-	
of	CONJ(type=coor)	of	
linkervleugel	NOU-C(number=sg,WF=trunc)+NOU-C(number=sg)	rechtervleugel+linkervleugel	mw_444556
,	PC	,	
terwijl	CONJ(type=sub)	terwijl	
de	PD(type=d-p,subtype=art,position=prenom)	de	
staart	NOU-C(number=sg)	staart	
,	PC	,	
door	ADP(type=pre)	door	
zich	PD(type=refl,position=free)	zich	
op	VRB(finiteness=inf)	opheffen	mw_776487
te	ADP(type=pre)	te	
heffen	VRB(finiteness=inf)	opheffen	mw_776487
of	CONJ(type=coor)	of	
neder	VRB(finiteness=inf)	nederdrukken	mw_588197
te	ADP(type=pre)	te	
drukken	VRB(finiteness=inf)	nederdrukken	mw_588197
,	PC	,	
meer	ADV(type=reg)	meer	
het	PD(type=d-p,subtype=art,position=prenom)	het	
rijzen	NOU-C(number=sg)	rijzen	
en	CONJ(type=coor)	en	
dalen	NOU-C(number=sg)	dalen	
regelt	VRB(finiteness=fin,tense=pres)	regelen	
,	PC	,	



Ik	PD(type=pers,position=free)	ik	
heb	VRB(finiteness=fin,tense=pres)	hebben	
mijn	PD(type=poss,position=prenom)	mijn	
oog	NOU-C(number=sg)	oog	
laten	VRB(finiteness=inf)	laten	
vallen	VRB(finiteness=inf)	vallen	
op	ADP(type=pre)	op	
een	PD(type=indef,subtype=art,position=prenom)	een	
allerliefst	AA(degree=sup,position=prenom)	allerliefst	
suikerzoet	AA(degree=pos,position=prenom)	suikerzoet	
schepseltje	NOU-C(number=sg)	schepseltje	
,	PC	,	



De	PD(type=d-p,subtype=art,position=prenom)	de	
hoofdbestanddeelen	NOU-C(number=pl)	hoofdbestanddeel	
der	PD(type=d-p,subtype=art,position=prenom)	de	
tot	ADP(type=pre)	tot	
het	PD(type=d-p,subtype=art,position=prenom)	het	
kaarden	NOU-C(number=sg)	kaarden	
dienende	AA(degree=pos,position=prenom)	dienend	
werktuigen	NOU-C(number=pl)	werktuig	
…	PC	…	
een	PD(type=indef,subtype=art,position=prenom)	een	
houten	AA(degree=pos,position=prenom)	houten	
cilinder	NOU-C(number=sg)	cilinder	
,	PC	,	
een	PD(type=indef,subtype=art,position=prenom)	een	
soort	NOU-C(number=sg)	soort	
van	ADP(type=pre)	van	
kuip	NOU-C(number=sg)	kuip	
of	CONJ(type=coor)	of	
groote	AA(degree=pos,position=prenom)	groot	
trommel	NOU-C(number=sg)	trommel	
(	PC	(	
tamboer	NOU-C(number=sg)	tamboer	
)	PC	)	
…,	PC	…,	
waarvan	ADV(type=pron)	waarvan	
de	PD(type=d-p,subtype=art,position=prenom)	de	
oppervlakte	NOU-C(number=sg)	oppervlakte	
met	ADP(type=pre)	met	
kaardleêr	NOU-C(number=sg)	kaardleder	
…	PC	…	
bekleed	VRB(finiteness=pastpart)	bekleden	
is	VRB(finiteness=fin,tense=pres)	zijn	
,	PC	,	



Ik	PD(type=pers,position=free)	ik	
zag	VRB(finiteness=fin,tense=past)	zien	
aan	ADP(type=pre)	aan	
het	PD(type=d-p,subtype=art,position=prenom)	het	
schudden	NOU-C(number=sg)	schudden	
van	ADP(type=pre)	van	
zijn	PD(type=poss,position=prenom)	zijn	
hoofd	NOU-C(number=sg)	hoofd	
,	PC	,	
dat	CONJ(type=sub)	dat	
hij	PD(type=pers,position=free)	hij	
het	PD(type=pers,position=free)	het	
aannemen	VRB(finiteness=inf)	aannemen	
ging	VRB(finiteness=fin,tense=past)	gaan	
;	PC	;	
maar	CONJ(type=coor)	maar	
ik	PD(type=pers,position=free)	ik	
trapte	VRB(finiteness=fin,tense=past)	trappen	
hem	PD(type=pers,position=free)	hij	
al	ADV(type=reg)	al	
gauw	AA(degree=pos,position=free)	gauw	
op	ADP(type=pre)	op	
zijnen	PD(type=poss,position=prenom)	zijn	
teen	NOU-C(number=sg)	teen	
,	PC	,	



De	PD(type=d-p,subtype=art,position=prenom)	de	
reusachtige	AA(degree=pos,position=prenom)	reusachtig	
teerton	NOU-C(number=sg)	teerton	
,	PC	,	
die	PD(type=d-p,position=free)	die	
midden	ADV(type=reg)	midden	
in	ADP(type=pre)	in	
de	PD(type=d-p,subtype=art,position=prenom)	de	
rivier	NOU-C(number=sg)	rivier	
op	ADP(type=pre)	op	
een	PD(type=indef,subtype=art,position=prenom)	een	
vlot	NOU-C(number=sg)	vlot	
lag	VRB(finiteness=fin,tense=past)	liggen	
te	ADP(type=pre)	te	
branden	VRB(finiteness=inf)	branden	
,	PC	,	



Hij	PD(type=pers,position=free)	hij	
doet	VRB(finiteness=fin,tense=pres)	doen	
opmerken	VRB(finiteness=inf)	opmerken	
,	PC	,	
dat	CONJ(type=sub)	dat	
twee	NUM(type=card,position=prenom,representation=let)	twee	
schrijvers	NOU-C(number=pl)	schrijver	
van	ADP(type=pre)	van	
gezag	NOU-C(number=sg)	gezag	
…	PC	…	
berichten	VRB(finiteness=fin,tense=pres)	berichten	
dat	CONJ(type=sub)	dat	
de	PD(type=d-p,subtype=art,position=prenom)	de	
Prins	NOU-C(number=sg)	prins	
in	ADP(type=pre)	in	
het	PD(type=d-p,subtype=art,position=prenom)	het	
hart	NOU-C(number=sg)	hart	
getroffen	VRB(finiteness=pastpart)	treffen	
en	CONJ(type=coor)	en	
terstond	ADV(type=reg)	terstond	
overleden	VRB(finiteness=pastpart)	overlijden	
is	VRB(finiteness=fin,tense=pres)	zijn	
,	PC	,	
en	CONJ(type=coor)	en	
dat	CONJ(type=sub)	dat	
het	PD(type=d-p,subtype=art,position=prenom)	het	
tegendeel	NOU-C(number=sg)	tegendeel	
volstrekt	AA(degree=pos,position=free)	volstrekt	
niet	ADV(type=reg)	niet	
blijkt	VRB(finiteness=fin,tense=pres)	blijken	
,	PC	,	



Langs	ADP(type=pre)	langs	
de	PD(type=d-p,subtype=art,position=prenom)	de	
ijzeren	AA(degree=pos,position=prenom)	ijzeren	
rails	NOU-C(number=pl)	rail	
…	PC	…	
(	PC	(	
rollen	VRB(finiteness=fin,tense=pres)	voortrollen	mw_31367
)	PC	)	
van	ADP(type=pre)	van	
tegenovergestelde	AA(degree=pos,position=prenom)	tegenovergesteld	
kanten	NOU-C(number=pl)	kant	
,	PC	,	
met	ADP(type=pre)	met	
bliksemsnelheid	NOU-C(number=sg)	bliksemsnelheid	
soms	ADV(type=reg)	soms	
twee	NUM(type=card,position=prenom,representation=let)	twee	
treinen	NOU-C(number=pl)	trein	
voort	VRB(finiteness=fin,tense=pres)	voortrollen	mw_31367
,	PC	,	



De	PD(type=d-p,subtype=art,position=prenom)	de	
schepen	NOU-C(number=pl)	schip	
…	PC	…	
waren	VRB(finiteness=fin,tense=past)	zijn	
…	PC	…	
voorzien	AA(degree=pos,position=free)	voorzien	
van	ADP(type=pre)	van	
een	PD(type=indef,subtype=art,position=prenom)	een	
behoorlijk	AA(degree=pos,position=prenom)	behoorlijk	
getal	NOU-C(number=sg)	getal	
riemen	NOU-C(number=pl)	riem	
,	PC	,	
om	ADP(type=pre)	om	
,	PC	,	
met	ADP(type=pre)	met	
stil	AA(degree=pos,position=prenom)	stil	
weder	NOU-C(number=sg)	weder	
of	CONJ(type=coor)	of	
met	ADP(type=pre)	met	
tegenwind	NOU-C(number=sg)	tegenwind	
,	PC	,	
de	PD(type=d-p,subtype=art,position=prenom)	de	
zeilen	NOU-C(number=pl)	zeil	
te	ADP(type=pre)	te	
vervangen	VRB(finiteness=inf)	vervangen	
,	PC	,	



De	PD(type=d-p,subtype=art,position=prenom)	de	
voorliefde	NOU-C(number=sg)	voorliefde	
voor	ADP(type=pre)	voor	
al	PD(type=indef,position=free)	al	
wat	PD(type=w-p,position=free)	wat	
met	ADP(type=pre)	met	
de	PD(type=d-p,subtype=art,position=prenom)	de	
Kerkhervorming	NOU-C(number=sg)	kerkhervorming	
samenhangt	VRB(finiteness=fin,tense=pres)	samenhangen	
is	VRB(finiteness=fin,tense=pres)	zijn	
getemperd	VRB(finiteness=pastpart)	temperen	
tot	ADP(type=pre)	tot	
liefde	NOU-C(number=sg)	liefde	
voor	ADP(type=pre)	voor	
het	PD(type=d-p,subtype=art,position=prenom)	het	
beginsel	NOU-C(number=sg)	beginsel	
,	PC	,	
dat	PD(type=d-p,position=free)	dat	
aan	ADP(type=pre)	aan	
de	PD(type=d-p,subtype=art,position=prenom)	de	
hervorming	NOU-C(number=sg)	hervorming	
ten	ADP(type=pre)+PD(type=d-p,subtype=art,position=prenom)	te+de	
grondslag	NOU-C(number=sg)	grondslag	
ligt	VRB(finiteness=fin,tense=pres)	liggen	
,	PC	,	



Veel	PD(type=indef,subtype=oth,position=prenom)	veel	
geluk	NOU-C(number=sg)	geluk	
met	ADP(type=pre)	met	
uwe	PD(type=poss,position=prenom)	uw	
schoone	NOU-C(number=sg)	schoon	
;	PC	;	
zij	PD(type=pers,position=free)	zij	
zal	VRB(finiteness=fin,tense=pres)	zullen	
u	PD(type=pers,position=free)	u	
het	PD(type=d-p,subtype=art,position=prenom)	het	
hoofd	NOU-C(number=sg)	hoofd	
eens	ADV(type=reg)	eens	
ter	ADV(type=reg)	terdege	mw_518066
dege	ADV(type=reg)	terdege	mw_518066
gaan	VRB(finiteness=inf)	gaan	
wasschen	VRB(finiteness=inf)	wassen	
,	PC	,	
omdat	CONJ(type=sub)	omdat	
gij	PD(type=pers,position=free)	gij	
bij	ADP(type=pre)	bij	
Bacchus	NOU-P	Bacchus	
geweest	VRB(finiteness=pastpart)	zijn	
zijt	VRB(finiteness=fin,tense=pres)	zijn	
,	PC	,	



Getergt	VRB(finiteness=pastpart)	tergen	
door	ADP(type=pre)	door	
wederstand	NOU-C(number=sg)	wederstand	
,	PC	,	
Verbreekt	VRB(finiteness=fin,tense=pres)	verbreken	
,	PC	,	
verbrijzelt	VRB(finiteness=fin,tense=pres)	verbrijzelen	
hij	PD(type=pers,position=free)	hij	
de	PD(type=d-p,subtype=art,position=prenom)	de	
rotsen	NOU-C(number=pl)	rots	
aan	ADP(type=pre)	aan	
zijn	PD(type=poss,position=prenom)	zijn	
'	PC	'	
kant	NOU-C(number=sg)	kant	
,	PC	,	



Ongemerkt	AA(degree=pos,position=free)	ongemerkt	
kwam	VRB(finiteness=fin,tense=past)	komen	
de	PD(type=d-p,subtype=art,position=prenom)	de	
ouderdom	NOU-C(number=sg)	ouderdom	
.	PC	.	
…	PC	…	
En	CONJ(type=coor)	en	
wij	PD(type=pers,position=free)	wij	
,	PC	,	
beladen	VRB(finiteness=pastpart)	beladen	
met	ADP(type=pre)	met	
een	PD(type=indef,subtype=art,position=prenom)	een	
pak	NOU-C(number=sg)	pak	
,	PC	,	
nog	ADV(type=reg)	nog	
zwaarder	AA(degree=comp,position=free)	zwaar	
dan	CONJ(type=coor)	dan	
weleer	ADV(type=reg)	weleer	
,	PC	,	
Wij	PD(type=pers,position=free)	wij	
zegen	VRB(finiteness=fin,tense=past)	ternederzijgen	mw_678070
eindlijk	ADV(type=reg)	eindelijk	
uitgeput	VRB(finiteness=pastpart)	uitputten	
,	PC	,	
op	ADP(type=pre)	op	
onze	PD(type=poss,position=prenom)	ons	
baan	NOU-C(number=sg)	baan	
terneer	VRB(finiteness=fin,tense=past)	ternederzijgen	mw_678070
,	PC	,	



Ten	ADP(type=pre)	te	
dien	PD(type=d-p,subtype=oth,position=prenom)	die	
einde	NOU-C(number=sg)	einde	
moeten	VRB(finiteness=fin,tense=pres)	moeten	
wij	PD(type=pers,position=free)	wij	
een	PD(type=indef,subtype=art,position=prenom)	een	
'	PC	'	
terugtred	NOU-C(number=sg)	terugtred	
doen	VRB(finiteness=inf)	doen	
,	PC	,	
ten	ADP(type=pre)+PD(type=d-p,subtype=art,position=prenom)	te+het	
minste	NOU-C(number=sg)	minste	
in	ADP(type=pre)	in	
den	PD(type=d-p,subtype=art,position=prenom)	de	
voorledenen	AA(degree=pos,position=prenom)	voorleden	
tijd	NOU-C(number=sg)	tijd	
omzien	VRB(finiteness=inf)	omzien	
,	PC	,	



Overal	ADV(type=reg)	overal	
in	ADP(type=pre)	in	
ons	PD(type=poss,position=prenom)	ons	
geheele	AA(degree=pos,position=prenom)	geheel	
vaderland	NOU-C(number=sg)	vaderland	
vertoonen	VRB(finiteness=fin,tense=pres)	vertonen	
zich	PD(type=refl,position=free)	zich	
nagenoeg	ADV(type=reg)	nagenoeg	
dezelfde	PD(type=d-p,subtype=oth,position=prenom)	dezelfde	
verschijnselen	NOU-C(number=pl)	verschijnsel	
,	PC	,	
maar	CONJ(type=coor)	maar	
op	ADP(type=pre)	op	
verschillende	AA(degree=pos,position=prenom)	verschillend	
tijdstippen	NOU-C(number=pl)	tijdstip	
en	CONJ(type=coor)	en	
onder	ADP(type=pre)	onder	
verschillende	AA(degree=pos,position=prenom)	verschillend	
gedaante	NOU-C(number=sg)	gedaante	
,	PC	,	



Een	PD(type=indef,subtype=art,position=prenom)	een	
vijftal	NOU-C(number=sg)	vijftal	
kleine	AA(degree=pos,position=prenom)	klein	
knapen	NOU-C(number=pl)	knaap	
…,	PC	…,	
die	PD(type=d-p,position=free)	die	
…	PC	…	
het	PD(type=pers,position=free)	het	
op	ADP(type=pre)	op	
dien	PD(type=d-p,subtype=oth,position=prenom)	die	
brandendheeten	AA(degree=pos,position=free)+AA(degree=pos,position=prenom)	brandend+heet	
achtermiddag	NOU-C(number=sg)	achtermiddag	
veel	ADV(type=reg)	veel	
frisscher	AA(degree=comp,position=free)	fris	
vonden	VRB(finiteness=fin,tense=past)	vinden	
in	ADP(type=pre)	in	
het	PD(type=d-p,subtype=art,position=prenom)	het	
water	NOU-C(number=sg)	water	
van	ADP(type=pre)	van	
den	PD(type=d-p,subtype=art,position=prenom)	de	
tocht	NOU-C(number=sg)	tocht	
dan	CONJ(type=coor)	dan	
in	ADP(type=pre)	in	
hunne	PD(type=poss,position=prenom)	hun	
kleederen	NOU-C(number=pl)	kleed	
,	PC	,	



Hij	PD(type=pers,position=free)	hij	
…	PC	…	
ging	VRB(finiteness=fin,tense=past)	gaan	
met	ADP(type=pre)	met	
driftige	AA(degree=pos,position=prenom)	driftig	
schreden	NOU-C(number=pl)	schrede	
op	ADP(type=pre)	op	
het	PD(type=d-p,subtype=art,position=prenom)	het	
venster	NOU-C(number=sg)	venster	
toe	ADV(type=reg)	toe	
,	PC	,	



Toe	INT	toe	
moesje	NOU-C(number=sg)	moesje	
,	PC	,	
word	VRB(finiteness=fin,tense=pres)	worden	
niet	ADV(type=reg)	niet	
boos	AA(degree=pos,position=free)	boos	
,	PC	,	
maar	CONJ(type=coor)	maar	
heusch	AA(degree=pos,position=free)	heus	
…	PC	…	
ik	PD(type=pers,position=free)	ik	
kan	VRB(finiteness=fin,tense=pres)	kunnen	
niet	ADV(type=reg)	niet	
,	PC	,	



Hy	PD(type=pers,position=free)	hij	
kwam	VRB(finiteness=fin,tense=past)	komen	
in	ADP(type=pre)	in	
een	PD(type=indef,subtype=art,position=prenom)	een	
jacht	NOU-C(number=sg)	jacht	
…	PC	…	
en	CONJ(type=coor)	en	
vertrok	VRB(finiteness=fin,tense=past)	vertrekken	
onmiddellyk	AA(degree=pos,position=free)	onmiddellijk	
daarna	ADV(type=pron)	daarna	
per	ADP(type=pre)	per	
as	NOU-C(number=sg)	as	
na	ADP(type=pre)	na	
het	PD(type=d-p,subtype=art,position=prenom)	het	
camp	NOU-C(number=sg)	kamp	
,	PC	,	



S.	NOU-P(WF=abbr)	S.	
schuift	VRB(finiteness=fin,tense=pres)	afschuiven	mw_161568
het	PD(type=d-p,subtype=art,position=prenom)	het	
bakje	NOU-C(number=sg)	bakje	
waarin	ADV(type=pron)	waarin	
de	PD(type=d-p,subtype=art,position=prenom)	de	
eieren	NOU-C(number=pl)	ei	
vóor	ADP(type=pre)	voor	
hem	PD(type=pers,position=free)	hij	
liggen	VRB(finiteness=fin,tense=pres)	liggen	
van	ADP(type=pre)	van	
zich	PD(type=refl,position=free)	zich	
af	VRB(finiteness=fin,tense=pres)	afschuiven	mw_161568
:	PC	:	
”	PC	”	
Eiers	NOU-C(number=pl)	ei	
!	PC	!	
as	CONJ(type=sub)	als	
ze	PD(type=pers,position=free)	zij	
vier	NUM(type=card,position=prenom,representation=let)	vier	
cent	NOU-C(number=sg)	cent	
oan	ADP(type=pre)	aan	
de	PD(type=d-p,subtype=art,position=prenom)	de	
merkt	NOU-C(number=sg)	markt	
doen	VRB(finiteness=fin,tense=pres)	doen	
!”	PC	!”	
G.	NOU-P(WF=abbr)	G.	
maakt	VRB(finiteness=fin,tense=pres)	maken	
een	PD(type=indef,subtype=art,position=prenom)	een	
teeken	NOU-C(number=sg)	teken	
van	ADP(type=pre)	van	
:	PC	:	
toemoar	ADV(type=reg)+ADV(type=reg)	toe+maar	
!	PC	!	
S.	NOU-P(WF=abbr)	S.	
heeft	VRB(finiteness=fin,tense=pres)	hebben	
honger	NOU-C(number=sg)	honger	
;	PC	;	
hij	PD(type=pers,position=free)	hij	
…	PC	…	
vat	VRB(finiteness=fin,tense=pres)	vatten	
een	PD(type=indef,subtype=art,position=prenom)	een	
ei	NOU-C(number=sg)	ei	
…,	PC	…,	
en	CONJ(type=coor)	en	
zegt	VRB(finiteness=fin,tense=pres)	zeggen	
:	PC	:	
”	PC	”	
Alla	INT	alla	
!	PC	!	
as	CONJ(type=sub)	als	
gij	PD(type=pers,position=free)	gij	
d'r	ADV(type=reg)	er	
óok	ADV(type=reg)	ook	
een	NUM(type=card,position=free,representation=let)	een	
wilt	VRB(finiteness=fin,tense=pres)	willen	
vatten	VRB(finiteness=inf)	vatten	
”,	PC	”,	



's	PD(type=d-p,subtype=art,position=prenom)	de	
Middags	NOU-C(number=sg)	middag	
bestaat	VRB(finiteness=fin,tense=pres)	bestaan	
de	PD(type=d-p,subtype=art,position=prenom)	de	
maaltijd	NOU-C(number=sg)	maaltijd	
uit	ADP(type=pre)	uit	
eene	PD(type=indef,subtype=art,position=prenom)	een	
schotel	NOU-C(number=sg)	schotel	
,	PC	,	
waarbij	ADV(type=pron)	waarbij	
spek	NOU-C(number=sg)	spek	
of	CONJ(type=coor)	of	
gerookt	AA(degree=pos,position=prenom)	gerookt	
vleesch	NOU-C(number=sg)	vlees	
wordt	VRB(finiteness=fin,tense=pres)	worden	
toegediend	VRB(finiteness=pastpart)	toedienen	
,	PC	,	



Toen	CONJ(type=sub)	toen	
…	PC	…	
het	PD(type=d-p,subtype=art,position=prenom)	het	
vergif	NOU-C(number=sg)	vergif	
der	PD(type=d-p,subtype=art,position=prenom)	de	
sentimenteele	AA(degree=pos,position=prenom)	sentimenteel	
wartaal	NOU-C(number=sg)	wartaal	
doordrong	VRB(finiteness=fin,tense=past)	doordringen	
,	PC	,	
heb	VRB(finiteness=fin,tense=pres)	hebben	
ik	PD(type=pers,position=free)	ik	
toen	ADV(type=reg)	toen	
het	PD(type=d-p,subtype=art,position=prenom)	het	
geneesmiddel	NOU-C(number=sg)	geneesmiddel	
niet	ADV(type=reg)	niet	
toegediend	VRB(finiteness=pastpart)	toedienen	
?	PC	?	



Toukoom	AA(degree=pos,position=free)	toekomend	
,	PC	,	
ankoom	AA(degree=pos,position=free)	aankomend	
,	PC	,	
in	ADP(type=pre)	in	
:	PC	:	
toukoom	AA(degree=pos,position=prenom)	toekomend	
joar	NOU-C(number=sg)	jaar	



Het	PD(type=d-p,subtype=art,position=prenom)	het	
behoud	NOU-C(number=sg)	behoud	
onzer	PD(type=poss,position=prenom)	ons	
vijftig	NUM(type=card,position=prenom,representation=let)	vijftig	
onderwijsgestichten	NOU-C(number=pl)	onderwijsgesticht	
,	PC	,	
Antwerpen's	NOU-P	Antwerpen	
eer	NOU-C(number=sg)	eer	
en	CONJ(type=coor)	en	
toekomst	NOU-C(number=sg)	toekomst	
,	PC	,	



Wie	PD(type=w-p,position=free)	wie	
…	PC	…	
is	VRB(finiteness=fin,tense=pres)	zijn	
niet	ADV(type=reg)	niet	
naar	ADP(type=pre)	naar	
la	RES(type=for)	la	
Favorite	RES(type=for)	favorite	
gereden	VRB(finiteness=pastpart)	rijden	
,	PC	,	
…	PC	…	
om	ADP(type=pre)	om	
den	PD(type=d-p,subtype=art,position=prenom)	de	
lieven	AA(degree=pos,position=prenom)	lief	
toer	NOU-C(number=sg)	toer	
er	ADV(type=pron)	ernaartoe	mw_943583
naar	ADV(type=pron)	ernaartoe	mw_943583
toe	ADV(type=pron)	ernaartoe	mw_943583
?	PC	?	



Als	CONJ(type=sub)	als	
gij	PD(type=pers,position=free)	gij	
een	PD(type=indef,subtype=art,position=prenom)	een	
gaai	NOU-C(number=sg)	gaai	
wilt	VRB(finiteness=fin,tense=pres)	willen	
schieten	VRB(finiteness=inf)	schieten	
,	PC	,	
ge	PD(type=pers,position=free)	gij	
moet	VRB(finiteness=fin,tense=pres)	moeten	
ten	ADP(type=pre)+PD(type=d-p,subtype=art,position=prenom)	te+het	
minste	NOU-C(number=sg)	minste	
toeschieten	VRB(finiteness=inf)	toeschieten	
,	PC	,	



Toen	CONJ(type=sub)	toen	
Ferdinand	NOU-P	Ferdinand	
…	PC	…	
hem	PD(type=pers,position=free)	hij	
…	PC	…	
berigtte	VRB(finiteness=fin,tense=past)	berichten	
,	PC	,	
in	ADP(type=pre)	in	
welk	PD(type=w-p,position=free)	welk	
eenen	PD(type=indef,subtype=art,position=prenom)	een	
gezegenden	AA(degree=pos,position=prenom)	gezegend	
toestand	NOU-C(number=sg)	toestand	
zijne	PD(type=poss,position=prenom)	zijn	
hartelijk	AA(degree=pos,position=free)	hartelijk	
geliefde	AA(degree=pos,position=prenom)	geliefd	
Leonora	NOU-P	Leonora	
zich	PD(type=refl,position=free)	zich	
bevond	VRB(finiteness=fin,tense=past)	bevinden	
,	PC	,	



De	PD(type=d-p,subtype=art,position=prenom)	de	
manschap	NOU-C(number=sg)	manschap	
,	PC	,	
ijlings	ADV(type=reg)	ijlings	
toegevlogen	VRB(finiteness=pastpart)	toevliegen	
…,	PC	…,	
Werpt	VRB(finiteness=fin,tense=pres)	werpen	
van	ADP(type=pre)	van	
alöm	ADV(type=reg)	alom	
zich	PD(type=refl,position=free)	zich	
tusschen	ADV(type=reg)	tussenbeide	mw_355865
beiden	ADV(type=reg)	tussenbeide	mw_355865
,	PC	,	
En	CONJ(type=coor)	en	
poogt	VRB(finiteness=fin,tense=pres)	pogen	
het	PD(type=d-p,subtype=art,position=prenom)	het	
grimmig	AA(degree=pos,position=prenom)	grimmig	
paar	NOU-C(number=sg)	paar	
te	ADP(type=pre)	te	
scheiden	VRB(finiteness=inf)	scheiden	
,	PC	,	



—	PC	—	
Eene	PD(type=indef,subtype=art,position=prenom)	een	
soort	NOU-C(number=sg)	soort	
van	ADP(type=pre)	van	
Asketiek	NOU-C(number=sg)	ascetiek	
naar	ADP(type=pre)	naar	
aanleiding	NOU-C(number=sg)	aanleiding	
van	ADP(type=pre)	van	
den	PD(type=d-p,subtype=art,position=prenom)	de	
tekst	NOU-C(number=sg)	tekst	
:	PC	:	
Flecto	RES(type=for)	flecto	
genua	RES(type=for)	genua	
mea	RES(type=for)	mea	
ad	RES(type=for)	ad	
Patrem	RES(type=for)	patrem	
etc	ADV(type=reg,WF=abbr)	et cetera	
.,	PC	.,	



Tol	NOU-C(number=sg)	tol	
,	PC	,	
werktuigje	NOU-C(number=sg)	werktuigje	
,	PC	,	
waarmede	ADV(type=pron)	waarmede	
van	ADP(type=pre)	van	
driedraadsgaren	NOU-C(number=sg)	driedraadsgaren	
touw	NOU-C(number=sg)	touw	
gedraaid	VRB(finiteness=pastpart)	draaien	
wordt	VRB(finiteness=fin,tense=pres)	worden	
,	PC	,	



In	ADP(type=pre)	in	
den	PD(type=d-p,subtype=art,position=prenom)	de	
tijd	NOU-C(number=sg)	tijd	
,	PC	,	
toen	CONJ(type=sub)	toen	
er	ADV(type=reg)	er	
nog	ADV(type=reg)	nog	
…	PC	…	
een	PD(type=indef,subtype=art,position=prenom)	een	
tolhuis	NOU-C(number=sg)	tolhuis	
in	ADP(type=pre)	in	
die	PD(type=d-p,subtype=oth,position=prenom)	die	
streek	NOU-C(number=sg)	streek	
was	VRB(finiteness=fin,tense=past)	zijn	
,	PC	,	
om	ADP(type=pre)	om	
den	PD(type=d-p,subtype=art,position=prenom)	de	
cijns	NOU-C(number=sg)	cijns	
voor	ADP(type=pre)	voor	
de	PD(type=d-p,subtype=art,position=prenom)	de	
vaart	NOU-C(number=sg)	vaart	
op	ADP(type=pre)	op	
de	PD(type=d-p,subtype=art,position=prenom)	de	
rivier	NOU-C(number=sg)	rivier	
te	ADP(type=pre)	te	
innen	VRB(finiteness=inf)	innen	
,	PC	,	



O	INT	o	
Dichtkunst	NOU-C(number=sg)	dichtkunst	
!	PC	!	
tolk	NOU-C(number=sg)	tolk	
van	ADP(type=pre)	van	
God	NOU-P	God	
in	ADP(type=pre)	in	
't	PD(type=d-p,subtype=art,position=prenom)	het	
u	PD(type=pers,position=free)	u	
gewijd	AA(degree=pos,position=prenom)	gewijd	
gemoed	NOU-C(number=sg)	gemoed	
!	PC	!	



De	PD(type=d-p,subtype=art,position=prenom)	de	
cylindervormige	AA(degree=pos,position=prenom)	cylindervormig	
-	PC	-	
of	CONJ(type=coor)	of	
kapgewelven	NOU-C(number=pl)	kapgewelf	
(	PC	(	
Fr.	NOU-P(WF=abbr)	Frans	
Voûtes	RES(type=for)	voûtes	
cylindriques	RES(type=for)	cylindriques	
ou	RES(type=for)	ou	
en	RES(type=for)	en	
berceau	RES(type=for)	berceau	
),	PC	),	
ook	ADV(type=reg)	ook	
tongewelven	NOU-C(number=pl)	tongewelf	
genaamd	AA(degree=pos,position=free)	genaamd	
.	PC	.	
Zooals	CONJ(type=sub)	zoals	
de	PD(type=d-p,subtype=art,position=prenom)	de	
naam	NOU-C(number=sg)	naam	
het	PD(type=pers,position=free)	het	
aanduidt	VRB(finiteness=fin,tense=pres)	aanduiden	
hebben	VRB(finiteness=fin,tense=pres)	hebben	
zij	PD(type=pers,position=free)	zij	
den	PD(type=d-p,subtype=art,position=prenom)	de	
vorm	NOU-C(number=sg)	vorm	
van	ADP(type=pre)	van	
een	PD(type=indef,subtype=art,position=prenom)	een	
halven	AA(degree=pos,position=prenom)	half	
cylinder	NOU-C(number=sg)	cilinder	
;	PC	;	
de	PD(type=d-p,subtype=art,position=prenom)	de	
gewelfboog	NOU-C(number=sg)	gewelfboog	
is	VRB(finiteness=fin,tense=pres)	zijn	
een	PD(type=indef,subtype=art,position=prenom)	een	
volronde	AA(degree=pos,position=prenom)	volrond	
boog	NOU-C(number=sg)	boog	
,	PC	,	
of	CONJ(type=coor)	of	
een	PD(type=indef,subtype=art,position=prenom)	een	
gedrukte	AA(degree=pos,position=prenom)	gedrukt	
boog	NOU-C(number=sg)	boog	
of	CONJ(type=coor)	of	
nog	ADV(type=reg)	nog	
een	PD(type=indef,subtype=art,position=prenom)	een	
verhoogde	AA(degree=pos,position=prenom)	verhoogd	
boog	NOU-C(number=sg)	boog	
,	PC	,	



Langs	ADP(type=pre)	langs	
berg	NOU-C(number=sg)	berg	
en	CONJ(type=coor)	en	
dal	NOU-C(number=sg)	dal	
klinkt	VRB(finiteness=fin,tense=pres)	klinken	
hoorngeschal	NOU-C(number=sg)	hoorngeschal	
,	PC	,	
Met	ADP(type=pre)	met	
vollen	AA(degree=pos,position=prenom)	vol	
zuiv'ren	AA(degree=pos,position=prenom)	zuiveren	
toon	NOU-C(number=sg)	toon	
,	PC	,	



Vernederende	AA(degree=pos,position=prenom)	vernederend	
tooneelen	NOU-C(number=pl)	toneel	
van	ADP(type=pre)	van	
schaamteloosheid	NOU-C(number=sg)	schaamteloosheid	
,	PC	,	
bij	ADP(type=pre)	bij	
het	PD(type=d-p,subtype=art,position=prenom)	het	
keuren	NOU-C(number=sg)	keuren	
en	CONJ(type=coor)	en	
schouwen	NOU-C(number=sg)	schouwen	
der	PD(type=d-p,subtype=art,position=prenom)	de	
plaatsvervangers	NOU-C(number=pl)	plaatsvervanger	
(	PC	(	
bij	ADP(type=pre)	bij	
de	PD(type=d-p,subtype=art,position=prenom)	de	
conscriptie	NOU-C(number=sg)	conscriptie	
),	PC	),	



By	ADP(type=pre)	bij	
de	PD(type=d-p,subtype=art,position=prenom)	de	
krijgsgevangen	AA(degree=pos,position=prenom)	krijgsgevangen	
scharen	NOU-C(number=pl)	schaar	
,	PC	,	
Bevond	VRB(finiteness=fin,tense=past)	bevinden	
zich	PD(type=refl,position=free)	zich	
mede	ADV(type=reg)	mede	
een	PD(type=indef,subtype=art,position=prenom)	een	
tooverkol	NOU-C(number=sg)	toverkol	
,	PC	,	
In	ADP(type=pre)	in	
zang	NOU-C(number=sg)	zang	
en	CONJ(type=coor)	en	
rijm	NOU-C(number=sg)	rijm	
en	CONJ(type=coor)	en	
kunst	NOU-C(number=sg)	kunst	
ervaren	AA(degree=pos,position=free)	ervaren	
,	PC	,	
Van	ADP(type=pre)	van	
snood	AA(degree=pos,position=prenom)	snood	
bedrog	NOU-C(number=sg)	bedrog	
en	CONJ(type=coor)	en	
listen	NOU-C(number=pl)	list	
vol	AA(degree=pos,position=free)	vol	
,	PC	,	



v.	NOU-P(WF=abbr)	Van Vliet	mw_445519
V.	NOU-P(WF=abbr)	Van Vliet	mw_445519
Goede	AA(degree=pos,position=prenom)	goed	
wijn	NOU-C(number=sg)	wijn	
!	PC	!	
J	NOU-P(WF=abbr)	J.	
.	PC	.	
En	CONJ(type=coor)	en	
hij	PD(type=pers,position=free)	hij	
is	VRB(finiteness=fin,tense=pres)	zijn	
er	ADV(type=pron)	erbij	mw_29684
licht	AA(degree=pos,position=free)	licht	
bij	ADV(type=pron)	erbij	mw_29684
.	PC	.	
Je	PD(type=pers,position=free)	jij	
wordt	VRB(finiteness=fin,tense=pres)	worden	
er	ADV(type=pron)	ervan	mw_545762
niet	ADV(type=reg)	niet	
topzwaar	AA(degree=pos,position=free)	topzwaar	
van	ADV(type=pron)	ervan	mw_545762
,	PC	,	



Reeds	ADV(type=reg)	reeds	
is	VRB(finiteness=fin,tense=pres)	zijn	
de	PD(type=d-p,subtype=art,position=prenom)	de	
nagloor	NOU-C(number=sg)	nagloor	
der	PD(type=d-p,subtype=art,position=prenom)	de	
wegzinkende	AA(degree=pos,position=prenom)	wegzinkend	
zon	NOU-C(number=sg)	zon	
in	ADP(type=pre)	in	
het	PD(type=d-p,subtype=art,position=prenom)	het	
aschgrauw	NOU-C(number=sg)	asgrauw	
Van	ADP(type=pre)	van	
eene	PD(type=indef,subtype=art,position=prenom)	een	
mistbank,traag	NOU-C(number=sg,WF=mis)+AA(degree=pos,position=free,WF=mis)	mistbank+traag	
opstijgend	VRB(finiteness=prespart)	opstijgen	
in	ADP(type=pre)	in	
't	PD(type=d-p,subtype=art,position=prenom)	het	
Westen	NOU-C(number=sg)	westen	
,	PC	,	
verstorven	VRB(finiteness=pastpart)	versterven	
,	PC	,	



De	PD(type=d-p,subtype=art,position=prenom)	de	
wipmolens	NOU-C(number=pl)	wipmolen	
,	PC	,	
die	PD(type=d-p,position=free)	die	
van	ADP(type=pre)	van	
een	PD(type=indef,subtype=art,position=prenom)	een	
vierkanten	AA(degree=pos,position=prenom)	vierkant	
vorm	NOU-C(number=sg)	vorm	
zijn	VRB(finiteness=fin,tense=pres)	zijn	
,	PC	,	
en	CONJ(type=coor)	en	
waarvan	ADV(type=pron)	waarvan	
het	PD(type=d-p,subtype=art,position=prenom)	het	
bovenhuis	NOU-C(number=sg)	bovenhuis	
…	PC	…	
op	ADP(type=pre)	op	
den	PD(type=d-p,subtype=art,position=prenom)	de	
toren	NOU-C(number=sg)	toren	
of	CONJ(type=coor)	of	
onderhuis	NOU-C(number=sg)	onderhuis	
geplaatst	VRB(finiteness=pastpart)	plaatsen	
en	CONJ(type=coor)	en	
om	ADP(type=pre)	om	
een	PD(type=indef,subtype=art,position=prenom)	een	
koker	NOU-C(number=sg)	koker	
gekruid	VRB(finiteness=pastpart)	kruiden	
wordt	VRB(finiteness=fin,tense=pres)	worden	
,	PC	,	



—	PC	—	
Tots	NOU-C(number=sg)	tots	
is	VRB(finiteness=fin,tense=pres)	zijn	
synoniem	AA(degree=pos,position=free)	synoniem	
van	ADP(type=pre)	van	
tros	NOU-C(number=sg)	tros	
(	PC	(	
fr.	NOU-P(WF=abbr)	Frans	
grappe	RES(type=for)	grappe	
):	PC	):	
de	PD(type=d-p,subtype=art,position=prenom)	de	
bloemen	NOU-C(number=pl)	bloem	
dezer	PD(type=d-p,subtype=oth,position=prenom)	deze	
soorten	NOU-C(number=pl)	soort	
van	ADP(type=pre)	van	
planten	NOU-C(number=pl)	plant	
vormen	VRB(finiteness=fin,tense=pres)	vormen	
min	ADV(type=reg)	min	
of	CONJ(type=coor)	of	
meer	PD(type=indef,subtype=oth,position=prenom)	meer	
totsen	NOU-C(number=pl)	tots	
=	RES(type=symb)	=	
trossen	NOU-C(number=pl)	tros	
,	PC	,	



Wy	PD(type=pers,position=free)	wij	
(	PC	(	
weten	VRB(finiteness=fin,tense=pres)	weten	
)	PC	)	
dat	CONJ(type=sub)	dat	
,	PC	,	
in	ADP(type=pre)	in	
de	PD(type=d-p,subtype=art,position=prenom)	de	
werktuigkunde	NOU-C(number=sg)	werktuigkunde	
traagheid	NOU-C(number=sg)	traagheid	
en	CONJ(type=coor)	en	
beweging	NOU-C(number=sg)	beweging	
—	PC	—	
wat	PD(type=w-p,position=free)	wat	
de	PD(type=d-p,subtype=art,position=prenom)	de	
oorzaak	NOU-C(number=sg)	oorzaak	
aangaat	VRB(finiteness=fin,tense=pres)	aangaan	
—	PC	—	
op	ADP(type=pre)	op	
't	PD(type=d-p,position=free)	hetzelfde	mw_51186
zelfde	PD(type=d-p,position=free)	hetzelfde	mw_51186
neerkomen	VRB(finiteness=fin,tense=pres)	nederkomen	
,	PC	,	



Ziedaar	INT	ziedaar	
althans	ADV(type=reg)	althans	
een	PD(type=indef,subtype=art,position=prenom)	een	
eerlijken	AA(degree=pos,position=prenom)	eerlijk	
traan	NOU-C(number=sg)	traan	
,	PC	,	
een	PD(type=indef,subtype=art,position=prenom)	een	
echte	AA(degree=pos,position=prenom)	echt	
wanhoopsklagt	NOU-C(number=sg)	wanhoopsklacht	
,	PC	,	



Transcriberen	VRB(finiteness=inf)	transcriberen	
,	PC	,	
een	PD(type=indef,subtype=art,position=prenom)	een	
muziekstuk	NOU-C(number=sg)	muziekstuk	
van	ADP(type=pre)	van	
de	PD(type=d-p,subtype=art,position=prenom)	de	
zangstem	NOU-C(number=sg)	zangstem	
op	ADP(type=pre)	op	
een	PD(type=indef,subtype=art,position=prenom)	een	
instrument	NOU-C(number=sg)	instrument	
,	PC	,	
of	CONJ(type=coor)	of	
van	ADP(type=pre)	van	
het	PD(type=d-p,subtype=art,position=prenom)	het	
eene	NUM(type=card,position=free,representation=let)	een	
op	ADP(type=pre)	op	
het	PD(type=d-p,subtype=art,position=prenom)	het	
andere	NUM(type=ord,position=free,representation=let)	ander	
overbrengen	VRB(finiteness=inf)	overbrengen	
,	PC	,	



—	PC	—	
In	ADP(type=pre)	in	
het	PD(type=d-p,subtype=art,position=prenom)	het	
lokaal	NOU-C(number=sg)	lokaal	
…	PC	…	
waren	VRB(finiteness=fin,tense=past)	zijn	
2	NUM(type=card,position=prenom,representation=dig)	twee	
transformatoren	NOU-C(number=pl)	transformator	
in	ADP(type=pre)	in	
een	PD(type=indef,subtype=art,position=prenom)	een	
gesloten	AA(degree=pos,position=prenom)	gesloten	
kast	NOU-C(number=sg)	kast	
geplaatst	VRB(finiteness=pastpart)	plaatsen	
,	PC	,	
om	ADP(type=pre)	om	
de	PD(type=d-p,subtype=art,position=prenom)	de	
spanning	NOU-C(number=sg)	spanning	
te	ADP(type=pre)	te	
reduceeren	VRB(finiteness=inf)	reduceren	
op	ADP(type=pre)	op	
het	PD(type=d-p,subtype=art,position=prenom)	het	
gewone	AA(degree=pos,position=prenom)	gewoon	
verbruiksbedrag	NOU-C(number=sg)	verbruiksbedrag	
,	PC	,	



De	PD(type=d-p,subtype=art,position=prenom)	de	
vraag	NOU-C(number=sg)	vraag	
moet	VRB(finiteness=fin,tense=pres)	moeten	
al	ADV(type=reg)	al	
spoedig	AA(degree=pos,position=free)	spoedig	
bij	ADP(type=pre)	bij	
ons	PD(type=pers,position=free)	wij	
opkomen	VRB(finiteness=inf)	opkomen	
:	PC	:	
welke	PD(type=w-p,position=free)	welk	
waren	VRB(finiteness=fin,tense=past)	zijn	
de	PD(type=d-p,subtype=art,position=prenom)	de	
gronden	NOU-C(number=pl)	grond	
,	PC	,	
waarop	ADV(type=pron)	waarop	
het	PD(type=d-p,subtype=art,position=prenom)	het	
geloof	NOU-C(number=sg)	geloof	
berustte	VRB(finiteness=fin,tense=past)	berusten	
aan	ADP(type=pre)	aan	
de	PD(type=d-p,subtype=art,position=prenom)	de	
mogelijkheid	NOU-C(number=sg)	mogelijkheid	
der	PD(type=d-p,subtype=art,position=prenom)	de	
transmutatie	NOU-C(number=sg)	transmutatie	
van	ADP(type=pre)	van	
onedele	AA(degree=pos,position=prenom)	onedel	
metalen	NOU-C(number=pl)	metaal	
in	ADP(type=pre)	in	
goud	NOU-C(number=sg)	goud	
of	CONJ(type=coor)	of	
zilver	NOU-C(number=sg)	zilver	
,	PC	,	



Trap	NOU-C(number=sg)	trap	
,	PC	,	
of	CONJ(type=coor)	of	
Ladder	NOU-C(number=sg)	ladder	
.	PC	.	
Algemeene	AA(degree=pos,position=prenom)	algemeen	
benaming	NOU-C(number=sg)	benaming	
van	ADP(type=pre)	van	
de	PD(type=d-p,subtype=art,position=prenom)	de	
treden	NOU-C(number=pl)	trede	
,	PC	,	
langs	ADP(type=pre)	langs	
welke	PD(type=w-p,position=free)	welk	
men	PD(type=pers,position=free)	men	
zoo	ADV(type=reg)	zo	
binnen	ADP(type=pre)	binnen	
als	CONJ(type=sub)	als	
buiten	ADP(type=pre)	buiten	
het	PD(type=d-p,subtype=art,position=prenom)	het	
schip	NOU-C(number=sg)	schip	
op	VRB(finiteness=fin,tense=pres,WF=trunc)+VRB(finiteness=fin,tense=pres)	opklimmen+afklimmen	mw_503187
-	PC	-	
en	CONJ(type=coor)	en	
afklimt	VRB(finiteness=fin,tense=pres,WF=trunc)+VRB(finiteness=fin,tense=pres)	opklimmen+afklimmen	mw_503187
,	PC	,	



Jongen	NOU-C(number=sg)	jongen	
,	PC	,	
trap	VRB(finiteness=fin,tense=pres)	trappen	
zoo	ADV(type=reg)	zo	
niet	ADV(type=reg)	niet	
,	PC	,	
loop	VRB(finiteness=fin,tense=pres)	lopen	
wat	ADV(type=reg)	wat	
zachter	AA(degree=comp,position=free)	zacht	
,	PC	,	



Ons	PD(type=poss,position=prenom)	ons	
voedsel	NOU-C(number=sg)	voedsel	
bevat	VRB(finiteness=fin,tense=pres)	bevatten	
het	PD(type=d-p,subtype=art,position=prenom)	het	
ijzer	NOU-C(number=sg)	ijzer	
niet	ADV(type=reg)	niet	
als	CONJ(type=sub)	als	
zout	NOU-C(number=sg)	zout	
,	PC	,	
maar	CONJ(type=coor)	maar	
als	CONJ(type=sub)	als	
een	PD(type=indef,subtype=art,position=prenom)	een	
samengestelde	AA(degree=pos,position=prenom)	samengesteld	
organische	AA(degree=pos,position=prenom)	organisch	
verbinding	NOU-C(number=sg)	verbinding	
.	PC	.	
In	ADP(type=pre)	in	
dezen	PD(type=d-p,subtype=oth,position=prenom)	deze	
vorm	NOU-C(number=sg)	vorm	
alleen	AA(degree=pos,position=free)	alleen	
kan	VRB(finiteness=fin,tense=pres)	kunnen	
het	PD(type=d-p,subtype=art,position=prenom)	het	
ijzer	NOU-C(number=sg)	ijzer	
geresorbeerd	VRB(finiteness=pastpart)	resorberen	
en	CONJ(type=coor)	en	
geassimileerd	VRB(finiteness=pastpart)	assimileren	
worden	VRB(finiteness=inf)	worden	
,	PC	,	



—	PC	—	
Eerst	ADV(type=reg)	eerst	
op	ADP(type=pre)	op	
zijn	PD(type=poss,position=prenom)	zijn	
doodbed	NOU-C(number=sg)	doodsbed	
heeft	VRB(finiteness=fin,tense=pres)	hebben	
een	PD(type=indef,subtype=art,position=prenom)	een	
Trappist	NOU-C(number=sg)	trappist	
het	PD(type=d-p,subtype=art,position=prenom)	het	
regt	NOU-C(number=sg)	recht	
om	ADP(type=pre)	om	
zijne	PD(type=poss,position=prenom)	zijn	
broederen	NOU-C(number=pl)	broeder	
aan	VRB(finiteness=inf)	aanspreken	mw_299650
te	ADP(type=pre)	te	
spreken	VRB(finiteness=inf)	aanspreken	mw_299650
,	PC	,	



Hij	PD(type=pers,position=free)	hij	
(	PC	(	
is	VRB(finiteness=fin,tense=pres)	zijn	
)	PC	)	
een	PD(type=indef,subtype=art,position=prenom)	een	
dweepzuchtig	AA(degree=pos,position=prenom)	dweepzuchtig	
vereerder	NOU-C(number=sg)	vereerder	
van	ADP(type=pre)	van	
alles	PD(type=indef,position=free)	alles	
wat	PD(type=w-p,position=free)	wat	
bestaat	VRB(finiteness=fin,tense=pres)	bestaan	
,	PC	,	
zonder	ADP(type=pre)	zonder	
…	PC	…	
ooit	ADV(type=reg)	ooit	
aan	ADP(type=pre)	aan	
het	PD(type=d-p,subtype=art,position=prenom)	het	
licht	NOU-C(number=sg)	licht	
te	ADP(type=pre)	te	
treden	VRB(finiteness=inf)	treden	
of	CONJ(type=coor)	of	
zich	PD(type=refl,position=free)	zich	
ergens	ADV(type=reg)	ergens	
in	ADV(type=reg)	in	
te	ADP(type=pre)	te	
willen	VRB(finiteness=inf)	willen	
zien	VRB(finiteness=inf)	zien	
betrokken	VRB(finiteness=pastpart)	betrekken	
,	PC	,	



Trēēm	NOU-C(number=sg)	treem	
(	PC	(	
of	CONJ(type=coor)	of	
triem	NOU-C(number=sg)	treem	
),	PC	),	
znw.	AA(degree=pos,position=prenom,WF=abbr)+NOU-C(number=sg,WF=abbr)	zelfstandig+naamwoord	
m.	AA(degree=pos,position=free,WF=abbr)	mannelijk	
…	PC	…	
sport	NOU-C(number=sg)	sport	
van	ADP(type=pre)	van	
een	PD(type=indef,subtype=art,position=prenom)	een	
stoel	NOU-C(number=sg)	stoel	
,	PC	,	



Hem	PD(type=pers,position=free)	hij	
(	PC	(	
trof	VRB(finiteness=fin,tense=past)	treffen	
)	PC	)	
een	PD(type=indef,subtype=art,position=prenom)	een	
zware	AA(degree=pos,position=prenom)	zwaar	
slag	NOU-C(number=sg)	slag	
:	PC	:	
zijne	PD(type=poss,position=prenom)	zijn	
trouwe	AA(degree=pos,position=prenom)	trouw	
echtgenoot	NOU-C(number=sg)	echtgenoot	
ontviel	VRB(finiteness=fin,tense=past)	ontvallen	
hem	PD(type=pers,position=free)	hij	
,	PC	,	



Op	ADP(type=pre)	op	
de	PD(type=d-p,subtype=art,position=prenom)	de	
achterplaats	NOU-C(number=sg)	achterplaats	
raapte	VRB(finiteness=fin,tense=past)	oprapen	mw_482847
hij	PD(type=pers,position=free)	hij	
…	PC	…	
tot	ADP(type=pre)	tot	
de	PD(type=d-p,subtype=art,position=prenom)	de	
kleinste	AA(degree=sup,position=prenom)	klein	
verstrooide	AA(degree=pos,position=prenom)	verstrooid	
,	PC	,	
dorre	AA(degree=pos,position=prenom)	dor	
bladerkens	NOU-C(number=pl)	blaadje	
of	CONJ(type=coor)	of	
stroohalmpjes	NOU-C(number=pl)	strohalmpje	
op	VRB(finiteness=fin,tense=past)	oprapen	mw_482847
om	ADP(type=pre)	om	
haar	PD(type=pers,position=free)	zij	
door	ADP(type=pre)	door	
een	PD(type=indef,subtype=art,position=prenom)	een	
treffend	AA(degree=pos,position=prenom)	treffend	
voorbeeld	NOU-C(number=sg)	voorbeeld	
orde	NOU-C(number=sg)	orde	
te	ADP(type=pre)	te	
leeren	VRB(finiteness=inf)	leren	
,	PC	,	



Treillage	NOU-C(number=sg)	treillage	
,	PC	,	
in	ADP(type=pre)	in	
tuinen	NOU-C(number=pl)	tuin	
een	PD(type=indef,subtype=art,position=prenom)	een	
houten	AA(degree=pos,position=prenom)	houten	
traliewerk	NOU-C(number=sg)	traliewerk	
,	PC	,	
rondom	ADP(type=pre)	rondom	
hetwelk	PD(type=w-p,position=free)	hetwelk	
natuurlijk	AA(degree=pos,position=prenom)	natuurlijk	
loof	NOU-C(number=sg)	loof	
geleid	VRB(finiteness=pastpart)	leiden	
wordt	VRB(finiteness=fin,tense=pres)	worden	
,	PC	,	



De	PD(type=d-p,subtype=art,position=prenom)	de	
straten	NOU-C(number=pl)	straat	
van	ADP(type=pre)	van	
zulke	PD(type=d-p,subtype=oth,position=prenom)	zulk	
missies	NOU-C(number=pl)	missie	
werden	VRB(finiteness=fin,tense=past)	worden	
langs	ADP(type=pre)	langs	
rechte	AA(degree=pos,position=prenom)	recht	
lijnen	NOU-C(number=pl)	lijn	
en	CONJ(type=coor)	en	
rechthoekig	AA(degree=pos,position=free)	rechthoekig	
getrokken	VRB(finiteness=pastpart)	trekken	
,	PC	,	



Eene	PD(type=indef,subtype=art,position=prenom)	een	
goedaardigheid	NOU-C(number=sg)	goedaardigheid	
,	PC	,	
die	PD(type=d-p,position=free)	die	
,	PC	,	
waar	CONJ(type=sub)	waar	
het	PD(type=d-p,subtype=art,position=prenom)	het	
hart	NOU-C(number=sg)	hart	
in	ADP(type=pre)	in	
het	PD(type=d-p,subtype=art,position=prenom)	het	
spel	NOU-C(number=sg)	spel	
was	VRB(finiteness=fin,tense=past)	zijn	
,	PC	,	
misschien	ADV(type=reg)	misschien	
soms	ADV(type=reg)	soms	
in	ADP(type=pre)	in	
te	ADV(type=reg)	te	
ver	AA(degree=pos,position=free)	ver	
getrokken	AA(degree=pos,position=prenom)	trekken	
toegevendheid	NOU-C(number=sg)	toegevendheid	
ontaardde	VRB(finiteness=fin,tense=past)	ontaarden	
,	PC	,	



Assumeren	VRB(finiteness=inf)	assumeren	
…	PC	…	
iets	PD(type=indef,position=free)	iets	
op	ADP(type=pre)	op	
zich	PD(type=refl,position=free)	zich	
nemen	VRB(finiteness=inf)	nemen	
(	PC	(	
ook	ADV(type=reg)	ook	
zich	PD(type=refl,position=free)	zich	
iets	PD(type=indef,position=free)	iets	
aanmatigen	VRB(finiteness=inf)	aanmatigen	
),	PC	),	



Waar	ADV(type=reg)	waar	
een	PD(type=indef,subtype=art,position=prenom)	een	
klein	AA(degree=pos,position=prenom)	klein	
kind	NOU-C(number=sg)	kind	
in	ADP(type=pre)	in	
huis	NOU-C(number=sg)	huis	
is	VRB(finiteness=fin,tense=pres)	zijn	
,	PC	,	
trekt	VRB(finiteness=fin,tense=pres)	trekken	
dit	PD(type=d-p,position=free)	dit	
aldra	ADV(type=reg)	aldra	
de	PD(type=d-p,subtype=art,position=prenom)	de	
aandacht	NOU-C(number=sg)	aandacht	
,	PC	,	



In	ADP(type=pre)	in	
sommige	PD(type=indef,position=free)	sommig	
bespeurt	VRB(finiteness=fin,tense=pres)	bespeuren	
men	PD(type=pers,position=free)	men	
witte	AA(degree=pos,position=prenom)	wit	
draden	NOU-C(number=pl)	draad	
;	PC	;	
maar	CONJ(type=coor)	maar	
het	PD(type=pers,position=free)	het	
is	VRB(finiteness=fin,tense=pres)	zijn	
twijfelachtig	AA(degree=pos,position=free)	twijfelachtig	
,	PC	,	
of	CONJ(type=sub)	of	
zulks	PD(type=d-p,position=free)	zulks	
zenuwdraden	NOU-C(number=pl)	zenuwdraad	
dan	CONJ(type=coor)	dan	
wel	ADV(type=reg)	wel	
trekkers	NOU-C(number=pl)	trekker	
van	ADP(type=pre)	van	
spieren	NOU-C(number=pl)	spier	
zijn	VRB(finiteness=fin,tense=pres)	zijn	
,	PC	,	



De	PD(type=d-p,subtype=art,position=prenom)	de	
groote	AA(degree=pos,position=prenom)	groot	
Stroohoed	NOU-C(number=sg)	strohoed	
…	PC	…	
is	VRB(finiteness=fin,tense=pres)	zijn	
voorbedachtelijk	AA(degree=pos,position=free)	voorbedachtelijk	
zo	ADV(type=reg)	zo	
gesteld	VRB(finiteness=pastpart)	stellen	
,	PC	,	
op	CONJ(type=sub)	opdat	mw_177912
dat	CONJ(type=sub)	opdat	mw_177912
men	PD(type=pers,position=free)	men	
de	PD(type=d-p,subtype=art,position=prenom)	de	
glad	AA(degree=pos,position=prenom)	gladgestreken	mw_971502
gestrekene	AA(degree=pos,position=prenom)	gladgestreken	mw_971502
Trekmuts	NOU-C(number=sg)	trekmuts	
zien	VRB(finiteness=inf)	zien	
zal	VRB(finiteness=fin,tense=pres)	zullen	
,	PC	,	



Trimmel	NOU-C(number=sg)	tremel	
.	PC	.	
Wanmolen	NOU-C(number=sg)	wanmolen	
met	ADP(type=pre)	met	
eene	PD(type=indef,subtype=art,position=prenom)	een	
soort	NOU-C(number=sg)	soort	
van	ADP(type=pre)	van	
fatouwe	NOU-C(number=sg)	fatouw	
waar	ADV(type=pron)	waardoor	mw_829450
het	PD(type=d-p,subtype=art,position=prenom)	het	
graan	NOU-C(number=sg)	graan	
door	ADV(type=pron)	waardoor	mw_829450
valt	VRB(finiteness=fin,tense=pres)	vallen	
in	ADP(type=pre)	in	
eenen	PD(type=indef,subtype=art,position=prenom)	een	
bak	NOU-C(number=sg)	bak	
,	PC	,	
terwijl	CONJ(type=sub)	terwijl	
de	PD(type=d-p,subtype=art,position=prenom)	de	
grove	AA(degree=pos,position=prenom)	grof	
krensen	NOU-C(number=pl)	krense	
over	ADP(type=pre)	over	
de	PD(type=d-p,subtype=art,position=prenom)	de	
fatouwe	NOU-C(number=sg)	fatouw	
wegschuiven	VRB(finiteness=fin,tense=pres)	wegschuiven	
in	ADP(type=pre)	in	
eenen	PD(type=indef,subtype=art,position=prenom)	een	
anderen	PD(type=indef,subtype=oth,position=prenom)	ander	
bak	NOU-C(number=sg)	bak	
,	PC	,	
en	CONJ(type=coor)	en	
dat	CONJ(type=sub)	dat	
het	PD(type=d-p,subtype=art,position=prenom)	het	
kaf	NOU-C(number=sg)	kaf	
door	ADP(type=pre)	door	
den	PD(type=d-p,subtype=art,position=prenom)	de	
wind	NOU-C(number=sg)	wind	
buitenstuift	ADV(type=reg)+VRB(finiteness=fin,tense=pres)	buiten+stuiven	
,	PC	,	



Een	NUM(type=card,position=free,representation=let)	een	
uit	ADP(type=pre)	uit	
dat	PD(type=d-p,subtype=oth,position=prenom)	dat	
geslacht	NOU-C(number=sg)	geslacht	
,	PC	,	
hetwelk	PD(type=w-p,position=free)	hetwelk	
zich	PD(type=refl,position=free)	zich	
zulk	PD(type=d-p,position=free)	zulk	
een	PD(type=indef,subtype=art,position=prenom)	een	
treurige	AA(degree=pos,position=prenom)	treurig	
vermaardheid	NOU-C(number=sg)	vermaardheid	
in	ADP(type=pre)	in	
de	PD(type=d-p,subtype=art,position=prenom)	de	
geschiedenis	NOU-C(number=sg)	geschiedenis	
der	PD(type=d-p,subtype=art,position=prenom)	de	
Joden	NOU-C(number=pl)	Jood	
…	PC	…	
verworven	VRB(finiteness=pastpart)	verwerven	
heeft	VRB(finiteness=fin,tense=pres)	hebben	
,	PC	,	



Treuzel	NOU-C(number=sg)	treuzel	
.	PC	.	
Voyez	RES(type=for)	voyez	
Trijsel	NOU-C(number=sg)	trijzel	



Zoo	ADV(type=reg)	zo	
lomp	AA(degree=pos,position=free)	lomp	
als	CONJ(type=sub)	als	
een	PD(type=indef,subtype=art,position=prenom)	een	
triekbal	NOU-C(number=sg)	trikebal	
,	PC	,	
uit	ADP(type=pre)	uit	
der	PD(type=d-p,subtype=art,position=prenom)	de	
mate	NOU-C(number=sg)	maat	
lomp	AA(degree=pos,position=free)	lomp	
,	PC	,	



In	ADP(type=pre)	in	
den	PD(type=d-p,subtype=art,position=prenom)	de	
heilgen	AA(degree=pos,position=prenom)	heilig	
strijd	NOU-C(number=sg)	strijd	
der	PD(type=d-p,subtype=art,position=prenom)	de	
Vrijheid	NOU-C(number=sg)	vrijheid	
,	PC	,	
tachtig	NUM(type=card,position=prenom,representation=let)	tachtig	
jaar	NOU-C(number=sg)	jaar	
,	PC	,	
Triumfelijk	AA(degree=pos,position=free)	triomfelijk	
gevoerd	VRB(finiteness=pastpart)	voeren	
voor	ADP(type=pre)	voor	
haardstede	NOU-C(number=sg)	haardstede	
en	CONJ(type=coor)	en	
altaar	NOU-C(number=sg)	altaar	
,	PC	,	
Zag	VRB(finiteness=fin,tense=past)	zien	
de	PD(type=d-p,subtype=art,position=prenom)	de	
aarde	NOU-C(number=sg)	aarde	
een	PD(type=indef,subtype=art,position=prenom)	een	
school	NOU-C(number=sg)	school	
der	PD(type=d-p,subtype=art,position=prenom)	de	
deugd	NOU-C(number=sg)	deugd	
op	ADP(type=pre)	op	
onzen	PD(type=poss,position=prenom)	ons	
grond	NOU-C(number=sg)	grond	
verheven	VRB(finiteness=pastpart)	verheffen	
,	PC	,	



—	PC	—	
Zijn	PD(type=poss,position=prenom)	zijn	
stukje	NOU-C(number=sg)	stukje	
—	PC	—	
het	PD(type=pers,position=free)	het	
is	VRB(finiteness=fin,tense=pres)	zijn	
ditmaal	ADV(type=reg)	ditmaal	
eene	PD(type=indef,subtype=art,position=prenom)	een	
keukenmeid	NOU-C(number=sg)	keukenmeid	
,	PC	,	
die	PD(type=d-p,position=free)	die	
een	PD(type=indef,subtype=art,position=prenom)	een	
koperen	AA(degree=pos,position=prenom)	koperen	
emmer	NOU-C(number=sg)	emmer	
schuurt	VRB(finiteness=fin,tense=pres)	schuren	
—	PC	—	
zal	VRB(finiteness=fin,tense=pres)	zullen	
wel	ADV(type=reg)	wel	
weer	ADV(type=reg)	weder	
slecht	AA(degree=pos,position=free)	slecht	
geplaatst	AA(degree=pos,position=free)	geplaatst	
zijn	VRB(finiteness=inf)	zijn	
—	PC	—	
zeker	AA(degree=pos,position=free)	zeker	
te	ADV(type=reg)	te	
hoog	AA(degree=pos,position=free)	hoog	
of	CONJ(type=coor)	of	
te	ADV(type=reg)	te	
laag	AA(degree=pos,position=free)	laag	
voor	ADP(type=pre)	voor	
menschelijke	AA(degree=pos,position=prenom)	menselijk	
beschouwing	NOU-C(number=sg)	beschouwing	
…	PC	…	
Nutteloos	AA(degree=pos,position=free)	nutteloos	
staat	VRB(finiteness=fin,tense=pres)	staan	
deze	PD(type=d-p,subtype=oth,position=prenom)	deze	
Apelles	NOU-P	Apelles	
op	ADP(type=pre)	op	
wacht	NOU-C(number=sg)	wacht	
;	PC	;	
zoomin	ADV(type=reg)	zomin	
de	PD(type=d-p,subtype=art,position=prenom)	de	
tripjes	NOU-C(number=pl)	tripje	
,	PC	,	
als	CONJ(type=sub)	als	
de	PD(type=d-p,subtype=art,position=prenom)	de	
voet	NOU-C(number=sg)	voet	
van	ADP(type=pre)	van	
zijne	PD(type=poss,position=prenom)	zijn	
keukenmeid	NOU-C(number=sg)	keukenmeid	
worden	VRB(finiteness=fin,tense=pres)	worden	
beoordeeld	VRB(finiteness=pastpart)	beoordelen	
!	PC	!	



Authentiseren	VRB(finiteness=inf)	authentiseren	
,	PC	,	
echt	AA(degree=pos,position=free)	echt	
-,	PC	-,	
geloofwaardig	AA(degree=pos,position=free)	geloofwaardig	
-,	PC	-,	
geldig	AA(degree=pos,position=free)	geldig	
-,	PC	-,	
zeker	AA(degree=pos,position=free)	zeker	
maken	VRB(finiteness=inf)	maken	
,	PC	,	



Een	PD(type=indef,subtype=art,position=prenom)	een	
Arabisch	AA(degree=pos,position=prenom)	Arabisch	
dichtstuk	NOU-C(number=sg)	dichtstuk	
gelijkt	VRB(finiteness=fin,tense=pres)	lijken	
naar	ADP(type=pre)	naar	
een	PD(type=indef,subtype=art,position=prenom)	een	
snoer	NOU-C(number=sg)	snoer	
paarlen	NOU-C(number=pl)	parel	
,	PC	,	
doch	CONJ(type=coor)	doch	
waar	ADV(type=reg)	waar	
groote	AA(degree=pos,position=prenom)	groot	
en	CONJ(type=coor)	en	
kleine	AA(degree=pos,position=prenom)	klein	
,	PC	,	
schitterende	AA(degree=pos,position=prenom)	schitterend	
en	CONJ(type=coor)	en	
doffe	AA(degree=pos,position=prenom)	dof	
,	PC	,	
zuivere	AA(degree=pos,position=prenom)	zuiver	
en	CONJ(type=coor)	en	
troebele	AA(degree=pos,position=prenom)	troebel	
,	PC	,	
als	CONJ(type=sub)	als	
bij	ADP(type=pre)	bij	
toeval	NOU-C(number=sg)	toeval	
,	PC	,	
naast	ADP(type=pre)	naast	
elkander	PD(type=recip,position=free)	elkander	
zijn	VRB(finiteness=fin,tense=pres)	zijn	
geregen	VRB(finiteness=pastpart)	rijgen	
,	PC	,	



Het	PD(type=pers,position=free)	het	
voege	VRB(finiteness=fin,tense=pres)	voegen	
Messala	NOU-P	Messala	
,	PC	,	
dat	CONJ(type=sub)	dat	
hy	PD(type=pers,position=free)	hij	
den	PD(type=d-p,subtype=art,position=prenom)	de	
zegeprael	NOU-C(number=sg)	zegepraal	
te	ADP(type=pre)	te	
water	NOU-C(number=sg)	water	
en	CONJ(type=coor)	en	
te	ADP(type=pre)	te	
lande	NOU-C(number=sg)	land	
op	ADP(type=pre)	op	
't	PD(type=d-p,subtype=art,position=prenom)	het	
vyandsheir	NOU-C(number=sg)	vijandsheer	
behael	VRB(finiteness=fin,tense=pres)	behalen	
'	PC	'	
En	CONJ(type=coor)	en	
bloedige	AA(degree=pos,position=prenom)	bloedig	
trofeên	NOU-C(number=pl)	trofee	
aen	ADP(type=pre)	aan	
zyn	PD(type=poss,position=prenom)	zijn	
paleis	NOU-C(number=sg)	paleis	
zie	VRB(finiteness=fin,tense=pres)	zien	
hangen	VRB(finiteness=inf)	hangen	
,	PC	,	
My	PD(type=pers,position=free)	ik	
houde	VRB(finiteness=fin,tense=pres)	houden	
een	PD(type=indef,subtype=art,position=prenom)	een	
meisjen	NOU-C(number=sg)	meisje	
in	ADP(type=pre)	in	
haer	PD(type=poss,position=prenom)	haar	
liefdeboei	NOU-C(number=sg)	liefdeboei	
gevangen	VRB(finiteness=pastpart)	vangen	
,	PC	,	



Als	CONJ(type=sub)	als	
men	PD(type=pers,position=free)	men	
het	PD(type=d-p,subtype=art,position=prenom)	het	
met	ADP(type=pre)	met	
een	PD(type=indef,subtype=art,position=prenom)	een	
Militair	AA(degree=pos,position=prenom)	militair	
oog	NOU-C(number=sg)	oog	
beziet	VRB(finiteness=fin,tense=pres)	bezien	
,	PC	,	
en	CONJ(type=coor)	en	
trompen	NOU-C(number=pl)	tromp	
van	ADP(type=pre)	van	
Kanon	NOU-C(number=sg)	kanon	
tot	ADP(type=pre)	tot	
aanval	NOU-C(number=sg)	aanval	
of	CONJ(type=coor)	of	
verdediging	NOU-C(number=sg)	verdediging	
vindt	VRB(finiteness=fin,tense=pres)	vinden	
,	PC	,	
waar	ADV(type=reg)	waar	
voormaals	ADV(type=reg)	voormaals	
slechts	ADV(type=reg)	slechts	
eene	PD(type=indef,subtype=art,position=prenom)	een	
gebijtelde	AA(degree=pos,position=prenom)	gebijteld	
trophée	NOU-C(number=sg)	trofee	
of	CONJ(type=coor)	of	
ander	PD(type=indef,subtype=oth,position=prenom)	ander	
snijwerk	NOU-C(number=sg)	snijwerk	
te	ADP(type=pre)	te	
vinden	VRB(finiteness=inf)	vinden	
was	VRB(finiteness=fin,tense=past)	zijn	
,	PC	,	
zal	VRB(finiteness=fin,tense=pres)	zullen	
men	PD(type=pers,position=free)	men	
ras	AA(degree=pos,position=free)	ras	
dit	PD(type=d-p,subtype=oth,position=prenom)	dit	
nuttige	NOU-C(number=sg)	nuttige	
boven	ADP(type=pre)	boven	
het	PD(type=d-p,subtype=art,position=prenom)	het	
fraaije	NOU-C(number=sg)	fraaie	
weten	VRB(finiteness=inf)	weten	
te	ADP(type=pre)	te	
stellen	VRB(finiteness=inf)	stellen	
,	PC	,	



Hij	PD(type=pers,position=free)	hij	
speelde	VRB(finiteness=fin,tense=past)	spelen	
noch	CONJ(type=coor)	noch	
klephoorn	NOU-C(number=sg)	klephoorn	
,	PC	,	
noch	CONJ(type=coor)	noch	
trombonne	NOU-C(number=sg)	trombone	
,	PC	,	
noch	CONJ(type=coor)	noch	
ophiclëide	NOU-C(number=sg)	ophiclëide	
,	PC	,	



Het	PD(type=d-p,subtype=art,position=prenom)	het	
voorbeeld	NOU-C(number=sg)	voorbeeld	
van	ADP(type=pre)	van	
den	PD(type=d-p,subtype=art,position=prenom)	de	
voorlaatsten	AA(degree=pos,position=prenom)	voorlaatst	
stagiaire	NOU-C(number=sg)	stagiaire	
,	PC	,	
die	PD(type=d-p,position=free)	die	
in	ADP(type=pre)	in	
de	PD(type=d-p,subtype=art,position=prenom)	de	
studie	NOU-C(number=sg)	studie	
…	PC	…	
muziekboeken	NOU-C(number=pl)	muziekboek	
meebracht	VRB(finiteness=fin,tense=past)	medebrengen	
,	PC	,	
en	CONJ(type=coor)	en	
in	ADP(type=pre)	in	
de	PD(type=d-p,subtype=art,position=prenom)	de	
afwezigheid	NOU-C(number=sg)	afwezigheid	
van	ADP(type=pre)	van	
Mr.	NOU-C(number=sg,WF=abbr)	meester	
A	NOU-P(WF=abbr)	A.	
.,	PC	.,	
op	ADP(type=pre)	op	
de	PD(type=d-p,subtype=art,position=prenom)	de	
tafel	NOU-C(number=sg)	tafel	
deuntjes	NOU-C(number=pl)	deuntje	
trommelde	VRB(finiteness=fin,tense=past)	trommelen	
en	CONJ(type=coor)	en	
romancen	NOU-C(number=pl)	romance	
zong	VRB(finiteness=fin,tense=past)	zingen	
,	PC	,	



Trommel-stok	NOU-C(number=sg)	trommelstok	
op	ADP(type=pre)	op	
een	PD(type=indef,subtype=art,position=prenom)	een	
steng	NOU-C(number=sg)	steng	
.	PC	.	
…	PC	…	
Flagstaff	RES(type=for)	flagstaff	
at	RES(type=for)	at	
the	RES(type=for)	the	
mast	RES(type=for)	mast	
head	RES(type=for)	head	
,	PC	,	



ô	INT	o	
Winter	NOU-C(number=sg)	winter	
,	PC	,	
die	PD(type=d-p,position=free)	die	
uw	PD(type=poss,position=prenom)	uw	
'	PC	'	
troon	NOU-C(number=sg)	troon	
op	ADP(type=pre)	op	
ijsgevaarten	NOU-C(number=pl)	ijsgevaarte	
sticht	VRB(finiteness=fin,tense=pres)	stichten	
,	PC	,	



Het	PD(type=pers,position=free)	het	
is	VRB(finiteness=fin,tense=pres)	zijn	
een	PD(type=indef,subtype=art,position=prenom)	een	
ellendige	AA(degree=pos,position=prenom)	ellendig	
troost	NOU-C(number=sg)	troost	
,	PC	,	
dat	CONJ(type=sub)	dat	
er	ADV(type=reg)	er	
meer	PD(type=indef,subtype=oth,position=prenom)	meer	
ellendigen	NOU-C(number=pl)	ellendige	
zijn	VRB(finiteness=fin,tense=pres)	zijn	
,	PC	,	



De	PD(type=d-p,subtype=art,position=prenom)	de	
voet	NOU-C(number=sg)	voet	
…	PC	…	
was	VRB(finiteness=fin,tense=past)	zijn	
gezwollen	VRB(finiteness=pastpart)	zwellen	
aan	ADP(type=pre)	aan	
den	PD(type=d-p,subtype=art,position=prenom)	de	
enkel	NOU-C(number=sg)	enkel	
,	PC	,	
maar	CONJ(type=coor)	maar	
de	PD(type=d-p,subtype=art,position=prenom)	de	
teenen	NOU-C(number=pl)	teen	
konden	VRB(finiteness=fin,tense=past)	kunnen	
bewegen	VRB(finiteness=inf)	bewegen	
,	PC	,	
het	PD(type=pers,position=free)	het	
zou	VRB(finiteness=fin,tense=past)	zullen	
niets	PD(type=indef,position=free)	niets	
zijn	VRB(finiteness=inf)	zijn	
,	PC	,	
troostte	VRB(finiteness=fin,tense=past)	troosten	
R.	NOU-P(WF=abbr)	R.	
weder	ADV(type=reg)	weder	
,	PC	,	



Het	PD(type=pers,position=free)	het	
was	VRB(finiteness=fin,tense=past)	zijn	
dat	PD(type=d-p,subtype=oth,position=prenom)	dat	
lied	NOU-C(number=sg)	lied	
,	PC	,	
gelijk	CONJ(type=sub)	gelijk	
hy	PD(type=pers,position=free)	hij	
zelf	PD(type=d-p,position=free)	zelf	
,	PC	,	
vermaard	VRB(finiteness=pastpart)	vermaren	
,	PC	,	
…	PC	…	
En	CONJ(type=coor)	en	
aangestemd	VRB(finiteness=pastpart)	aanstemmen	
waar	ADV(type=reg)	waar	
immer	ADV(type=reg)	immer	
Joden	NOU-C(number=pl)	Jood	
zwerven	VRB(finiteness=fin,tense=pres)	zwerven	
.	PC	.	



Hoeveel	PD(type=indef,subtype=oth,position=prenom)	hoeveel	
personen	NOU-C(number=pl)	persoon	
hebben	VRB(finiteness=fin,tense=pres)	hebben	
zich	PD(type=refl,position=free)	zich	
voor	ADP(type=pre)	voor	
die	PD(type=d-p,subtype=oth,position=prenom)	die	
betrekking	NOU-C(number=sg)	betrekking	
bij	ADP(type=pre)	bij	
het	PD(type=d-p,subtype=art,position=prenom)	het	
Bestuur	NOU-C(number=sg)	bestuur	
aangegeven	VRB(finiteness=pastpart)	aangeven	
?	PC	?	
Niet	ADV(type=reg)	niet	
allen	PD(type=indef,position=free)	al	
,	PC	,	
die	PD(type=d-p,position=free)	die	
zich	PD(type=refl,position=free)	zich	
aangegeven	VRB(finiteness=pastpart)	aangeven	
hebben	VRB(finiteness=fin,tense=pres)	hebben	
,	PC	,	
worden	VRB(finiteness=fin,tense=pres)	worden	
tot	ADP(type=pre)	tot	
het	PD(type=d-p,subtype=art,position=prenom)	het	
vergelijkend	AA(degree=pos,position=prenom)	vergelijkend	
examen	NOU-C(number=sg)	examen	
toegelaten	VRB(finiteness=pastpart)	toelaten	
.	PC	.	
Ik	PD(type=pers,position=free)	ik	
heb	VRB(finiteness=fin,tense=pres)	hebben	
mij	PD(type=refl,position=free)	mij	
bij	ADP(type=pre)	bij	
het	PD(type=d-p,subtype=art,position=prenom)	het	
zanggezelschap	NOU-C(number=sg)	zanggezelschap	
aangegeven	VRB(finiteness=pastpart)	aangeven	
(	PC	(	
om	ADP(type=pre)	om	
lid	NOU-C(number=sg)	lid	
te	ADP(type=pre)	te	
worden	VRB(finiteness=inf)	worden	
).	PC	).	



