Dewyl	CONJ(type=sub)	dewijl	
ik	PD(type=pers,position=free)	ik	
my	PD(type=refl,position=free)	mij	
nu	ADV(type=reg)	nu	
soo	ADV(type=reg)	zo	
geweldigh	AA(degree=pos,position=free)	geweldig	
gehaast	VRB(finiteness=pastpart)	haasten	
,	PC	,	
en	CONJ(type=coor)	en	
myn	PD(type=poss,position=prenom)	mijn	
lichchaam	NOU-C(number=sg)	lichaam	
naauwelyks	ADV(type=reg)	nauwelijks	
tydts	NOU-C(number=sg)	tijd	
ghenoeg	PD(type=indef,position=postnom)	genoeg	
tot	ADP(type=pre)	tot	
rusten	NOU-C(number=sg)	rusten	
vergund	VRB(finiteness=pastpart)	vergunnen	
had	VRB(finiteness=fin,tense=past)	hebben	
,	PC	,	
viel	VRB(finiteness=fin,tense=past)	vallen	
ik	PD(type=pers,position=free)	ik	
op	ADP(type=pre)	op	
den	PD(type=d-p,subtype=art,position=prenom)	de	
avond	NOU-C(number=sg)	avond	
van	ADP(type=pre)	van	
den	PD(type=d-p,subtype=art,position=prenom)	de	
darden	NUM(type=ord,position=prenom,representation=let)	derde	
dag	NOU-C(number=sg)	dag	
,	PC	,	
wanneer	CONJ(type=sub)	wanneer	
ik	PD(type=pers,position=free)	ik	
ontrent	ADP(type=pre)	omtrent	
ses	NUM(type=card,position=prenom,representation=let)	zes	
uuren	NOU-C(number=pl)	uur	
na	ADP(type=pre)	na	
bed	NOU-C(number=sg)	bed	
ging	VRB(finiteness=fin,tense=past)	gaan	
,	PC	,	
om	ADP(type=pre)	om	
des	PD(type=d-p,subtype=art,position=prenom)	de	
anderen	NUM(type=ord,position=prenom,representation=let)	ander	
daags	NOU-C(number=sg)	dag	
te	ADV(type=reg)	te	
frisscher	AA(degree=comp,position=free)	fris	
te	ADP(type=pre)	te	
zyn	VRB(finiteness=inf)	zijn	
,	PC	,	
so	ADV(type=reg)	zo	
vast	AA(degree=pos,position=free)	vast	
in	ADP(type=pre)	in	
slaap	NOU-C(number=sg)	slaap	
dat	CONJ(type=sub)	dat	
de	PD(type=d-p,subtype=art,position=prenom)	de	
slag	NOU-C(number=sg)	slag	
van	ADP(type=pre)	van	
soodanigh	PD(type=d-p,position=free)	zodanig	
een	PD(type=indef,subtype=art,position=prenom)	een	
Bombe	NOU-C(number=sg)	bom	
,	PC	,	
als	CONJ(type=sub)	als	
Barend	NOU-P	Barend	
in	ADP(type=pre)	in	
Groeningen	NOU-P	Groningen	
gooide	VRB(finiteness=fin,tense=past)	gooien	
,	PC	,	
al	CONJ(type=sub)	al	
had	VRB(finiteness=fin,tense=past)	hebben	
se	PD(type=pers,position=free)	zij	
selfs	ADV(type=reg)	zelfs	
nevens	ADP(type=pre)	nevens	
myn	PD(type=poss,position=prenom)	mijn	
bet	NOU-C(number=sg)	bed	
komen	VRB(finiteness=inf)	komen	
neervallen	VRB(finiteness=inf)	nedervallen	
,	PC	,	
niet	ADV(type=reg)	niet	
machtig	AA(degree=pos,position=free)	machtig	
ghenoeg	ADV(type=reg)	genoeg	
gheweest	VRB(finiteness=pastpart)	zijn	
soude	VRB(finiteness=fin,tense=past)	zullen	
zyn	VRB(finiteness=inf)	zijn	
om	ADP(type=pre)	om	
my	PD(type=pers,position=free)	ik	
t	ADP(type=pre)	te	
'	PC	'	
ontwaacken	VRB(finiteness=inf)	ontwaken	
.	PC	.	

Even	AA(degree=pos,position=free)	even	
had	VRB(finiteness=fin,tense=past)	hebben	
myn	PD(type=poss,position=prenom)	mijn	
Leidsman	NOU-C(number=sg)	leidsman	
zyn	PD(type=poss,position=prenom)	zijn	
wonderlyke	AA(degree=pos,position=prenom)	wonderlijk	
verrekyker	NOU-C(number=sg)	verrekijker	
weer	ADV(type=reg)	weder	
weg	VRB(finiteness=pastpart)	wegsteken	mw_228
gestoken	VRB(finiteness=pastpart)	wegsteken	mw_228
,	PC	,	
wanneer	CONJ(type=sub)	wanneer	
ik	PD(type=pers,position=free)	ik	
de	PD(type=d-p,subtype=art,position=prenom)	de	
Meid	NOU-C(number=sg)	meid	
stilletjes	AA(degree=pos,position=free)	stilletjes	
tegen	ADP(type=pre)	tegen	
de	PD(type=d-p,subtype=art,position=prenom)	de	
waardin	NOU-C(number=sg)	waardin	
hoorde	VRB(finiteness=fin,tense=past)	horen	
zeggen	VRB(finiteness=inf)	zeggen	
,	PC	,	
dat	CONJ(type=sub)	dat	
Izabel	NOU-P	Izabel	
weer	ADV(type=reg)	weder	
uit	ADP(type=pre)	uit	
Braband	NOU-P	Brabant	
gekomen	VRB(finiteness=pastpart)	komen	
was	VRB(finiteness=fin,tense=past)	zijn	
,	PC	,	
en	CONJ(type=coor)	en	
dat	CONJ(type=sub)	dat	
zy	PD(type=pers,position=free)	zij	
haar	PD(type=pers,position=free)	zij	
in	ADP(type=pre)	in	
de	PD(type=d-p,subtype=art,position=prenom)	de	
binne-kamer	NOU-C(number=sg)	binnenkamer	
met	ADP(type=pre)	met	
drie	NUM(type=card,position=prenom,representation=let)	drie	
Vrouwluy	NOU-C(number=pl)	vrouwlieden	
stond	VRB(finiteness=fin,tense=past)	staan	
te	ADP(type=pre)	te	
wagten	VRB(finiteness=inf)	wachten	
.	PC	.	

Dat	PD(type=d-p,position=free)	dat	
zyn	VRB(finiteness=fin,tense=pres)	zijn	
die	PD(type=d-p,subtype=oth,position=prenom)	die	
Juffertjes	NOU-C(number=pl)	juffertje	
,	PC	,	
zei	VRB(finiteness=fin,tense=past)	zeggen	
myn	PD(type=poss,position=prenom)	mijn	
Leidsman	NOU-C(number=sg)	leidsman	
,	PC	,	
daar	ADV(type=pron)	daaraf	mw_99
gy	PD(type=pers,position=free)	gij	
in	ADP(type=pre)	in	
de	PD(type=d-p,subtype=art,position=prenom)	de	
Schuyt	NOU-C(number=sg)	schuit	
af	ADV(type=pron)	daaraf	mw_99
hebt	VRB(finiteness=fin,tense=pres)	hebben	
hooren	VRB(finiteness=inf)	horen	
spreekan	VRB(finiteness=inf,WF=mis)	spreken	
.	PC	.	

'k	PD(type=pers,position=free)	ik	
Meende	VRB(finiteness=fin,tense=past)	menen	
,	PC	,	
dat	CONJ(type=sub)	dat	
'	PC	'	
er	ADV(type=reg)	er	
vier	NUM(type=card,position=free,representation=let)	vier	
komen	VRB(finiteness=inf)	komen	
zouden	VRB(finiteness=fin,tense=past)	zullen	
,	PC	,	
zeid	VRB(finiteness=fin,tense=past)	zeggen	
ik	PD(type=pers,position=free)	ik	
.	PC	.	

Gy	PD(type=pers,position=free)	gij	
sult	VRB(finiteness=fin,tense=pres)	zullen	
de	PD(type=d-p,subtype=art,position=prenom)	de	
reden	NOU-C(number=sg)	reden	
wel	ADV(type=reg)	wel	
hooren	VRB(finiteness=inf)	horen	
,	PC	,	
hernam	VRB(finiteness=fin,tense=past)	hernemen	
hy	PD(type=pers,position=free)	hij	
waarom	ADV(type=pron)	waarom	
de	PD(type=d-p,subtype=art,position=prenom)	de	
vierde	NOU-C(number=sg)	vierde	
achter	VRB(finiteness=pastpart)	achterblijven	mw_17
gebleven	VRB(finiteness=pastpart)	achterblijven	mw_17
is	VRB(finiteness=fin,tense=pres)	zijn	
;	PC	;	
en	CONJ(type=coor)	en	
hier	ADV(type=pron)	hierop	mw_241
op	ADV(type=pron)	hierop	mw_241
na	ADP(type=pre)	na	
de	PD(type=d-p,subtype=art,position=prenom)	de	
andere	NUM(type=ord,position=prenom,representation=let)	ander	
Kamer	NOU-C(number=sg)	kamer	
stappende	VRB(finiteness=prespart)	stappen	
,	PC	,	
daar	ADV(type=reg)	daar	
ik	PD(type=pers,position=free)	ik	
hier	ADV(type=pron)	hiervoor	mw_242
voor	ADV(type=pron)	hiervoor	mw_242
af	VRB(finiteness=pastpart)	afspreken	mw_46
gesproken	VRB(finiteness=pastpart)	afspreken	mw_46
heb	VRB(finiteness=fin,tense=pres)	hebben	
,	PC	,	
vonden	VRB(finiteness=fin,tense=past)	vinden	
wy	PD(type=pers,position=free)	wij	
daar	ADV(type=reg)	daar	
drie	NUM(type=card,position=prenom,representation=let)	drie	
Brabandsche	AA(degree=pos,position=prenom)	Brabants	
diertjes	NOU-C(number=pl)	diertje	
,	PC	,	
die	PD(type=d-p,position=free)	die	
op	ADP(type=pre)	op	
zyn	PD(type=poss,position=prenom)	zijn	
Juffers	NOU-C(number=pl)	juffers	
gehuld	VRB(finiteness=pastpart)	hullen	
waren	VRB(finiteness=fin,tense=past)	zijn	
,	PC	,	
met	ADP(type=pre)	met	
een	PD(type=indef,subtype=art,position=prenom)	een	
menigte	NOU-C(number=sg)	menigte	
van	ADP(type=pre)	van	
krulletjes	NOU-C(number=pl)	krulletje	
en	CONJ(type=coor)	en	
stricken	NOU-C(number=pl)	strik	
,	PC	,	
welke	PD(type=w-p,position=free)	welk	
echter	ADV(type=reg)	echter	
zoo	PD(type=indef,subtype=oth,position=prenom)	zoveel	mw_355
veel	PD(type=indef,subtype=oth,position=prenom)	zoveel	mw_355
vermogen	NOU-C(number=sg)	vermogen	
niet	ADV(type=reg)	niet	
en	ADV(type=reg)	ne	
hadden	VRB(finiteness=fin,tense=past)	hebben	
om	ADP(type=pre)	om	
hun	PD(type=poss,position=prenom)	hun	
tronyen	NOU-C(number=pl)	tronie	
wat	ADV(type=reg)	wat	
goelyker	AA(degree=comp,position=free)	goelijk	
als	CONJ(type=sub)	als	
gemeen	AA(degree=pos,position=free)	gemeen	
te	ADP(type=pre)	te	
doen	VRB(finiteness=inf)	doen	
schynen	VRB(finiteness=inf)	schijnen	
,	PC	,	
Vorders	ADV(type=reg)	voorders	
waren	VRB(finiteness=fin,tense=past)	zijn	
zy	PD(type=pers,position=free)	zij	
t	ADP(type=pre)	te	
'	PC	'	
eenemaal	NUM(type=card,position=prenom,representation=let)+NOU-C(number=sg)	een+maal	
op	ADP(type=pre)	op	
zyn	PD(type=poss,position=prenom)	zijn	
Brabands	NOU-C(number=sg)	Brabants	
gekleed	VRB(finiteness=pastpart)	kleden	
,	PC	,	
met	ADP(type=pre)	met	
lange	AA(degree=pos,position=prenom)	lang	
Hanzelingen	NOU-C(number=pl)	hanzeling	
aan	ADV(type=reg)	aan	
,	PC	,	
die	PD(type=d-p,position=free)	die	
door	ADP(type=pre)	door	
hun	PD(type=poss,position=prenom)	hun	
kaalheid	NOU-C(number=sg)	kaalheid	
wel	ADV(type=reg)	wel	
betoonden	VRB(finiteness=fin,tense=past)	betonen	
,	PC	,	
dat	CONJ(type=sub)	dat	
ze	PD(type=pers,position=free)	zij	
al	ADV(type=reg)	al	
ettelyke	PD(type=indef,subtype=oth,position=prenom)	ettelijk	
tyd	NOU-C(number=sg)	tijd	
gedraagen	VRB(finiteness=pastpart)	dragen	
waaren	VRB(finiteness=fin,tense=past)	zijn	
geweest	VRB(finiteness=pastpart)	zijn	
.	PC	.	

Zoo	ADV(type=reg)	zo	
haast	AA(degree=pos,position=free)	haast	
de	PD(type=d-p,subtype=art,position=prenom)	de	
Waardin	NOU-C(number=sg)	waardin	
in	ADP(type=pre)	in	
de	PD(type=d-p,subtype=art,position=prenom)	de	
kamer	NOU-C(number=sg)	kamer	
trad	VRB(finiteness=fin,tense=past)	treden	
,	PC	,	
nam	VRB(finiteness=fin,tense=past)	nemen	
zy	PD(type=pers,position=free)	zij	
de	PD(type=d-p,subtype=art,position=prenom)	de	
kaars	NOU-C(number=sg)	kaars	
in	ADP(type=pre)	in	
de	PD(type=d-p,subtype=art,position=prenom)	de	
hand	NOU-C(number=sg)	hand	
,	PC	,	
en	CONJ(type=coor)	en	
bekeek	VRB(finiteness=fin,tense=past)	bekijken	
ze	PD(type=pers,position=free)	zij	
stuk	NOU-C(number=sg)	stuk	
voor	ADP(type=pre)	voor	
stuk	NOU-C(number=sg)	stuk	
van	ADP(type=pre)	van	
't	PD(type=d-p,subtype=art,position=prenom)	het	
hoofd	NOU-C(number=sg)	hoofd	
tot	ADP(type=pre)	tot	
de	PD(type=d-p,subtype=art,position=prenom)	de	
voeten	NOU-C(number=pl)	voet	
,	PC	,	
waar	ADV(type=pron)	waarna	mw_280
na	ADV(type=pron)	waarna	mw_280
zy	PD(type=pers,position=free)	zij	
vroeg	VRB(finiteness=fin,tense=past)	vragen	
waar	ADV(type=reg)	waar	
de	PD(type=d-p,subtype=art,position=prenom)	de	
vierde	NOU-C(number=sg)	vierde	
gebleven	VRB(finiteness=pastpart)	blijven	
was	VRB(finiteness=fin,tense=past)	zijn	
.	PC	.	

Die	PD(type=d-p,position=free)	die	
heb	VRB(finiteness=fin,tense=pres)	hebben	
ik	PD(type=pers,position=free)	ik	
ziek	AA(degree=pos,position=free)	ziek	
te	ADP(type=pre)	te	
Brussel	NOU-P	Brussel	
gelaaten	VRB(finiteness=pastpart)	laten	
,	PC	,	
antwoordde	VRB(finiteness=fin,tense=past)	antwoorden	
Izabel	NOU-P	Izabel	
;	PC	;	
maar	CONJ(type=coor)	maar	
zoo	ADV(type=reg)	zo	
haast	AA(degree=pos,position=free)	haast	
ze	PD(type=pers,position=free)	zij	
weer	ADV(type=reg)	weder	
gesond	AA(degree=pos,position=free)	gezond	
geworden	VRB(finiteness=pastpart)	worden	
is	VRB(finiteness=fin,tense=pres)	zijn	
sal	VRB(finiteness=fin,tense=pres)	zullen	
ze	PD(type=pers,position=free)	zij	
overkomen	VRB(finiteness=inf)	overkomen	
.	PC	.	

Zoose	CONJ(type=sub)+PD(type=pers,position=free)	zo+zij	
niet	ADV(type=reg)	niet	
mooyer	AA(degree=comp,position=free)	mooi	
is	VRB(finiteness=fin,tense=pres)	zijn	
,	PC	,	
als	CONJ(type=sub)	als	
deese	PD(type=d-p,subtype=oth,position=prenom)	deze	
drie	NUM(type=card,position=free,representation=let)	drie	
,	PC	,	
hernam	VRB(finiteness=fin,tense=past)	hernemen	
de	PD(type=d-p,subtype=art,position=prenom)	de	
Waardin	NOU-C(number=sg)	waardin	
,	PC	,	
soo	ADV(type=reg)	zo	
mag	VRB(finiteness=fin,tense=pres)	mogen	
se	PD(type=pers,position=free)	zij	
wel	ADV(type=reg)	wel	
in	ADP(type=pre)	in	
alle	PD(type=indef,subtype=oth,position=prenom)	al	
eeuwigheid	NOU-C(number=sg)	eeuwigheid	
achter	VRB(finiteness=inf)	achterblijven	mw_18
blyven	VRB(finiteness=inf)	achterblijven	mw_18
.	PC	.	

Zyn	VRB(finiteness=fin,tense=pres)	zijn	
dit	PD(type=d-p,position=free)	dit	
nu	ADV(type=reg)	nu	
die	PD(type=d-p,subtype=oth,position=prenom)	die	
schoone	AA(degree=pos,position=prenom)	schoon	
Meysjens	NOU-C(number=pl)	meisje	
,	PC	,	
vervolgde	VRB(finiteness=fin,tense=past)	vervolgen	
sy	PD(type=pers,position=free)	zij	
,	PC	,	
daar	ADV(type=pron)	daaraf	mw_47
gy	PD(type=pers,position=free)	gij	
so	ADV(type=reg)	zolang	mw_261
lang	ADV(type=reg)	zolang	mw_261
af	ADV(type=pron)	daaraf	mw_47
gerammeld	VRB(finiteness=pastpart)	rammelen	
hebt	VRB(finiteness=fin,tense=pres)	hebben	
;	PC	;	
en	CONJ(type=coor)	en	
heb	VRB(finiteness=fin,tense=pres)	hebben	
ik	PD(type=pers,position=free)	ik	
om	ADP(type=pre)	om	
deese	PD(type=d-p,subtype=oth,position=prenom)	deze	
naakte	AA(degree=pos,position=prenom)	naakt	
dieren	NOU-C(number=pl)	dier	
soo	PD(type=indef,subtype=oth,position=prenom)	zoveel	mw_321
veel	PD(type=indef,subtype=oth,position=prenom)	zoveel	mw_321
penningen	NOU-C(number=pl)	penning	
uitgeschooten	VRB(finiteness=pastpart)	uitschieten	
,	PC	,	
Maar	CONJ(type=coor)	maar	
ik	PD(type=pers,position=free)	ik	
docht	VRB(finiteness=fin,tense=past)	denken	
het	PD(type=pers,position=free)	het	
wel	ADV(type=reg)	wel	
,	PC	,	
in	ADP(type=pre)	in	
Braband	NOU-P	Brabant	
heet	VRB(finiteness=fin,tense=pres)	heten	
het	PD(type=pers,position=free)	het	
al	ADV(type=reg)	al	
mooy	AA(degree=pos,position=free)	mooi	
als	CONJ(type=sub)	als	
se	PD(type=pers,position=free)	zij	
maar	ADV(type=reg)	maar	
voor	ADP(type=pre)	voor	
O	INT	o	
gruwel	NOU-C(number=sg)	gruwel	
bewaard	VRB(finiteness=pastpart)	bewaren	
syn	VRB(finiteness=fin,tense=pres)	zijn	
.	PC	.	

Wat	PD(type=w-p,position=free)	wat	
duivel	NOU-C(number=sg)	duivel	
,	PC	,	
voegde	VRB(finiteness=fin,tense=past)	voegen	
sy	PD(type=pers,position=free)	zij	
daar	ADV(type=pron)	daarbij	mw_105
eindelyk	ADV(type=reg)	eindelijk	
met	ADP(type=pre)	met	
een	PD(type=indef,subtype=art,position=prenom)	een	
gram	AA(degree=pos,position=prenom)	gram	
gelaat	NOU-C(number=sg)	gelaat	
by	ADV(type=pron)	daarbij	mw_105
,	PC	,	
zal	VRB(finiteness=fin,tense=pres)	zullen	
ik	PD(type=pers,position=free)	ik	
met	ADP(type=pre)	met	
deese	PD(type=d-p,subtype=oth,position=prenom)	deze	
drie	NUM(type=card,position=prenom,representation=let)	drie	
Schepsels	NOU-C(number=pl)	schepsel	
nu	ADV(type=reg)	nu	
doen	VRB(finiteness=inf)	doen	
,	PC	,	
ze	PD(type=pers,position=free)	zij	
dienen	VRB(finiteness=fin,tense=pres)	dienen	
wel	ADV(type=reg)	wel	
van	ADP(type=pre)	van	
't	PD(type=d-p,subtype=art,position=prenom)	het	
hoofd	NOU-C(number=sg)	hoofd	
tot	ADP(type=pre)	tot	
de	PD(type=d-p,subtype=art,position=prenom)	de	
voeten	NOU-C(number=pl)	voet	
in	ADP(type=pre)	in	
de	PD(type=d-p,subtype=art,position=prenom)	de	
noppen	NOU-C(number=pl)	nop	
gesteken	VRB(finiteness=pastpart)	steken	
te	ADP(type=pre)	te	
worden	VRB(finiteness=inf)	worden	
,	PC	,	
en	CONJ(type=coor)	en	
ik	PD(type=pers,position=free)	ik	
kan	VRB(finiteness=fin,tense=pres)	kunnen	
'	PC	'	
er	ADV(type=reg)	er	
soo	PD(type=indef,subtype=oth,position=prenom)	zoveel	mw_322
veel	PD(type=indef,subtype=oth,position=prenom)	zoveel	mw_322
profijt	NOU-C(number=sg)	profijt	
niet	ADV(type=reg)	niet	
aansien	VRB(finiteness=inf)	aanzien	
.	PC	.	

Trek	VRB(finiteness=fin,tense=pres)	aantrekken	mw_10
die	PD(type=d-p,subtype=oth,position=prenom)	die	
kleyne	NOU-C(number=sg)	kleine	
,	PC	,	
liet	VRB(finiteness=fin,tense=past)	laten	
hy	PD(type=pers,position=free)	hij	
sig	PD(type=refl,position=free)	zich	
vorders	ADV(type=reg)	voorders	
hooren	VRB(finiteness=inf)	horen	
,	PC	,	
de	PD(type=d-p,subtype=art,position=prenom)	de	
geblomde	AA(degree=pos,position=prenom)	gebloemd	
Samaar	NOU-C(number=sg)	samaar	
van	ADP(type=pre)	van	
onse	PD(type=poss,position=prenom)	ons	
Anna	NOU-P	Anna Maria	mw_72
Maria	NOU-P	Anna Maria	mw_72
eens	ADV(type=reg)	eens	
aan	VRB(finiteness=fin,tense=pres)	aantrekken	mw_10
,	PC	,	
en	CONJ(type=coor)	en	
blanket	VRB(finiteness=fin,tense=pres)	blanketten	
haar	PD(type=pers,position=free)	zij	
een	PD(type=indef,subtype=art,position=prenom)	een	
weynigje	NOU-C(number=sg)	weinigje	
,	PC	,	
want	CONJ(type=coor)	want	
ze	PD(type=pers,position=free)	zij	
ziet	VRB(finiteness=fin,tense=pres)	eruitzien	mw_344
'	PC	'	
er	VRB(finiteness=fin,tense=pres)	eruitzien	mw_344
me	PD(type=pers,position=free)	ik	
soo	ADV(type=reg)	zo	
swart	AA(degree=pos,position=free)	zwart	
uit	VRB(finiteness=fin,tense=pres)	eruitzien	mw_344
;	PC	;	
en	CONJ(type=coor)	en	
breng	VRB(finiteness=fin,tense=pres)	brengen	
d	PD(type=d-p,subtype=art,position=prenom)	de	
'	PC	'	
ander	NUM(type=ord,position=prenom,representation=let)	ander	
twee	NUM(type=card,position=free,representation=let)	twee	
soo	ADV(type=reg)	zolang	mw_263
lang	ADV(type=reg)	zolang	mw_263
op	ADP(type=pre)	op	
d	PD(type=d-p,subtype=art,position=prenom)	de	
'	PC	'	
Achter-kamer	NOU-C(number=sg)	achterkamer	
,	PC	,	
wy	PD(type=pers,position=free)	wij	
zullen	VRB(finiteness=fin,tense=pres)	zullen	
morgen	ADV(type=reg)	morgen	
eens	ADV(type=reg)	eens	
sien	VRB(finiteness=inf)	zien	
,	PC	,	
wat	PD(type=w-p,position=free)	wat	
wy	PD(type=pers,position=free)	wij	
'	PC	'	
er	ADV(type=pron)	ermede	mw_200
mee	ADV(type=pron)	ermede	mw_200
doen	VRB(finiteness=inf)	doen	
zullen	VRB(finiteness=fin,tense=pres)	zullen	
.	PC	.	

Dit	PD(type=d-p,subtype=oth,position=prenom)	dit	
vonnis	NOU-C(number=sg)	vonnis	
deed	VRB(finiteness=fin,tense=past)	doen	
de	PD(type=d-p,subtype=art,position=prenom)	de	
twe	NUM(type=card,position=prenom,representation=let)	twee	
arme	AA(degree=pos,position=prenom)	arm	
Wurmen	NOU-C(number=pl)	worm	
soo	ADV(type=reg)	zo	
bang	AA(degree=pos,position=free)	bang	
zien	VRB(finiteness=inf)	zien	
,	PC	,	
als	CONJ(type=sub)	alsof	mw_65
of	CONJ(type=sub)	alsof	mw_65
se	PD(type=pers,position=free)	zij	
hardlyvig	AA(degree=pos,position=free)	hardlijvig	
waren	VRB(finiteness=fin,tense=past)	zijn	
geweest	VRB(finiteness=pastpart)	zijn	
maar	CONJ(type=coor)	maar	
wat	PD(type=w-p,position=free)	wat	
zoudense	VRB(finiteness=fin,tense=past)+PD(type=pers,position=free)	zullen+zij	
doen	VRB(finiteness=inf)	doen	
,	PC	,	
se	PD(type=pers,position=free)	zij	
waaren	VRB(finiteness=fin,tense=past)	zijn	
in	ADP(type=pre)	in	
een	PD(type=indef,subtype=art,position=prenom)	een	
vreemd	AA(degree=pos,position=prenom)	vreemd	
land	NOU-C(number=sg)	land	
,	PC	,	
daar	ADV(type=reg)	daar	
se	PD(type=pers,position=free)	zij	
niemand	PD(type=indef,position=free)	niemand	
en	ADV(type=reg)	ne	
kenden	VRB(finiteness=fin,tense=past)	kennen	
.	PC	.	

Izabel	NOU-P	Izabel	
vertrooste	VRB(finiteness=fin,tense=past)	vertroosten	
hen	PD(type=pers,position=free)	zij	
ondertusschen	ADV(type=reg)	ondertussen	
met	ADP(type=pre)	met	
te	ADP(type=pre)	te	
zeggen	VRB(finiteness=inf)	zeggen	
,	PC	,	
zoo	CONJ(type=sub)	zo	
de	PD(type=d-p,subtype=art,position=prenom)	de	
waardin	NOU-C(number=sg)	waardin	
hen	PD(type=pers,position=free)	zij	
niet	ADV(type=reg)	niet	
begeerde	VRB(finiteness=fin,tense=past)	begeren	
te	ADP(type=pre)	te	
houden	VRB(finiteness=inf)	houden	
,	PC	,	
dat	CONJ(type=sub)	dat	
zy	PD(type=pers,position=free)	zij	
se	PD(type=pers,position=free)	zij	
dan	ADV(type=reg)	dan	
des	PD(type=d-p,subtype=art,position=prenom)	de	
anderen	NUM(type=ord,position=prenom,representation=let)	ander	
daags	NOU-C(number=sg)	dag	
op	ADP(type=pre)	op	
een	PD(type=indef,subtype=art,position=prenom)	een	
andere	PD(type=indef,subtype=oth,position=prenom)	ander	
plaats	NOU-C(number=sg)	plaats	
zoude	VRB(finiteness=fin,tense=past)	zullen	
brengen	VRB(finiteness=inf)	brengen	
,	PC	,	
daar	ADV(type=reg)	daar	
de	PD(type=d-p,subtype=art,position=prenom)	de	
beste	AA(degree=sup,position=prenom)	best	
Heeren	NOU-C(number=pl)	heer	
van	ADP(type=pre)	van	
Amsterdam	NOU-P	Amsterdam	
kwamen	VRB(finiteness=fin,tense=past)	komen	
met	ADP(type=pre)	met	
noch	ADV(type=reg)	nog	
meer	PD(type=indef,subtype=oth,position=prenom)	meer	
diergelyke	PD(type=d-p,subtype=oth,position=prenom)	dergelijk	
troostredenen	NOU-C(number=pl)	troostrede	
,	PC	,	
daar	ADV(type=pron)	daarna	mw_101
wy	PD(type=pers,position=free)	wij	
niet	ADV(type=reg)	niet	
langer	AA(degree=comp,position=free)	lang	
na	ADV(type=pron)	daarna	mw_101
luisteren	VRB(finiteness=inf)	luisteren	
wilden	VRB(finiteness=fin,tense=past)	willen	
,	PC	,	

Zoo	ADV(type=reg)	zohaast	mw_369
haast	ADV(type=reg)	zohaast	mw_369
wy	PD(type=pers,position=free)	wij	
weer	ADV(type=reg)	weder	
in	ADP(type=pre)	in	
de	PD(type=d-p,subtype=art,position=prenom)	de	
Speelkamer	NOU-C(number=sg)	speelkamer	
getreeden	VRB(finiteness=pastpart)	treden	
waaren	VRB(finiteness=fin,tense=past)	zijn	
,	PC	,	
kreeg	VRB(finiteness=fin,tense=past)	krijgen	
ik	PD(type=pers,position=free)	ik	
twee	NUM(type=card,position=prenom,representation=let)	twee	
Boerinnetjes	NOU-C(number=pl)	boerinnetje	
in	ADP(type=pre)	in	
't	PD(type=d-p,subtype=art,position=prenom)	het	
oog	NOU-C(number=sg)	oog	
,	PC	,	
zittende	VRB(finiteness=prespart)	zitten	
nevens	ADP(type=pre)	nevens	
twee	NUM(type=card,position=prenom,representation=let)	twee	
Heeren	NOU-C(number=pl)	heer	
,	PC	,	
die	PD(type=d-p,position=free)	die	
meer	PD(type=indef,subtype=oth,position=prenom)	meer	
werks	NOU-C(number=sg)	werk	
van	ADP(type=pre)	van	
dese	PD(type=d-p,subtype=oth,position=prenom)	deze	
dieren	NOU-C(number=pl)	dier	
scheenen	VRB(finiteness=fin,tense=past)	schijnen	
te	ADP(type=pre)	te	
maaken	VRB(finiteness=inf)	maken	
,	PC	,	
al	CONJ(type=sub)	al	
van	ADP(type=pre)	van	
alle	PD(type=indef,position=free)	al	
de	PD(type=d-p,subtype=art,position=prenom)	de	
Juffertjes	NOU-C(number=pl)	juffertje	
;	PC	;	
want	CONJ(type=coor)	want	
zy	PD(type=pers,position=free)	zij	
dronken	VRB(finiteness=fin,tense=past)	drinken	
niet	ADV(type=reg)	niet	
als	CONJ(type=sub)	als	
roode	AA(degree=pos,position=prenom)	rood	
Wyn	NOU-C(number=sg)	wijn	
,	PC	,	
en	CONJ(type=coor)	en	
om	ADP(type=pre)	om	
de	PD(type=d-p,subtype=art,position=prenom)	de	
mond	NOU-C(number=sg)	mond	
ondertusschen	ADV(type=reg)	ondertussen	
wat	ADV(type=reg)	wat	
gaande	AA(degree=pos,position=free)	gaande	
te	ADP(type=pre)	te	
houden	VRB(finiteness=inf)	houden	
,	PC	,	
stond	VRB(finiteness=fin,tense=past)	staan	
'	PC	'	
er	ADV(type=reg)	er	
een	PD(type=indef,subtype=art,position=prenom)	een	
schootel	NOU-C(number=sg)	schotel	
met	ADP(type=pre)	met	
banket	NOU-C(number=sg)	banket	
voor	ADP(type=pre)	voor	
hen	PD(type=pers,position=free)	zij	
.	PC	.	

Echter	ADV(type=reg)	echter	
kond	VRB(finiteness=fin,tense=past)	kunnen	
ik	PD(type=pers,position=free)	ik	
niet	ADV(type=reg)	niet	
sien	VRB(finiteness=inf)	zien	
dat	CONJ(type=sub)	dat	
ze	PD(type=pers,position=free)	zij	
zeer	AA(degree=pos,position=free)	zeer	
mooy	AA(degree=pos,position=free)	mooi	
waren	VRB(finiteness=fin,tense=past)	zijn	
;	PC	;	
want	CONJ(type=coor)	want	
het	PD(type=d-p,subtype=art,position=prenom)	het	
trony	NOU-C(number=sg)	tronie	
van	ADP(type=pre)	van	
de	PD(type=d-p,subtype=art,position=prenom)	de	
jongste	NOU-C(number=sg)	jongste	
geleek	VRB(finiteness=fin,tense=past)	gelijken	
niet	ADV(type=reg)	niet	
kwalyk	AA(degree=pos,position=free)	kwalijk	
na	ADP(type=pre)	na	
de	PD(type=d-p,subtype=art,position=prenom)	de	
volle	AA(degree=pos,position=prenom)	vol	
Maan	NOU-C(number=sg)	maan	
,	PC	,	
vermits	CONJ(type=sub)	vermits	
de	PD(type=d-p,subtype=art,position=prenom)	de	
wangen	NOU-C(number=pl)	wang	
en	CONJ(type=coor)	en	
de	PD(type=d-p,subtype=art,position=prenom)	de	
kin	NOU-C(number=sg)	kin	
,	PC	,	
door	ADP(type=pre)	door	
hun	PD(type=poss,position=prenom)	hun	
overdaadige	AA(degree=pos,position=prenom)	overdadig	
vetheyt	NOU-C(number=sg)	vetheid	
,	PC	,	
de	PD(type=d-p,subtype=oth,position=prenom)	dezelve	mw_186
selve	PD(type=d-p,subtype=oth,position=prenom)	dezelve	mw_186
breedte	NOU-C(number=sg)	breedte	
als	CONJ(type=sub)	als	
het	PD(type=d-p,subtype=art,position=prenom)	het	
voorhoofd	NOU-C(number=sg)	voorhoofd	
hadden	VRB(finiteness=fin,tense=past)	hebben	
en	CONJ(type=coor)	en	
't	PD(type=d-p,subtype=art,position=prenom)	het	
aanzigt	NOU-C(number=sg)	aanzicht	
van	ADP(type=pre)	van	
d	PD(type=d-p,subtype=art,position=prenom)	de	
'	PC	'	
oudste	NOU-C(number=sg)	oudste	
,	PC	,	
die	PD(type=d-p,position=free)	die	
vry	AA(degree=pos,position=free)	vrij	
wat	ADV(type=reg)	wat	
magerder	AA(degree=comp,position=free)	mager	
was	VRB(finiteness=fin,tense=past)	zijn	
,	PC	,	
liep	VRB(finiteness=fin,tense=past)	toelopen	mw_267
soo	ADV(type=reg)	zo	
spits	AA(degree=pos,position=free)	spits	
toe	VRB(finiteness=fin,tense=past)	toelopen	mw_267
,	PC	,	
dat	CONJ(type=sub)	dat	
het	PD(type=d-p,subtype=art,position=prenom)	het	
onderste	NOU-C(number=sg)	onderste	
van	ADP(type=pre)	van	
de	PD(type=d-p,subtype=art,position=prenom)	de	
kin	NOU-C(number=sg)	kin	
naauwelyks	ADV(type=reg)	nauwelijks	
zoo	ADV(type=reg)	zo	
breed	AA(degree=pos,position=free)	breed	
was	VRB(finiteness=fin,tense=past)	zijn	
als	CONJ(type=sub)	als	
een	PD(type=indef,subtype=art,position=prenom)	een	
dubbelde	AA(degree=pos,position=prenom)	dubbel	
stuiver	NOU-C(number=sg)	stuiver	
.	PC	.	

Wat	PD(type=w-p,position=free)	wat	
's	VRB(finiteness=fin,tense=pres)	zijn	
dit	PD(type=d-p,position=free)	dit	
voor	ADP(type=pre)	voor	
slag	NOU-C(number=sg)	slag	
van	ADP(type=pre)	van	
volk	NOU-C(number=sg)	volk	
,	PC	,	
vroeg	VRB(finiteness=fin,tense=past)	vragen	
ik	PD(type=pers,position=free)	ik	
aan	ADP(type=pre)	aan	
myn	PD(type=poss,position=prenom)	mijn	
Leidsman	NOU-C(number=sg)	leidsman	
;	PC	;	
en	CONJ(type=coor)	en	
wat	PD(type=w-p,position=free)	wat	
is	VRB(finiteness=fin,tense=pres)	zijn	
doch	ADV(type=reg)	doch	
d	PD(type=d-p,subtype=art,position=prenom)	de	
'	PC	'	
oorsaak	NOU-C(number=sg)	oorzaak	
,	PC	,	
dat	CONJ(type=sub)	dat	
deese	PD(type=d-p,subtype=oth,position=prenom)	deze	
Heeren	NOU-C(number=pl)	heer	
'	PC	'	
er	ADV(type=pron)	erin	mw_202
sulck	PD(type=d-p,position=free)	zulk	
een	PD(type=indef,subtype=art,position=prenom)	een	
sin	NOU-C(number=sg)	zin	
in	ADV(type=pron)	erin	mw_202
hebben	VRB(finiteness=fin,tense=pres)	hebben	
?	PC	?	

't	PD(type=pers,position=free)	het	
Zyn	VRB(finiteness=fin,tense=pres)	zijn	
Boerinnen	NOU-C(number=pl)	boerin	
,	PC	,	
gaf	VRB(finiteness=fin,tense=past)	geven	
hy	PD(type=pers,position=free)	hij	
my	PD(type=pers,position=free)	ik	
ten	ADP(type=pre)+PD(type=d-p,subtype=art,position=prenom)	te+het	
antwoord	NOU-C(number=sg)	antwoord	
,	PC	,	
gelyk	CONJ(type=sub)	gelijk	
gy	PD(type=pers,position=free)	gij	
aan	ADP(type=pre)	aan	
de	PD(type=d-p,subtype=art,position=prenom)	de	
kleeding	NOU-C(number=sg)	kleding	
wel	ADV(type=reg)	wel	
sien	VRB(finiteness=inf)	zien	
kunt	VRB(finiteness=fin,tense=pres)	kunnen	
;	PC	;	
sy	PD(type=pers,position=free)	zij	
syn	VRB(finiteness=fin,tense=pres)	zijn	
hier	ADV(type=reg)	hier	
in	VRB(finiteness=pastpart)	inkomen	mw_224
gekomen	VRB(finiteness=pastpart)	inkomen	mw_224
,	PC	,	
terwyl	CONJ(type=sub)	terwijl	
wy	PD(type=pers,position=free)	wij	
in	ADP(type=pre)	in	
d	PD(type=d-p,subtype=art,position=prenom)	de	
'	PC	'	
andere	NUM(type=ord,position=prenom,representation=let)	ander	
kamer	NOU-C(number=sg)	kamer	
syn	VRB(finiteness=fin,tense=pres)	zijn	
geweest	VRB(finiteness=pastpart)	zijn	
;	PC	;	
en	CONJ(type=coor)	en	
wat	PD(type=w-p,position=free)	wat	
uw	PD(type=poss,position=prenom)	uw	
andere	NUM(type=ord,position=prenom,representation=let)	ander	
vraag	NOU-C(number=sg)	vraag	
belangd	VRB(finiteness=fin,tense=pres)	belangen	
,	PC	,	
te	ADP(type=pre)	te	
weten	VRB(finiteness=inf)	weten	
,	PC	,	
waarom	ADV(type=pron)	waarom	
'	PC	'	
er	ADV(type=pron)	erin	mw_201
deese	PD(type=d-p,subtype=oth,position=prenom)	deze	
Heeren	NOU-C(number=pl)	heer	
sulk	PD(type=d-p,position=free)	zulk	
een	PD(type=indef,subtype=art,position=prenom)	een	
sin	NOU-C(number=sg)	zin	
in	ADV(type=pron)	erin	mw_201
hebben	VRB(finiteness=fin,tense=pres)	hebben	
,	PC	,	
dat	PD(type=d-p,position=free)	dat	
komt	VRB(finiteness=fin,tense=pres)	komen	
alleenelyk	ADV(type=reg)	alleenlijk	
daar	ADV(type=pron)	daarvandaan	mw_94
van	ADV(type=pron)	daarvandaan	mw_94
daan	ADV(type=pron)	daarvandaan	mw_94
,	PC	,	
om	CONJ(type=sub)+PD(type=pers,position=free)	omdat+zij	mw_175
datse	CONJ(type=sub)+PD(type=pers,position=free)	omdat+zij	mw_175
niet	ADV(type=reg)	niet	
gewend	AA(degree=pos,position=free)	gewend	
syn	VRB(finiteness=fin,tense=pres)	zijn	
sulk	PD(type=d-p,subtype=oth,position=prenom)	zulk	
soort	NOU-C(number=sg)	soort	
van	ADP(type=pre)	van	
volk	NOU-C(number=sg)	volk	
in	ADP(type=pre)	in	
deese	PD(type=d-p,subtype=oth,position=prenom)	deze	
huisen	NOU-C(number=pl)	huis	
te	ADP(type=pre)	te	
vinden	VRB(finiteness=inf)	vinden	
;	PC	;	
ten	ADP(type=pre)+PD(type=d-p,subtype=art,position=prenom)	te+het	
anderen	NUM(type=ord,position=free,representation=let)	ander	
hebben	VRB(finiteness=fin,tense=pres)	hebben	
zy	PD(type=pers,position=free)	zij	
d	PD(type=d-p,subtype=art,position=prenom)	de	
'	PC	'	
inbeelding	NOU-C(number=sg)	inbeelding	
,	PC	,	
datse	CONJ(type=sub)+PD(type=pers,position=free)	dat+zij	
min	ADV(type=reg)	min	
gebruikt	VRB(finiteness=pastpart)	gebruiken	
syn	VRB(finiteness=fin,tense=pres)	zijn	
als	CONJ(type=sub)	als	
de	PD(type=d-p,subtype=art,position=prenom)	de	
Juffers	NOU-C(number=pl)	juffer	
,	PC	,	
en	CONJ(type=coor)	en	
ondertusschen	ADV(type=reg)	ondertussen	
is	VRB(finiteness=fin,tense=pres)	zijn	
het	PD(type=pers,position=free)	het	
seeker	AA(degree=pos,position=free)	zeker	
,	PC	,	
dat	CONJ(type=sub)	dat	
'	PC	'	
er	ADV(type=pron)	erop	mw_203
de	PD(type=d-p,subtype=art,position=prenom)	de	
Schippers	NOU-C(number=pl)	schipper	
en	CONJ(type=coor)	en	
Boeren	NOU-C(number=pl)	boer	
al	ADV(type=reg)	al	
over	ADP(type=pre)	over	
vyf	NUM(type=card,position=prenom,representation=let)	vijf	
jaaren	NOU-C(number=pl)	jaar	
op	ADV(type=pron)	erop	mw_203
hebbe	VRB(finiteness=fin,tense=pres)	hebben	
sitten	VRB(finiteness=inf)	zitten	
ky	VRB(finiteness=inf,WF=mis)	kijken	mw_56
ken	VRB(finiteness=inf,WF=mis)	kijken	mw_56
.	PC	.	

Zy	PD(type=pers,position=free)	zij	
syn	VRB(finiteness=fin,tense=pres)	zijn	
hier	ADV(type=reg)	hier	
noch	ADV(type=reg)	nog	
nieuw	AA(degree=pos,position=free)	nieuw	
en	CONJ(type=coor)	en	
onbekend	AA(degree=pos,position=free)	onbekend	
,	PC	,	
vervolgde	VRB(finiteness=fin,tense=past)	vervolgen	
hy	PD(type=pers,position=free)	hij	
,	PC	,	
maar	CONJ(type=coor)	maar	
't	PD(type=pers,position=free)	het	
sal	VRB(finiteness=fin,tense=pres)	zullen	
geen	PD(type=indef,subtype=oth,position=prenom)	geen	
twee	NUM(type=card,position=prenom,representation=let)	twee	
maande	NOU-C(number=pl)	maand	
aanloopen	VRB(finiteness=inf)	aanlopen	
,	PC	,	
of	CONJ(type=coor)	of	
niemand	PD(type=indef,position=free)	niemand	
sal	VRB(finiteness=fin,tense=pres)	zullen	
se	PD(type=pers,position=free)	zij	
willen	VRB(finiteness=inf)	willen	
aansien	VRB(finiteness=inf)	aanzien	
;	PC	;	
want	CONJ(type=coor)	want	
se	PD(type=pers,position=free)	zij	
syn	VRB(finiteness=fin,tense=pres)	zijn	
alsoo	ADV(type=reg)	alzo	
boersch	AA(degree=pos,position=free)	boers	
in	ADP(type=pre)	in	
hun	PD(type=poss,position=prenom)	hun	
ommegang	NOU-C(number=sg)	omgang	
,	PC	,	
als	CONJ(type=coor)	als	
in	ADP(type=pre)	in	
hun	PD(type=poss,position=prenom)	hun	
klee-ding	NOU-C(number=sg)	kleding	
,	PC	,	
en	CONJ(type=coor)	en	
wat	PD(type=w-p,position=free)	wat	
hun	PD(type=poss,position=prenom)	hun	
schoonheid	NOU-C(number=sg)	schoonheid	
belangd	VRB(finiteness=fin,tense=pres)	belangen	
,	PC	,	
daar	ADV(type=reg)	daar	
sullen	VRB(finiteness=fin,tense=pres)	zullen	
'	PC	'	
er	ADV(type=reg)	er	
seer	AA(degree=pos,position=free)	zeer	
weinig	PD(type=indef,position=free)	weinig	
te	ADP(type=pre)	te	
vinden	VRB(finiteness=inf)	vinden	
sijn	VRB(finiteness=fin,tense=pres)	zijn	
,	PC	,	
die	PD(type=d-p,position=free)	die	
hen	PD(type=pers,position=free)	zij	
daar	ADV(type=pron)	daarom	mw_103
om	ADV(type=pron)	daarom	mw_103
soeken	VRB(finiteness=inf)	zoeken	
sullen	VRB(finiteness=fin,tense=pres)	zullen	
.	PC	.	

Daar	ADV(type=pron)	daardoor	mw_126
vaart	VRB(finiteness=fin,tense=pres)	varen	
de	PD(type=d-p,subtype=art,position=prenom)	de	
levendige	AA(degree=pos,position=prenom)	levendig	
duivel	NOU-C(number=sg)	duivel	
door	ADV(type=pron)	daardoor	mw_126
riep	VRB(finiteness=fin,tense=past)	roepen	
de	PD(type=d-p,subtype=art,position=prenom)	de	
Waardt	NOU-C(number=sg)	waard	
,	PC	,	
soo	CONJ(type=sub)	zoals	mw_66
als	CONJ(type=sub)	zoals	mw_66
myn	PD(type=poss,position=prenom)	mijn	
Leydsman	NOU-C(number=sg)	leidsman	
de	PD(type=d-p,subtype=art,position=prenom)	de	
laatste	AA(degree=sup,position=prenom)	laat	
woorden	NOU-C(number=pl)	woord	
even	AA(degree=pos,position=free)	even	
geuit	VRB(finiteness=pastpart)	uiten	
had	VRB(finiteness=fin,tense=past)	hebben	
,	PC	,	
wat	PD(type=w-p,position=free)	wat	
sal	VRB(finiteness=fin,tense=pres)	zullen	
dat	PD(type=d-p,subtype=oth,position=prenom)	dat	
raasen	NOU-C(number=sg)	razen	
al	ADV(type=reg)	alweder	mw_57
weer	ADV(type=reg)	alweder	mw_57
beduyden	VRB(finiteness=inf)	beduiden	
.	PC	.	

Op	ADP(type=pre)	op	
deezen	PD(type=d-p,subtype=oth,position=prenom)	deze	
galm	NOU-C(number=sg)	galm	
keerde	VRB(finiteness=fin,tense=past)	keren	
ik	PD(type=pers,position=free)	ik	
het	PD(type=d-p,subtype=art,position=prenom)	het	
hoofd	NOU-C(number=sg)	hoofd	
,	PC	,	
en	CONJ(type=coor)	en	
hoorde	VRB(finiteness=fin,tense=past)	horen	
twee	NUM(type=card,position=free,representation=let)	twee	
van	ADP(type=pre)	van	
die	PD(type=d-p,subtype=oth,position=prenom)	die	
VVaardinnen	NOU-C(number=pl)	waardin	
,	PC	,	
die	PD(type=d-p,position=free)	die	
daar	ADV(type=reg)	daar	
dagelyks	ADV(type=reg)	dagelijks	
met	ADP(type=pre)	met	
haar	PD(type=poss,position=prenom)	haar	
Hoertjes	NOU-C(number=pl)	hoertje	
kwamen	VRB(finiteness=fin,tense=past)	komen	
,	PC	,	
malkander	PD(type=recip,position=free)	malkander	
dapper	AA(degree=pos,position=free)	dapper	
uytschelden	VRB(finiteness=inf)	uitschelden	
,	PC	,	
en	CONJ(type=coor)	en	
de	PD(type=d-p,subtype=art,position=prenom)	de	
afgryselykste	AA(degree=sup,position=prenom)	afgrijselijk	
dingen	NOU-C(number=pl)	ding	
des	PD(type=d-p,subtype=art,position=prenom)	de	
werelds	NOU-C(number=sg)	wereld	
verwyten	VRB(finiteness=inf)	verwijten	
.	PC	.	

Onder	ADP(type=pre)	onder	
anderen	PD(type=indef,position=free)	ander	
zey	VRB(finiteness=fin,tense=past)	zeggen	
de	PD(type=d-p,subtype=art,position=prenom)	de	
eene	NUM(type=card,position=free,representation=let)	een	
,	PC	,	
dat	PD(type=d-p,position=free)	dat	
een	PD(type=indef,subtype=art,position=prenom)	een	
dik	AA(degree=pos,position=prenom)	dik	
en	CONJ(type=coor)	en	
lyvig	AA(degree=pos,position=prenom)	lijvig	
wyf	NOU-C(number=sg)	wijf	
was	VRB(finiteness=fin,tense=past)	zijn	
,	PC	,	
tegen	ADP(type=pre)	tegen	
haar	PD(type=poss,position=prenom)	haar	
party	NOU-C(number=sg)	partij	
,	PC	,	
dat	CONJ(type=sub)	dat	
ze	PD(type=pers,position=free)	zij	
noch	ADV(type=reg)	nog	
geen	PD(type=indef,subtype=oth,position=prenom)	geen	
viermaal	ADV(type=reg)	viermaal	
in	ADP(type=pre)	in	
een	PD(type=indef,subtype=art,position=prenom)	een	
jaar	NOU-C(number=sg)	jaar	
bankeroet	AA(degree=pos,position=free)	bankroet	
was	VRB(finiteness=fin,tense=past)	zijn	
gegaan	VRB(finiteness=pastpart)	gaan	
,	PC	,	
en	CONJ(type=coor)	en	
daze	CONJ(type=sub)+PD(type=pers,position=free)	dat+zij	
de	PD(type=d-p,subtype=art,position=prenom)	de	
luiden	NOU-C(number=pl)	lieden	
,	PC	,	
als	CONJ(type=sub)	als	
ze	PD(type=pers,position=free)	zij	
beschonker	AA(degree=pos,position=free,WF=mis)	beschonken	
waren	VRB(finiteness=fin,tense=past)	zijn	
,	PC	,	
't	PD(type=d-p,subtype=art,position=prenom)	het	
gelt	NOU-C(number=sg)	geld	
niet	ADV(type=reg)	niet	
uyt	ADP(type=pre)	uit	
de	PD(type=d-p,subtype=art,position=prenom)	de	
zakken	NOU-C(number=pl)	zak	
stal	VRB(finiteness=fin,tense=past)	stelen	
,	PC	,	
gelyk	AA(degree=pos,position=free)	gelijk	
als	CONJ(type=sub)	als	
zy	PD(type=pers,position=free)	zij	
deed	VRB(finiteness=fin,tense=past)	doen	
.	PC	.	

Dat	PD(type=d-p,position=free)	dat	
moet	VRB(finiteness=fin,tense=pres)	moeten	
je	PD(type=pers,position=free)	jij	
liegen	VRB(finiteness=inf)	liegen	
als	CONJ(type=sub)	als	
een	PD(type=indef,subtype=art,position=prenom)	een	
beest	NOU-C(number=sg)	beest	
,	PC	,	
zey	VRB(finiteness=fin,tense=past)	zeggen	
d	PD(type=d-p,subtype=art,position=prenom)	de	
'	PC	'	
andere	NUM(type=ord,position=free,representation=let)	ander	
,	PC	,	
dat	CONJ(type=sub)	dat	
ik	PD(type=pers,position=free)	ik	
ook	ADV(type=reg)	ook	
iemand	PD(type=indef,position=free)	iemand	
zyn	PD(type=poss,position=prenom)	zijn	
geld	NOU-C(number=sg)	geld	
ontstoolen	VRB(finiteness=pastpart)	ontstelen	
heb	VRB(finiteness=fin,tense=pres)	hebben	
;	PC	;	
maar	CONJ(type=coor)	maar	
heb	VRB(finiteness=fin,tense=pres)	hebben	
ik	PD(type=pers,position=free)	ik	
de	PD(type=d-p,subtype=art,position=prenom)	de	
Huys-heeren	NOU-C(number=pl)	huisheer	
een	NUM(type=card,position=prenom,representation=let)	een	
maal	NOU-C(number=sg)	maal	
of	CONJ(type=coor)	of	
twee	NUM(type=card,position=free,representation=let)	twee	
met	ADP(type=pre)	met	
het	PD(type=d-p,subtype=art,position=prenom)	het	
bed	NOU-C(number=sg)	bedstro	mw_333
stroo	NOU-C(number=sg)	bedstro	mw_333
betaald	VRB(finiteness=pastpart)	betalen	
,	PC	,	
dat	PD(type=d-p,position=free)	dat	
zyn	VRB(finiteness=fin,tense=pres)	zijn	
'	PC	'	
er	ADV(type=reg)	er	
wel	ADV(type=reg)	wel	
meer	PD(type=indef,position=free)	meer	
die	PD(type=d-p,position=free)	die	
dat	PD(type=d-p,position=free)	dat	
gedaan	VRB(finiteness=pastpart)	doen	
hebben	VRB(finiteness=fin,tense=pres)	hebben	
,	PC	,	
en	CONJ(type=coor)	en	
je	PD(type=pers,position=free)	jij	
bent	VRB(finiteness=fin,tense=pres)	zijn	
'	PC	'	
er	ADV(type=pron)	eraf	mw_204
ook	ADV(type=reg)	ook	
alsoo	ADV(type=reg)	alzo	
suyver	AA(degree=pos,position=free)	zuiver	
niet	ADV(type=reg)	niet	
af	ADV(type=pron)	eraf	mw_204
.	PC	.	

Maar	CONJ(type=coor)	maar	
dat	PD(type=d-p,position=free)	dat	
raakt	VRB(finiteness=fin,tense=pres)	raken	
de	PD(type=d-p,subtype=art,position=prenom)	de	
saak	NOU-C(number=sg)	zaak	
niet	ADV(type=reg)	niet	
,	PC	,	
vervolgde	VRB(finiteness=fin,tense=past)	vervolgen	
zy	PD(type=pers,position=free)	zij	
;	PC	;	
'k	PD(type=pers,position=free)	ik	
wil	VRB(finiteness=fin,tense=pres)	willen	
maar	ADV(type=reg)	maar	
hebben	VRB(finiteness=inf)	hebben	
,	PC	,	
dat	CONJ(type=sub)	dat	
je	PD(type=pers,position=free)	jij	
myn	PD(type=poss,position=prenom)	mijn	
Vrouwluy	NOU-C(number=pl)	vrouwlieden	
niet	ADV(type=reg)	niet	
zult	VRB(finiteness=fin,tense=pres)	zullen	
zoeken	VRB(finiteness=inf)	zoeken	
te	ADP(type=pre)	te	
roffelen	VRB(finiteness=inf)	roffelen	
,	PC	,	
en	CONJ(type=coor)	en	
als	CONJ(type=sub)	als	
ik	PD(type=pers,position=free)	ik	
't	PD(type=pers,position=free)	het	
weer	ADV(type=reg)	weder	
hoor	VRB(finiteness=fin,tense=pres)	horen	
,	PC	,	
zel	VRB(finiteness=fin,tense=pres)	zullen	
ik	PD(type=pers,position=free)	ik	
je	PD(type=pers,position=free)	jij	
op	ADP(type=pre)	op	
je	PD(type=poss,position=prenom)	jouw	
bakkus	NOU-C(number=sg)	bakkes	
trommelen	VRB(finiteness=inf)	trommelen	
,	PC	,	
dat	CONJ(type=sub)	dat	
'	PC	'	
er	ADV(type=pron)	eraan	mw_205
de	PD(type=d-p,subtype=art,position=prenom)	de	
duivel	NOU-C(number=sg)	duivel	
zyn	PD(type=poss,position=prenom)	zijn	
lof	NOU-C(number=sg)	lof	
aan	ADV(type=pron)	eraan	mw_205
zien	VRB(finiteness=inf)	zien	
sal	VRB(finiteness=fin,tense=pres)	zullen	
;	PC	;	
verstaaje	VRB(finiteness=fin,tense=pres)+PD(type=pers,position=free)	verstaan+jij	
dat	PD(type=d-p,position=free)	dat	
wel	ADV(type=reg)	wel	
,	PC	,	
dikke	AA(degree=pos,position=prenom)	dik	
Teef	NOU-C(number=sg)	teef	
.	PC	.	

Zou	VRB(finiteness=fin,tense=past)	zullen	
je	PD(type=pers,position=free)	jij	
dat	PD(type=d-p,position=free)	dat	
doen	VRB(finiteness=inf)	doen	
,	PC	,	
zey	VRB(finiteness=fin,tense=past)	zeggen	
de	PD(type=d-p,subtype=art,position=prenom)	de	
dikke	NOU-C(number=sg)	dikke	
,	PC	,	
daar	ADV(type=pron)	daarbij	mw_82
moest	VRB(finiteness=fin,tense=past)	moeten	
ik	PD(type=pers,position=free)	ik	
al	ADV(type=reg)	al	
by	ADV(type=pron)	daarbij	mw_82
weezen	VRB(finiteness=inf)	wezen	
;	PC	;	
en	CONJ(type=coor)	en	
hier	ADV(type=pron)	hierop	mw_243
op	ADV(type=pron)	hierop	mw_243
na	ADP(type=pre)	na	
geen	PD(type=indef,subtype=oth,position=prenom)	geen	
dreigementen	NOU-C(number=pl)	dreigement	
meer	ADV(type=reg)	meer	
wachtende	VRB(finiteness=prespart)	wachten	
,	PC	,	
greep	VRB(finiteness=fin,tense=past)	grijpen	
sy	PD(type=pers,position=free)	zij	
haar	PD(type=poss,position=prenom)	haar	
party	NOU-C(number=sg)	partij	
by	ADP(type=pre)	bij	
de	PD(type=d-p,subtype=art,position=prenom)	de	
kop	NOU-C(number=sg)	kop	
,	PC	,	
die	PD(type=d-p,position=free)	die	
terstond	ADV(type=reg)	terstond	
soo	ADV(type=reg)	zo	
dapper	AA(degree=pos,position=free)	dapper	
weer	ADV(type=reg)	weder	
toe	VRB(finiteness=fin,tense=past)	toetasten	mw_341
taste	VRB(finiteness=fin,tense=past)	toetasten	mw_341
,	PC	,	
dat	CONJ(type=sub)	dat	
in	ADP(type=pre)	in	
een	NUM(type=card,position=prenom,representation=let)	een	
oogenblik	NOU-C(number=sg)	ogenblik	
de	PD(type=d-p,subtype=art,position=prenom)	de	
kappen	NOU-C(number=pl)	kap	
en	CONJ(type=coor)	en	
neusdoeken	NOU-C(number=pl)	neusdoek	
aan	ADP(type=pre)	aan	
flarden	NOU-C(number=pl)	flard	
gescheurd	VRB(finiteness=pastpart)	scheuren	
waren	VRB(finiteness=fin,tense=past)	zijn	
;	PC	;	
maar	CONJ(type=coor)	maar	
de	PD(type=d-p,subtype=art,position=prenom)	de	
dikke	NOU-C(number=sg)	dikke	
zou	VRB(finiteness=fin,tense=past)	zullen	
te	VRB(finiteness=pastpart)	tekortschieten	mw_227
kort	VRB(finiteness=pastpart)	tekortschieten	mw_227
geschooten	VRB(finiteness=pastpart)	tekortschieten	mw_227
hebben	VRB(finiteness=inf)	hebben	
;	PC	;	
want	CONJ(type=coor)	want	
d	PD(type=d-p,subtype=art,position=prenom)	de	
'	PC	'	
andere	NUM(type=ord,position=free,representation=let)	ander	
was	VRB(finiteness=fin,tense=past)	zijn	
haar	PD(type=pers,position=free)	zij	
veel	ADV(type=reg)	veel	
te	ADV(type=reg)	te	
gaauw	AA(degree=pos,position=free)	gauw	
,	PC	,	
en	CONJ(type=coor)	en	
had	VRB(finiteness=fin,tense=past)	hebben	
haar	PD(type=pers,position=free)	zij	
alreeds	ADV(type=reg)	alreeds	
by	ADP(type=pre)	bij	
de	PD(type=d-p,subtype=art,position=prenom)	de	
tuiten	NOU-C(number=pl)	tuit	
vat	NOU-C(number=sg)	vat	
gekreegen	VRB(finiteness=pastpart)	krijgen	
,	PC	,	
doch	CONJ(type=coor)	doch	
de	PD(type=d-p,subtype=art,position=prenom)	de	
Waart	NOU-C(number=sg)	waard	
en	CONJ(type=coor)	en	
de	PD(type=d-p,subtype=art,position=prenom)	de	
Waardin	NOU-C(number=sg)	waardin	
deese	PD(type=d-p,subtype=oth,position=prenom)	deze	
ongeregeltheit	NOU-C(number=sg)	ongeregeldheid	
in	ADP(type=pre)	in	
hun	PD(type=poss,position=prenom)	hun	
huis	NOU-C(number=sg)	huis	
niet	ADV(type=reg)	niet	
verdraagen	VRB(finiteness=inf)	verdragen	
willende	VRB(finiteness=prespart)	willen	
,	PC	,	
rukten	VRB(finiteness=fin,tense=past)	rukken	
de	PD(type=d-p,subtype=art,position=prenom)	de	
twee	NUM(type=card,position=prenom,representation=let)	twee	
strydende	AA(degree=pos,position=prenom)	strijdend	
partyen	NOU-C(number=pl)	partij	
,	PC	,	
met	ADP(type=pre)	met	
hulp	NOU-C(number=sg)	hulp	
der	PD(type=d-p,subtype=art,position=prenom)	de	
twee	NUM(type=card,position=prenom,representation=let)	twee	
Kogchels	NOU-C(number=pl)	kochel	
,	PC	,	
die	PD(type=d-p,position=free)	die	
de	PD(type=d-p,subtype=art,position=prenom)	de	
Mannen	NOU-C(number=pl)	man	
van	ADP(type=pre)	van	
dese	PD(type=d-p,subtype=oth,position=prenom)	deze	
Hellevegen	NOU-C(number=pl)	helleveeg	
waren	VRB(finiteness=fin,tense=past)	zijn	
,	PC	,	
en	CONJ(type=coor)	en	
die	PD(type=d-p,position=free)	die	
noch	ADV(type=reg)	nogal	mw_58
al	ADV(type=reg)	nogal	mw_58
wat	ADV(type=reg)	wat	
wijser	AA(degree=comp,position=free)	wijs	
als	CONJ(type=sub)	als	
hun	PD(type=poss,position=prenom)	hun	
beestagtige	AA(degree=pos,position=prenom)	beestachtig	
Wijven	NOU-C(number=pl)	wijf	
scheenen	VRB(finiteness=fin,tense=past)	schijnen	
te	ADP(type=pre)	te	
zyn	VRB(finiteness=inf)	zijn	
,	PC	,	
van	ADP(type=pre)	van	
malkander	PD(type=recip,position=free)	malkander	
,	PC	,	
daar	ADV(type=pron)	daartoe	mw_104
se	PD(type=pers,position=free)	zij	
al	ADV(type=reg)	al	
vry	AA(degree=pos,position=free)	vrij	
wat	PD(type=indef,subtype=oth,position=prenom)	wat	
moeyte	NOU-C(number=sg)	moeite	
toe	ADV(type=pron)	daartoe	mw_104
hadden	VRB(finiteness=fin,tense=past)	hebben	
;	PC	;	
want	CONJ(type=coor)	want	
se	PD(type=pers,position=free)	zij	
saten	VRB(finiteness=fin,tense=past)	zitten	
elkander	PD(type=recip,position=free)	elkander	
al	ADV(type=reg)	al	
zeer	AA(degree=pos,position=free)	zeer	
dicht	AA(degree=pos,position=free)	dicht	
in	ADP(type=pre)	in	
de	PD(type=d-p,subtype=art,position=prenom)	de	
lokken	NOU-C(number=pl)	lok	
,	PC	,	
inzonderheid	ADV(type=reg)	inzonderheid	
had	VRB(finiteness=fin,tense=past)	hebben	
de	PD(type=d-p,subtype=art,position=prenom)	de	
magerste	NOU-C(number=sg)	magerste	
haar	PD(type=poss,position=prenom)	haar	
klaawen	NOU-C(number=pl)	klauw	
zoo	ADV(type=reg)	zo	
vast	AA(degree=pos,position=free)	vast	
in	ADP(type=pre)	in	
de	PD(type=d-p,subtype=art,position=prenom)	de	
tuiten	NOU-C(number=pl)	tuit	
van	ADP(type=pre)	van	
haar	PD(type=poss,position=prenom)	haar	
party	NOU-C(number=sg)	partij	
geslaagen	VRB(finiteness=pastpart)	slaan	
,	PC	,	
dat	CONJ(type=sub)	dat	
'	PC	'	
er	ADV(type=pron)	ervan	mw_206
een	PD(type=indef,subtype=art,position=prenom)	een	
goed	AA(degree=pos,position=prenom)	goed	
gedeelte	NOU-C(number=sg)	gedeelte	
met	ADP(type=pre)	met	
wortel	NOU-C(number=sg)	wortel	
met	ADP(type=pre)	met	
al	PD(type=indef,position=free)	al	
van	ADV(type=pron)	ervan	mw_206
in	ADP(type=pre)	in	
de	PD(type=d-p,subtype=art,position=prenom)	de	
loop	NOU-C(number=sg)	loop	
bleef	VRB(finiteness=fin,tense=past)	blijven	
.	PC	.	

Dat	PD(type=d-p,position=free)	dat	
's	VRB(finiteness=fin,tense=pres)	zijn	
jammer	AA(degree=pos,position=free)	jammer	
,	PC	,	
riep	VRB(finiteness=fin,tense=past)	roepen	
een	NUM(type=card,position=free,representation=let)	een	
van	ADP(type=pre)	van	
de	PD(type=d-p,subtype=art,position=prenom)	de	
vier	NUM(type=card,position=prenom,representation=let)	vier	
Oost-Indiens	NOU-C(number=pl)	Oost-Indiëvaarder	mw_290
Vaarders	NOU-C(number=pl)	Oost-Indiëvaarder	mw_290
:	PC	:	
daar	ADV(type=pron)	daaraf	mw_48
ik	PD(type=pers,position=free)	ik	
hier	ADV(type=pron)	hiervoor	mw_244
voor	ADV(type=pron)	hiervoor	mw_244
af	ADV(type=pron)	daaraf	mw_48
gesprooken	VRB(finiteness=pastpart)	spreken	
heb	VRB(finiteness=fin,tense=pres)	hebben	
;	PC	;	
men	PD(type=pers,position=free)	men	
behoorde	VRB(finiteness=fin,tense=past)	behoren	
die	PD(type=d-p,subtype=oth,position=prenom)	die	
twee	NUM(type=card,position=prenom,representation=let)	twee	
Vrouwlui	NOU-C(number=pl)	vrouwlieden	
te	ADP(type=pre)	te	
laten	VRB(finiteness=inf)	laten	
begaan	VRB(finiteness=inf)	begaan	
.	PC	.	

Een	PD(type=indef,subtype=art,position=prenom)	een	
dukaton	NOU-C(number=sg)	dukaton	
is	VRB(finiteness=fin,tense=pres)	zijn	
'	PC	'	
er	ADV(type=reg)	er	
ten	ADP(type=pre)+PD(type=d-p,subtype=art,position=prenom)	te+het	
besten	NOU-C(number=sg)	best	
,	PC	,	
voegde	VRB(finiteness=fin,tense=past)	voegen	
hy	PD(type=pers,position=free)	hij	
,	PC	,	
daar	ADV(type=pron)	daarbij	mw_88
by	ADV(type=pron)	daarbij	mw_88
,	PC	,	
voor	ADP(type=pre)	voor	
die	PD(type=d-p,position=free)	die	
't	PD(type=d-p,subtype=art,position=prenom)	het	
best	NOU-C(number=sg)	best	
bakkeleyen	VRB(finiteness=inf)	bakkeleien	
kan	VRB(finiteness=fin,tense=pres)	kunnen	
.	PC	.	

Vrientschap	NOU-C(number=sg)	vriendschap	
,	PC	,	
zei	VRB(finiteness=fin,tense=past)	zeggen	
de	PD(type=d-p,subtype=art,position=prenom)	de	
VVaart	NOU-C(number=sg)	waard	
drink	VRB(finiteness=fin,tense=pres)	drinken	
jy	PD(type=pers,position=free)	jij	
jou	PD(type=poss,position=prenom)	jouw	
drank	NOU-C(number=sg)	drank	
,	PC	,	
en	CONJ(type=coor)	en	
laat	VRB(finiteness=fin,tense=pres)	laten	
my	PD(type=pers,position=free)	ik	
met	ADP(type=pre)	met	
myn	PD(type=poss,position=prenom)	mijn	
huis	NOU-C(number=sg)	huishouden	mw_255
-	PC	-	
houden	NOU-C(number=sg)	huishouden	mw_255
omspringen	VRB(finiteness=inf)	omspringen	
,	PC	,	
'k	PD(type=pers,position=free)	ik	
weet	VRB(finiteness=fin,tense=pres)	weten	
best	AA(degree=sup,position=free)	best	
,	PC	,	
wat	PD(type=w-p,position=free)	wat	
'	PC	'	
er	ADV(type=reg)	er	
behoord	VRB(finiteness=fin,tense=pres)	behoren	
gedaan	VRB(finiteness=pastpart)	doen	
,	PC	,	
of	CONJ(type=coor)	of	
gelaaten	VRB(finiteness=pastpart)	laten	
te	ADP(type=pre)	te	
worden	VRB(finiteness=inf)	worden	
,	PC	,	
Dat	PD(type=d-p,position=free)	dat	
's	VRB(finiteness=fin,tense=pres)	zijn	
al	ADV(type=reg)	al	
wel	AA(degree=pos,position=free)	wel	
,	PC	,	
broer	NOU-C(number=sg)	broeder	
,	PC	,	
zei	VRB(finiteness=fin,tense=past)	zeggen	
den	PD(type=d-p,subtype=art,position=prenom)	de	
Oost-Indies-Vaarder	NOU-C(number=sg)	Oost-Indiëvaarder	
;	PC	;	
maar	CONJ(type=coor)	maar	
ik	PD(type=pers,position=free)	ik	
zie	VRB(finiteness=fin,tense=pres)	zien	
't	PD(type=pers,position=free)	het	
zoo	ADV(type=reg)	zo	
gaarn	ADV(type=reg)	gaarne	
,	PC	,	
dat	CONJ(type=sub)	dat	
de	PD(type=d-p,subtype=art,position=prenom)	de	
wyven	NOU-C(number=pl)	wijf	
malkander	PD(type=recip,position=free)	malkander	
de	PD(type=d-p,subtype=art,position=prenom)	de	
lokken	NOU-C(number=pl)	lok	
zoo	ADV(type=reg)	zowat	mw_362
wat	ADV(type=reg)	zowat	mw_362
uitplukken	VRB(finiteness=fin,tense=pres)	uitplukken	
.	PC	.	

Ondertusschen	ADV(type=reg)	ondertussen	
raasden	VRB(finiteness=fin,tense=past)	razen	
deeze	PD(type=d-p,subtype=oth,position=prenom)	deze	
twee	NUM(type=card,position=prenom,representation=let)	twee	
Teeven	NOU-C(number=pl)	teef	
noch	ADV(type=reg)	nog	
als	CONJ(type=sub)	als	
baarlyke	AA(degree=pos,position=prenom)	baarlijk	
Duyvels	NOU-C(number=pl)	duivel	
hoewel	CONJ(type=sub)	hoewel	
ze	PD(type=pers,position=free)	zij	
malkander	PD(type=recip,position=free)	malkander	
op	ADP(type=pre)	op	
geen	PD(type=indef,subtype=oth,position=prenom)	geen	
tien	NUM(type=card,position=prenom,representation=let)	tien	
voet	NOU-C(number=sg)	voet	
na	ADV(type=reg)	na	
bereiken	VRB(finiteness=inf)	bereiken	
konden	VRB(finiteness=fin,tense=past)	kunnen	
;	PC	;	
want	CONJ(type=coor)	want	
men	PD(type=pers,position=free)	men	
hadd	VRB(finiteness=fin,tense=past)	hebben	
'	PC	'	
een	NUM(type=card,position=free,representation=let)	een	
by	ADP(type=pre)	bij	
de	PD(type=d-p,subtype=art,position=prenom)	de	
Kagchel	NOU-C(number=sg)	kachel	
,	PC	,	
en	CONJ(type=coor)	en	
d'ander	PD(type=d-p,subtype=art,position=prenom)+NUM(type=ord,position=free,representation=let)	de+ander	
niet	ADV(type=reg)	niet	
ver	AA(degree=pos,position=free)	ver	
van	ADP(type=pre)	van	
de	PD(type=d-p,subtype=art,position=prenom)	de	
deur	NOU-C(number=sg)	deur	
ter	VRB(finiteness=pastpart)	ternederzetten	mw_283
neer	VRB(finiteness=pastpart)	ternederzetten	mw_283
gezet	VRB(finiteness=pastpart)	ternederzetten	mw_283
;	PC	;	
maar	CONJ(type=coor)	maar	
eindelijk	ADV(type=reg)	eindelijk	
kwamenze	VRB(finiteness=fin,tense=past)+PD(type=pers,position=free)	komen+zij	
een	PD(type=indef,subtype=art,position=prenom)	een	
weinigje	NOU-C(number=sg)	weinigje	
tot	ADP(type=pre)	tot	
bedaaren	NOU-C(number=sg)	bedaren	
,	PC	,	
zoo	ADV(type=reg)	zo	
door	ADP(type=pre)	door	
tusschen	NOU-C(number=sg)	tussenspreken	mw_331
spreeken	NOU-C(number=sg)	tussenspreken	mw_331
van	ADP(type=pre)	van	
den	PD(type=d-p,subtype=art,position=prenom)	de	
een	NUM(type=card,position=free,representation=let)	een	
en	CONJ(type=coor)	en	
den	PD(type=d-p,subtype=art,position=prenom)	de	
ander	NUM(type=ord,position=free,representation=let)	ander	
,	PC	,	
als	CONJ(type=coor)	als	
door	ADP(type=pre)	door	
dreigementen	NOU-C(number=pl)	dreigement	
van	ADP(type=pre)	van	
de	PD(type=d-p,subtype=art,position=prenom)	de	
VVaardin	NOU-C(number=sg)	waardin	
,	PC	,	
die	PD(type=d-p,position=free)	die	
op	ADP(type=pre)	op	
haar	PD(type=poss,position=prenom)	haar	
verdoemenis	NOU-C(number=sg)	verdoemenis	
swoer	VRB(finiteness=fin,tense=past)	zweren	
,	PC	,	
zoo	CONJ(type=sub)	zo	
ze	PD(type=pers,position=free)	zij	
den	PD(type=d-p,subtype=art,position=prenom)	de	
bek	NOU-C(number=sg)	bek	
niet	ADV(type=reg)	niet	
toe	VRB(finiteness=fin,tense=past)	toehouden	mw_237
en	ADV(type=reg)	ne	
hielden	VRB(finiteness=fin,tense=past)	toehouden	mw_237
,	PC	,	
dat	CONJ(type=sub)	dat	
zy	PD(type=pers,position=free)	zij	
se	PD(type=pers,position=free)	zij	
alle	PD(type=indef,position=free)	allebeide	mw_73
beide	PD(type=indef,position=free)	allebeide	mw_73
voor	ADP(type=pre)	voor	
eeuwig	AA(degree=pos,position=free)	eeuwig	
ter	ADP(type=pre)+PD(type=d-p,subtype=art,position=prenom)	te+de	
deur	NOU-C(number=sg)	deur	
uyt	ADP(type=post)	uit	
zou	VRB(finiteness=fin,tense=past)	zullen	
stooten	VRB(finiteness=inf)	stoten	
.	PC	.	

Dat	PD(type=d-p,position=free)	dat	
was	VRB(finiteness=fin,tense=past)	zijn	
een	PD(type=indef,subtype=art,position=prenom)	een	
brave	AA(degree=pos,position=prenom)	braaf	
Helleveeg	NOU-C(number=sg)	helleveeg	
,	PC	,	
seid	VRB(finiteness=fin,tense=past)	zeggen	
ik	PD(type=pers,position=free)	ik	
tegen	ADP(type=pre)	tegen	
myn	PD(type=poss,position=prenom)	mijn	
Leidsman	NOU-C(number=sg)	leidsman	
,	PC	,	
zoo	ADV(type=reg)	zo	
haast	AA(degree=pos,position=free)	haast	
'	PC	'	
er	ADV(type=reg)	er	
weer	ADV(type=reg)	weder	
wat	PD(type=indef,subtype=oth,position=prenom)	wat	
stilte	NOU-C(number=sg)	stilte	
gekoomen	VRB(finiteness=pastpart)	komen	
was	VRB(finiteness=fin,tense=past)	zijn	
;	PC	;	
maar	CONJ(type=coor)	maar	
me	PD(type=pers,position=free)	ik	
dunkt	VRB(finiteness=fin,tense=pres)	dunken	
evenwel	ADV(type=reg)	evenwel	
dat	CONJ(type=sub)	dat	
ze	PD(type=pers,position=free)	zij	
't	PD(type=pers,position=free)	het	
al	ADV(type=reg)	al	
een	PD(type=indef,subtype=art,position=prenom)	een	
weynigje	NOU-C(number=sg)	weinigje	
bont	AA(degree=pos,position=free)	bont	
maakte	VRB(finiteness=fin,tense=past)	maken	
,	PC	,	
Zy	PD(type=pers,position=free)	zij	
deed	VRB(finiteness=fin,tense=past)	doen	
zeeker	AA(degree=pos,position=free)	zeker	
niet	ADV(type=reg)	niet	
,	PC	,	
gaf	VRB(finiteness=fin,tense=past)	geven	
hy	PD(type=pers,position=free)	hij	
my	PD(type=pers,position=free)	ik	
ten	ADP(type=pre)+PD(type=d-p,subtype=art,position=prenom)	te+het	
antwoord	NOU-C(number=sg)	antwoord	
,	PC	,	
want	CONJ(type=coor)	want	
deeze	PD(type=d-p,subtype=oth,position=prenom)	deze	
Vendt	NOU-C(number=sg)	vent	
,	PC	,	
die	PD(type=d-p,position=free)	die	
een	PD(type=indef,subtype=art,position=prenom)	een	
Vry-Man	NOU-C(number=sg)	vrijman	
aan	ADP(type=pre)	aan	
de	PD(type=d-p,subtype=art,position=prenom)	de	
Waag	NOU-C(number=sg)	waag	
is	VRB(finiteness=fin,tense=pres)	zijn	
,	PC	,	
kan	VRB(finiteness=fin,tense=pres)	kunnen	
,	PC	,	
week	NOU-C(number=sg)	week	
door	ADP(type=pre)	door	
week	NOU-C(number=sg)	week	
gerekend	VRB(finiteness=pastpart)	rekenen	
,	PC	,	
naauwelyks	ADV(type=reg)	nauwelijks	
zes	NUM(type=card,position=prenom,representation=let)	zes	
gulden	NOU-C(number=sg)	gulden	
winnen	VRB(finiteness=inf)	winnen	
;	PC	;	
en	CONJ(type=coor)	en	
daar	ADV(type=pron)	daarvan	mw_106
heeft	VRB(finiteness=fin,tense=pres)	hebben	
hy	PD(type=pers,position=free)	hij	
een	PD(type=indef,subtype=art,position=prenom)	een	
Vrouw	NOU-C(number=sg)	vrouw	
en	CONJ(type=coor)	en	
vifkinderen	NUM(type=card,position=prenom,representation=let)+NOU-C(number=pl)	vijf+kind	
van	ADV(type=pron)	daarvan	mw_106
te	ADP(type=pre)	te	
voeden	VRB(finiteness=inf)	voeden	
,	PC	,	
waar	ADV(type=pron)	waaraf	mw_49
af	ADV(type=pron)	waaraf	mw_49
d	PD(type=d-p,subtype=art,position=prenom)	de	
'	PC	'	
oudste	NOU-C(number=sg)	oudste	
noch	ADV(type=reg)	nog	
niet	ADV(type=reg)	niet	
bekwaan	AA(degree=pos,position=free,WF=mis)	bekwaam	
is	VRB(finiteness=fin,tense=pres)	zijn	
om	ADP(type=pre)	om	
een	PD(type=indef,subtype=art,position=prenom)	een	
stuiver	NOU-C(number=sg)	stuiver	
te	ADP(type=pre)	te	
verdienen	VRB(finiteness=inf)	verdienen	
.	PC	.	

Gy	PD(type=pers,position=free)	gij	
kunt	VRB(finiteness=fin,tense=pres)	kunnen	
dan	ADV(type=reg)	dan	
eens	ADV(type=reg)	eens	
rekenen	VRB(finiteness=inf)	rekenen	
,	PC	,	
wat	PD(type=w-p,position=free)	wat	
'	PC	'	
er	ADV(type=reg)	er	
over	VRB(finiteness=inf)	overschieten	mw_297
kan	VRB(finiteness=fin,tense=pres)	kunnen	
schieten	VRB(finiteness=inf)	overschieten	mw_297
om	ADP(type=pre)	om	
roode	AA(degree=pos,position=prenom)	rood	
wyn	NOU-C(number=sg)	wijn	
met	ADP(type=pre)	met	
de	PD(type=d-p,subtype=art,position=prenom)	de	
Hoertjes	NOU-C(number=pl)	hoertje	
te	ADP(type=pre)	te	
drinken	VRB(finiteness=inf)	drinken	
;	PC	;	
en	CONJ(type=coor)	en	
dat	CONJ(type=sub)	dat	
het	PD(type=pers,position=free)	het	
nog	ADV(type=reg)	nog	
eens	ADV(type=reg)	eens	
gebeurde	VRB(finiteness=fin,tense=past)	gebeuren	
,	PC	,	
zoo	ADV(type=reg)	zo	
soude	VRB(finiteness=fin,tense=past)	zullen	
men	PD(type=pers,position=free)	men	
't	PD(type=pers,position=free)	het	
hem	PD(type=refl,position=free)	hem	
ten	ADP(type=pre)+PD(type=d-p,subtype=art,position=prenom)	te+het	
besten	NOU-C(number=sg)	best	
konnen	VRB(finiteness=inf)	kunnen	
houden	VRB(finiteness=inf)	houden	
;	PC	;	
maar	CONJ(type=coor)	maar	
zelden	ADV(type=reg)	zelden	
gaat'er	VRB(finiteness=fin,tense=pres)+ADV(type=reg)	voorbijgaan+er	mw_84
een	PD(type=indef,subtype=art,position=prenom)	een	
weel	NOU-C(number=sg,WF=mis)	week	
voor	VRB(finiteness=fin,tense=pres)+ADV(type=reg)	voorbijgaan+er	mw_84
by	VRB(finiteness=fin,tense=pres)+ADV(type=reg)	voorbijgaan+er	mw_84
,	PC	,	
of	CONJ(type=sub)	of	
hy	PD(type=pers,position=free)	hij	
moet	VRB(finiteness=fin,tense=pres)	moeten	
zyn	PD(type=poss,position=prenom)	zijn	
oogen	NOU-C(number=pl)	oog	
op	ADP(type=pre)	op	
deeze	PD(type=d-p,subtype=oth,position=prenom)	deze	
wys	NOU-C(number=sg)	wijze	
eens	ADV(type=reg)	eens	
verlustigen	VRB(finiteness=inf)	verlustigen	
.	PC	.	

't	PD(type=pers,position=free)	het	
Is	VRB(finiteness=fin,tense=pres)	zijn	
waar	AA(degree=pos,position=free)	waar	
,	PC	,	
dat	CONJ(type=sub)	dat	
de	PD(type=d-p,subtype=art,position=prenom)	de	
gelagen	NOU-C(number=pl)	gelag	
niet	ADV(type=reg)	niet	
altyd	ADV(type=reg)	altijd	
zoo	ADV(type=reg)	zo	
hoog	AA(degree=pos,position=free)	hoog	
loopen	VRB(finiteness=fin,tense=pres)	lopen	
;	PC	;	
maar	CONJ(type=coor)	maar	
ze	PD(type=pers,position=free)	zij	
loopen	VRB(finiteness=fin,tense=pres)	lopen	
echter	ADV(type=reg)	echter	
nog	ADV(type=reg)	nog	
doorgaans	ADV(type=reg)	doorgaans	
te	ADV(type=reg)	te	
hoog	AA(degree=pos,position=free)	hoog	
voor	ADP(type=pre)	voor	
hem	PD(type=pers,position=free)	hij	
,	PC	,	
dewyl	CONJ(type=sub)	dewijl	
zyn	PD(type=poss,position=prenom)	zijn	
winsten	NOU-C(number=pl)	winst	
te	ADV(type=reg)	te	
klein	AA(degree=pos,position=free)	klein	
,	PC	,	
en	CONJ(type=coor)	en	
zyn	PD(type=poss,position=prenom)	zijn	
kinderen	NOU-C(number=pl)	kind	
te	ADV(type=reg)	te	
veel	PD(type=indef,position=free)	veel	
in	ADP(type=pre)	in	
getal	NOU-C(number=sg)	getal	
zyn	VRB(finiteness=fin,tense=pres)	zijn	
,	PC	,	
om	ADP(type=pre)	om	
daar	ADV(type=pron)	daaraf	mw_50
weekelyks	ADV(type=reg)	wekelijks	
soo	PD(type=indef,position=free)	zoveel	mw_323
veel	PD(type=indef,position=free)	zoveel	mw_323
af	ADV(type=pron)	daaraf	mw_50
te	ADP(type=pre)	te	
kon-nen	VRB(finiteness=inf)	kunnen	
missen	VRB(finiteness=inf)	missen	
.	PC	.	

Sulke	PD(type=d-p,subtype=oth,position=prenom)	zulk	
Venten	NOU-C(number=pl)	vent	
behoorden	VRB(finiteness=fin,tense=past)	behoren	
nooit	ADV(type=reg)	nooit	
te	ADP(type=pre)	te	
trouwen	VRB(finiteness=inf)	trouwen	
,	PC	,	
of	CONJ(type=sub)	of	
se	PD(type=pers,position=free)	zij	
moesten	VRB(finiteness=fin,tense=past)	moeten	
zich	PD(type=refl,position=free)	zich	
van	ADP(type=pre)	van	
te	ADV(type=reg)	tevoren	mw_334
vooren	ADV(type=reg)	tevoren	mw_334
kuisch	AA(degree=pos,position=free)	kuis	
genoeg	ADV(type=reg)	genoeg	
kennen	VRB(finiteness=inf)	kennen	
,	PC	,	
om	ADP(type=pre)	om	
zich	PD(type=refl,position=free)	zich	
met	ADP(type=pre)	met	
een	PD(type=indef,subtype=art,position=prenom)	een	
Vrouw	NOU-C(number=sg)	vrouw	
te	ADP(type=pre)	te	
konnen	VRB(finiteness=inf)	kunnen	
belyden	VRB(finiteness=inf)	belijden	
;	PC	;	
want	CONJ(type=coor)	want	
hoewel	CONJ(type=sub)	hoewel	
het	PD(type=d-p,subtype=art,position=prenom)	het	
overspel	NOU-C(number=sg)	overspel	
een	PD(type=indef,subtype=art,position=prenom)	een	
zeer	AA(degree=pos,position=free)	zeer	
groote	AA(degree=pos,position=prenom)	groot	
zonde	NOU-C(number=sg)	zonde	
is	VRB(finiteness=fin,tense=pres)	zijn	
,	PC	,	
en	CONJ(type=coor)	en	
dat	CONJ(type=sub)	dat	
de	PD(type=d-p,subtype=art,position=prenom)	de	
rijken	NOU-C(number=pl)	rijke	
daer	ADV(type=pron)	daarover	mw_161
even	ADV(type=reg)	evenzo	mw_215
zoo	ADV(type=reg)	evenzo	mw_215
wel	ADV(type=reg)	wel	
over	ADV(type=pron)	daarover	mw_161
gestraft	VRB(finiteness=pastpart)	straffen	
sullen	VRB(finiteness=fin,tense=pres)	zullen	
worden	VRB(finiteness=inf)	worden	
,	PC	,	
als	CONJ(type=coor)	als	
de	PD(type=d-p,subtype=art,position=prenom)	de	
geringer	AA(degree=comp,position=prenom)	gering	
luiden	NOU-C(number=pl)	lieden	
is	VRB(finiteness=fin,tense=pres)	zijn	
het	PD(type=pers,position=free)	het	
echter	ADV(type=reg)	echter	
,	PC	,	
volgens	ADP(type=pre)	volgens	
de	PD(type=d-p,subtype=art,position=prenom)	de	
weereld	NOU-C(number=sg)	wereld	
,	PC	,	
verschoonelijker	AA(degree=comp,position=free)	verschoonlijk	
,	PC	,	
dat	CONJ(type=sub)	dat	
een	PD(type=indef,subtype=art,position=prenom)	een	
man	NOU-C(number=sg)	man	
van	ADP(type=pre)	van	
vermogen	NOU-C(number=sg)	vermogen	
zyn	PD(type=poss,position=prenom)	zijn	
beursje	NOU-C(number=sg)	beursje	
eens	ADV(type=reg)	eens	
op	ADP(type=pre)	op	
een	PD(type=indef,subtype=art,position=prenom)	een	
ander	PD(type=indef,position=free)	ander	
leegt	VRB(finiteness=fin,tense=pres)	ledigen	
,	PC	,	
dewyl	CONJ(type=sub)	dewijl	
zyn	PD(type=poss,position=prenom)	zijn	
Vrouw	NOU-C(number=sg)	vrouw	
en	CONJ(type=coor)	en	
Kinderen	NOU-C(number=pl)	kind	
,	PC	,	
soo	CONJ(type=sub)	zo	
hy	PD(type=pers,position=free)	hij	
't	PD(type=pers,position=free)	het	
niet	ADV(type=reg)	niet	
al	ADV(type=reg)	al	
te	ADV(type=reg)	te	
gekkelyk	AA(degree=pos,position=free)	gekkelijk	
aansteld	VRB(finiteness=fin,tense=pres)	aanstellen	
,	PC	,	
daer	ADV(type=pron)	daarom	mw_162
geen	PD(type=indef,subtype=oth,position=prenom)	geen	
schraalder	AA(degree=comp,position=prenom)	schraal	
tafel	NOU-C(number=sg)	tafel	
om	ADV(type=pron)	daarom	mw_162
behoeven	VRB(finiteness=fin,tense=pres)	behoeven	
te	ADP(type=pre)	te	
houden	VRB(finiteness=inf)	houden	
,	PC	,	
daar	CONJ(type=sub)	daar	
een	PD(type=indef,subtype=art,position=prenom)	een	
Kalis	NOU-C(number=sg)	kalis	
in	ADV(type=reg)	integendeel	mw_257
tegendeel	ADV(type=reg)	integendeel	mw_257
,	PC	,	
alles	PD(type=indef,position=free)	alles	
wat	PD(type=w-p,position=free)	wat	
hy	PD(type=pers,position=free)	hij	
op	ADP(type=pre)	op	
deese	PD(type=d-p,subtype=oth,position=prenom)	deze	
manier	NOU-C(number=sg)	manier	
't	ADP(type=pre)	te	
soek	NOU-C(number=sg)	zoek	
brengt	VRB(finiteness=fin,tense=pres)	brengen	
,	PC	,	
zijn	PD(type=poss,position=prenom)	zijn	
Vrouw	NOU-C(number=sg)	vrouw	
en	CONJ(type=coor)	en	
kinderen	NOU-C(number=pl)	kind	
ontsteeld	VRB(finiteness=fin,tense=pres)	ontstelen	
,	PC	,	
die	PD(type=d-p,position=free)	die	
menigmaal	ADV(type=reg)	menigmaal	
te	ADP(type=pre)	te	
deeser	PD(type=d-p,subtype=oth,position=prenom)	deze	
oorsaak	NOU-C(number=sg)	oorzaak	
genoodsaakt	VRB(finiteness=pastpart)	noodzaken	
zijn	VRB(finiteness=fin,tense=pres)	zijn	
met	ADP(type=pre)	met	
een	PD(type=indef,subtype=art,position=prenom)	een	
hongerige	AA(degree=pos,position=prenom)	hongerig	
buik	NOU-C(number=sg)	buik	
na	ADP(type=pre)	na	
bed	NOU-C(number=sg)	bed	
te	ADP(type=pre)	te	
gaan	VRB(finiteness=inf)	gaan	
.	PC	.	

Wy	PD(type=pers,position=free)	wij	
gingen	VRB(finiteness=fin,tense=past)	gaan	
dan	ADV(type=reg)	dan	
ter	ADP(type=pre)+PD(type=d-p,subtype=art,position=prenom)	te+de	
deur	NOU-C(number=sg)	deur	
uyt	ADP(type=post)	uit	
,	PC	,	
en	CONJ(type=coor)	en	
wandelden	VRB(finiteness=fin,tense=past)	wandelen	
een	PD(type=indef,subtype=art,position=prenom)	een	
mooy	AA(degree=pos,position=prenom)	mooi	
eintje	NOU-C(number=sg)	eindje	
weegs	NOU-C(number=sg)	weg	
deselve	PD(type=d-p,subtype=oth,position=prenom)	dezelve	
graft	NOU-C(number=sg)	gracht	
langs	ADP(type=post)	langs	
,	PC	,	
tot	CONJ(type=sub)	totdat	mw_171
dat	CONJ(type=sub)	totdat	mw_171
wy	PD(type=pers,position=free)	wij	
voor	ADP(type=pre)	voor	
een	PD(type=indef,subtype=art,position=prenom)	een	
breed	AA(degree=pos,position=prenom)	breed	
huis	NOU-C(number=sg)	huis	
kwamen	VRB(finiteness=fin,tense=past)	komen	
,	PC	,	
waar	ADV(type=pron)	waarvan	mw_347
van	ADV(type=pron)	waarvan	mw_347
de	PD(type=d-p,subtype=art,position=prenom)	de	
deur	NOU-C(number=sg)	deur	
,	PC	,	
even	AA(degree=pos,position=free)	even	
gelyk	CONJ(type=sub)	gelijk	
van	ADP(type=pre)	van	
het	PD(type=d-p,subtype=art,position=prenom)	het	
tweede	NUM(type=ord,position=prenom,representation=let)	tweede	
Huis	NOU-C(number=sg)	huis	
,	PC	,	
daar	ADV(type=reg)	daar	
mijn	PD(type=poss,position=prenom)	mijn	
Leidsman	NOU-C(number=sg)	leidsman	
my	PD(type=pers,position=free)	ik	
gebragt	VRB(finiteness=pastpart)	brengen	
had	VRB(finiteness=fin,tense=past)	hebben	
,	PC	,	
met	ADP(type=pre)	met	
een	PD(type=indef,subtype=art,position=prenom)	een	
hek	NOU-C(number=sg)	hek	
afgeslooten	VRB(finiteness=pastpart)	afsluiten	
was	VRB(finiteness=fin,tense=past)	zijn	
.	PC	.	

Uit	ADP(type=pre)	uit	
het	PD(type=d-p,subtype=art,position=prenom)	het	
voor-huis	NOU-C(number=sg)	voorhuis	
traden	VRB(finiteness=fin,tense=past)	treden	
wy	PD(type=pers,position=free)	wij	
in	ADP(type=pre)	in	
een	PD(type=indef,subtype=art,position=prenom)	een	
gang	NOU-C(number=sg)	gang	
,	PC	,	
aan	ADP(type=pre)	aan	
welkers	PD(type=w-p,position=free)	welk	
slinker	NOU-C(number=sg)	slinkerzijde	mw_861530
syde	NOU-C(number=sg)	slinkerzijde	mw_861530
een	PD(type=indef,subtype=art,position=prenom)	een	
deur	NOU-C(number=sg)	deur	
stond	VRB(finiteness=fin,tense=past)	staan	
,	PC	,	
die	PD(type=d-p,position=free)	die	
toegang	NOU-C(number=sg)	toegang	
in	ADP(type=pre)	in	
een	PD(type=indef,subtype=art,position=prenom)	een	
groote	AA(degree=pos,position=prenom)	groot	
kamer	NOU-C(number=sg)	kamer	
gaf	VRB(finiteness=fin,tense=past)	geven	
,	PC	,	
daar	ADV(type=reg)	daar	
ik	PD(type=pers,position=free)	ik	
een	PD(type=indef,subtype=art,position=prenom)	een	
meenigte	NOU-C(number=sg)	menigte	
van	ADP(type=pre)	van	
volk	NOU-C(number=sg)	volk	
gewaar	VRB(finiteness=fin,tense=past)	gewaarworden	mw_230
wierd	VRB(finiteness=fin,tense=past)	gewaarworden	mw_230
,	PC	,	
en	CONJ(type=coor)	en	
onder	ADP(type=pre)	onder	
deesen	PD(type=d-p,position=free)	deze	
sulk	PD(type=d-p,position=free)	zulk	
een	PD(type=indef,subtype=art,position=prenom)	een	
lengte	NOU-C(number=sg)	lengte	
van	ADP(type=pre)	van	
Hoertjes	NOU-C(number=pl)	hoertje	
,	PC	,	
waar	ADV(type=pron)	waarvan	mw_348
van	ADV(type=pron)	waarvan	mw_348
de	PD(type=d-p,subtype=art,position=prenom)	de	
meesten	NOU-C(number=pl)	meeste	
op	ADP(type=pre)	op	
sijn	PD(type=poss,position=prenom)	zijn	
Juffers	NOU-C(number=pl)	juffers	
gekleed	VRB(finiteness=pastpart)	kleden	
gingen	VRB(finiteness=fin,tense=past)	gaan	
,	PC	,	
dat	CONJ(type=sub)	dat	
ik	PD(type=pers,position=free)	ik	
verwonderd	AA(degree=pos,position=free)	verwonderd	
stond	VRB(finiteness=fin,tense=past)	staan	
.	PC	.	

Dit	PD(type=d-p,position=free)	dit	
doet	VRB(finiteness=fin,tense=pres)	opdoen	mw_292
zig	PD(type=refl,position=free)	zich	
al	ADV(type=reg)	al	
vry	AA(degree=pos,position=free)	vrij	
groots	AA(degree=pos,position=free)	groots	
op	VRB(finiteness=fin,tense=pres)	opdoen	mw_292
,	PC	,	
seyd	VRB(finiteness=fin,tense=past)	zeggen	
'	PC	'	
ik	PD(type=pers,position=free)	ik	
tegen	ADP(type=pre)	tegen	
myn	PD(type=poss,position=prenom)	mijn	
Leidsman	NOU-C(number=sg)	leidsman	
,	PC	,	
men	PD(type=pers,position=free)	men	
moet	VRB(finiteness=fin,tense=pres)	moeten	
hier	ADV(type=reg)	hier	
goede	AA(degree=pos,position=prenom)	goed	
nering	NOU-C(number=sg)	nering	
houden	VRB(finiteness=inf)	houden	
,	PC	,	
dat	CONJ(type=sub)	dat	
de	PD(type=d-p,subtype=art,position=prenom)	de	
Juffertjes	NOU-C(number=pl)	juffertje	
hier	ADV(type=reg)	hier	
in	ADP(type=pre)	in	
sulk	PD(type=d-p,position=free)	zulk	
eē	PD(type=indef,subtype=art,position=prenom,WF=abbr)	een	
overvloet	NOU-C(number=sg)	overvloed	
zyn	VRB(finiteness=fin,tense=pres)	zijn	
.	PC	.	

De	PD(type=d-p,subtype=art,position=prenom)	de	
neering	NOU-C(number=sg)	nering	
is	VRB(finiteness=fin,tense=pres)	zijn	
'	PC	'	
er	ADV(type=reg)	er	
soo	ADV(type=reg)	zo	
groot	AA(degree=pos,position=free)	groot	
antwoordde	VRB(finiteness=fin,tense=past)	antwoorden	
myn	PD(type=poss,position=prenom)	mijn	
Leydsman	NOU-C(number=sg)	leidsman	
,	PC	,	
als	CONJ(type=sub)	als	
op	ADP(type=pre)	op	
eenige	PD(type=indef,subtype=oth,position=prenom)	enig	
plaats	NOU-C(number=sg)	plaats	
van	ADP(type=pre)	van	
deese	PD(type=d-p,subtype=oth,position=prenom)	deze	
natuur	NOU-C(number=sg)	natuur	
,	PC	,	
uytgenomen	ADP(type=pre)	uitgenomen	
alleen	AA(degree=pos,position=free)	alleen	
't	PD(type=d-p,subtype=art,position=prenom)	het	
eerste	NUM(type=ord,position=prenom,representation=let)	eerste	
Huis	NOU-C(number=sg)	huis	
,	PC	,	
daar	ADV(type=pron)	daarin	mw_107
wy	PD(type=pers,position=free)	wij	
in	ADV(type=pron)	daarin	mw_107
geweest	VRB(finiteness=pastpart)	zijn	
zyn	VRB(finiteness=fin,tense=pres)	zijn	
,	PC	,	
want	CONJ(type=coor)	want	
dat	PD(type=d-p,position=free)	dat	
overtreft	VRB(finiteness=fin,tense=pres)	overtreffen	
alle	PD(type=indef,position=free)	al	
d	PD(type=d-p,subtype=art,position=prenom)	de	
'	PC	'	
anderen	PD(type=indef,position=free)	ander	
,	PC	,	
maar	CONJ(type=coor)	maar	
men	PD(type=pers,position=free)	men	
houd	VRB(finiteness=fin,tense=pres)	houden	
hier	ADV(type=reg)	hier	
geen	PD(type=indef,subtype=oth,position=prenom)	geen	
soo	ADV(type=reg)	zo	
goede	AA(degree=pos,position=prenom)	goed	
ordre	NOU-C(number=sg)	order	
,	PC	,	
als	CONJ(type=sub)	als	
'	PC	'	
er	ADV(type=reg)	er	
op	ADP(type=pre)	op	
sommige	PD(type=indef,subtype=oth,position=prenom)	sommig	
plaatsen	NOU-C(number=pl)	plaats	
wel	ADV(type=reg)	wel	
gedaan	VRB(finiteness=pastpart)	doen	
word	VRB(finiteness=fin,tense=pres)	worden	
.	PC	.	

en	CONJ(type=coor)	en	
de	PD(type=d-p,subtype=art,position=prenom)	de	
Hoertjes	NOU-C(number=pl)	hoertje	
speelen	VRB(finiteness=fin,tense=pres)	spelen	
'	PC	'	
er	ADV(type=reg)	er	
den	PD(type=d-p,subtype=art,position=prenom)	de	
baas	NOU-C(number=sg)	baas	
wat	ADV(type=reg)	wat	
te	ADV(type=reg)	te	
veel	ADV(type=reg)	veel	
,	PC	,	
't	PD(type=d-p,position=free)	hetgeen	mw_1
geen	PD(type=d-p,position=free)	hetgeen	mw_1
veroorsaakt	VRB(finiteness=pastpart)	veroorzaken	
word	VRB(finiteness=fin,tense=pres)	worden	
door	CONJ(type=sub)	doordat	mw_170
dat	CONJ(type=sub)	doordat	mw_170
'	PC	'	
er	ADV(type=pron)	ermede	mw_207
den	PD(type=d-p,subtype=art,position=prenom)	de	
Hospes	NOU-C(number=sg)	hospes	
sich	PD(type=refl,position=free)	zich	
wat	ADV(type=reg)	wat	
te	ADV(type=reg)	te	
gemeen	AA(degree=pos,position=free)	gemeen	
mee	ADV(type=pron)	ermede	mw_207
maakt	VRB(finiteness=fin,tense=pres)	maken	
.	PC	.	

en	CONJ(type=coor)	en	
dat	CONJ(type=sub)	dat	
'	PC	'	
er	ADV(type=reg)	er	
selden	ADV(type=reg)	zelden	
een	PD(type=indef,subtype=art,position=prenom)	een	
dansje	NOU-C(number=sg)	dansje	
gedanst	VRB(finiteness=pastpart)	dansen	
word	VRB(finiteness=fin,tense=pres)	worden	
,	PC	,	
sonder	ADP(type=pre)	zonder	
dat	CONJ(type=sub)	dat	
hy	PD(type=pers,position=free)	hij	
mee	ADV(type=reg)	mede	
van	ADP(type=pre)	van	
de	PD(type=d-p,subtype=art,position=prenom)	de	
party	NOU-C(number=sg)	partij	
is	VRB(finiteness=fin,tense=pres)	zijn	
.	PC	.	

Wel	INT	wel	
is	VRB(finiteness=fin,tense=pres)	zijn	
zyn	PD(type=poss,position=prenom)	zijn	
Vrou	NOU-C(number=sg)	vrouw	
daar	ADV(type=pron)	daarover	mw_108
niet	ADV(type=reg)	niet	
jalous	AA(degree=pos,position=free)	jaloers	
over	ADV(type=pron)	daarover	mw_108
,	PC	,	
vroeg	VRB(finiteness=fin,tense=past)	vragen	
ik	PD(type=pers,position=free)	ik	
,	PC	,	
dat	CONJ(type=sub)	dat	
hy	PD(type=pers,position=free)	hij	
sich	PD(type=refl,position=free)	zich	
soo	ADV(type=reg)	zo	
gemeen	AA(degree=pos,position=free)	gemeen	
met	ADP(type=pre)	met	
deeze	PD(type=d-p,subtype=oth,position=prenom)	deze	
Schepsels	NOU-C(number=pl)	schepsel	
maakt	VRB(finiteness=fin,tense=pres)	maken	
?	PC	?	

Mogelyk	AA(degree=pos,position=free)	mogelijk	
sou	VRB(finiteness=fin,tense=past)	zullen	
s'et	PD(type=pers,position=free)+PD(type=pers,position=free)	zij+het	
weesen	VRB(finiteness=inf)	wezen	
,	PC	,	
dat	CONJ(type=sub)	dat	
se	PD(type=pers,position=free)	zij	
by	ADP(type=pre)	bij	
hen	PD(type=pers,position=free)	zij	
woonde	VRB(finiteness=fin,tense=past)	wonen	
,	PC	,	
hernam	VRB(finiteness=fin,tense=past)	hernemen	
hy	PD(type=pers,position=free)	hij	
,	PC	,	
maar	CONJ(type=coor)	maar	
ieder	PD(type=indef,position=free)	ieder	
houd	VRB(finiteness=fin,tense=pres)	houden	
bysonder	AA(degree=pos,position=free)	bijzonder	
huys	NOU-C(number=sg)	huis	
,	PC	,	
en	CONJ(type=coor)	en	
se	PD(type=pers,position=free)	zij	
sijn	VRB(finiteness=fin,tense=pres)	zijn	
al	ADV(type=reg)	al	
soo	ADV(type=reg)	zo	
vreemd	AA(degree=pos,position=free)	vreemd	
den	PD(type=d-p,subtype=art,position=prenom)	de	
een	NUM(type=card,position=free,representation=let)	een	
van	ADP(type=pre)	van	
een	PD(type=indef,subtype=art,position=prenom)	een	
ander	PD(type=indef,position=free)	ander	
,	PC	,	
als	CONJ(type=sub)	alsof	mw_67
of	CONJ(type=sub)	alsof	mw_67
se	PD(type=pers,position=free)	zij	
malkauder	PD(type=recip,position=free,WF=mis)	malkander	
nooit	ADV(type=reg)	nooit	
gekend	VRB(finiteness=pastpart)	kennen	
hadden	VRB(finiteness=fin,tense=past)	hebben	
.	PC	.	

wel	INT	wel	
waar	ADV(type=pron)	waarbij	mw_85
is	VRB(finiteness=fin,tense=pres)	zijn	
dat	PD(type=d-p,position=free)	dat	
doch	ADV(type=reg)	doch	
by	ADV(type=pron)	waarbij	mw_85
toe	VRB(finiteness=pastpart)	toekomen	mw_225
gekomen	VRB(finiteness=pastpart)	toekomen	mw_225
,	PC	,	
dat	CONJ(type=sub)	dat	
se	PD(type=pers,position=free)	zij	
soo	ADV(type=reg)	zo	
vreemd	AA(degree=pos,position=free)	vreemd	
van	ADP(type=pre)	van	
elkanderen	PD(type=recip,position=free)	elkander	
zyn	VRB(finiteness=fin,tense=pres)	zijn	
?	PC	?	

vroeg	VRB(finiteness=fin,tense=past)	vragen	
ik	PD(type=pers,position=free)	ik	
vorders	ADV(type=reg)	voorders	
.	PC	.	

Men	PD(type=pers,position=free)	men	
geeft	VRB(finiteness=fin,tense=pres)	nageven	mw_281
de	PD(type=d-p,subtype=art,position=prenom)	de	
Vrouw	NOU-C(number=sg)	vrouw	
na	VRB(finiteness=fin,tense=pres)	nageven	mw_281
,	PC	,	
antworode	VRB(finiteness=fin,tense=past,WF=mis)	antwoorden	
myn	PD(type=poss,position=prenom)	mijn	
Leidsman	NOU-C(number=sg)	leidsman	
,	PC	,	
datse	CONJ(type=sub)+PD(type=pers,position=free)	dat+zij	
wat	ADV(type=reg)	wat	
te	ADV(type=reg)	te	
veel	ADV(type=reg)	veel	
van	ADP(type=pre)	van	
de	PD(type=d-p,subtype=art,position=prenom)	de	
brandewijn	NOU-C(number=sg)	brandewijn	
houd	VRB(finiteness=fin,tense=pres)	houden	
,	PC	,	
en	CONJ(type=coor)	en	
dit	PD(type=d-p,position=free)	dit	
wil	VRB(finiteness=fin,tense=pres)	willen	
derhalven	ADV(type=reg)	derhalve	
d	PD(type=d-p,subtype=art,position=prenom)	de	
'	PC	'	
oorsaak	NOU-C(number=sg)	oorzaak	
van	ADP(type=pre)	van	
deese	PD(type=d-p,subtype=oth,position=prenom)	deze	
schelling	NOU-C(number=sg)	schelling	
weesen	VRB(finiteness=inf)	wezen	
.	PC	.	

't	PD(type=pers,position=free)	het	
Is	VRB(finiteness=fin,tense=pres)	zijn	
wel	ADV(type=reg)	wel	
waar	AA(degree=pos,position=free)	waar	
,	PC	,	
dat	CONJ(type=sub)	dat	
ze	PD(type=pers,position=free)	zij	
op	ADP(type=pre)	op	
die	PD(type=d-p,subtype=oth,position=prenom)	die	
drank	NOU-C(number=sg)	drank	
vry	AA(degree=pos,position=free)	vrij	
wat	ADV(type=reg)	wat	
verslingerd	VRB(finiteness=pastpart)	verslingeren	
is	VRB(finiteness=fin,tense=pres)	zijn	
,	PC	,	
maar	CONJ(type=coor)	maar	
z	PD(type=pers,position=free)	zij	
'	PC	'	
is	VRB(finiteness=fin,tense=pres)	zijn	
oud	AA(degree=pos,position=free)	oud	
en	CONJ(type=coor)	en	
ver	AA(degree=pos,position=free)	ver	
na	ADV(type=reg)	na	
niet	ADV(type=reg)	niet	
van	ADP(type=pre)	van	
de	PD(type=d-p,subtype=art,position=prenom)	de	
goelijksten	NOU-C(number=pl)	goelijkste	
,	PC	,	
en	CONJ(type=coor)	en	
dat	PD(type=d-p,position=free)	dat	
heeft	VRB(finiteness=fin,tense=pres)	hebben	
'	PC	'	
er	ADV(type=pron)	ertoe	mw_208
ook	ADV(type=reg)	ook	
al	ADV(type=reg)	al	
vry	AA(degree=pos,position=free)	vrij	
wat	PD(type=indef,position=free)	wat	
toe	ADV(type=pron)	ertoe	mw_208
geholpen	VRB(finiteness=pastpart)	helpen	
.	PC	.	

Ondertusschen	ADV(type=reg)	ondertussen	
speeld	VRB(finiteness=fin,tense=pres)	spelen	
den	PD(type=d-p,subtype=art,position=prenom)	de	
Man	NOU-C(number=sg)	man	
't	PD(type=d-p,subtype=art,position=prenom)	het	
Heerschop	NOU-C(number=sg)	heerschap	
,	PC	,	
gelyk	CONJ(type=sub)	gelijk	
hy	PD(type=pers,position=free)	hij	
wel	ADV(type=reg)	wel	
doen	VRB(finiteness=inf)	doen	
kan	VRB(finiteness=fin,tense=pres)	kunnen	
,	PC	,	
want	CONJ(type=coor)	want	
hy	PD(type=pers,position=free)	hij	
windt	VRB(finiteness=fin,tense=pres)	winnen	
gelds	NOU-C(number=sg)	geld	
genoeg	PD(type=indef,position=free)	genoeg	
,	PC	,	
maar	CONJ(type=coor)	maar	
't	PD(type=d-p,subtype=art,position=prenom)	het	
Wijf	NOU-C(number=sg)	wijf	
moet	VRB(finiteness=fin,tense=pres)	moeten	
sig	PD(type=refl,position=free)	zich	
vry	AA(degree=pos,position=free)	vrij	
wat	ADV(type=reg)	wat	
soberder	AA(degree=comp,position=free)	sober	
belyden	VRB(finiteness=inf)	belijden	
,	PC	,	
als	CONJ(type=sub)	als	
loopende	VRB(finiteness=prespart)	lopen	
met	ADP(type=pre)	met	
de	PD(type=d-p,subtype=art,position=prenom)	de	
kruiwagen	NOU-C(number=sg)	kruiwagen	
langs	ADP(type=pre)	langs	
de	PD(type=d-p,subtype=art,position=prenom)	de	
straat	NOU-C(number=sg)	straat	
,	PC	,	
en	CONJ(type=coor)	en	
geen	PD(type=indef,subtype=oth,position=prenom)	geen	
andere	PD(type=indef,subtype=oth,position=prenom)	ander	
winsten	NOU-C(number=pl)	winst	
hebbende	VRB(finiteness=prespart)	hebben	
,	PC	,	
als	CONJ(type=sub)	als	
't	PD(type=d-p,position=free)	hetgeen	mw_4
geen	PD(type=d-p,position=free)	hetgeen	mw_4
haar	PD(type=pers,position=free)	zij	
deese	PD(type=d-p,subtype=oth,position=prenom)	deze	
veragte	AA(degree=pos,position=prenom)	veracht	
koophandel	NOU-C(number=sg)	koophandel	
op	VRB(finiteness=inf)	opbrengen	mw_291
kan	VRB(finiteness=fin,tense=pres)	kunnen	
brengen	VRB(finiteness=inf)	opbrengen	mw_291
.	PC	.	

Dat	PD(type=d-p,position=free)	dat	
's	VRB(finiteness=fin,tense=pres)	zijn	
slecht	AA(degree=pos,position=free)	slecht	
seid	VRB(finiteness=fin,tense=past)	zeggen	
ik	PD(type=pers,position=free)	ik	
ten	ADP(type=pre)+PD(type=d-p,subtype=art,position=prenom)	te+het	
minsten	NOU-C(number=sg)	minste	
behoorde	VRB(finiteness=fin,tense=past)	behoren	
hy	PD(type=pers,position=free)	hij	
haar	PD(type=pers,position=free)	zij	
,	PC	,	
eenige	PD(type=indef,position=free)	enig	
onder	NOU-C(number=sg)	onderstand	mw_289
stand	NOU-C(number=sg)	onderstand	mw_289
ter	ADP(type=pre,WF=mis)	te	
doen	VRB(finiteness=inf)	doen	
,	PC	,	
wou	VRB(finiteness=fin,tense=past)	willen	
hy	PD(type=pers,position=free)	hij	
se	PD(type=pers,position=free)	zij	
niet	ADV(type=reg)	niet	
by	ADP(type=pre)	bij	
sig	PD(type=refl,position=free)	zich	
houden	VRB(finiteness=inf)	houden	
,	PC	,	
hy	PD(type=pers,position=free)	hij	
valt	VRB(finiteness=fin,tense=pres)	vallen	
soo	ADV(type=reg)	zo	
geweldig	AA(degree=pos,position=free)	geweldig	
conscientieus	AA(degree=pos,position=free)	consciëntieus	
niet	ADV(type=reg)	niet	
,	PC	,	
hernam	VRB(finiteness=fin,tense=past)	hernemen	
mijn	PD(type=poss,position=prenom)	mijn	
Leidsman	NOU-C(number=sg)	leidsman	
,	PC	,	
en	CONJ(type=coor)	en	
,	PC	,	
van	ADP(type=pre)	van	
haar	PD(type=pers,position=free)	zij	
on-derstand	NOU-C(number=sg)	onderstand	
te	ADP(type=pre)	te	
doen	VRB(finiteness=inf)	doen	
,	PC	,	
wil	VRB(finiteness=fin,tense=pres)	willen	
hy	PD(type=pers,position=free)	hij	
zelfs	ADV(type=reg)	zelfs	
niet	ADV(type=reg)	niet	
eens	ADV(type=reg)	eens	
weeten	VRB(finiteness=inf)	weten	
,	PC	,	
dat	CONJ(type=sub)	dat	
hy	PD(type=pers,position=free)	hij	
een	PD(type=indef,subtype=art,position=prenom)	een	
Vrouw	NOU-C(number=sg)	vrouw	
heeft	VRB(finiteness=fin,tense=pres)	hebben	
.	PC	.	

Zoo	ADV(type=reg)	zo	
groot	AA(degree=pos,position=free)	groot	
is	VRB(finiteness=fin,tense=pres)	zijn	
de	PD(type=d-p,subtype=art,position=prenom)	de	
nar	NOU-C(number=sg)	nar	
;	PC	;	
maar	CONJ(type=coor)	maar	
dat	CONJ(type=sub)	dat	
ze	PD(type=pers,position=free)	zij	
eenige	PD(type=indef,subtype=oth,position=prenom)	enig	
duizende	NOU-C(number=pl)	duizend	
by	ADP(type=pre)	bij	
malkander	PD(type=recip,position=free)	malkander	
had	VRB(finiteness=fin,tense=past)	hebben	
,	PC	,	
hy	PD(type=pers,position=free)	hij	
souze	VRB(finiteness=fin,tense=past)+PD(type=pers,position=free)	zullen+zij	
dan	ADV(type=reg)	dan	
wel	ADV(type=reg)	wel	
weer	ADV(type=reg)	weder	
by	ADP(type=pre)	bij	
sig	PD(type=refl,position=free)	zich	
willen	VRB(finiteness=inf)	willen	
neemen	VRB(finiteness=inf)	nemen	
,	PC	,	
want	CONJ(type=coor)	want	
hy	PD(type=pers,position=free)	hij	
valt	VRB(finiteness=fin,tense=pres)	vallen	
vry	AA(degree=pos,position=free)	vrij	
wat	PD(type=w-p,position=free)	wat	
geldgieriger	AA(degree=comp,position=free)	geldgierig	
,	PC	,	
wat	PD(type=w-p,position=free)	wat	
de	PD(type=d-p,subtype=art,position=prenom)	de	
neering	NOU-C(number=sg)	nering	
belangd	VRB(finiteness=fin,tense=pres)	belangen	
,	PC	,	
vervolgde	VRB(finiteness=fin,tense=past)	vervolgen	
hy	PD(type=pers,position=free)	hij	
,	PC	,	
daar	ADV(type=pron)	daarmede	mw_109
weet	VRB(finiteness=fin,tense=pres)	weten	
hy	PD(type=pers,position=free)	hij	
soo	ADV(type=reg)	zo	
geestig	AA(degree=pos,position=free)	geestig	
mee	ADV(type=pron)	daarmede	mw_109
om	VRB(finiteness=inf)	omspringen	mw_288662
te	ADP(type=pre)	te	
springen	VRB(finiteness=inf)	omspringen	mw_288662
,	PC	,	
of	CONJ(type=sub)	of	
als	CONJ(type=sub)	als	
hy	PD(type=pers,position=free)	hij	
een	PD(type=indef,subtype=art,position=prenom)	een	
Wyf	NOU-C(number=sg)	wijf	
was	VRB(finiteness=fin,tense=past)	zijn	
,	PC	,	
en	CONJ(type=coor)	en	
hy	PD(type=pers,position=free)	hij	
kan	VRB(finiteness=fin,tense=pres)	kunnen	
de	PD(type=d-p,subtype=art,position=prenom)	de	
luiden	NOU-C(number=pl)	lieden	
den	PD(type=d-p,subtype=art,position=prenom)	de	
wyn	NOU-C(number=sg)	wijn	
zo	ADV(type=reg)	zo	
net	AA(degree=pos,position=free)	net	
in	ADP(type=pre)	in	
't	PD(type=d-p,subtype=art,position=prenom)	het	
lyf	NOU-C(number=sg)	lijf	
preken	VRB(finiteness=inf)	preken	
,	PC	,	
dat	CONJ(type=sub)	dat	
het	PD(type=pers,position=free)	het	
een	PD(type=indef,subtype=art,position=prenom)	een	
lust	NOU-C(number=sg)	lust	
om	ADP(type=pre)	om	
te	ADP(type=pre)	te	
hooren	VRB(finiteness=inf)	horen	
is	VRB(finiteness=fin,tense=pres)	zijn	
.	PC	.	

Terwijl	CONJ(type=sub)	terwijl	
mijn	PD(type=poss,position=prenom)	mijn	
Leitsman	NOU-C(number=sg)	leidsman	
deze	PD(type=d-p,subtype=oth,position=prenom)	deze	
redenen	NOU-C(number=pl)	reden	
tegen	ADP(type=pre)	tegen	
my	PD(type=pers,position=free)	ik	
voerde	VRB(finiteness=fin,tense=past)	voeren	
,	PC	,	
hield	VRB(finiteness=fin,tense=past)	houden	
hy	PD(type=pers,position=free)	hij	
my	PD(type=pers,position=free)	ik	
voor	ADP(type=pre)	voor	
het	PD(type=d-p,subtype=art,position=prenom)	het	
Pakhuis	NOU-C(number=sg)	pakhuis	
staande	VRB(finiteness=prespart)	staan	
,	PC	,	
waar	ADV(type=pron)	waarvan	mw_349
van	ADV(type=pron)	waarvan	mw_349
ik	PD(type=pers,position=free)	ik	
de	PD(type=d-p,subtype=art,position=prenom)	de	
redenen	NOU-C(number=pl)	reden	
eerst	ADV(type=reg)	eerst	
verstond	VRB(finiteness=fin,tense=past)	verstaan	
,	PC	,	
wanneer	CONJ(type=sub)	wanneer	
hy	PD(type=pers,position=free)	hij	
my	PD(type=pers,position=free)	ik	
sei	VRB(finiteness=fin,tense=past)	zeggen	
,	PC	,	
dat	CONJ(type=sub)	dat	
wy	PD(type=pers,position=free)	wij	
daar	ADV(type=pron)	daarnaast	mw_110
nast	ADV(type=pron)	daarnaast	mw_110
moesten	VRB(finiteness=fin,tense=past)	moeten	
wezen	VRB(finiteness=inf)	wezen	
,	PC	,	
daar	ADV(type=reg)	daar	
hy	PD(type=pers,position=free)	hij	
my	PD(type=pers,position=free)	ik	
iets	PD(type=indef,position=free)	iets	
zou	VRB(finiteness=fin,tense=past)	zullen	
doen	VRB(finiteness=inf)	doen	
zien	VRB(finiteness=inf)	zien	
,	PC	,	
't	PD(type=d-p,position=free)	hetgeen	mw_2
geen	PD(type=d-p,position=free)	hetgeen	mw_2
my	PD(type=pers,position=free)	ik	
ongetwijfeld	AA(degree=pos,position=free)	ongetwijfeld	
verwonderen	VRB(finiteness=inf)	verwonderen	
zoude	VRB(finiteness=fin,tense=past)	zullen	
.	PC	.	

Hier	ADV(type=pron)	hierop	mw_293
op	ADV(type=pron)	hierop	mw_293
traden	VRB(finiteness=fin,tense=past)	treden	
wy	PD(type=pers,position=free)	wij	
in	ADP(type=pre)	in	
huis	NOU-C(number=sg)	huis	
,	PC	,	
en	CONJ(type=coor)	en	
terstond	ADV(type=reg)	terstond	
na	ADP(type=pre)	na	
achteren	ADV(type=reg)	achteren	
toe	ADV(type=reg)	toe	
,	PC	,	
daar	ADV(type=reg)	daar	
wy	PD(type=pers,position=free)	wij	
in	ADP(type=pre)	in	
de	PD(type=d-p,subtype=art,position=prenom)	de	
keuken	NOU-C(number=sg)	keuken	
twee	NUM(type=card,position=prenom,representation=let)	twee	
hoertjes	NOU-C(number=pl)	hoertje	
vonden	VRB(finiteness=fin,tense=past)	vinden	
zitten	VRB(finiteness=inf)	zitten	
,	PC	,	
met	ADP(type=pre)	met	
twee	NUM(type=card,position=prenom,representation=let)	twee	
mans	NOU-C(number=pl)	manspersoon	mw_269
persoonen	NOU-C(number=pl)	manspersoon	mw_269
,	PC	,	
die	PD(type=d-p,position=free)	die	
als	CONJ(type=sub)	als	
Schippers	NOU-C(number=pl)	schipper	
gekleed	VRB(finiteness=pastpart)	kleden	
waren	VRB(finiteness=fin,tense=past)	zijn	
;	PC	;	
en	CONJ(type=coor)	en	
benevens	ADP(type=pre)	benevens	
dezen	PD(type=d-p,position=free)	deze	
de	PD(type=d-p,subtype=art,position=prenom)	de	
Waardin	NOU-C(number=sg)	waardin	
,	PC	,	
die	PD(type=d-p,position=free)	die	
van	ADP(type=pre)	van	
geen	PD(type=indef,subtype=oth,position=prenom)	geen	
ander	PD(type=indef,subtype=oth,position=prenom)	ander	
ding	NOU-C(number=sg)	ding	
praatte	VRB(finiteness=fin,tense=past)	praten	
,	PC	,	
als	CONJ(type=sub)	als	
van	ADP(type=pre)	van	
drinken	NOU-C(number=sg)	drinken	
en	CONJ(type=coor)	en	
van	ADP(type=pre)	van	
vroolijk	AA(degree=pos,position=free)	vrolijk	
te	ADP(type=pre)	te	
wezen	VRB(finiteness=inf)	wezen	
.	PC	.	

Wat	PD(type=w-p,position=free)	wat	
zyn	VRB(finiteness=fin,tense=pres)	zijn	
dat	PD(type=d-p,position=free)	dat	
voor	ADP(type=pre)	voor	
roemers	NOU-C(number=pl)	roemer	
;	PC	;	
zeid	VRB(finiteness=fin,tense=past)	zeggen	
ik	PD(type=pers,position=free)	ik	
tegen	ADP(type=pre)	tegen	
mijn	PD(type=poss,position=prenom)	mijn	
Lidsman	NOU-C(number=sg,WF=mis)	leidsman	
;	PC	;	
ziende	VRB(finiteness=prespart)	zien	
dat	CONJ(type=sub)	dat	
ze	PD(type=pers,position=free)	zij	
ruim	AA(degree=pos,position=free)	ruim	
soo	ADV(type=reg)	zo	
groot	AA(degree=pos,position=free)	groot	
als	CONJ(type=sub)	als	
half	AA(degree=pos,position=prenom)	half	
pint	NOU-C(number=sg)	pint	
,	PC	,	
en	CONJ(type=coor)	en	
vry	AA(degree=pos,position=free)	vrij	
wat	ADV(type=reg)	wat	
kleinder	AA(degree=comp,position=free)	klein	
als	CONJ(type=sub)	als	
pints	NOU-C(number=pl)	pint	
waren	VRB(finiteness=fin,tense=past)	zijn	
.	PC	.	

Men	PD(type=pers,position=free)	men	
tapt	VRB(finiteness=fin,tense=pres)	tappen	
hier	ADV(type=reg)	hier	
met	ADP(type=pre)	met	
geen	PD(type=indef,subtype=oth,position=prenom)	geen	
tinne	AA(degree=pos,position=prenom)	tinnen	
pinten	NOU-C(number=pl)	pint	
,	PC	,	
zei	VRB(finiteness=fin,tense=past)	zeggen	
mijn	PD(type=poss,position=prenom)	mijn	
Leitsman	NOU-C(number=sg)	leidsman	
;	PC	;	
maar	CONJ(type=coor)	maar	
alleenlijk	ADV(type=reg)	alleenlijk	
met	ADP(type=pre)	met	
dusdanige	PD(type=d-p,subtype=oth,position=prenom)	dusdanig	
roemers	NOU-C(number=pl)	roemer	
,	PC	,	
die	PD(type=d-p,position=free)	die	
,	PC	,	
hoewel'er	CONJ(type=sub)+ADV(type=pron)	hoewel+ervan	mw_254
ruim	AA(degree=pos,position=free)	ruim	
drie	NUM(type=card,position=prenom,representation=let)	drie	
van	CONJ(type=sub)+ADV(type=pron)	hoewel+ervan	mw_254
op	ADP(type=pre)	op	
een	PD(type=indef,subtype=art,position=prenom)	een	
mingelen	NOU-C(number=sg)	mengelen	
gaan	VRB(finiteness=fin,tense=pres)	gaan	
,	PC	,	
echter	ADV(type=reg)	echter	
tegen	ADP(type=pre)	tegen	
een	PD(type=indef,subtype=art,position=prenom)	een	
schelling	NOU-C(number=sg)	schelling	
betaald	VRB(finiteness=pastpart)	betalen	
moeten	VRB(finiteness=fin,tense=pres)	moeten	
worden	VRB(finiteness=inf)	worden	
,	PC	,	
maar	CONJ(type=coor)	maar	
,	PC	,	
vervolgde	VRB(finiteness=fin,tense=past)	vervolgen	
hy	PD(type=pers,position=free)	hij	
,	PC	,	
zoo	CONJ(type=sub)	zo	
gy	PD(type=pers,position=free)	gij	
de	PD(type=d-p,subtype=art,position=prenom)	de	
gruwelykste	AA(degree=sup,position=prenom)	gruwelijk	
listen	NOU-C(number=pl)	list	
en	CONJ(type=coor)	en	
onrechtvaardigste	AA(degree=sup,position=prenom)	onrechtvaardig	
manieren	NOU-C(number=pl)	manier	
des	PD(type=d-p,subtype=art,position=prenom)	de	
weerelds	NOU-C(number=sg)	wereld	
begeerd	VRB(finiteness=fin,tense=pres)	begeren	
te	ADP(type=pre)	te	
zien	VRB(finiteness=inf)	zien	
,	PC	,	
zoo	ADV(type=reg)	zo	
kijk	VRB(finiteness=fin,tense=pres)	toekijken	mw_260
maar	ADV(type=reg)	maar	
naarstig	AA(degree=pos,position=free)	naarstig	
toe	VRB(finiteness=fin,tense=pres)	toekijken	mw_260
,	PC	,	
en	CONJ(type=coor)	en	
vraag	VRB(finiteness=fin,tense=pres)	vragen	
me	PD(type=pers,position=free)	ik	
niet	ADV(type=reg)	niet	
eer	ADV(type=reg)	eer	
?	PC	?	

voor	CONJ(type=sub)	voordat	mw_356
dat	CONJ(type=sub)	voordat	mw_356
gy	PD(type=pers,position=free)	gij	
iets	PD(type=indef,position=free)	iets	
ziet	VRB(finiteness=fin,tense=pres)	zien	
,	PC	,	
't	PD(type=d-p,position=free)	hetgeen	mw_3
geen	PD(type=d-p,position=free)	hetgeen	mw_3
gy	PD(type=pers,position=free)	gij	
niet	ADV(type=reg)	niet	
verstaan	VRB(finiteness=inf)	verstaan	
kunt	VRB(finiteness=fin,tense=pres)	kunnen	
.	PC	.	

'k	PD(type=pers,position=free)	ik	
Deed	VRB(finiteness=fin,tense=past)	doen	
so	ADV(type=reg)	zo	
,	PC	,	
en	CONJ(type=coor)	en	
zag	VRB(finiteness=fin,tense=past)	zien	
dat	CONJ(type=sub)	dat	
ieder	PD(type=indef,subtype=oth,position=prenom)	ieder	
roemer	NOU-C(number=sg)	roemer	
maar	ADV(type=reg)	maar	
eventjes	ADV(type=reg)	eventjes	
eens	ADV(type=reg)	eens	
,	PC	,	
de	PD(type=d-p,subtype=art,position=prenom)	de	
ronde	NOU-C(number=sg)	ronde	
kon	VRB(finiteness=fin,tense=past)	kunnen	
doen	VRB(finiteness=inf)	doen	
want	CONJ(type=coor)	want	
als	CONJ(type=sub)	als	
ze	PD(type=pers,position=free)	zij	
de	PD(type=d-p,subtype=art,position=prenom)	de	
hoeren	NOU-C(number=pl)	hoer	
in	ADP(type=pre)	in	
de	PD(type=d-p,subtype=art,position=prenom)	de	
hand	NOU-C(number=sg)	hand	
kreegen	VRB(finiteness=fin,tense=past)	krijgen	
,	PC	,	
die	PD(type=d-p,position=free)	die	
nepen	VRB(finiteness=fin,tense=past)	nijpen	
se	PD(type=pers,position=free)	zij	
soo	ADV(type=reg)	zo	
onbarmhertig	AA(degree=pos,position=free)	onbarmhartig	
,	PC	,	
dat	CONJ(type=sub)	dat	
'	PC	'	
er	ADV(type=pron)	erna	mw_209
de	PD(type=d-p,subtype=art,position=prenom)	de	
dood	NOU-C(number=sg)	dood	
na	ADV(type=pron)	erna	mw_209
volgde	VRB(finiteness=fin,tense=past)	volgen	
.	PC	.	

De	PD(type=d-p,subtype=art,position=prenom)	de	
twe	NUM(type=card,position=prenom,representation=let)	twee	
Venten	NOU-C(number=pl)	vent	
,	PC	,	
die	PD(type=d-p,position=free)	die	
alreeds	ADV(type=reg)	alreeds	
half	AA(degree=pos,position=free)	half	
dronken	AA(degree=pos,position=free)	dronken	
geweest	VRB(finiteness=pastpart)	zijn	
waren	VRB(finiteness=fin,tense=past)	zijn	
toen	CONJ(type=sub)	toen	
wy	PD(type=pers,position=free)	wij	
'	PC	'	
er	ADV(type=reg)	er	
inkwamen	VRB(finiteness=fin,tense=past)	inkomen	
,	PC	,	
wierden	VRB(finiteness=fin,tense=past)	worden	
met'er	ADV(type=reg)	mettertijd	mw_276
tijd	ADV(type=reg)	mettertijd	mw_276
soo	ADV(type=reg)	zo	
sat	AA(degree=pos,position=free)	zat	
,	PC	,	
dat	CONJ(type=sub)	dat	
ze	PD(type=pers,position=free)	zij	
naauwelijks	ADV(type=reg)	nauwelijks	
zien	VRB(finiteness=inf)	zien	
konde	VRB(finiteness=fin,tense=past)	kunnen	
,	PC	,	
waar	ADV(type=pron)	waarvan	mw_351
van	ADV(type=pron)	waarvan	mw_351
myn	PD(type=poss,position=prenom)	mijn	
Leidsman	NOU-C(number=sg)	leidsman	
my	PD(type=pers,position=free)	ik	
zeid	VRB(finiteness=fin,tense=past)	zeggen	
,	PC	,	
dat	CONJ(type=sub)	dat	
de	PD(type=d-p,subtype=art,position=prenom)	de	
stom	NOU-C(number=sg)	stom	
,	PC	,	
waar	ADV(type=pron)	waarvan	mw_350
van	ADV(type=pron)	waarvan	mw_350
men	PD(type=pers,position=free)	men	
al	ADV(type=reg)	al	
vry	AA(degree=pos,position=free)	vrij	
wat	PD(type=indef,position=free)	wat	
in	ADP(type=pre)	in	
dese	PD(type=d-p,subtype=oth,position=prenom)	deze	
huizen	NOU-C(number=pl)	huis	
in	ADP(type=pre)	in	
de	PD(type=d-p,subtype=art,position=prenom)	de	
wyn	NOU-C(number=sg)	wijn	
doet	VRB(finiteness=fin,tense=pres)	doen	
,	PC	,	
om	ADP(type=pre)	om	
ze	PD(type=pers,position=free)	zij	
des	ADV(type=reg)	des	
te	ADV(type=reg)	te	
zoeter	AA(degree=comp,position=free)	zoet	
te	ADP(type=pre)	te	
maaken	VRB(finiteness=inf)	maken	
,	PC	,	
d	PD(type=d-p,subtype=art,position=prenom)	de	
'	PC	'	
oorsaak	NOU-C(number=sg)	oorzaak	
was	VRB(finiteness=fin,tense=past)	zijn	
.	PC	.	

Nu	ADV(type=reg)	nu	
begon	VRB(finiteness=fin,tense=past)	beginnen	
men	PD(type=pers,position=free)	men	
de	PD(type=d-p,subtype=art,position=prenom)	de	
gewoonelijkste	AA(degree=sup,position=prenom)	gewoonlijk	
listen	NOU-C(number=pl)	list	
in	ADP(type=pre)	in	
't	PD(type=d-p,subtype=art,position=prenom)	het	
werk	NOU-C(number=sg)	werk	
te	ADP(type=pre)	te	
stellen	VRB(finiteness=inf)	stellen	
,	PC	,	
want	CONJ(type=coor)	want	
niet	ADV(type=reg)	niet	
soo	ADV(type=reg)	zohaast	mw_324
haast	ADV(type=reg)	zohaast	mw_324
hadden	VRB(finiteness=fin,tense=past)	hebben	
de	PD(type=d-p,subtype=art,position=prenom)	de	
Venten	NOU-C(number=pl)	vent	
't	PD(type=d-p,subtype=art,position=prenom)	het	
hoofd	NOU-C(number=sg)	hoofd	
gekeerd	VRB(finiteness=pastpart)	keren	
,	PC	,	
of	CONJ(type=sub)	of	
de	PD(type=d-p,subtype=art,position=prenom)	de	
hoeren	NOU-C(number=pl)	hoer	
wierpen	VRB(finiteness=fin,tense=past)	werpen	
de	PD(type=d-p,subtype=art,position=prenom)	de	
Wyn	NOU-C(number=sg)	wijn	
in	ADP(type=pre)	in	
een	PD(type=indef,subtype=art,position=prenom)	een	
bak	NOU-C(number=sg)	bak	
met	ADP(type=pre)	met	
zant	NOU-C(number=sg)	zand	
,	PC	,	
die	PD(type=d-p,position=free)	die	
zy	PD(type=pers,position=free)	zij	
tusschē	ADP(type=pre,WF=abbr)	tussen	
hen	PD(type=pers,position=free)	zij	
beiden	PD(type=indef,position=free)	beide	
hadden	VRB(finiteness=fin,tense=past)	hebben	
staan	VRB(finiteness=inf)	staan	
:	PC	:	
daar	ADV(type=pron)	daarin	mw_111
ze	PD(type=pers,position=free)	zij	
in	ADP(type=pre)	in	
een	PD(type=indef,subtype=art,position=prenom)	een	
oogenblik	NOU-C(number=sg)	ogenblik	
in	ADV(type=pron)	daarin	mw_111
verzonk	VRB(finiteness=fin,tense=past)	verzinken	
.	PC	.	

Ondertusschen	ADV(type=reg)	ondertussen	
wist	VRB(finiteness=fin,tense=past)	weten	
de	PD(type=d-p,subtype=art,position=prenom)	de	
waardin	NOU-C(number=sg)	waardin	
een	PD(type=indef,subtype=art,position=prenom)	een	
praatje	NOU-C(number=sg)	praatje	
voor	ADP(type=pre)	voor	
den	PD(type=d-p,subtype=art,position=prenom)	de	
dag	NOU-C(number=sg)	dag	
te	ADP(type=pre)	te	
brengen	VRB(finiteness=inf)	brengen	
,	PC	,	
daar	ADV(type=pron)	daarom	mw_112
men	PD(type=pers,position=free)	men	
kwamsuis	ADV(type=reg)	kwansuis	
eens	ADV(type=reg)	eens	
om	ADV(type=pron)	daarom	mw_112
lagchen	VRB(finiteness=inf)	lachen	
moest	VRB(finiteness=fin,tense=past)	moeten	
.	PC	.	

Maar	CONJ(type=coor)	maar	
dit	PD(type=d-p,position=free)	dit	
was	VRB(finiteness=fin,tense=past)	zijn	
noch	ADV(type=reg)	nog	
niet	ADV(type=reg)	niet	
genoeg	PD(type=indef,position=free)	genoeg	
,	PC	,	
se	PD(type=pers,position=free)	zij	
vreesden	VRB(finiteness=fin,tense=past)	vrezen	
,	PC	,	
dat	CONJ(type=sub)	dat	
het	PD(type=d-p,subtype=art,position=prenom)	het	
gelag	NOU-C(number=sg)	gelag	
dus	ADV(type=reg)	dus	
doende	VRB(finiteness=prespart)	doen	
noch	ADV(type=reg)	nog	
niet	ADV(type=reg)	niet	
hoog	AA(degree=pos,position=free)	hoog	
genoeg	ADV(type=reg)	genoeg	
loopen	VRB(finiteness=inf)	lopen	
sou	VRB(finiteness=fin,tense=past)	zullen	
,	PC	,	
en	CONJ(type=coor)	en	
derhalven	ADV(type=reg)	derhalve	
kreeg	VRB(finiteness=fin,tense=past)	krijgen	
men	PD(type=pers,position=free)	men	
een	PD(type=indef,subtype=art,position=prenom)	een	
roemer	NOU-C(number=sg)	roemer	
van	ADP(type=pre)	van	
de	PD(type=d-p,subtype=oth,position=prenom)	dezelve	mw_187
selve	PD(type=d-p,subtype=oth,position=prenom)	dezelve	mw_187
grote	NOU-C(number=sg)	grootte	
als	CONJ(type=sub)	als	
d'anderen	PD(type=d-p,subtype=art,position=prenom)+PD(type=indef,position=free)	de+ander	
,	PC	,	
maar	CONJ(type=coor)	maar	
daar	ADV(type=pron)	daarin	mw_113
een	PD(type=indef,subtype=art,position=prenom)	een	
dubbelde	AA(degree=pos,position=prenom)	dubbel	
bodem	NOU-C(number=sg)	bodem	
in	ADV(type=pron)	daarin	mw_113
was	VRB(finiteness=fin,tense=past)	zijn	
,	PC	,	
te	ADP(type=pre)	te	
weten	VRB(finiteness=inf)	weten	
,	PC	,	
een	NUM(type=card,position=free,representation=let)	een	
onder	ADP(type=pre)	onder	
aan	ADP(type=pre)	aan	
de	PD(type=d-p,subtype=art,position=prenom)	de	
voet	NOU-C(number=sg)	voet	
,	PC	,	
gelyk	CONJ(type=sub)	gelijk	
alle	PD(type=indef,position=free)	al	
de	PD(type=d-p,subtype=art,position=prenom)	de	
roemers	NOU-C(number=pl)	roemer	
hebben	VRB(finiteness=fin,tense=pres)	hebben	
,	PC	,	
en	CONJ(type=coor)	en	
even	AA(degree=pos,position=free)	even	
boven	ADP(type=pre)	boven	
de	PD(type=d-p,subtype=art,position=prenom)	de	
knoopen	NOU-C(number=pl)	knoop	
,	PC	,	
daar	ADV(type=reg)	daar	
de	PD(type=d-p,subtype=art,position=prenom)	de	
roemers	NOU-C(number=pl)	roemer	
hun	PD(type=poss,position=prenom)	hun	
wydte	NOU-C(number=sg)	wijdte	
beginne	VRB(finiteness=fin,tense=pres)	beginnen	
te	ADP(type=pre)	te	
krygen	VRB(finiteness=inf)	krijgen	
,	PC	,	
dewyl	CONJ(type=sub)	dewijl	
de	PD(type=d-p,subtype=art,position=prenom)	de	
Schippers	NOU-C(number=pl)	schipper	
nu	ADV(type=reg)	nu	
de	PD(type=d-p,subtype=art,position=prenom)	de	
volle	AA(degree=pos,position=prenom)	vol	
glasen	NOU-C(number=pl)	glas	
kreegen	VRB(finiteness=fin,tense=past)	krijgen	
,	PC	,	
en	CONJ(type=coor)	en	
datse	CONJ(type=sub)+PD(type=pers,position=free)	dat+zij	
ten	ADP(type=pre)+PD(type=d-p,subtype=art,position=prenom)	te+het	
anderen	NUM(type=ord,position=free,representation=let)	ander	
van	ADP(type=pre)	van	
dronkenschap	NOU-C(number=sg)	dronkenschap	
niet	ADV(type=reg)	niet	
al	ADV(type=reg)	al	
te	ADV(type=reg)	te	
scherp	AA(degree=pos,position=free)	scherp	
sien	VRB(finiteness=inf)	zien	
konden	VRB(finiteness=fin,tense=past)	kunnen	
,	PC	,	
wierden	VRB(finiteness=fin,tense=past)	gewaarworden	mw_231
se	PD(type=pers,position=free)	zij	
dit	PD(type=d-p,subtype=oth,position=prenom)	dit	
bedrog	NOU-C(number=sg)	bedrog	
niet	ADV(type=reg)	niet	
eens	ADV(type=reg)	eens	
gewaar	VRB(finiteness=fin,tense=past)	gewaarworden	mw_231
,	PC	,	
want	CONJ(type=coor)	want	
tegen	ADP(type=pre)	tegen	
dat	CONJ(type=sub)	dat	
de	PD(type=d-p,subtype=art,position=prenom)	de	
wyn	NOU-C(number=sg)	wijn	
aan	ADP(type=pre)	aan	
dese	PD(type=d-p,subtype=oth,position=prenom)	deze	
bovenste	AA(degree=sup,position=prenom)	bovenst	
bodem	NOU-C(number=sg)	bodem	
kwam	VRB(finiteness=fin,tense=past)	komen	
,	PC	,	
hadden	VRB(finiteness=fin,tense=past)	hebben	
de	PD(type=d-p,subtype=art,position=prenom)	de	
Hoeren	NOU-C(number=pl)	hoer	
't	PD(type=d-p,subtype=art,position=prenom)	het	
glas	NOU-C(number=sg)	glas	
al	ADV(type=reg)	al	
in	ADP(type=pre)	in	
de	PD(type=d-p,subtype=art,position=prenom)	de	
hand	NOU-C(number=sg)	hand	
gekreegen	VRB(finiteness=pastpart)	krijgen	
,	PC	,	
en	CONJ(type=coor)	en	
lichten	VRB(finiteness=fin,tense=pres)	oplichten	mw_266
't	PD(type=pers,position=free)	het	
soo	ADV(type=reg)	zo	
hoog	AA(degree=pos,position=free)	hoog	
op	VRB(finiteness=fin,tense=pres)	oplichten	mw_266
,	PC	,	
gelyk	CONJ(type=sub)	gelijk	
of'er	CONJ(type=sub)+ADV(type=reg)	of+er	
vry	AA(degree=pos,position=free)	vrij	
wat	PD(type=indef,position=free)	wat	
uit	ADP(type=pre)	uit	
de	PD(type=d-p,subtype=art,position=prenom)	de	
voet	NOU-C(number=sg)	voet	
te	ADP(type=pre)	te	
halen	VRB(finiteness=inf)	halen	
was	VRB(finiteness=fin,tense=past)	zijn	
geweest	VRB(finiteness=pastpart)	zijn	
.	PC	.	

Ondertusschen	ADV(type=reg)	ondertussen	
wiert't	VRB(finiteness=fin,tense=past)+PD(type=d-p,subtype=art,position=prenom)	worden+het	
bakje	NOU-C(number=sg)	bakje	
aan	ADP(type=pre)	aan	
een	PD(type=indef,subtype=art,position=prenom)	een	
kant	NOU-C(number=sg)	kant	
geset	VRB(finiteness=pastpart)	zetten	
,	PC	,	
daar	ADV(type=pron)	daarin	mw_114
se	PD(type=pers,position=free)	zij	
voor	ADV(type=reg)	voorheen	mw_236
heen	ADV(type=reg)	voorheen	mw_236
de	PD(type=d-p,subtype=art,position=prenom)	de	
wijn	NOU-C(number=sg)	wijn	
in	ADV(type=pron)	daarin	mw_114
gegooten	VRB(finiteness=pastpart)	gieten	
hadden	VRB(finiteness=fin,tense=past)	hebben	
(	PC	(	
want	CONJ(type=coor)	want	
deese	PD(type=d-p,subtype=oth,position=prenom)	deze	
roemer	NOU-C(number=sg)	roemer	
kon	VRB(finiteness=fin,tense=past)	kunnen	
van	ADP(type=pre)	van	
vijf	NUM(type=card,position=prenom,representation=let)	vijf	
personen	NOU-C(number=pl)	persoon	
ligtelijk	AA(degree=pos,position=free)	lichtelijk	
geleegd	VRB(finiteness=pastpart)	ledigen	
worden	VRB(finiteness=inf)	worden	
)	PC	)	
en	CONJ(type=coor)	en	
ieder	PD(type=indef,position=free)	ieder	
voegde	VRB(finiteness=fin,tense=past)	voegen	
zich	PD(type=refl,position=free)	zich	
by	ADP(type=pre)	bij	
een	NUM(type=card,position=free,representation=let)	een	
van	ADP(type=pre)	van	
deese	PD(type=d-p,subtype=oth,position=prenom)	deze	
twee	NUM(type=card,position=prenom,representation=let)	twee	
rampsalige	AA(degree=pos,position=prenom)	rampzalig	
menschen	NOU-C(number=pl)	mens	
,	PC	,	
die	PD(type=d-p,position=free)	die	
hun	PD(type=poss,position=prenom)	hun	
kwaden	AA(degree=pos,position=prenom)	kwaad	
Engel	NOU-C(number=sg)	engel	
buiten	ADP(type=pre)	buiten	
twijfel	NOU-C(number=sg)	twijfel	
daar	ADV(type=reg)	daar	
gevoerd	VRB(finiteness=pastpart)	voeren	
had	VRB(finiteness=fin,tense=past)	hebben	
,	PC	,	
om	ADP(type=pre)	om	
bedrogen	VRB(finiteness=pastpart)	bedriegen	
te	ADP(type=pre)	te	
worden	VRB(finiteness=inf)	worden	
van	ADP(type=pre)	van	
een	PD(type=indef,subtype=art,position=prenom)	een	
paar	NOU-C(number=sg)	paar	
Schepsels	NOU-C(number=pl)	schepsel	
,	PC	,	
die	PD(type=d-p,position=free)	die	
op	ADP(type=pre)	op	
ver	AA(degree=pos,position=free)	ver	
na	ADV(type=reg)	na	
niet	ADV(type=reg)	niet	
van	ADP(type=pre)	van	
de	PD(type=d-p,subtype=art,position=prenom)	de	
moiste	AA(degree=sup,position=prenom)	mooi	
waren	VRB(finiteness=fin,tense=past)	zijn	
;	PC	;	
wanneer	CONJ(type=sub)	wanneer	
'	PC	'	
er	ADV(type=reg)	er	
schielik	AA(degree=pos,position=free)	schielijk	
een	PD(type=indef,subtype=art,position=prenom)	een	
gerugt	NOU-C(number=sg)	gerucht	
in	ADP(type=pre)	in	
't	PD(type=d-p,subtype=art,position=prenom)	het	
voorste	AA(degree=sup,position=prenom)	voorst	
gedeelte	NOU-C(number=sg)	gedeelte	
des	PD(type=d-p,subtype=art,position=prenom)	het	
huis	NOU-C(number=sg)	huis	
ontstond	VRB(finiteness=fin,tense=past)	ontstaan	
.	PC	.	

En	CONJ(type=coor)	en	
de	PD(type=d-p,subtype=art,position=prenom)	de	
Meit	NOU-C(number=sg)	meid	
aan	ADP(type=pre)	aan	
de	PD(type=d-p,subtype=art,position=prenom)	de	
VVaardin	NOU-C(number=sg)	waardin	
kwam	VRB(finiteness=fin,tense=past)	komen	
seggē	VRB(finiteness=inf,WF=abbr)	zeggen	
dat	CONJ(type=sub)	dat	
de	PD(type=d-p,subtype=art,position=prenom)	de	
Sinjeur	NOU-C(number=sg)	sinjeur	
,	PC	,	
die	PD(type=d-p,position=free)	die	
op	ADP(type=pre)	op	
de	PD(type=d-p,subtype=art,position=prenom)	de	
Voor-kamer	NOU-C(number=sg)	voorkamer	
by	ADP(type=pre)	bij	
Katrijn	NOU-P	Katrijn	
was	VRB(finiteness=fin,tense=past)	zijn	
geweest	VRB(finiteness=pastpart)	zijn	
,	PC	,	
sporteling	NOU-C(number=sg)	sparteling	
tegen	ADP(type=pre)	tegen	
't	PD(type=d-p,subtype=art,position=prenom)	het	
gelag	NOU-C(number=sg)	gelag	
maakte	VRB(finiteness=fin,tense=past)	maken	
,	PC	,	
Dat	PD(type=d-p,position=free)	dat	
sou	VRB(finiteness=fin,tense=past)	zullen	
de	PD(type=d-p,subtype=art,position=prenom)	de	
Duivel	NOU-C(number=sg)	duivel	
doen	VRB(finiteness=inf)	doen	
sei	VRB(finiteness=fin,tense=past)	zeggen	
de	PD(type=d-p,subtype=art,position=prenom)	de	
VVaardin	NOU-C(number=sg)	waardin	
,	PC	,	
rysende	VRB(finiteness=prespart)	oprijzen	mw_294
van	ADP(type=pre)	van	
haar	PD(type=poss,position=prenom)	haar	
stoel	NOU-C(number=sg)	stoel	
op	VRB(finiteness=prespart)	oprijzen	mw_294
;	PC	;	
hy	PD(type=pers,position=free)	hij	
sal't	VRB(finiteness=fin,tense=pres)+PD(type=pers,position=free)	zullen+het	
evenwel	ADV(type=reg)	evenwel	
tot	ADP(type=pre)	tot	
een	PD(type=indef,subtype=art,position=prenom)	een	
duit	NOU-C(number=sg)	duit	
toe	ADV(type=reg)	toe	
betalen	VRB(finiteness=inf)	betalen	
moeten	VRB(finiteness=inf)	moeten	
,	PC	,	
al	CONJ(type=sub)	al	
sou	VRB(finiteness=fin,tense=past)	zullen	
'	PC	'	
er	ADV(type=pron)	erom	mw_211
noch	ADV(type=reg)	nog	
sulk	PD(type=d-p,position=free)	zulk	
een	PD(type=indef,subtype=art,position=prenom)	een	
huys	NOU-C(number=sg)	huis	
om	ADV(type=pron)	erom	mw_211
leggen	VRB(finiteness=inf)	liggen	
.	PC	.	

VVel	INT	wel	
hoe	ADV(type=reg)	hoe	
,	PC	,	
vervolgde	VRB(finiteness=fin,tense=past)	vervolgen	
sy	PD(type=pers,position=free)	zij	
,	PC	,	
als	CONJ(type=sub)	als	
men	PD(type=pers,position=free)	men	
eerlyk	AA(degree=pos,position=free)	eerlijk	
tapt	VRB(finiteness=fin,tense=pres)	tappen	
,	PC	,	
en	CONJ(type=coor)	en	
dat	CONJ(type=sub)	dat	
men	PD(type=pers,position=free)	men	
niet	ADV(type=reg)	niet	
te	ADV(type=reg)	te	
veel	PD(type=indef,position=free)	veel	
en	ADV(type=reg)	ne	
schrijft	VRB(finiteness=fin,tense=pres)	schrijven	
,	PC	,	
sou	VRB(finiteness=fin,tense=past)	zullen	
men	PD(type=pers,position=free)	men	
dan	ADV(type=reg)	dan	
noch	ADV(type=reg)	nog	
tegen	ADP(type=pre)	tegen	
een	PD(type=indef,subtype=art,position=prenom)	een	
gelag	NOU-C(number=sg)	gelag	
willen	VRB(finiteness=inf)	willen	
spreeken	VRB(finiteness=inf)	spreken	
.	PC	.	

Neen	ADV(type=reg)	nee	
,	PC	,	
neen	ADV(type=reg)	nee	
,	PC	,	
dat	PD(type=d-p,position=free)	dat	
moeten	VRB(finiteness=fin,tense=pres)	moeten	
se	PD(type=pers,position=free)	zij	
doen	VRB(finiteness=inf)	doen	
op	ADP(type=pre)	op	
plaatsen	NOU-C(number=pl)	plaats	
,	PC	,	
daar	ADV(type=reg)	daar	
men	PD(type=pers,position=free)	men	
twee	NUM(type=card,position=free,representation=let)	twee	
drie	NUM(type=card,position=free,representation=let)	drie	
voor	ADP(type=pre)	voor	
een	NUM(type=card,position=free,representation=let)	een	
aanteekend	VRB(finiteness=fin,tense=pres)	aantekenen	
,	PC	,	
maar	CONJ(type=coor)	maar	
niet	ADV(type=reg)	niet	
in	ADP(type=pre)	in	
mijn	PD(type=poss,position=prenom)	mijn	
huys	NOU-C(number=sg)	huis	
.	PC	.	
'k	PD(type=pers,position=free)	ik	
ben	VRB(finiteness=fin,tense=pres)	zijn	
'	PC	'	
er	ADV(type=pron)	erna	mw_210
de	PD(type=d-p,subtype=art,position=prenom)	de	
Vrou	NOU-C(number=sg)	vrouw	
niet	ADV(type=reg)	niet	
na	ADV(type=pron)	erna	mw_210
.	PC	.	

Hier	ADV(type=pron)	hierop	mw_295
op	ADV(type=pron)	hierop	mw_295
vloog	VRB(finiteness=fin,tense=past)+VRB(finiteness=fin,tense=past)	vliegen+navliegen	mw_34526
sy	PD(type=pers,position=free)	zij	
na	ADP(type=pre)	na	
de	PD(type=d-p,subtype=art,position=prenom)	de	
voor	NOU-C(number=sg)	voorkamer	mw_357
kamer	NOU-C(number=sg)	voorkamer	mw_357
toe	ADV(type=reg)	toe	
,	PC	,	
en	CONJ(type=coor)	en	
wy	PD(type=pers,position=free)	wij	
haar	PD(type=pers,position=free)	zij	
na	VRB(finiteness=fin,tense=past)+VRB(finiteness=fin,tense=past)	vliegen+navliegen	mw_34526
om	ADP(type=pre)	om	
te	ADP(type=pre)	te	
sien	VRB(finiteness=inf)	zien	
,	PC	,	
hoe	ADV(type=reg)	hoe	
't	PD(type=pers,position=free)	het	
hier	ADV(type=reg)	hier	
af	VRB(finiteness=inf)	aflopen	mw_51
sou	VRB(finiteness=fin,tense=past)	zullen	
loopen	VRB(finiteness=inf)	aflopen	mw_51
,	PC	,	
VVel	INT	welnu	mw_286
nou	INT	welnu	mw_286
Jonkér	NOU-C(number=sg)	jonker	
,	PC	,	
sei	VRB(finiteness=fin,tense=past)	zeggen	
se	PD(type=pers,position=free)	zij	
tegen	ADP(type=pre)	tegen	
een	PD(type=indef,subtype=art,position=prenom)	een	
Heer	NOU-C(number=sg)	heer	
,	PC	,	
die	PD(type=d-p,position=free)	die	
hier	ADV(type=reg)	hier	
wat	ADV(type=reg)	wat	
vrolijk	AA(degree=pos,position=free)	vrolijk	
was	VRB(finiteness=fin,tense=past)	zijn	
geweest	VRB(finiteness=pastpart)	zijn	
met	ADP(type=pre)	met	
een	PD(type=indef,subtype=art,position=prenom)	een	
dick	AA(degree=pos,position=prenom)	dik	
Vrouwmensch	NOU-C(number=sg)	vrouwmens	
,	PC	,	
dat	PD(type=d-p,position=free)	dat	
een	PD(type=indef,subtype=art,position=prenom)	een	
rood	AA(degree=pos,position=prenom)	rood	
trijp	AA(degree=pos,position=prenom)	trijp	
jak	NOU-C(number=sg)	jak	
aan	VRB(finiteness=fin,tense=past)	aanhebben	mw_11
had	VRB(finiteness=fin,tense=past)	aanhebben	mw_11
,	PC	,	
en	CONJ(type=coor)	en	
dat	PD(type=d-p,position=free)	dat	
vry	AA(degree=pos,position=free)	vrij	
wat	ADV(type=reg)	wat	
mank	AA(degree=pos,position=free)	mank	
ging	VRB(finiteness=fin,tense=past)	gaan	
,	PC	,	
wat	PD(type=w-p,position=free)	wat	
valter	VRB(finiteness=fin,tense=pres)+ADV(type=reg)	vallen+er	
te	ADP(type=pre)	te	
seggen	VRB(finiteness=inf)	zeggen	
,	PC	,	
is	VRB(finiteness=fin,tense=pres)	zijn	
't	PD(type=d-p,subtype=art,position=prenom)	het	
gelag	NOU-C(number=sg)	gelag	
niet	ADV(type=reg)	niet	
wel	ADV(type=reg)	wel	
gereekend	VRB(finiteness=pastpart)	rekenen	
?	PC	?	

Dat	PD(type=d-p,position=free)	dat	
moet	VRB(finiteness=fin,tense=pres)	moeten	
jy	PD(type=pers,position=free)	jij	
weten	VRB(finiteness=inf)	weten	
,	PC	,	
seiden	VRB(finiteness=fin,tense=past,WF=mis)+PD(type=d-p,subtype=art,position=prenom,WF=mis)	zeggen+de	
Heer	NOU-C(number=sg)	heer	
,	PC	,	
ik	PD(type=pers,position=free)	ik	
heb	VRB(finiteness=fin,tense=pres)	hebben	
niet	ADV(type=reg)	niet	
aengeschreven	VRB(finiteness=pastpart)	aanschrijven	
,	PC	,	
hoe	PD(type=indef,subtype=oth,position=prenom)	hoeveel	mw_251
veel	PD(type=indef,subtype=oth,position=prenom)	hoeveel	mw_251
roemers	NOU-C(number=pl)	roemer	
datter	CONJ(type=sub)+ADV(type=reg)	dat+er	
geweest	VRB(finiteness=pastpart)	zijn	
sijn	VRB(finiteness=fin,tense=pres)	zijn	
;	PC	;	
maar	CONJ(type=coor)	maar	
me	PD(type=pers,position=free)	ik	
dunk	VRB(finiteness=fin,tense=pres)	dunken	
dat	CONJ(type=sub)	dat	
het	PD(type=pers,position=free)	het	
al	PD(type=indef,position=free)	al	
wat	ADV(type=reg)	wat	
te	ADV(type=reg)	te	
grof	AA(degree=pos,position=free)	grof	
gaat	VRB(finiteness=fin,tense=pres)	gaan	
Daar	ADV(type=reg)	daar	
sijn	VRB(finiteness=fin,tense=pres)	zijn	
'	PC	'	
er	ADV(type=reg)	er	
eerst	ADV(type=reg)	eerst	
,	PC	,	
sei	VRB(finiteness=fin,tense=past)	zeggen	
de	PD(type=d-p,subtype=art,position=prenom)	de	
VVaardin	NOU-C(number=sg)	waardin	
,	PC	,	
sijnde	VRB(finiteness=prespart,WF=mis)	zien	
op	ADP(type=pre)	op	
het	PD(type=d-p,subtype=art,position=prenom)	het	
schryf-bord	NOU-C(number=sg)	schrijfbord	
ses	NUM(type=card,position=free,representation=let)	zes	
sonder	ADP(type=pre)	zonder	
suiker	NOU-C(number=sg)	suiker	
geweest	VRB(finiteness=pastpart)	zijn	
,	PC	,	
dat	PD(type=d-p,position=free)	dat	
maak	VRB(finiteness=fin,tense=pres,WF=mis)	maken	
ses	NUM(type=card,position=prenom,representation=let)	zes	
schellingen	NOU-C(number=pl)	schelling	
,	PC	,	
en	CONJ(type=coor)	en	
na	ADP(type=pre)	na	
dees	PD(type=d-p,subtype=oth,position=prenom)	deze	
hand	NOU-C(number=sg)	hand	
zyn	VRB(finiteness=fin,tense=pres)	zijn	
'	PC	'	
er	ADV(type=reg)	er	
noch	ADV(type=reg)	nog	
zeventien	NUM(type=card,position=free,representation=let)	zeventien	
met	ADP(type=pre)	met	
suiker	NOU-C(number=sg)	suiker	
geweest	VRB(finiteness=pastpart)	zijn	
,	PC	,	
dat	PD(type=d-p,position=free)	dat	
's	VRB(finiteness=fin,tense=pres)	zijn	
vier	NUM(type=card,position=prenom,representation=let)	vierendertig	mw_168
en	NUM(type=card,position=prenom,representation=let)	vierendertig	mw_168
dartig	NUM(type=card,position=prenom,representation=let)	vierendertig	mw_168
schellingen	NOU-C(number=pl)	schelling	
,	PC	,	
en	CONJ(type=coor)	en	
ses	NUM(type=card,position=free,representation=let)	zes	
daar	ADV(type=pron)	daarbij	mw_86
by	ADV(type=pron)	daarbij	mw_86
gedaan	VRB(finiteness=pastpart)	doen	
,	PC	,	
dat	PD(type=d-p,position=free)	dat	
maakt	VRB(finiteness=fin,tense=pres)	maken	
saamen	ADV(type=reg)	samen	
effentjes	ADV(type=reg)	eventjes	
twaalf	NUM(type=card,position=prenom,representation=let)	twaalf	
guldens	NOU-C(number=pl)	gulden	
,	PC	,	
niet	ADV(type=reg)	niet	
een	PD(type=indef,subtype=art,position=prenom)	een	
duit	NOU-C(number=sg)	duit	
meer	ADV(type=reg)	meer	
of	CONJ(type=coor)	of	
minder	PD(type=indef,position=free)	minder	
;	PC	;	
maar	CONJ(type=coor)	maar	
wil	VRB(finiteness=fin,tense=pres)	willen	
je	PD(type=pers,position=free)	jij	
noch	ADV(type=reg)	nog	
een	PD(type=indef,subtype=art,position=prenom)	een	
schellinkje	NOU-C(number=sg)	schellinkje	
of	CONJ(type=coor)	of	
twee	NUM(type=card,position=free,representation=let)	twee	
voor	ADP(type=pre)	voor	
de	PD(type=d-p,subtype=art,position=prenom)	de	
Meid	NOU-C(number=sg)	meid	
over	VRB(finiteness=inf)	overgooien	mw_235
gooyen	VRB(finiteness=inf)	overgooien	mw_235
,	PC	,	
daar	ADV(type=pron)	daaraan	mw_115
zel	VRB(finiteness=fin,tense=pres)	zullen	
je	PD(type=pers,position=free)	jij	
niet	ADV(type=reg)	niet	
kwalyk	AA(degree=pos,position=free)	kwalijk	
aan	ADV(type=pron)	daaraan	mw_115
doen	VRB(finiteness=inf)	doen	
.	PC	.	

Zie	VRB(finiteness=fin,tense=pres)	zien	
je	PD(type=pers,position=free)	jij	
wel	ADV(type=reg)	wel	
,	PC	,	
sey	VRB(finiteness=fin,tense=past)	zeggen	
de	PD(type=d-p,subtype=art,position=prenom)	de	
Meid	NOU-C(number=sg)	meid	
,	PC	,	
is	VRB(finiteness=fin,tense=pres)	zijn	
't	PD(type=pers,position=free)	het	
soo	ADV(type=reg)	zo	
niet	ADV(type=reg)	niet	
als	CONJ(type=sub)	als	
ik	PD(type=pers,position=free)	ik	
gerekent	VRB(finiteness=pastpart)	rekenen	
had	VRB(finiteness=fin,tense=past)	hebben	
?	PC	?	

't	PD(type=pers,position=free)	het	
Zou	VRB(finiteness=fin,tense=past)	zullen	
me	PD(type=pers,position=free)	ik	
leed	NOU-C(number=sg)	leed	
wesen	VRB(finiteness=inf)	wezen	
,	PC	,	
voegde	VRB(finiteness=fin,tense=past)	voegen	
zy	PD(type=pers,position=free)	zij	
daar	ADV(type=pron)	daarbij	mw_87
by	ADV(type=pron)	daarbij	mw_87
,	PC	,	
dat	CONJ(type=sub)	dat	
ik	PD(type=pers,position=free)	ik	
niemand	PD(type=indef,position=free)	niemand	
een	PD(type=indef,subtype=art,position=prenom)	een	
duit	NOU-C(number=sg)	duit	
te	ADV(type=reg)	te	
veel	PD(type=indef,position=free)	veel	
sou	VRB(finiteness=fin,tense=past)	zullen	
af	VRB(finiteness=inf)	afeisen	mw_52
eisschen	VRB(finiteness=inf)	afeisen	mw_52
;	PC	;	
want	CONJ(type=coor)	want	
ik	PD(type=pers,position=free)	ik	
kan	VRB(finiteness=fin,tense=pres)	kunnen	
'	PC	'	
er	ADV(type=pron)	eraf	mw_53
doch	ADV(type=reg)	doch	
geen	PD(type=indef,subtype=oth,position=prenom)	geen	
voordeel	NOU-C(number=sg)	voordeel	
af	ADV(type=pron)	eraf	mw_53
hebben	VRB(finiteness=inf)	hebben	
.	PC	.	

Zes	NUM(type=card,position=prenom,representation=let)	zes	
roemers	NOU-C(number=pl)	roemer	
sonder	ADP(type=pre)	zonder	
suyker	NOU-C(number=sg)	suiker	
,	PC	,	
sey	VRB(finiteness=fin,tense=past)	zeggen	
den	PD(type=d-p,subtype=art,position=prenom)	de	
Heer	NOU-C(number=sg)	heer	
,	PC	,	
en	CONJ(type=coor)	en	
seventien	NUM(type=card,position=free,representation=let)	zeventien	
met	ADP(type=pre)	met	
suyker	NOU-C(number=sg)	suiker	
,	PC	,	
dat	PD(type=d-p,position=free)	dat	
maakt	VRB(finiteness=fin,tense=pres)	maken	
saamen	ADV(type=reg)	samen	
drie	NUM(type=card,position=prenom,representation=let)	drieëntwintig	mw_199
entwintig	NUM(type=card,position=prenom,representation=let)	drieëntwintig	mw_199
roemers	NOU-C(number=pl)	roemer	
,	PC	,	
die	PD(type=d-p,position=free)	die	
sijn	VRB(finiteness=fin,tense=pres)	zijn	
'	PC	'	
er	ADV(type=reg)	er	
voor	ADV(type=reg)	vooreerst	mw_358
eerst	ADV(type=reg)	vooreerst	mw_358
altyd	ADV(type=reg)	altijd	
niet	ADV(type=reg)	niet	
geweest	VRB(finiteness=pastpart)	zijn	
,	PC	,	
want	CONJ(type=coor)	want	
van	ADP(type=pre)	van	
soo	PD(type=indef,position=free)	zoveel	mw_325
veel	PD(type=indef,position=free)	zoveel	mw_325
pyns	NOU-C(number=sg,WF=mis)	wijn	
souden	VRB(finiteness=fin,tense=past)	zullen	
wy	PD(type=pers,position=free)	wij	
al	ADV(type=reg)	al	
lang	AA(degree=pos,position=free)	lang	
soo	ADV(type=reg)	zo	
sat	AA(degree=pos,position=free)	zat	
als	CONJ(type=sub)	als	
besten	NOU-C(number=pl)	beest	
geweest	VRB(finiteness=pastpart)	zijn	
sijn	VRB(finiteness=fin,tense=pres)	zijn	
,	PC	,	
en	CONJ(type=coor)	en	
ten	ADP(type=pre)+PD(type=d-p,subtype=art,position=prenom)	te+het	
anderen	NUM(type=ord,position=free,representation=let)	ander	
sou	VRB(finiteness=fin,tense=past)	zullen	
ik	PD(type=pers,position=free)	ik	
niet	ADV(type=reg)	niet	
gaarne	ADV(type=reg)	gaarne	
een	NUM(type=card,position=prenom,representation=let)	een	
schelling	NOU-C(number=sg)	schelling	
voor	ADP(type=pre)	voor	
een	PD(type=indef,subtype=art,position=prenom)	een	
roemer	NOU-C(number=sg)	roemer	
sonder	ADP(type=pre)	zonder	
,	PC	,	
en	CONJ(type=coor)	en	
twee	NUM(type=card,position=prenom,representation=let)	twee	
schellingen	NOU-C(number=pl)	schelling	
voor	ADP(type=pre)	voor	
een	NUM(type=card,position=free,representation=let)	een	
met	ADP(type=pre)	met	
suyker	NOU-C(number=sg)	suiker	
geven	VRB(finiteness=inf)	geven	
,	PC	,	
dewyl	CONJ(type=sub)	dewijl	
se	PD(type=pers,position=free)	zij	
op	ADP(type=pre)	op	
ver	AA(degree=pos,position=free)	ver	
na	ADV(type=reg)	na	
geen	PD(type=indef,subtype=oth,position=prenom)	geen	
pint	NOU-C(number=sg)	pint	
en	ADV(type=reg)	ne	
houden	VRB(finiteness=fin,tense=pres)	houden	
.	PC	.	

Dat	PD(type=d-p,position=free)	dat	
's	VRB(finiteness=fin,tense=pres)	zijn	
al	PD(type=indef,position=free)	al	
even	PD(type=indef,position=free)	evenveel	mw_216
veel	PD(type=indef,position=free)	evenveel	mw_216
,	PC	,	
zey	VRB(finiteness=fin,tense=past)	zeggen	
de	PD(type=d-p,subtype=art,position=prenom)	de	
waardin	NOU-C(number=sg)	waardin	
,	PC	,	
of	CONJ(type=sub)	of	
ze	PD(type=pers,position=free)	zij	
een	PD(type=indef,subtype=art,position=prenom)	een	
pint	NOU-C(number=sg)	pint	
houden	VRB(finiteness=fin,tense=pres)	houden	
of	CONJ(type=coor)	of	
niet	ADV(type=reg)	niet	
;	PC	;	
had	VRB(finiteness=fin,tense=past)	hebben	
je	PD(type=pers,position=free)	jij	
ze	PD(type=pers,position=free)	zij	
tot	ADP(type=pre)	tot	
die	PD(type=d-p,subtype=oth,position=prenom)	die	
prys	NOU-C(number=sg)	prijs	
niet	ADV(type=reg)	niet	
willen	VRB(finiteness=inf)	willen	
betaalen	VRB(finiteness=inf)	betalen	
,	PC	,	
zoo	ADV(type=reg)	zo	
moest	VRB(finiteness=fin,tense=past)	moeten	
je	PD(type=pers,position=free)	jij	
hier	ADV(type=pron)	hiervandaan	mw_95
van	ADV(type=pron)	hiervandaan	mw_95
daan	ADV(type=pron)	hiervandaan	mw_95
gebleeven	VRB(finiteness=pastpart)	blijven	
hebben	VRB(finiteness=inf)	hebben	
,	PC	,	
en	CONJ(type=coor)	en	
waar	ADV(type=pron)	waarvoor	mw_359
voor	ADV(type=pron)	waarvoor	mw_359
,	PC	,	
vervolgde	VRB(finiteness=fin,tense=past)	vervolgen	
zy	PD(type=pers,position=free)	zij	
,	PC	,	
zou	VRB(finiteness=fin,tense=past)	zullen	
ik	PD(type=pers,position=free)	ik	
myn	PD(type=poss,position=prenom)	mijn	
Dochters	NOU-C(number=pl)	dochter	
doch	ADV(type=reg)	doch	
houden	VRB(finiteness=inf)	houden	
,	PC	,	
als	CONJ(type=sub)	als	
ik	PD(type=pers,position=free)	ik	
geen	PD(type=indef,subtype=oth,position=prenom)	geen	
winst	NOU-C(number=sg)	winst	
op	ADP(type=pre)	op	
de	PD(type=d-p,subtype=art,position=prenom)	de	
wyn	NOU-C(number=sg)	wijn	
had	VRB(finiteness=fin,tense=past)	hebben	
?	PC	?	

't	PD(type=d-p,subtype=art,position=prenom)	het	
Geld	NOU-C(number=sg)	geld	
moet	VRB(finiteness=fin,tense=pres)	moeten	
'	PC	'	
er	ADV(type=reg)	er	
wezen	VRB(finiteness=inf)	wezen	
,	PC	,	
en	CONJ(type=coor)	en	
dat	PD(type=d-p,position=free)	dat	
al	ADV(type=reg)	al	
terstond	ADV(type=reg)	terstond	
ook	ADV(type=reg)	ook	
,	PC	,	
of	CONJ(type=sub)	of	
ik	PD(type=pers,position=free)	ik	
zal	VRB(finiteness=fin,tense=pres)	zullen	
'	PC	'	
er	ADV(type=pron)	ertoe	mw_212
raad	NOU-C(number=sg)	raad	
toe	ADV(type=pron)	ertoe	mw_212
schaffen	VRB(finiteness=inf)	schaffen	
.	PC	.	

Zie	VRB(finiteness=fin,tense=pres)	zien	
daar	ADV(type=reg)	daar	
,	PC	,	
Vrouw	NOU-C(number=sg)	vrouw	
,	PC	,	
zey	VRB(finiteness=fin,tense=past)	zeggen	
den	PD(type=d-p,subtype=art,position=prenom)	de	
Heer	NOU-C(number=sg)	heer	
,	PC	,	
daar	ADV(type=reg)	daar	
zyn	VRB(finiteness=fin,tense=pres)	zijn	
twee	NUM(type=card,position=prenom,representation=let)	twee	
Dukatons	NOU-C(number=pl)	dukaton	
,	PC	,	
wil	VRB(finiteness=fin,tense=pres)	willen	
je	PD(type=pers,position=free)	jij	
die	PD(type=d-p,position=free)	die	
hebben	VRB(finiteness=inf)	hebben	
,	PC	,	
zoo	ADV(type=reg)	zo	
is	VRB(finiteness=fin,tense=pres)	zijn	
't	PD(type=pers,position=free)	het	
wel	AA(degree=pos,position=free)	wel	
,	PC	,	
en	CONJ(type=coor)	en	
zoo	CONJ(type=sub)	zo	
niet	ADV(type=reg)	niet	
,	PC	,	
zoo	ADV(type=reg)	zo	
moet	VRB(finiteness=fin,tense=pres)	moeten	
je	PD(type=pers,position=free)	jij	
zien	VRB(finiteness=inf)	zien	
,	PC	,	
dat	CONJ(type=sub)	dat	
je	PD(type=pers,position=free)	jij	
meer	PD(type=indef,position=free)	meer	
krygt	VRB(finiteness=fin,tense=pres)	krijgen	
,	PC	,	
maar	CONJ(type=coor)	maar	
me	PD(type=pers,position=free)	ik	
dunkt	VRB(finiteness=fin,tense=pres)	dunken	
,	PC	,	
dat	CONJ(type=sub)	dat	
je	PD(type=pers,position=free)	jij	
't	PD(type=pers,position=free)	het	
daar	ADV(type=pron)	daarvoor	mw_116
wel	ADV(type=reg)	wel	
voor	ADV(type=pron)	daarvoor	mw_116
tuigen	VRB(finiteness=inf)	tuigen	
kunt	VRB(finiteness=fin,tense=pres)	kunnen	
.	PC	.	

Meer	PD(type=indef,position=free)	meer	
krygen	VRB(finiteness=inf)	krijgen	
!	PC	!	

zey	VRB(finiteness=fin,tense=past)	zeggen	
de	PD(type=d-p,subtype=art,position=prenom)	de	
Waardin	NOU-C(number=sg)	waardin	
,	PC	,	
daar	ADV(type=pron)	daartoe	mw_117
weet	VRB(finiteness=fin,tense=pres)	weten	
ik	PD(type=pers,position=free)	ik	
op	ADP(type=pre)	op	
staande	AA(degree=pos,position=prenom)	staand	
voedt	NOU-C(number=sg)	voet	
wel	ADV(type=reg)	wel	
kans	NOU-C(number=sg)	kans	
toe	ADV(type=pron)	daartoe	mw_117
,	PC	,	
en	CONJ(type=coor)	en	
hier	ADV(type=pron)	hierop	mw_245
op	ADV(type=pron)	hierop	mw_245
met	ADP(type=pre)	met	
de	PD(type=d-p,subtype=art,position=prenom)	de	
voot	NOU-C(number=sg,WF=mis)	voet	
tegē	ADP(type=pre,WF=abbr)	tegen	
de	PD(type=d-p,subtype=art,position=prenom)	de	
vloer	NOU-C(number=sg)	vloer	
stampende	VRB(finiteness=prespart)	stampen	
,	PC	,	
kwamen	VRB(finiteness=fin,tense=past)	komen	
'	PC	'	
er	ADV(type=reg)	er	
straks	ADV(type=reg)	straks	
twee	NUM(type=card,position=prenom,representation=let)	twee	
Venten	NOU-C(number=pl)	vent	
boven	ADV(type=reg)	boven	
,	PC	,	
op	ADP(type=pre)	op	
zyn	PD(type=poss,position=prenom)	zijn	
plugs	NOU-C(number=sg)	plugs	
gekleed	VRB(finiteness=pastpart)	kleden	
,	PC	,	
ieder	PD(type=indef,position=free)	ieder	
met	ADP(type=pre)	met	
een	PD(type=indef,subtype=art,position=prenom)	een	
pyp	NOU-C(number=sg)	pijp	
tabak	NOU-C(number=sg)	tabak	
in	ADP(type=pre)	in	
de	PD(type=d-p,subtype=art,position=prenom)	de	
mond	NOU-C(number=sg)	mond	
.	PC	.	

Wat	PD(type=w-p,position=free)	wat	
's	VRB(finiteness=fin,tense=pres)	zijn	
hier	ADV(type=reg)	hier	
nou	ADV(type=reg)	nu	
weer	ADV(type=reg)	weder	
te	ADP(type=pre)	te	
doen	VRB(finiteness=inf)	doen	
,	PC	,	
zeiden	VRB(finiteness=fin,tense=past)	zeggen	
deese	PD(type=d-p,subtype=oth,position=prenom)	deze	
twee	NUM(type=card,position=free,representation=let)	twee	
,	PC	,	
valt	VRB(finiteness=fin,tense=pres)	vallen	
'	PC	'	
er	ADV(type=reg)	er	
al	ADV(type=reg)	alweder	mw_60
weer	ADV(type=reg)	alweder	mw_60
wat	PD(type=indef,position=free)	wat	
tegen	ADP(type=pre)	tegen	
't	PD(type=d-p,subtype=art,position=prenom)	het	
gelag	NOU-C(number=sg)	gelag	
te	ADP(type=pre)	te	
morren	VRB(finiteness=inf)	morren	
!	PC	!	

VVel	ADV(type=reg)	wel	
degelyk	AA(degree=pos,position=free)	degelijk	
,	PC	,	
zei	VRB(finiteness=fin,tense=past)	zeggen	
de	PD(type=d-p,subtype=art,position=prenom)	de	
VVaardin	NOU-C(number=sg)	waardin	
,	PC	,	
men	PD(type=pers,position=free)	men	
sou	VRB(finiteness=fin,tense=past)	zullen	
my	PD(type=pers,position=free)	ik	
hier	ADV(type=reg)	hier	
gaarne	ADV(type=reg)	gaarne	
twee	NUM(type=card,position=prenom,representation=let)	twee	
dukatons	NOU-C(number=pl)	dukaton	
in	ADP(type=pre)	in	
de	PD(type=d-p,subtype=art,position=prenom)	de	
hand	NOU-C(number=sg)	hand	
steeken	VRB(finiteness=inf)	steken	
,	PC	,	
in	ADP(type=pre)	in	
de	PD(type=d-p,subtype=art,position=prenom)	de	
plaats	NOU-C(number=sg)	plaats	
van	ADP(type=pre)	van	
twaalf	NUM(type=card,position=prenom,representation=let)	twaalf	
guldens	NOU-C(number=pl)	gulden	
.	PC	.	

Hei	INT	hei	
,	PC	,	
hei	INT	hei	
,	PC	,	
zei	VRB(finiteness=fin,tense=past)	zeggen	
den	PD(type=d-p,subtype=art,position=prenom)	de	
een	NUM(type=card,position=free,representation=let)	een	
,	PC	,	
dien	PD(type=d-p,subtype=oth,position=prenom)	die	
Heer	NOU-C(number=sg)	heer	
die	PD(type=d-p,position=free)	die	
meend	VRB(finiteness=fin,tense=pres)	menen	
dat	PD(type=d-p,position=free)	dat	
niet	ADV(type=reg)	niet	
,	PC	,	
'k	PD(type=pers,position=free)	ik	
wed	VRB(finiteness=fin,tense=pres)	wedden	
hy	PD(type=pers,position=free)	hij	
je	PD(type=pers,position=free)	jij	
so	ADV(type=reg)	zo	
ter	ADV(type=reg)	terstond	mw_332
stond	ADV(type=reg)	terstond	mw_332
betalen	VRB(finiteness=inf)	betalen	
sal	VRB(finiteness=fin,tense=pres)	zullen	
,	PC	,	
zonder	ADP(type=pre)	zonder	
een	PD(type=indef,subtype=art,position=prenom)	een	
duit	NOU-C(number=sg)	duit	
af	VRB(finiteness=inf)	afdingen	mw_54
te	ADP(type=pre)	te	
dingen	VRB(finiteness=inf)	afdingen	mw_54
.	PC	.	

'k	PD(type=pers,position=free)	ik	
Zal	VRB(finiteness=fin,tense=pres)	zullen	
't	PD(type=pers,position=free)	het	
wel	ADV(type=reg)	wel	
moeten	VRB(finiteness=inf)	moeten	
doen	VRB(finiteness=inf)	doen	
,	PC	,	
zei	VRB(finiteness=fin,tense=past)	zeggen	
den	PD(type=d-p,subtype=art,position=prenom)	de	
armen	AA(degree=pos,position=prenom)	arm	
bloed	NOU-C(number=sg)	bloed	
,	PC	,	
ziende	VRB(finiteness=prespart)	zien	
dat	CONJ(type=sub)	dat	
hy	PD(type=pers,position=free)	hij	
overmand	VRB(finiteness=pastpart)	overmannen	
was	VRB(finiteness=fin,tense=past)	zijn	
;	PC	;	
en	CONJ(type=coor)	en	
hier	ADV(type=pron)	hierop	mw_246
op	ADV(type=pron)	hierop	mw_246
in	ADP(type=pre)	in	
sijn	PD(type=poss,position=prenom)	zijn	
sak	NOU-C(number=sg)	zak	
tastende	VRB(finiteness=prespart)	tasten	
,	PC	,	
telde	VRB(finiteness=fin,tense=past)	tellen	
hy	PD(type=pers,position=free)	hij	
haar	PD(type=pers,position=free)	zij	
twaalf	NUM(type=card,position=prenom,representation=let)	twaalf	
guldens	NOU-C(number=pl)	gulden	
,	PC	,	
meende	VRB(finiteness=fin,tense=past)	menen	
vorders	ADV(type=reg)	voorders	
heen	VRB(finiteness=inf)	heengaan	mw_217
te	ADP(type=pre)	te	
gaan	VRB(finiteness=inf)	heengaan	mw_217
;	PC	;	
maar	CONJ(type=coor)	maar	
de	PD(type=d-p,subtype=art,position=prenom)	de	
VVaardin	NOU-C(number=sg)	waardin	
vatte	VRB(finiteness=fin,tense=past)	vatten	
hem	PD(type=pers,position=free)	hij	
by	ADP(type=pre)	bij	
de	PD(type=d-p,subtype=art,position=prenom)	de	
mouw	NOU-C(number=sg)	mouw	
;	PC	;	
Nu	ADV(type=reg)	nu	
moesten	VRB(finiteness=fin,tense=past)	moeten	
'	PC	'	
er	ADV(type=reg)	er	
noch	ADV(type=reg)	nog	
twee	NUM(type=card,position=prenom,representation=let)	twee	
Dukatons	NOU-C(number=pl)	dukaton	
weesen	VRB(finiteness=inf)	wezen	
,	PC	,	
mijn	PD(type=poss,position=prenom)	mijn	
Heer	NOU-C(number=sg)	heer	
,	PC	,	
zei	VRB(finiteness=fin,tense=past)	zeggen	
zy	PD(type=pers,position=free)	zij	
met	ADP(type=pre)	met	
een	PD(type=indef,subtype=art,position=prenom)	een	
laggende	AA(degree=pos,position=prenom)	lachend	
mond	NOU-C(number=sg)	mond	
.	PC	.	

VVaarvoor	ADV(type=pron)	waarvoor	
?	PC	?	

vroeg	VRB(finiteness=fin,tense=past)	vragen	
den	PD(type=d-p,subtype=art,position=prenom)	de	
Heer	NOU-C(number=sg)	heer	
,	PC	,	
'k	PD(type=pers,position=free)	ik	
heb	VRB(finiteness=fin,tense=pres)	hebben	
't	PD(type=d-p,subtype=art,position=prenom)	het	
gelag	NOU-C(number=sg)	gelag	
immers	ADV(type=reg)	immers	
ten	ADP(type=pre)+PD(type=d-p,subtype=art,position=prenom)	te+het	
vollen	NOU-C(number=sg)	volle	
betaald	VRB(finiteness=pastpart)	betalen	
.	PC	.	

Dat	PD(type=d-p,position=free)	dat	
's	VRB(finiteness=fin,tense=pres)	zijn	
ook	ADV(type=reg)	ook	
een	PD(type=indef,subtype=art,position=prenom)	een	
praat	NOU-C(number=sg)	praat	
,	PC	,	
Myn	PD(type=poss,position=prenom)	mijn	
Heer	NOU-C(number=sg)	heer	
,	PC	,	
sei	VRB(finiteness=fin,tense=past)	zeggen	
de	PD(type=d-p,subtype=art,position=prenom)	de	
VVaardin	NOU-C(number=sg)	waardin	
;	PC	;	
een	NUM(type=card,position=free,representation=let)	een	
voor	ADP(type=pre)	voor	
't	PD(type=d-p,subtype=art,position=prenom)	het	
gebruiken	NOU-C(number=sg)	gebruiken	
van	ADP(type=pre)	van	
het	PD(type=d-p,subtype=art,position=prenom)	het	
Meisje	NOU-C(number=sg)	meisje	
,	PC	,	
en	CONJ(type=coor)	en	
een	NUM(type=card,position=free,representation=let)	een	
voor	ADP(type=pre)	voor	
't	PD(type=d-p,subtype=art,position=prenom)	het	
gebruiken	NOU-C(number=sg)	gebruiken	
van	ADP(type=pre)	van	
myn	PD(type=poss,position=prenom)	mijn	
bed	NOU-C(number=sg)	bed	
.	PC	.	

'k	PD(type=pers,position=free)	ik	
Maak	VRB(finiteness=fin,tense=pres)	maken	
evenwel	ADV(type=reg)	evenwel	
geen	PD(type=indef,subtype=oth,position=prenom)	geen	
staat	NOU-C(number=sg)	staat	
,	PC	,	
zei	VRB(finiteness=fin,tense=past)	zeggen	
den	PD(type=d-p,subtype=art,position=prenom)	de	
bloed	NOU-C(number=sg)	bloed	
,	PC	,	
dat	CONJ(type=sub)	dat	
ik	PD(type=pers,position=free)	ik	
daarom	ADV(type=pron)	daarom	
in	ADP(type=pre)	in	
mijn	PD(type=poss,position=prenom)	mijn	
sak	NOU-C(number=sg)	zak	
zal	VRB(finiteness=fin,tense=pres)	zullen	
moeten	VRB(finiteness=inf)	moeten	
tasten	VRB(finiteness=inf)	tasten	
;	PC	;	
want	CONJ(type=coor)	want	
ik	PD(type=pers,position=free)	ik	
heb	VRB(finiteness=fin,tense=pres)	hebben	
ze	PD(type=pers,position=free)	zij	
al	ADV(type=reg)	al	
zo	ADV(type=reg)	zoveel	mw_354
veel	ADV(type=reg)	zoveel	mw_354
gebruikt	VRB(finiteness=pastpart)	gebruiken	
,	PC	,	
als	CONJ(type=sub)	alsof	mw_69
of	CONJ(type=sub)	alsof	mw_69
ze	PD(type=pers,position=free)	zij	
mijn	PD(type=poss,position=prenom)	mijn	
eigene	AA(degree=pos,position=prenom)	eigen	
Zuster	NOU-C(number=sg)	zuster	
was	VRB(finiteness=fin,tense=past)	zijn	
.	PC	.	

Hoe	ADV(type=reg)	hoe	
durfje	VRB(finiteness=fin,tense=pres)+PD(type=pers,position=free)	durven+jij	
dat	PD(type=d-p,position=free)	dat	
seggen	VRB(finiteness=inf)	zeggen	
,	PC	,	
zei	VRB(finiteness=fin,tense=past)	zeggen	
de	PD(type=d-p,subtype=art,position=prenom)	de	
Hoer	NOU-C(number=sg)	hoer	
met	ADP(type=pre)	met	
een	PD(type=indef,subtype=art,position=prenom)	een	
stout	AA(degree=pos,position=prenom)	stout	
bakkus	NOU-C(number=sg)	bakkes	
,	PC	,	
heb	VRB(finiteness=fin,tense=pres)	hebben	
je	PD(type=pers,position=free)	jij	
me	PD(type=pers,position=free)	ik	
geen	PD(type=indef,subtype=oth,position=prenom)	geen	
drie	NUM(type=card,position=prenom,representation=let)	drie	
malen	NOU-C(number=pl)	maal	
gebruikt	VRB(finiteness=pastpart)	gebruiken	
,	PC	,	
en	CONJ(type=coor)	en	
heb	VRB(finiteness=fin,tense=pres)	hebben	
je	PD(type=pers,position=free)	jij	
me	PD(type=pers,position=free)	ik	
niet	ADV(type=reg)	niet	
beloofd	VRB(finiteness=pastpart)	beloven	
,	PC	,	
dat	CONJ(type=sub)	dat	
je	PD(type=pers,position=free)	jij	
op	ADP(type=pre)	op	
geen	PD(type=indef,subtype=oth,position=prenom)	geen	
schelling	NOU-C(number=sg)	schelling	
vyf	NUM(type=card,position=free,representation=let)	vijf	
of	CONJ(type=coor)	of	
ses	NUM(type=card,position=free,representation=let)	zes	
sien	VRB(finiteness=inf)	zien	
zoud	VRB(finiteness=fin,tense=past)	zullen	
?	PC	?	

Den	PD(type=d-p,subtype=art,position=prenom)	de	
goeden	AA(degree=pos,position=prenom)	goed	
Heer	NOU-C(number=sg)	heer	
sloeg	VRB(finiteness=fin,tense=past)	slaan	
zyn	PD(type=poss,position=prenom)	zijn	
oogen	NOU-C(number=pl)	oog	
na	ADP(type=pre)	na	
den	PD(type=d-p,subtype=art,position=prenom)	de	
Hemel	NOU-C(number=sg)	hemel	
,	PC	,	
en	CONJ(type=coor)	en	
swoer	VRB(finiteness=fin,tense=past)	zweren	
dat	CONJ(type=sub)	dat	
hy	PD(type=pers,position=free)	hij	
nooyt	ADV(type=reg)	nooit	
saaligheyd	NOU-C(number=sg)	zaligheid	
hebben	VRB(finiteness=inf)	hebben	
wilde	VRB(finiteness=fin,tense=past)	willen	
,	PC	,	
zo	CONJ(type=sub)	zo	
't	PD(type=pers,position=free)	het	
waar	AA(degree=pos,position=free)	waar	
was	VRB(finiteness=fin,tense=past)	zijn	
,	PC	,	
daar	ADV(type=pron)	daarmede	mw_118
sy	PD(type=pers,position=free)	zij	
hem	PD(type=pers,position=free)	hij	
mee	ADV(type=pron)	daarmede	mw_118
beschuldigde	VRB(finiteness=fin,tense=past)	beschuldigen	
,	PC	,	
maar	CONJ(type=coor)	maar	
hy	PD(type=pers,position=free)	hij	
wierd	VRB(finiteness=fin,tense=past)	worden	
niet	ADV(type=reg)	niet	
gelooft	VRB(finiteness=pastpart)	geloven	
;	PC	;	
te	ADV(type=reg)	temeer	mw_273
meer	ADV(type=reg)	temeer	mw_273
,	PC	,	
dewyl	CONJ(type=sub)	dewijl	
de	PD(type=d-p,subtype=art,position=prenom)	de	
Meid	NOU-C(number=sg)	meid	
met	ADP(type=pre)	met	
de	PD(type=d-p,subtype=art,position=prenom)	de	
grouwelykste	AA(degree=sup,position=prenom)	gruwelijk	
eden	NOU-C(number=pl)	eed	
des	PD(type=d-p,subtype=art,position=prenom)	de	
werelds	NOU-C(number=sg)	wereld	
verseekerde	VRB(finiteness=fin,tense=past)	verzekeren	
,	PC	,	
dat	CONJ(type=sub)	dat	
zy	PD(type=pers,position=free)	zij	
hem	PD(type=pers,position=free)	hij	
wel	ADV(type=reg)	wel	
vier	NUM(type=card,position=prenom,representation=let)	vier	
of	CONJ(type=coor)	of	
vyf	NUM(type=card,position=prenom,representation=let)	vijf	
glazen	NOU-C(number=pl)	glas	
wijns	NOU-C(number=sg)	wijn	
overgegeven	VRB(finiteness=pastpart)	overgeven	
had	VRB(finiteness=fin,tense=past)	hebben	
,	PC	,	
toen	CONJ(type=sub)	toen	
hy	PD(type=pers,position=free)	hij	
met	ADP(type=pre)	met	
Katrijn	NOU-P	Katrijn	
voor	ADP(type=pre)	voor	
de	PD(type=d-p,subtype=art,position=prenom)	de	
tweede	NUM(type=ord,position=prenom,representation=let)	tweede	
maal	NOU-C(number=sg)	maal	
op	ADP(type=pre)	op	
het	PD(type=d-p,subtype=art,position=prenom)	het	
bet	NOU-C(number=sg)	bed	
hat	VRB(finiteness=fin,tense=past)	hebben	
gelegen	VRB(finiteness=pastpart)	liggen	
,	PC	,	
den	PD(type=d-p,subtype=art,position=prenom)	de	
armē	AA(degree=pos,position=prenom,WF=abbr)	arm	
bloet	NOU-C(number=sg)	bloed	
swoer	VRB(finiteness=fin,tense=past)	zweren	
hier	ADV(type=pron)	hiertegen	mw_247
weer	ADV(type=reg)	weder	
tegen	ADV(type=pron)	hiertegen	mw_247
?	PC	?	

maar	CONJ(type=coor)	maar	
't	PD(type=pers,position=free)	het	
mocht	VRB(finiteness=fin,tense=past)	mogen	
hem	PD(type=pers,position=free)	hij	
niet	ADV(type=reg)	niet	
baaten	VRB(finiteness=inf)	baten	
,	PC	,	
en	CONJ(type=coor)	en	
zoo	CONJ(type=sub)	zo	
hy	PD(type=pers,position=free)	hij	
geen	PD(type=indef,subtype=oth,position=prenom)	geen	
lust	NOU-C(number=sg)	lust	
had	VRB(finiteness=fin,tense=past)	hebben	
om	ADP(type=pre)	om	
digt	AA(degree=pos,position=free)	dicht	
afgeròst	VRB(finiteness=pastpart)	afrossen	
,	PC	,	
en	CONJ(type=coor)	en	
van	ADP(type=pre)	van	
zyn	PD(type=poss,position=prenom)	zijn	
klederen	NOU-C(number=pl)	kleed	
beroofd	VRB(finiteness=pastpart)	beroven	
te	ADP(type=pre)	te	
worden	VRB(finiteness=inf)	worden	
,	PC	,	
zag	VRB(finiteness=fin,tense=past)	zien	
hy	PD(type=pers,position=free)	hij	
zich	PD(type=refl,position=free)	zich	
genood-zaakt	VRB(finiteness=pastpart)	noodzaken	
deze	PD(type=d-p,subtype=oth,position=prenom)	deze	
twe	NUM(type=card,position=prenom,representation=let)	twee	
Dukatons	NOU-C(number=pl)	dukaton	
te	ADP(type=pre)	te	
betaalen	VRB(finiteness=inf)	betalen	
,	PC	,	
waar	ADV(type=pron)	waarna	mw_282
na	ADV(type=pron)	waarna	mw_282
hy	PD(type=pers,position=free)	hij	
terstont	ADV(type=reg)	terstond	
voortging	VRB(finiteness=fin,tense=past)	voortgaan	
,	PC	,	
gelyk	CONJ(type=sub)	gelijk	
myn	PD(type=poss,position=prenom)	mijn	
Leidsman	NOU-C(number=sg)	leidsman	
met	ADP(type=pre)	met	
myn	PD(type=poss,position=prenom)	mijn	
persoonagie	NOU-C(number=sg)	personage	
ook	ADV(type=reg)	ook	
deed	VRB(finiteness=fin,tense=past)	doen	
.	PC	.	

Wat	PD(type=w-p,position=free)	wat	
beestagtige	AA(degree=pos,position=prenom)	beestachtig	
Huyzen	NOU-C(number=pl)	huis	
zyn	VRB(finiteness=fin,tense=pres)	zijn	
dat	PD(type=d-p,position=free)	dat	
?	PC	?	

zeid'ik	VRB(finiteness=fin,tense=past)+PD(type=pers,position=free)	zeggen+ik	
:	PC	:	
grooter	AA(degree=comp,position=prenom)	groot	
onrechtvaardigheid	NOU-C(number=sg)	onrechtvaardigheid	
kan	VRB(finiteness=fin,tense=pres)	kunnen	
'	PC	'	
er	ADV(type=reg)	er	
immers	ADV(type=reg)	immers	
in	ADP(type=pre)	in	
de	PD(type=d-p,subtype=art,position=prenom)	de	
weerelt	NOU-C(number=sg)	wereld	
niet	ADV(type=reg)	niet	
geplegt	VRB(finiteness=pastpart)	plegen	
worden	VRB(finiteness=inf)	worden	
,	PC	,	
als	CONJ(type=sub)	als	
ik	PD(type=pers,position=free)	ik	
daar	ADV(type=reg)	daar	
gezien	VRB(finiteness=pastpart)	zien	
heb	VRB(finiteness=fin,tense=pres)	hebben	
,	PC	,	
ten	ADV(type=reg)	tenminste	mw_406500
minsten	ADV(type=reg)	tenminste	mw_406500
,	PC	,	
zoo	CONJ(type=sub)	zo	
het	PD(type=pers,position=free)	het	
waar	AA(degree=pos,position=free)	waar	
is	VRB(finiteness=fin,tense=pres)	zijn	
,	PC	,	
gelyk	CONJ(type=sub)	gelijk	
ik	PD(type=pers,position=free)	ik	
wel	ADV(type=reg)	wel	
geloof	VRB(finiteness=fin,tense=pres)	geloven	
,	PC	,	
dat	CONJ(type=sub)	dat	
dien	PD(type=d-p,subtype=oth,position=prenom)	die	
Heer	NOU-C(number=sg)	heer	
met	ADP(type=pre)	met	
het	PD(type=d-p,subtype=art,position=prenom)	het	
Vrouw-mensch	NOU-C(number=sg)	vrouwmens	
niet	ADV(type=reg)	niet	
te	ADP(type=pre)	te	
doen	VRB(finiteness=inf)	doen	
heeft	VRB(finiteness=fin,tense=pres)	hebben	
gehad	VRB(finiteness=pastpart)	hebben	
.	PC	.	

't	PD(type=pers,position=free)	het	
Is	VRB(finiteness=fin,tense=pres)	zijn	
sekerlyk	AA(degree=pos,position=free)	zekerlijk	
waar	AA(degree=pos,position=free)	waar	
,	PC	,	
zei	VRB(finiteness=fin,tense=past)	zeggen	
myn	PD(type=poss,position=prenom)	mijn	
Leidsman	NOU-C(number=sg)	leidsman	
;	PC	;	
maar	CONJ(type=coor)	maar	
als	CONJ(type=sub)	als	
se	PD(type=pers,position=free)	zij	
iemand	PD(type=indef,position=free)	iemand	
in	ADP(type=pre)	in	
deese	PD(type=d-p,subtype=oth,position=prenom)	deze	
Huisen	NOU-C(number=pl)	huis	
op	ADP(type=pre)	op	
een	PD(type=indef,subtype=art,position=prenom)	een	
kamer	NOU-C(number=sg)	kamer	
krygen	VRB(finiteness=fin,tense=pres)	krijgen	
,	PC	,	
't	PD(type=pers,position=free)	het	
sy	VRB(finiteness=fin,tense=pres)	zijn	
dat	CONJ(type=sub)	dat	
hy	PD(type=pers,position=free)	hij	
sig	PD(type=refl,position=free)	zich	
met	ADP(type=pre)	met	
een	PD(type=indef,subtype=art,position=prenom)	een	
Hoer	NOU-C(number=sg)	hoer	
vermengd	VRB(finiteness=fin,tense=pres)	vermengen	
,	PC	,	
of	CONJ(type=coor)	of	
niet	ADV(type=reg)	niet	
,	PC	,	
hy	PD(type=pers,position=free)	hij	
moet'er	VRB(finiteness=fin,tense=pres)+ADV(type=pron)	moeten+ervoor	mw_279
evenwel	ADV(type=reg)	evenwel	
voor	VRB(finiteness=fin,tense=pres)+ADV(type=pron)	moeten+ervoor	mw_279
betaalen	VRB(finiteness=inf)	betalen	
,	PC	,	
gelyk	CONJ(type=sub)	gelijk	
gy	PD(type=pers,position=free)	gij	
gezien	VRB(finiteness=pastpart)	zien	
hebt	VRB(finiteness=fin,tense=pres)	hebben	
,	PC	,	
en	CONJ(type=coor)	en	
is	VRB(finiteness=fin,tense=pres)	zijn	
hy	PD(type=pers,position=free)	hij	
onwillig	AA(degree=pos,position=free)	onwillig	
,	PC	,	
soo	ADV(type=reg)	zo	
komen	VRB(finiteness=fin,tense=pres)	komen	
hem	PD(type=pers,position=free)	hij	
dese	PD(type=d-p,subtype=oth,position=prenom)	deze	
Pluggen	NOU-C(number=pl)	plug	
op	ADP(type=pre)	op	
de	PD(type=d-p,subtype=art,position=prenom)	de	
huid	NOU-C(number=sg)	huid	
,	PC	,	
en	CONJ(type=coor)	en	
dwingen	VRB(finiteness=fin,tense=pres)	dwingen	
hem	PD(type=pers,position=free)	hij	
te	ADP(type=pre)	te	
betaalen	VRB(finiteness=inf)	betalen	
.	PC	.	

Wat	PD(type=w-p,position=free)	wat	
het	PD(type=d-p,subtype=art,position=prenom)	het	
rekenen	NOU-C(number=sg)	rekenen	
van	ADP(type=pre)	van	
't	PD(type=d-p,subtype=art,position=prenom)	het	
gelag	NOU-C(number=sg)	gelag	
belangd	VRB(finiteness=fin,tense=pres)	belangen	
,	PC	,	
daar	ADV(type=pron)	daarmede	mw_119
gaat	VRB(finiteness=fin,tense=pres)	gaan	
het	PD(type=pers,position=free)	het	
ook	ADV(type=reg)	ook	
al	ADV(type=reg)	al	
vry	AA(degree=pos,position=free)	vrij	
vreemt	AA(degree=pos,position=free)	vreemd	
me	ADV(type=pron)	daarmede	mw_119
,	PC	,	
want	CONJ(type=coor)	want	
selden	ADV(type=reg)	zelden	
gebeurd	VRB(finiteness=fin,tense=pres)	gebeuren	
het	PD(type=pers,position=free)	het	
?	PC	?	

insonderheit	ADV(type=reg)	inzonderheid	
soo	CONJ(type=sub)	zo	
de	PD(type=d-p,subtype=art,position=prenom)	de	
luyden	NOU-C(number=pl)	lieden	
dronken	AA(degree=pos,position=free)	dronken	
beginnen	VRB(finiteness=fin,tense=pres)	beginnen	
te	ADP(type=pre)	te	
worden	VRB(finiteness=inf)	worden	
,	PC	,	
dat	CONJ(type=sub)	dat	
'	PC	'	
er	ADV(type=pron)	eraan	mw_12
niet	ADV(type=reg)	niet	
een	PD(type=indef,subtype=art,position=prenom)	een	
vyf	NUM(type=card,position=prenom,representation=let)	vijf	
of	CONJ(type=coor)	of	
ses	NUM(type=card,position=prenom,representation=let)	zes	
staeepjes	NOU-C(number=pl,WF=mis)	streepje	
meer	ADV(type=reg)	meer	
aan	ADV(type=pron)	eraan	mw_12
gezet	VRB(finiteness=pastpart)	zetten	
warden	VRB(finiteness=fin,tense=pres)	worden	
,	PC	,	
als	CONJ(type=sub)	als	
'	PC	'	
er	ADV(type=reg)	er	
in	ADV(type=reg)	inderdaad	mw_127
der	ADV(type=reg)	inderdaad	mw_127
daat	ADV(type=reg)	inderdaad	mw_127
roemers	NOU-C(number=pl)	roemer	
geweest	VRB(finiteness=pastpart)	zijn	
sijn	VRB(finiteness=fin,tense=pres)	zijn	
.	PC	.	

Maar	CONJ(type=coor)	maar	
waar	ADV(type=pron)	waarvandaan	mw_96
kwamen	VRB(finiteness=fin,tense=past)	komen	
de	PD(type=d-p,subtype=art,position=prenom)	de	
Venten	NOU-C(number=pl)	vent	
van	ADV(type=pron)	waarvandaan	mw_96
daan	ADV(type=pron)	waarvandaan	mw_96
,	PC	,	
vroeg	VRB(finiteness=fin,tense=past)	vragen	
ik	PD(type=pers,position=free)	ik	
vorders	ADV(type=reg)	voorders	
,	PC	,	
en	CONJ(type=coor)	en	
hoe	ADV(type=reg)	hoe	
is	VRB(finiteness=fin,tense=pres)	zijn	
het	PD(type=pers,position=free)	het	
mogelijk	AA(degree=pos,position=free)	mogelijk	
,	PC	,	
dat	CONJ(type=sub)	dat	
'	PC	'	
er	ADV(type=reg)	er	
nog	ADV(type=reg)	nog	
neering	NOU-C(number=sg)	nering	
in	ADP(type=pre)	in	
sulke	PD(type=d-p,subtype=oth,position=prenom)	zulk	
Huisen	NOU-C(number=pl)	huis	
kan	VRB(finiteness=fin,tense=pres)	kunnen	
wesen	VRB(finiteness=inf)	wezen	
,	PC	,	
daar	ADV(type=reg)	daar	
men	PD(type=pers,position=free)	men	
de	PD(type=d-p,subtype=art,position=prenom)	de	
luyden	NOU-C(number=pl)	lieden	
op	ADP(type=pre)	op	
sulk	PD(type=d-p,position=free)	zulk	
een	PD(type=indef,subtype=art,position=prenom)	een	
onfatsoenelijke	AA(degree=pos,position=prenom)	onfatsoenlijk	
manier	NOU-C(number=sg)	manier	
bejegend	VRB(finiteness=fin,tense=pres)	bejegenen	
.	PC	.	

Van	ADP(type=pre)	van	
deese	PD(type=d-p,subtype=oth,position=prenom)	deze	
twee	NUM(type=card,position=prenom,representation=let)	twee	
Venten	NOU-C(number=pl)	vent	
,	PC	,	
sey	VRB(finiteness=fin,tense=past)	zeggen	
myn	PD(type=poss,position=prenom)	mijn	
Leitsman	NOU-C(number=sg)	leidsman	
,	PC	,	
is	VRB(finiteness=fin,tense=pres)	zijn	
den	PD(type=d-p,subtype=art,position=prenom)	de	
een	NUM(type=card,position=free,representation=let)	een	
de	PD(type=d-p,subtype=art,position=prenom)	de	
Kogchel	NOU-C(number=sg)	kochel	
van	ADP(type=pre)	van	
het	PD(type=d-p,subtype=art,position=prenom)	het	
Huys	NOU-C(number=sg)	huis	
,	PC	,	
en	CONJ(type=coor)	en	
den	PD(type=d-p,subtype=art,position=prenom)	de	
ander	NUM(type=ord,position=free,representation=let)	ander	
woont	VRB(finiteness=fin,tense=pres)	wonen	
daar	ADV(type=reg)	daar	
nast	ADP(type=pre)	naast	
de	PD(type=d-p,subtype=art,position=prenom)	de	
deur	NOU-C(number=sg)	deur	
,	PC	,	
en	CONJ(type=coor)	en	
wint	VRB(finiteness=fin,tense=pres)	winnen	
sijn	PD(type=poss,position=prenom)	zijn	
kost	NOU-C(number=sg)	kost	
op	ADP(type=pre)	op	
de	PD(type=d-p,subtype=oth,position=prenom)	dezelve	mw_188
selve	PD(type=d-p,subtype=oth,position=prenom)	dezelve	mw_188
manier	NOU-C(number=sg)	manier	
,	PC	,	
want	CONJ(type=coor)	want	
nen	PD(type=pers,position=free,WF=mis)	men	
heeft	VRB(finiteness=fin,tense=pres)	hebben	
hier	ADV(type=reg)	hier	
twe	NUM(type=card,position=prenom,representation=let)	twee	
sulke	PD(type=d-p,subtype=oth,position=prenom)	zulk	
Huisen	NOU-C(number=pl)	huis	
naast	ADP(type=pre)	naast	
malkander	PD(type=recip,position=free)	malkander	
staan	VRB(finiteness=inf)	staan	
.	PC	.	

Vorders	ADV(type=reg)	voorders	
siouden	VRB(finiteness=fin,tense=pres,WF=mis)	houden	
sig	PD(type=refl,position=free)	zich	
deeze	PD(type=d-p,subtype=oth,position=prenom)	deze	
Kogchels	NOU-C(number=pl)	kochel	
soo	ADV(type=reg)	zolang	mw_262
lang	ADV(type=reg)	zolang	mw_262
aan	ADP(type=pre)	aan	
een	PD(type=indef,subtype=art,position=prenom)	een	
kant	NOU-C(number=sg)	kant	
,	PC	,	
als	CONJ(type=sub)	als	
'	PC	'	
er	ADV(type=reg)	er	
een	PD(type=indef,subtype=art,position=prenom)	een	
Doffer	NOU-C(number=sg)	doffer	
op	ADP(type=pre)	op	
't	PD(type=d-p,subtype=art,position=prenom)	het	
slag	NOU-C(number=sg)	slag	
is	VRB(finiteness=fin,tense=pres)	zijn	
,	PC	,	
en	CONJ(type=coor)	en	
soo	CONJ(type=sub)	zo	
hy	PD(type=pers,position=free)	hij	
dan	ADV(type=reg)	dan	
tegen	ADP(type=pre)	tegen	
de	PD(type=d-p,subtype=art,position=prenom)	de	
rekening	NOU-C(number=sg)	rekening	
iets	PD(type=indef,position=free)	iets	
in	VRB(finiteness=inf)	inbrengen	mw_78
te	ADP(type=pre)	te	
brengen	VRB(finiteness=inf)	inbrengen	mw_78
heeft	VRB(finiteness=fin,tense=pres)	hebben	
,	PC	,	
komen	VRB(finiteness=fin,tense=pres)	komen	
se	PD(type=pers,position=free)	zij	
terstond	ADV(type=reg)	terstond	
voor	ADP(type=pre)	voor	
den	PD(type=d-p,subtype=art,position=prenom)	de	
dag	NOU-C(number=sg)	dag	
springen	VRB(finiteness=inf)	springen	
,	PC	,	
en	CONJ(type=coor)	en	
aldus	ADV(type=reg)	aldus	
helpen	VRB(finiteness=fin,tense=pres)	helpen	
sy	PD(type=pers,position=free)	zij	
malkander	PD(type=recip,position=free)	malkander	
,	PC	,	
na	ADP(type=pre)	na	
dat	CONJ(type=sub)	dat	
de	PD(type=d-p,subtype=art,position=prenom)	de	
gelegentheid	NOU-C(number=sg)	gelegenheid	
het	PD(type=pers,position=free)	het	
me	PD(type=pers,position=free)	ik	
brengt	VRB(finiteness=fin,tense=pres)	brengen	
.	PC	.	

Mogelyk	AA(degree=pos,position=free)	mogelijk	
sult	VRB(finiteness=fin,tense=pres)	zullen	
gy	PD(type=pers,position=free)	gij	
uinbeelden	PD(type=refl,position=free,WF=mis)+VRB(finiteness=inf,WF=mis)	u+inbeelden	
,	PC	,	
dat	CONJ(type=sub)	dat	
'	PC	'	
er	ADV(type=reg)	er	
jalousy	NOU-C(number=sg)	jaloezie	
tusschen	ADP(type=pre)	tussen	
sulke	PD(type=d-p,subtype=oth,position=prenom)	zulk	
luiden	NOU-C(number=pl)	lieden	
behoorde	VRB(finiteness=fin,tense=past)	behoren	
te	ADP(type=pre)	te	
we-zen	VRB(finiteness=inf)	wezen	
,	PC	,	
dewylze	CONJ(type=sub)+PD(type=pers,position=free)	dewijl+zij	
van	ADP(type=pre)	van	
een	NUM(type=card,position=prenom,representation=let)	een	
neering	NOU-C(number=sg)	nering	
sijn	VRB(finiteness=fin,tense=pres)	zijn	
,	PC	,	
en	CONJ(type=coor)	en	
dat	CONJ(type=sub)	dat	
daar	ADV(type=pron)	daaruit	mw_120
doorgaās	ADV(type=reg,WF=abbr)	doorgaans	
nijdigheit	NOU-C(number=sg)	nijdigheid	
uit	ADV(type=pron)	daaruit	mw_120
spruit	VRB(finiteness=fin,tense=pres)	spruiten	
,	PC	,	
't	PD(type=pers,position=free)	het	
is	VRB(finiteness=fin,tense=pres)	zijn	
ook	ADV(type=reg)	ook	
de	PD(type=d-p,subtype=art,position=prenom)	de	
warheid	NOU-C(number=sg)	waarheid	
;	PC	;	
maar	CONJ(type=coor)	maar	
echter	ADV(type=reg)	echter	
zijn	VRB(finiteness=fin,tense=pres)	zijn	
ze	PD(type=pers,position=free)	zij	
in	ADP(type=pre)	in	
dit	PD(type=d-p,subtype=oth,position=prenom)	dit	
stuk	NOU-C(number=sg)	stuk	
eens	AA(degree=pos,position=free)	eens	
,	PC	,	
dewilse	CONJ(type=sub)+PD(type=pers,position=free)	dewijl+zij	
malkander	PD(type=recip,position=free)	malkander	
by	ADV(type=reg)	bijwijlen	mw_364
wylen	ADV(type=reg)	bijwijlen	mw_364
eens	ADV(type=reg)	eens	
van	ADP(type=pre)	van	
nooden	NOU-C(number=pl)	nood	
hebben	VRB(finiteness=fin,tense=pres)	hebben	
,	PC	,	
Dat	CONJ(type=sub)	dat	
'	PC	'	
er	ADV(type=reg)	er	
nu	ADV(type=reg)	nu	
volk	NOU-C(number=sg)	volk	
in	ADP(type=pre)	in	
deeze	PD(type=d-p,subtype=oth,position=prenom)	deze	
Huizen	NOU-C(number=pl)	huis	
komt	VRB(finiteness=fin,tense=pres)	komen	
,	PC	,	
vervolgde	VRB(finiteness=fin,tense=past)	vervolgen	
hy	PD(type=pers,position=free)	hij	
,	PC	,	
dat	PD(type=d-p,position=free)	dat	
komt	VRB(finiteness=fin,tense=pres)	komen	
hier	ADV(type=pron)	hiervandaan	mw_97
van	ADV(type=pron)	hiervandaan	mw_97
daan	ADV(type=pron)	hiervandaan	mw_97
,	PC	,	
om	CONJ(type=sub)+ADV(type=reg)	omdat+er	mw_173
dat'er	CONJ(type=sub)+ADV(type=reg)	omdat+er	mw_173
gemenelyk	AA(degree=pos,position=free)	gemeenlijk	
een	PD(type=indef,subtype=art,position=prenom)	een	
paar	NOU-C(number=sg)	paar	
Hoeren	NOU-C(number=pl)	hoer	
gelyk	AA(degree=pos,position=free)	gelijk	
als	CONJ(type=sub)	als	
Juffers	NOU-C(number=pl)	juffer	
met	ADP(type=pre)	met	
strikjes	NOU-C(number=pl)	strikje	
en	CONJ(type=coor)	en	
kwikjes	NOU-C(number=pl)	kwikje	
gehuld	VRB(finiteness=pastpart)	hullen	
in	ADP(type=pre)	in	
't	PD(type=d-p,subtype=art,position=prenom)	het	
voor-huis	NOU-C(number=sg)	voorhuis	
,	PC	,	
of	CONJ(type=coor)	of	
ook	ADV(type=reg)	ook	
wel	ADV(type=reg)	wel	
voor	ADP(type=pre)	voor	
de	PD(type=d-p,subtype=art,position=prenom)	de	
deur	NOU-C(number=sg)	deur	
zitten	VRB(finiteness=fin,tense=pres)	zitten	
,	PC	,	
die	PD(type=d-p,position=free)	die	
by	ADV(type=reg)	bijna	mw_91
na	ADV(type=reg)	bijna	mw_91
niemand	PD(type=indef,position=free)	niemand	
voor	VRB(finiteness=inf)	voorbijgaan	mw_92
by	VRB(finiteness=inf)	voorbijgaan	mw_92
zullen	VRB(finiteness=fin,tense=pres)	zullen	
laaten	VRB(finiteness=inf)	laten	
gaan	VRB(finiteness=inf)	voorbijgaan	mw_92
,	PC	,	
zonder	ADP(type=pre)	zonder	
hem	PD(type=pers,position=free)	hij	
aan	VRB(finiteness=inf)	aanroepen	mw_13
te	ADP(type=pre)	te	
roepen	VRB(finiteness=inf)	aanroepen	mw_13
,	PC	,	
en	CONJ(type=coor)	en	
binnen	ADV(type=reg)	binnen	
te	ADP(type=pre)	te	
nodigen	VRB(finiteness=inf)	nodigen	
,	PC	,	
waar	ADV(type=pron)	waartoe	mw_340
toe	ADV(type=pron)	waartoe	mw_340
sy	PD(type=pers,position=free)	zij	
de	PD(type=d-p,subtype=art,position=prenom)	de	
hoeragtigste	AA(degree=sup,position=prenom)	hoerachtig	
en	CONJ(type=coor)	en	
listigste	AA(degree=sup,position=prenom)	listig	
streken	NOU-C(number=pl)	streek	
des	PD(type=d-p,subtype=art,position=prenom)	de	
weerelds	NOU-C(number=sg)	wereld	
in	ADP(type=pre)	in	
't	PD(type=d-p,subtype=art,position=prenom)	het	
werk	NOU-C(number=sg)	werk	
stellen	VRB(finiteness=fin,tense=pres)	stellen	
.	PC	.	

Is	VRB(finiteness=fin,tense=pres)	zijn	
'	PC	'	
er	ADV(type=reg)	er	
dan	ADV(type=reg)	dan	
imand	PD(type=indef,position=free)	iemand	
genoegsaam	AA(degree=pos,position=free)	genoegzaam	
van	ADP(type=pre)	van	
zinnen	NOU-C(number=pl)	zin	
berooft	VRB(finiteness=pastpart)	beroven	
om	ADP(type=pre)	om	
na	ADP(type=pre)	na	
deze	PD(type=d-p,subtype=oth,position=prenom)	deze	
Syrenen	NOU-C(number=pl)	sirene	
te	ADP(type=pre)	te	
luisteren	VRB(finiteness=inf)	luisteren	
,	PC	,	
die	PD(type=d-p,position=free)	die	
word'er	VRB(finiteness=fin,tense=pres)+ADV(type=reg)	worden+er	
zodanig	ADV(type=reg)	zodanig	
gehandelt	VRB(finiteness=pastpart)	handelen	
,	PC	,	
gelik	CONJ(type=sub)	gelijk	
gy	PD(type=pers,position=free)	gij	
gezien	VRB(finiteness=pastpart)	zien	
hebt	VRB(finiteness=fin,tense=pres)	hebben	
.	PC	.	

Vorders	ADV(type=reg)	voorders	
zal	VRB(finiteness=fin,tense=pres)	zullen	
'	PC	'	
er	ADV(type=reg)	er	
van	ADV(type=reg)	vanzelfs	mw_352
zelfs	ADV(type=reg)	vanzelfs	mw_352
zeer	AA(degree=pos,position=free)	zeer	
zelden	ADV(type=reg)	zelden	
iemand	PD(type=indef,position=free)	iemand	
komen	VRB(finiteness=inf)	komen	
,	PC	,	
en	CONJ(type=coor)	en	
die	PD(type=d-p,position=free)	die	
'	PC	'	
er	ADV(type=reg)	er	
eens	ADV(type=reg)	eens	
geweest	VRB(finiteness=pastpart)	zijn	
is	VRB(finiteness=fin,tense=pres)	zijn	
,	PC	,	
noch	ADV(type=reg)	nog	
veel	ADV(type=reg)	veel	
minder	ADV(type=reg)	minder	
,	PC	,	
want	CONJ(type=coor)	want	
de	PD(type=d-p,subtype=art,position=prenom)	de	
rekening	NOU-C(number=sg)	rekening	
loop	VRB(finiteness=fin,tense=pres,WF=mis)	lopen	
d	PD(type=d-p,subtype=art,position=prenom)	de	
'	PC	'	
eerste	NUM(type=ord,position=prenom,representation=let)	eerste	
maal	NOU-C(number=sg)	maal	
ge-meenlyk	AA(degree=pos,position=free)	gemeenlijk	
zoo	ADV(type=reg)	zo	
hoog	AA(degree=pos,position=free)	hoog	
dat	CONJ(type=sub)	dat	
men	PD(type=pers,position=free)	men	
een	PD(type=indef,subtype=art,position=prenom)	een	
schrik	NOU-C(number=sg)	schrik	
heeft	VRB(finiteness=fin,tense=pres)	hebben	
van	ADP(type=pre)	van	
ten	ADP(type=pre)+PD(type=d-p,subtype=art,position=prenom)	te+de	
tweede	NUM(type=ord,position=prenom,representation=let)	tweede	
maale	NOU-C(number=sg)	maal	
zulke	PD(type=d-p,subtype=oth,position=prenom)	zulk	
dwaase	AA(degree=pos,position=prenom)	dwaas	
gedagten	NOU-C(number=pl)	gedachte	
te	ADP(type=pre)	te	
krygen	VRB(finiteness=inf)	krijgen	
,	PC	,	
en	CONJ(type=coor)	en	
zoo	CONJ(type=sub)	zo	
't	PD(type=pers,position=free)	het	
gebeurd	VRB(finiteness=fin,tense=pres)	gebeuren	
,	PC	,	
dat	CONJ(type=sub)	dat	
de	PD(type=d-p,subtype=art,position=prenom)	de	
Hoeren	NOU-C(number=pl)	hoer	
niet	ADV(type=reg)	niet	
genoeg	ADV(type=reg)	genoeg	
en	ADV(type=reg)	ne	
zuipen	VRB(finiteness=fin,tense=pres)	zuipen	
,	PC	,	
of	CONJ(type=coor)	of	
datse	CONJ(type=sub)+PD(type=pers,position=free)	dat+zij	
dat	PD(type=d-p,subtype=art,position=prenom,WF=mis)	de	
wijn	NOU-C(number=sg)	wijn	
met	ADP(type=pre)	met	
weg	VRB(finiteness=inf)	weggieten	mw_363
te	ADP(type=pre)	te	
gieten	VRB(finiteness=inf)	weggieten	mw_363
niet	ADV(type=reg)	niet	
aan	ADP(type=pre)	aan	
een	PD(type=indef,subtype=art,position=prenom)	een	
kant	NOU-C(number=sg)	kant	
maaken	VRB(finiteness=fin,tense=pres)	maken	
,	PC	,	
of	CONJ(type=coor)	of	
dat	CONJ(type=sub)	dat	
se	PD(type=pers,position=free)	zij	
de	PD(type=d-p,subtype=art,position=prenom)	de	
Gasten	NOU-C(number=pl)	gast	
met	ADP(type=pre)	met	
een	PD(type=indef,subtype=art,position=prenom)	een	
mal	AA(degree=pos,position=prenom)	mal	
praatje	NOU-C(number=sg)	praatje	
en	CONJ(type=coor)	en	
dartele	AA(degree=pos,position=prenom)	dartel	
gebaarden	NOU-C(number=pl)	gebaarde	
niet	ADV(type=reg)	niet	
lang	AA(degree=pos,position=free)	lang	
genoeg	ADV(type=reg)	genoeg	
willen	VRB(finiteness=fin,tense=pres)	willen	
ophouden	VRB(finiteness=inf)	ophouden	
,	PC	,	
kloppen	VRB(finiteness=fin,tense=pres)	kloppen	
'	PC	'	
er	ADV(type=pron)	erop	mw_213
de	PD(type=d-p,subtype=art,position=prenom)	de	
Waarden	NOU-C(number=pl)	waard	
wel	ADV(type=reg)	wel	
digt	AA(degree=pos,position=free)	dicht	
op	ADV(type=pron)	erop	mw_213
,	PC	,	
soo	ADV(type=reg)	zo	
haast	AA(degree=pos,position=free)	haast	
de	PD(type=d-p,subtype=art,position=prenom)	de	
luiden	NOU-C(number=pl)	lieden	
vertrokken	VRB(finiteness=pastpart)	vertrekken	
zyn	VRB(finiteness=fin,tense=pres)	zijn	
;	PC	;	
want	CONJ(type=coor)	want	
zy	PD(type=pers,position=free)	zij	
voerē	VRB(finiteness=fin,tense=pres,WF=abbr)	voeren	
een	PD(type=indef,subtype=art,position=prenom)	een	
volkomen	AA(degree=pos,position=prenom)	volkomen	
heerschappy	NOU-C(number=sg)	heerschappij	
over	ADP(type=pre)	over	
deze	PD(type=d-p,subtype=oth,position=prenom)	deze	
Schepsels	NOU-C(number=pl)	schepsel	
die	PD(type=d-p,position=free)	die	
ook	ADV(type=reg)	ook	
hier	ADV(type=reg)	hier	
voor	ADP(type=pre)	voor	
hoeren	NOU-C(number=pl)	hoer	
komen	VRB(finiteness=fin,tense=pres)	komen	
te	ADP(type=pre)	te	
woonen	VRB(finiteness=inf)	wonen	
,	PC	,	
of	CONJ(type=coor)	of	
op	ADP(type=pre)	op	
andere	PD(type=indef,subtype=oth,position=prenom)	ander	
diergelike	PD(type=d-p,subtype=oth,position=prenom)	dergelijk	
plaatsen	NOU-C(number=pl)	plaats	
,	PC	,	
die	PD(type=d-p,position=free)	die	
zyn	VRB(finiteness=fin,tense=pres)	zijn	
al	ADV(type=reg)	al	
op	ADP(type=pre)	op	
de	PD(type=d-p,subtype=art,position=prenom)	de	
hoogste	AA(degree=sup,position=prenom)	hoog	
markt	NOU-C(number=sg)	markt	
,	PC	,	
en	CONJ(type=coor)	en	
worden	VRB(finiteness=fin,tense=pres)	worden	
van	ADP(type=pre)	van	
andere	PD(type=indef,subtype=oth,position=prenom)	ander	
Waardinnen	NOU-C(number=pl)	waardin	
gants	AA(degree=pos,position=free)	gans	
niet	ADV(type=reg)	niet	
geagt	VRB(finiteness=pastpart)	achten	
;	PC	;	
want	CONJ(type=coor)	want	
de	PD(type=d-p,subtype=art,position=prenom)	de	
Kolk	NOU-P	Kolk	
,	PC	,	
de	PD(type=d-p,subtype=art,position=prenom)	de	
Karremelks-steeg	NOU-P	Karnemelkssteeg	
,	PC	,	
de	PD(type=d-p,subtype=art,position=prenom)	de	
Hout-tuinen	NOU-P	Houttuinen	
,	PC	,	
en	CONJ(type=coor)	en	
de	PD(type=d-p,subtype=art,position=prenom)	de	
Haarlemmer	NOU-P	Haarlemmerdijk	mw_183644
dijk	NOU-P	Haarlemmerdijk	mw_183644
worden	VRB(finiteness=fin,tense=pres)	worden	
voor	ADP(type=pre)	voor	
de	PD(type=d-p,subtype=art,position=prenom)	de	
snoodste	AA(degree=sup,position=prenom)	snood	
plaatsen	NOU-C(number=pl)	plaats	
gerekend	VRB(finiteness=pastpart)	rekenen	
,	PC	,	

Dese	PD(type=d-p,subtype=oth,position=prenom)	deze	
laatste	AA(degree=sup,position=prenom)	laat	
woorden	NOU-C(number=pl)	woord	
had	VRB(finiteness=fin,tense=past)	hebben	
myn	PD(type=poss,position=prenom)	mijn	
Leydsman	NOU-C(number=sg)	leidsman	
noch	ADV(type=reg)	nog	
in	ADP(type=pre)	in	
de	PD(type=d-p,subtype=art,position=prenom)	de	
mond	NOU-C(number=sg)	mond	
,	PC	,	
wanneer	CONJ(type=sub)	wanneer	
'	PC	'	
er	ADV(type=reg)	er	
een	PD(type=indef,subtype=art,position=prenom)	een	
klokje	NOU-C(number=sg)	klokje	
geluyd	VRB(finiteness=pastpart)	luiden	
wierd	VRB(finiteness=fin,tense=past)	worden	
;	PC	;	
't	PD(type=d-p,position=free)	hetgeen	mw_5
geen	PD(type=d-p,position=free)	hetgeen	mw_5
my	PD(type=pers,position=free)	ik	
terstond	ADV(type=reg)	terstond	
vragen	VRB(finiteness=inf)	vragen	
deed	VRB(finiteness=fin,tense=past)	doen	
,	PC	,	
wat	PD(type=w-p,position=free)	wat	
men	PD(type=pers,position=free)	men	
hier	ADV(type=pron)	hiermede	mw_248
me	ADV(type=pron)	hiermede	mw_248
betekenen	VRB(finiteness=inf)	betekenen	
wilde	VRB(finiteness=fin,tense=past)	willen	
?	PC	?	

Niet	ADV(type=reg)	niet	
anders	ADV(type=reg)	anders	
,	PC	,	
zey	VRB(finiteness=fin,tense=past)	zeggen	
mijn	PD(type=poss,position=prenom)	mijn	
Leidsman	NOU-C(number=sg)	leidsman	
,	PC	,	
als	CONJ(type=sub)	als	
dat	CONJ(type=sub)	dat	
de	PD(type=d-p,subtype=art,position=prenom)	de	
klok	NOU-C(number=sg)	klok	
half	AA(degree=pos,position=prenom)	half	
tien	NUM(type=card,position=free,representation=let)	tien	
geslaagen	VRB(finiteness=pastpart)	slaan	
heeft	VRB(finiteness=fin,tense=pres)	hebben	
,	PC	,	
en	CONJ(type=coor)	en	
dat	PD(type=d-p,position=free)	dat	
sich	PD(type=refl,position=free)	zich	
derhalven	ADV(type=reg)	derhalve	
een	PD(type=indef,position=free)	eenieder	mw_198
ieder	PD(type=indef,position=free)	eenieder	mw_198
na	ADP(type=pre)	na	
huis	NOU-C(number=sg)	huis	
moet	VRB(finiteness=fin,tense=pres)	moeten	
vervoegen	VRB(finiteness=inf)	vervoegen	
.	PC	.	

Hoe	ADV(type=reg)	hoe	
?	PC	?	

seid	VRB(finiteness=fin,tense=past)	zeggen	
'	PC	'	
ik	PD(type=pers,position=free)	ik	
,	PC	,	
word	VRB(finiteness=fin,tense=pres)	worden	
hier	ADV(type=reg)	hier	
na	ADP(type=pre)	na	
half	AA(degree=pos,position=prenom)	half	
tien	NUM(type=card,position=free,representation=let)	tien	
niet	ADV(type=reg)	niet	
getapt	VRB(finiteness=pastpart)	tappen	
,	PC	,	
en	CONJ(type=coor)	en	
moet	VRB(finiteness=fin,tense=pres)	moeten	
men	PD(type=pers,position=free)	men	
dan	ADV(type=reg)	dan	
voort	ADV(type=reg)	voort	
,	PC	,	
of	CONJ(type=sub)	of	
men	PD(type=pers,position=free)	men	
wil	VRB(finiteness=fin,tense=pres)	willen	
of	CONJ(type=coor)	of	
niet	ADV(type=reg)	niet	
?	PC	?	

Men	PD(type=pers,position=free)	men	
vergund	VRB(finiteness=fin,tense=pres)	vergunnen	
iemand	PD(type=indef,position=free)	iemand	
,	PC	,	
hernam	VRB(finiteness=fin,tense=past)	hernemen	
myn	PD(type=poss,position=prenom)	mijn	
Leydsman	NOU-C(number=sg)	leidsman	
,	PC	,	
soo	PD(type=indef,position=free)	zoveel	mw_327
veel	PD(type=indef,position=free)	zoveel	mw_327
tyds	NOU-C(number=sg)	tijd	
,	PC	,	
als	CONJ(type=sub)	als	
'	PC	'	
er	ADV(type=reg)	er	
van	ADP(type=pre)	van	
nooden	NOU-C(number=pl)	nood	
is	VRB(finiteness=fin,tense=pres)	zijn	
om	ADP(type=pre)	om	
syn	PD(type=poss,position=prenom)	zijn	
wyn	NOU-C(number=sg)	wijn	
met	ADP(type=pre)	met	
fatsoen	NOU-C(number=sg)	fatsoen	
uyt	VRB(finiteness=inf)	uitdrinken	mw_345
de	ADP(type=pre,WF=mis)	te	
drinken	VRB(finiteness=inf)	uitdrinken	mw_345
;	PC	;	
maar	CONJ(type=coor)	maar	
na	ADP(type=pre)	na	
het	PD(type=d-p,subtype=art,position=prenom)	het	
slaan	NOU-C(number=sg)	slaan	
van	ADP(type=pre)	van	
de	PD(type=d-p,subtype=art,position=prenom)	de	
klok	NOU-C(number=sg)	klok	
kan	VRB(finiteness=fin,tense=pres)	kunnen	
men	PD(type=pers,position=free)	men	
geen	PD(type=indef,subtype=oth,position=prenom)	geen	
drank	NOU-C(number=sg)	drank	
meer	ADV(type=reg)	meer	
krygen	VRB(finiteness=inf)	krijgen	
,	PC	,	
of	CONJ(type=sub)	of	
men	PD(type=pers,position=free)	men	
moest	VRB(finiteness=fin,tense=past)	moeten	
se	PD(type=pers,position=free)	zij	
met	ADP(type=pre)	met	
een	PD(type=indef,subtype=art,position=prenom)	een	
teug	NOU-C(number=sg)	teug	
voor	ADP(type=pre)	voor	
het	PD(type=d-p,subtype=art,position=prenom)	het	
vat	NOU-C(number=sg)	vat	
willen	VRB(finiteness=inf)	willen	
na	ADP(type=pre)	na	
binnen	ADV(type=reg)	binnen	
senden	VRB(finiteness=inf)	zenden	
,	PC	,	
invoegen	ADV(type=reg)	invoege	
dat	CONJ(type=sub)	dat	
dit	PD(type=d-p,subtype=oth,position=prenom)	dit	
pakhuys	NOU-C(number=sg)	pakhuis	
voor	ADP(type=pre)	voor	
tien	NUM(type=card,position=prenom,representation=let)	tien	
uuren	NOU-C(number=pl)	uur	
al	ADV(type=reg)	al	
geslooten	VRB(finiteness=pastpart)	sluiten	
is	VRB(finiteness=fin,tense=pres)	zijn	
.	PC	.	

Deeze	PD(type=d-p,subtype=oth,position=prenom)	deze	
order	NOU-C(number=sg)	order	
,	PC	,	
vervolgde	VRB(finiteness=fin,tense=past)	vervolgen	
hy	PD(type=pers,position=free)	hij	
,	PC	,	
is	VRB(finiteness=fin,tense=pres)	zijn	
het	PD(type=d-p,position=free)	hetgeen	mw_222
geen	PD(type=d-p,position=free)	hetgeen	mw_222
,	PC	,	
dat	PD(type=d-p,position=free)	dat	
dit	PD(type=d-p,subtype=oth,position=prenom)	dit	
huis	NOU-C(number=sg)	huis	
in	ADP(type=pre)	in	
stand	NOU-C(number=sg)	stand	
houd	VRB(finiteness=fin,tense=pres)	houden	
want	CONJ(type=coor)	want	
soo	CONJ(type=sub)	zo	
men	PD(type=pers,position=free)	men	
'	PC	'	
er	ADV(type=reg)	er	
tot	ADP(type=pre)	tot	
diep	AA(degree=pos,position=free)	diep	
in	ADP(type=pre)	in	
de	PD(type=d-p,subtype=art,position=prenom)	de	
nacht	NOU-C(number=sg)	nacht	
tapte	VRB(finiteness=fin,tense=past)	tappen	
,	PC	,	
gelyk	CONJ(type=sub)	gelijk	
men	PD(type=pers,position=free)	men	
op	ADP(type=pre)	op	
ander	PD(type=indef,subtype=oth,position=prenom)	ander	
plaatsen	NOU-C(number=pl)	plaats	
wel	ADV(type=reg)	wel	
doet	VRB(finiteness=fin,tense=pres)	doen	
,	PC	,	
sou	VRB(finiteness=fin,tense=past)	zullen	
het	PD(type=pers,position=free)	het	
seekerlik	AA(degree=pos,position=free)	zekerlijk	
t'eeniger	ADP(type=pre)+PD(type=indef,subtype=oth,position=prenom)	te+enig	
tyt	NOU-C(number=sg)	tijd	
uitgeroeit	VRB(finiteness=pastpart)	uitroeien	
worden	VRB(finiteness=inf)	worden	
dewyl'er	CONJ(type=sub)+ADV(type=reg)	dewijl+er	
in	ADP(type=pre)	in	
sulk	PD(type=d-p,position=free)	zulk	
een	PD(type=indef,subtype=art,position=prenom)	een	
geval	NOU-C(number=sg)	geval	
ongetwifeld	AA(degree=pos,position=free)	ongetwijfeld	
,	PC	,	
niet	ADP(type=pre)	niettegenstaande	mw_284
tegenstaande	ADP(type=pre)	niettegenstaande	mw_284
alle	PD(type=indef,position=free)	al	
de	PD(type=d-p,subtype=art,position=prenom)	de	
voorsorg	NOU-C(number=sg)	voorzorg	
van	ADP(type=pre)	van	
den	PD(type=d-p,subtype=art,position=prenom)	de	
Hospes	NOU-C(number=sg)	hospes	
,	PC	,	
dagelyks	ADV(type=reg)	dagelijks	
gevegten	NOU-C(number=pl)	gevecht	
en	CONJ(type=coor)	en	
krakeelen	NOU-C(number=pl)	krakeel	
ontstaan	VRB(finiteness=inf)	ontstaan	
souden	VRB(finiteness=fin,tense=past)	zullen	
,	PC	,	
want	CONJ(type=coor)	want	
vermits'er	CONJ(type=sub)+ADV(type=reg)	vermits+er	
doorgaans	ADV(type=reg)	doorgaans	
niet	ADV(type=reg)	niet	
als	CONJ(type=sub)	als	
rouw	AA(degree=pos,position=prenom)	ruw	
en	CONJ(type=coor)	en	
onbeschafd	AA(degree=pos,position=prenom)	onbeschaafd	
volk	NOU-C(number=sg)	volk	
komt	VRB(finiteness=fin,tense=pres)	komen	
,	PC	,	
en	CONJ(type=coor)	en	
dat	CONJ(type=sub)	dat	
'	PC	'	
er	ADV(type=reg)	er	
als	ADV(type=reg)	alsdan	mw_70
dan	ADV(type=reg)	alsdan	mw_70
door	ADP(type=pre)	door	
de	PD(type=d-p,subtype=art,position=prenom)	de	
langheid	NOU-C(number=sg)	langheid	
van	ADP(type=pre)	van	
tyd	NOU-C(number=sg)	tijd	
vry	AA(degree=pos,position=free)	vrij	
wat	ADV(type=reg)	wat	
meer	PD(type=indef,position=free)	meer	
gedronken	VRB(finiteness=pastpart)	drinken	
soude	VRB(finiteness=fin,tense=past)	zullen	
worden	VRB(finiteness=inf)	worden	
,	PC	,	
dat	CONJ(type=sub)	dat	
'	PC	'	
er	ADV(type=pron)	erin	mw_565029
de	PD(type=d-p,subtype=art,position=prenom)	de	
luyden	NOU-C(number=pl)	lieden	
ook	ADV(type=reg)	ook	
dikwils	ADV(type=reg)	dikwijls	
dronken	AA(degree=pos,position=free)	dronken	
in	VRB(finiteness=inf)	inkomen	mw_258
souden	VRB(finiteness=fin,tense=past)	zullen	
komen	VRB(finiteness=inf)	inkomen	mw_258
,	PC	,	
zou	VRB(finiteness=fin,tense=past)	zullen	
men	PD(type=pers,position=free)	men	
met	ADP(type=pre)	met	
alle	PD(type=indef,position=free)	al	
de	PD(type=d-p,subtype=art,position=prenom)	de	
voorsigtigheid	NOU-C(number=sg)	voorzichtigheid	
des	PD(type=d-p,subtype=art,position=prenom)	de	
weerelds	NOU-C(number=sg)	wereld	
in	ADP(type=pre)	in	
alle	PD(type=indef,subtype=oth,position=prenom)	al	
ongeregeldheden	NOU-C(number=pl)	ongeregeldheid	
niet	ADV(type=reg)	niet	
konnen	VRB(finiteness=inf)	kunnen	
voorzien	VRB(finiteness=inf)	voorzien	
en	CONJ(type=coor)	en	
deesen	PD(type=d-p,position=free)	deze	
daar	ADV(type=reg)	daar	
in	ADP(type=pre)	in	
swang	NOU-C(number=sg)	zwang	
gaande	VRB(finiteness=prespart)	gaan	
,	PC	,	
sou	VRB(finiteness=fin,tense=past)	zullen	
het	PD(type=d-p,subtype=art,position=prenom)	het	
Geregt	NOU-C(number=sg)	gerecht	
daar	ADV(type=pron)	daarin	mw_121
terstond	ADV(type=reg)	terstond	
order	NOU-C(number=sg)	order	
in	ADV(type=pron)	daarin	mw_121
doen	VRB(finiteness=inf)	doen	
stellen	VRB(finiteness=inf)	stellen	
.	PC	.	

Dus	ADV(type=reg)	dus	
praatende	VRB(finiteness=prespart)	praten	
waren	VRB(finiteness=fin,tense=past)	zijn	
wy	PD(type=pers,position=free)	wij	
weer	ADV(type=reg)	weder	
in	ADP(type=pre)	in	
de	PD(type=d-p,subtype=art,position=prenom)	de	
Speel-kamer	NOU-C(number=sg)	speelkamer	
geraakt	VRB(finiteness=pastpart)	geraken	
,	PC	,	
daar	ADV(type=reg)	daar	
terstond	ADV(type=reg)	terstond	
een	PD(type=indef,subtype=art,position=prenom)	een	
hoertje	NOU-C(number=sg)	hoertje	
na	ADP(type=pre)	na	
deeze	PD(type=d-p,subtype=oth,position=prenom)	deze	
drie	NUM(type=card,position=free,representation=let)	drie	
kwam	VRB(finiteness=fin,tense=past)	komen	
toevliegen	VRB(finiteness=inf)	toevliegen	
;	PC	;	
wat	PD(type=w-p,position=free)	wat	
heb	VRB(finiteness=fin,tense=pres)	hebben	
je	PD(type=pers,position=free)	jij	
gekreegen	VRB(finiteness=pastpart)	krijgen	
Jongetjes	NOU-C(number=pl)	jongetje	
?	PC	?	

vroeg	VRB(finiteness=fin,tense=past)	vragen	
ze	PD(type=pers,position=free)	zij	
.	PC	.	

Elk	PD(type=indef,position=free)	elk	
een	PD(type=indef,subtype=art,position=prenom)	een	
braven	AA(degree=pos,position=prenom)	braaf	
bank	NOU-C(number=sg)	bank	
,	PC	,	
gaven	VRB(finiteness=fin,tense=past)	geven	
sy	PD(type=pers,position=free)	zij	
ten	ADP(type=pre)+PD(type=d-p,subtype=art,position=prenom)	te+het	
antwoord	NOU-C(number=sg)	antwoord	
.	PC	.	

Wel	ADV(type=reg)	wel	
de	PD(type=d-p,subtype=art,position=prenom)	de	
Duivel	NOU-C(number=sg)	duivel	
?	PC	?	

hernam	VRB(finiteness=fin,tense=past)	hernemen	
de	PD(type=d-p,subtype=art,position=prenom)	de	
andere	NUM(type=ord,position=free,representation=let)	ander	
,	PC	,	
worden	VRB(finiteness=fin,tense=pres)	worden	
zulke	PD(type=d-p,subtype=oth,position=prenom)	zulk	
Heeren	NOU-C(number=pl)	heer	
ook	ADV(type=reg)	ook	
al	PD(type=indef,position=free)	al	
Bank-zetters	NOU-C(number=pl)	bankzetter	
,	PC	,	
dan	ADV(type=reg)	dan	
wil	VRB(finiteness=fin,tense=pres)	willen	
't	PD(type=pers,position=free)	het	
er	ADV(type=reg)	er	
met	ADP(type=pre)	met	
de	PD(type=d-p,subtype=art,position=prenom)	de	
neering	NOU-C(number=sg)	nering	
noch	ADV(type=reg)	nog	
eindelijk	ADV(type=reg)	eindelijk	
slecht	AA(degree=pos,position=free)	slecht	
aflopen	VRB(finiteness=inf)	aflopen	
.	PC	.	

Wat	PD(type=w-p,position=free)	wat	
is	VRB(finiteness=fin,tense=pres)	zijn	
dat	PD(type=d-p,position=free)	dat	
te	ADP(type=pre)	te	
seggen	VRB(finiteness=inf)	zeggen	
vroeg	VRB(finiteness=fin,tense=past)	vragen	
ik	PD(type=pers,position=free)	ik	
aan	ADP(type=pre)	aan	
myn	PD(type=poss,position=prenom)	mijn	
Leidsman	NOU-C(number=sg)	leidsman	
,	PC	,	
bancken	NOU-C(number=pl)	bank	
te	ADP(type=pre)	te	
krygen	VRB(finiteness=inf)	krijgen	
,	PC	,	
of	CONJ(type=coor)	of	
banckzetters	NOU-C(number=pl)	bankzetter	
?	PC	?	

Als	CONJ(type=sub)	als	
een	PD(type=indef,subtype=art,position=prenom)	een	
hoertje	NOU-C(number=sg)	hoertje	
,	PC	,	
zeid	VRB(finiteness=fin,tense=past)	zeggen	
hy	PD(type=pers,position=free)	hij	
,	PC	,	
gebruikt	VRB(finiteness=pastpart)	gebruiken	
word	VRB(finiteness=fin,tense=pres)	worden	
,	PC	,	
zonder	ADP(type=pre)	zonder	
dat	CONJ(type=sub)	dat	
ze	PD(type=pers,position=free)	zij	
daar	ADV(type=pron)	daarvoor	mw_122
loon	NOU-C(number=sg)	loon	
voor	ADV(type=pron)	daarvoor	mw_122
geniet	VRB(finiteness=fin,tense=pres)	genieten	
,	PC	,	
dan	ADV(type=reg)	dan	
zeid	VRB(finiteness=fin,tense=past)	zeggen	
men	PD(type=pers,position=free)	men	
,	PC	,	
dat	CONJ(type=sub)	dat	
ze	PD(type=pers,position=free)	zij	
een	PD(type=indef,subtype=art,position=prenom)	een	
bank	NOU-C(number=sg)	bank	
gekregen	VRB(finiteness=pastpart)	krijgen	
heeft	VRB(finiteness=fin,tense=pres)	hebben	
,	PC	,	
dat	PD(type=d-p,position=free)	dat	
's	VRB(finiteness=fin,tense=pres)	zijn	
te	ADP(type=pre)	te	
seggen	VRB(finiteness=inf)	zeggen	
in	ADP(type=pre)	in	
goedt	AA(degree=pos,position=prenom)	goed	
hoere-taal	NOU-C(number=sg)	hoerentaal	
,	PC	,	
dat	CONJ(type=sub)	dat	
zy	PD(type=pers,position=free)	zij	
geen	PD(type=indef,subtype=oth,position=prenom)	geen	
geld	NOU-C(number=sg)	geld	
heeft	VRB(finiteness=fin,tense=pres)	hebben	
getrocken	VRB(finiteness=pastpart)	trekken	
;	PC	;	
en	CONJ(type=coor)	en	
de	PD(type=d-p,position=free)	degene	mw_189
geenen	PD(type=d-p,position=free)	degene	mw_189
die	PD(type=d-p,position=free)	die	
nu	ADV(type=reg)	nu	
en	CONJ(type=coor)	en	
dan	ADV(type=reg)	dan	
de	PD(type=d-p,subtype=art,position=prenom)	de	
hoertjes	NOU-C(number=pl)	hoertje	
eens	ADV(type=reg)	eens	
voor	ADP(type=pre)	voor	
sunst	ADV(type=reg)	zonst	
gebruiken	VRB(finiteness=fin,tense=pres)	gebruiken	
,	PC	,	
worden	VRB(finiteness=fin,tense=pres)	worden	
in	ADP(type=pre)	in	
de	PD(type=d-p,subtype=oth,position=prenom)	dezelve	mw_190
selve	PD(type=d-p,subtype=oth,position=prenom)	dezelve	mw_190
spraak	NOU-C(number=sg)	spraak	
Bankzetters	NOU-C(number=pl)	bankzetter	
genoemd	VRB(finiteness=pastpart)	noemen	
.	PC	.	

Dat	PD(type=d-p,position=free)	dat	
is	VRB(finiteness=fin,tense=pres)	zijn	
al	ADV(type=reg)	al	
een	PD(type=indef,subtype=art,position=prenom)	een	
vreemd	AA(degree=pos,position=prenom)	vreemd	
woord	NOU-C(number=sg)	woord	
,	PC	,	
zeid	VRB(finiteness=fin,tense=past)	zeggen	
ik	PD(type=pers,position=free)	ik	
,	PC	,	
en	CONJ(type=coor)	en	
't	PD(type=pers,position=free)	het	
heeft	VRB(finiteness=fin,tense=pres)	hebben	
seer	AA(degree=pos,position=free)	zeer	
weinig	PD(type=indef,subtype=oth,position=prenom)	weinig	
eigenschap	NOU-C(number=sg)	eigenschap	
in	ADP(type=pre)	in	
de	PD(type=d-p,subtype=art,position=prenom)	de	
nederduitsche	AA(degree=pos,position=prenom)	Nederduits	
taal	NOU-C(number=sg)	taal	
;	PC	;	
want	CONJ(type=coor)	want	
ik	PD(type=pers,position=free)	ik	
kan	VRB(finiteness=fin,tense=pres)	kunnen	
niet	ADV(type=reg)	niet	
zien	VRB(finiteness=inf)	zien	
,	PC	,	
waar	ADV(type=pron)	waarvandaan	mw_98
't	PD(type=pers,position=free)	het	
van	ADV(type=pron)	waarvandaan	mw_98
daan	ADV(type=pron)	waarvandaan	mw_98
kan	VRB(finiteness=fin,tense=pres)	kunnen	
komen	VRB(finiteness=inf)	komen	
dat	CONJ(type=sub)	dat	
het	PD(type=d-p,subtype=art,position=prenom)	het	
woord	NOU-C(number=sg)	woord	
van	ADP(type=pre)	van	
Bank	NOU-C(number=sg)	bank	
zodanig	PD(type=d-p,position=free)	zodanig	
een	PD(type=indef,subtype=art,position=prenom)	een	
zaak	NOU-C(number=sg)	zaak	
betekend	VRB(finiteness=fin,tense=pres)	betekenen	
.	PC	.	

Maar	CONJ(type=coor)	maar	
,	PC	,	
zeid	VRB(finiteness=fin,tense=past)	zeggen	
ik	PD(type=pers,position=free)	ik	
vorders	ADV(type=reg)	voorders	
,	PC	,	
na	CONJ(type=sub)	na	
ik	PD(type=pers,position=free)	ik	
zien	VRB(finiteness=inf)	zien	
kan	VRB(finiteness=fin,tense=pres)	kunnen	
,	PC	,	
zoo	ADV(type=reg)	zo	
dwingt	VRB(finiteness=fin,tense=pres)	dwingen	
men	PD(type=pers,position=free)	men	
hier	ADV(type=reg)	hier	
de	PD(type=d-p,subtype=art,position=prenom)	de	
luiden	NOU-C(number=pl)	lieden	
niet	ADV(type=reg)	niet	
te	ADP(type=pre)	te	
betaalen	VRB(finiteness=inf)	betalen	
,	PC	,	
gelyk	AA(degree=pos,position=free)	gelijk	
als	CONJ(type=sub)	als	
op	ADP(type=pre)	op	
die	PD(type=d-p,subtype=oth,position=prenom)	die	
andere	NUM(type=ord,position=prenom,representation=let)	ander	
plaats	NOU-C(number=sg)	plaats	
,	PC	,	
daar	ADV(type=reg)	daar	
we	PD(type=pers,position=free)	wij	
geweest	VRB(finiteness=pastpart)	zijn	
zyn	VRB(finiteness=fin,tense=pres)	zijn	
.	PC	.	

Gantsch	AA(degree=pos,position=free)	gans	
niet	ADV(type=reg)	niet	
,	PC	,	
hernam	VRB(finiteness=fin,tense=past)	hernemen	
myn	PD(type=poss,position=prenom)	mijn	
Leidsman	NOU-C(number=sg)	leidsman	
,	PC	,	
als	CONJ(type=sub)	als	
men	PD(type=pers,position=free)	men	
hier	ADV(type=reg)	hier	
't	PD(type=d-p,subtype=art,position=prenom)	het	
gelag	NOU-C(number=sg)	gelag	
betaald	VRB(finiteness=fin,tense=pres)	betalen	
,	PC	,	
zoo	ADV(type=reg)	zo	
moeten	VRB(finiteness=fin,tense=pres)	moeten	
de	PD(type=d-p,subtype=art,position=prenom)	de	
Nymphjes	NOU-C(number=pl)	nimfje	
voor	ADP(type=pre)	voor	
zig	PD(type=d-p,position=free)	zelf	
zelven	PD(type=d-p,position=free)	zelf	
zorgen	VRB(finiteness=inf)	zorgen	
:	PC	:	
De	PD(type=d-p,subtype=art,position=prenom)	de	
Waardin	NOU-C(number=sg)	waardin	
zal	VRB(finiteness=fin,tense=pres)	zullen	
'	PC	'	
r	ADV(type=pron)	erom	mw_288
wel	ADV(type=reg)	wel	
eens	ADV(type=reg)	eens	
om	ADV(type=pron)	erom	mw_288
spreeken	VRB(finiteness=inf)	spreken	
;	PC	;	
doch	CONJ(type=coor)	doch	
willen	VRB(finiteness=fin,tense=pres)	willen	
't	PD(type=pers,position=free)	het	
de	PD(type=d-p,subtype=art,position=prenom)	de	
Messieurs	NOU-C(number=pl)	monsieur	
niet	ADV(type=reg)	niet	
geven	VRB(finiteness=inf)	geven	
,	PC	,	
ze	PD(type=pers,position=free)	zij	
sullen	VRB(finiteness=fin,tense=pres)	zullen	
'	PC	'	
er	ADV(type=pron)	ertoe	mw_214
niet	ADV(type=reg)	niet	
toe	ADV(type=pron)	ertoe	mw_214
gedwongen	VRB(finiteness=pastpart)	dwingen	
worden	VRB(finiteness=inf)	worden	
.	PC	.	

Maar	CONJ(type=coor)	maar	
luyster	VRB(finiteness=fin,tense=pres)	luisteren	
eens	ADV(type=reg)	eens	
na	ADP(type=pre)	na	
de	PD(type=d-p,subtype=art,position=prenom)	de	
VVaardin	NOU-C(number=sg)	waardin	
,	PC	,	
en	CONJ(type=coor)	en	
na	ADP(type=pre)	na	
die	PD(type=d-p,subtype=oth,position=prenom)	die	
Vrouw	NOU-C(number=sg)	vrouw	
,	PC	,	
die	PD(type=d-p,position=free)	die	
daar	ADV(type=reg)	daar	
by	ADP(type=pre)	bij	
haar	PD(type=pers,position=free)	zij	
zit	VRB(finiteness=fin,tense=pres)	zitten	
,	PC	,	
vervolgde	VRB(finiteness=fin,tense=past)	vervolgen	
hy	PD(type=pers,position=free)	hij	
;	PC	;	
gy	PD(type=pers,position=free)	gij	
zult	VRB(finiteness=fin,tense=pres)	zullen	
daar	ADV(type=pron)	daaraf	mw_55
iets	PD(type=indef,position=free)	iets	
af	ADV(type=pron)	daaraf	mw_55
hooren	VRB(finiteness=inf)	horen	
,	PC	,	
't	PD(type=d-p,position=free)	hetgeen	mw_6
geen	PD(type=d-p,position=free)	hetgeen	mw_6
voor	ADP(type=pre)	voor	
een	PD(type=indef,subtype=art,position=prenom)	een	
nieuweling	NOU-C(number=sg)	nieuweling	
in	ADP(type=pre)	in	
dese	PD(type=d-p,subtype=oth,position=prenom)	deze	
saaken	NOU-C(number=pl)	zaak	
al	ADV(type=reg)	al	
vry	AA(degree=pos,position=free)	vrij	
opmerkelyk	AA(degree=pos,position=free)	opmerkelijk	
is	VRB(finiteness=fin,tense=pres)	zijn	
.	PC	.	

Niet	ADV(type=reg)	niet	
soo	ADV(type=reg)	zo	
haast	AA(degree=pos,position=free)	haast	
had	VRB(finiteness=fin,tense=past)	hebben	
ik	PD(type=pers,position=free)	ik	
my	PD(type=refl,position=free)	mij	
by	ADP(type=pre)	bij	
deese	PD(type=d-p,subtype=oth,position=prenom)	deze	
twee	NUM(type=card,position=free,representation=let)	twee	
vervoegd	VRB(finiteness=pastpart)	vervoegen	
,	PC	,	
of	CONJ(type=coor)	of	
ik	PD(type=pers,position=free)	ik	
hoorde	VRB(finiteness=fin,tense=past)	horen	
de	PD(type=d-p,subtype=art,position=prenom)	de	
Vrouw	NOU-C(number=sg)	vrouw	
,	PC	,	
die	PD(type=d-p,position=free)	die	
naast	ADP(type=pre)	naast	
de	PD(type=d-p,subtype=art,position=prenom)	de	
VVaardin	NOU-C(number=sg)	waardin	
zat	VRB(finiteness=fin,tense=past)	zitten	
,	PC	,	
tegen	ADP(type=pre)	tegen	
de	PD(type=d-p,position=free)	dezelve	mw_191
zelve	PD(type=d-p,position=free)	dezelve	mw_191
zeggen	VRB(finiteness=inf)	zeggen	
;	PC	;	
dat	CONJ(type=sub)	dat	
zy	PD(type=pers,position=free)	zij	
gelegentheid	NOU-C(number=sg)	gelegenheid	
had	VRB(finiteness=fin,tense=past)	hebben	
om	ADP(type=pre)	om	
een	NUM(type=card,position=free,representation=let)	een	
van	ADP(type=pre)	van	
de	PD(type=d-p,subtype=art,position=prenom)	de	
mooiste	AA(degree=sup,position=prenom)	mooi	
Meysjes	NOU-C(number=pl)	meisje	
te	ADP(type=pre)	te	
krygen	VRB(finiteness=inf)	krijgen	
,	PC	,	
die	PD(type=d-p,position=free)	die	
in	ADP(type=pre)	in	
gantsch	AA(degree=pos,position=prenom)	gans	
Amsterdam	NOU-P	Amsterdam	
,	PC	,	
waren	VRB(finiteness=fin,tense=past)	zijn	
;	PC	;	
maar	CONJ(type=coor)	maar	
dat	CONJ(type=sub)	dat	
het	PD(type=pers,position=free)	het	
haar	PD(type=pers,position=free)	zij	
aan	ADP(type=pre)	aan	
de	PD(type=d-p,subtype=art,position=prenom)	de	
penningen	NOU-C(number=pl)	penning	
ontbrak	VRB(finiteness=fin,tense=past)	ontbreken	
;	PC	;	
want	CONJ(type=coor)	want	
vervolgde	VRB(finiteness=fin,tense=past)	vervolgen	
zy	PD(type=pers,position=free)	zij	
;	PC	;	
'k	PD(type=pers,position=free)	ik	
zou	VRB(finiteness=fin,tense=past)	zullen	
ze	PD(type=pers,position=free)	zij	
moeten	VRB(finiteness=inf)	moeten	
lossen	VRB(finiteness=inf)	lossen	
van	ADP(type=pre)	van	
die	PD(type=d-p,subtype=oth,position=prenom)	die	
Kochel	NOU-C(number=sg)	kochel	
,	PC	,	
die	PD(type=d-p,position=free)	die	
op	ADP(type=pre)	op	
d	PD(type=d-p,subtype=art,position=prenom)	de	
'	PC	'	
Oude	AA(degree=pos,position=prenom)	oud	
Turfmarkt	NOU-C(number=sg)	turfmarkt	
gewoond	VRB(finiteness=pastpart)	wonen	
heeft	VRB(finiteness=fin,tense=pres)	hebben	
.	PC	.	

VVel	INT	wel	
hoe	PD(type=indef,position=free)	hoeveel	mw_252
veel	PD(type=indef,position=free)	hoeveel	mw_252
is	VRB(finiteness=fin,tense=pres)	zijn	
ze	PD(type=pers,position=free)	zij	
wel	ADV(type=reg)	wel	
schuldig	AA(degree=pos,position=free)	schuldig	
?	PC	?	

vroeg	VRB(finiteness=fin,tense=past)	vragen	
de	PD(type=d-p,subtype=art,position=prenom)	de	
VVaardin	NOU-C(number=sg)	waardin	
.	PC	.	

Me	PD(type=pers,position=free)	ik	
dunkt	VRB(finiteness=fin,tense=pres)	dunken	
,	PC	,	
zoo	CONJ(type=sub)	zo	
ik	PD(type=pers,position=free)	ik	
wel	ADV(type=reg)	wel	
onthouden	VRB(finiteness=pastpart)	onthouden	
heb	VRB(finiteness=fin,tense=pres)	hebben	
,	PC	,	
hernam	VRB(finiteness=fin,tense=past)	hernemen	
d	PD(type=d-p,subtype=art,position=prenom)	de	
'	PC	'	
andere	NUM(type=ord,position=free,representation=let)	ander	
,	PC	,	
dat	CONJ(type=sub)	dat	
het	PD(type=pers,position=free)	het	
zes-en-dertig	NUM(type=card,position=prenom,representation=let)	zesendertig	
guldens	NOU-C(number=pl)	gulden	
is	VRB(finiteness=fin,tense=pres)	zijn	
;	PC	;	
't	PD(type=pers,position=free)	het	
is	VRB(finiteness=fin,tense=pres)	zijn	
altyd	ADV(type=reg)	altijd	
daar	ADV(type=pron)	daaromtrent	mw_123
omtrent	ADV(type=pron)	daaromtrent	mw_123
.	PC	.	

Dat	PD(type=d-p,position=free)	dat	
's	VRB(finiteness=fin,tense=pres)	zijn	
al	ADV(type=reg)	al	
wat	ADV(type=reg)	wat	
veel	PD(type=indef,position=free)	veel	
,	PC	,	
zey	VRB(finiteness=fin,tense=past)	zeggen	
de	PD(type=d-p,subtype=art,position=prenom)	de	
VVaardin	NOU-C(number=sg)	waardin	
;	PC	;	
en	CONJ(type=coor)	en	
inzonderheid	ADV(type=reg)	inzonderheid	
,	PC	,	
zoo	CONJ(type=sub)	zo	
j'er	PD(type=pers,position=free)+ADV(type=pron)	jij+eraan	mw_14
noch	ADV(type=reg)	nog	
geld	NOU-C(number=sg)	geld	
voor	ADP(type=pre)	voor	
kleeren	NOU-C(number=pl)	kleed	
aan	PD(type=pers,position=free)+ADV(type=pron)	jij+eraan	mw_14
te	ADP(type=pre)	te	
kost	NOU-C(number=sg)	kost	
zoud	VRB(finiteness=fin,tense=past)	zullen	
moeten	VRB(finiteness=inf)	moeten	
hangen	VRB(finiteness=inf)	hangen	
.	PC	.	

Z	PD(type=pers,position=free)	zij	
'	PC	'	
is	VRB(finiteness=fin,tense=pres)	zijn	
wel	ADV(type=reg)	wel	
in	ADP(type=pre)	in	
de	PD(type=d-p,subtype=art,position=prenom)	de	
noppen	NOU-C(number=pl)	nop	
,	PC	,	
al	CONJ(type=sub)	al	
ze	PD(type=pers,position=free)	zij	
wezen	VRB(finiteness=inf)	wezen	
kan	VRB(finiteness=fin,tense=pres)	kunnen	
,	PC	,	
zey	VRB(finiteness=fin,tense=past)	zeggen	
d	PD(type=d-p,subtype=art,position=prenom)	de	
'	PC	'	
andere	NUM(type=ord,position=free,representation=let)	ander	
;	PC	;	
want	CONJ(type=coor)	want	
ze	PD(type=pers,position=free)	zij	
heeft	VRB(finiteness=fin,tense=pres)	hebben	
twee	NUM(type=card,position=prenom,representation=let)	twee	
geblomde	AA(degree=pos,position=prenom)	gebloemd	
Zamaaren	NOU-C(number=pl)	samaar	
,	PC	,	
en	CONJ(type=coor)	en	
een	PD(type=indef,subtype=art,position=prenom)	een	
swarte	AA(degree=pos,position=prenom)	zwart	
Tabbaard	NOU-C(number=sg)	tabbaard	
,	PC	,	
en	CONJ(type=coor)	en	
vorders	ADV(type=reg)	voorders	
is	VRB(finiteness=fin,tense=pres)	zijn	
ze	PD(type=pers,position=free)	zij	
van	ADP(type=pre)	van	
alles	PD(type=indef,position=free)	alles	
na	ADP(type=pre)	na	
advenant	AA(degree=pos,position=free)	advenant	
voorzien	AA(degree=pos,position=free)	voorzien	
.	PC	.	

VVel	INT	welnu	mw_285
nou	INT	welnu	mw_285
liet	VRB(finiteness=fin,tense=past)	laten	
zich	PD(type=refl,position=free)	zich	
de	PD(type=d-p,subtype=art,position=prenom)	de	
VVaardin	NOU-C(number=sg)	waardin	
hooren	VRB(finiteness=inf)	horen	
,	PC	,	
laat	VRB(finiteness=fin,tense=pres)	laten	
ze	PD(type=pers,position=free)	zij	
morgen	ADV(type=reg)	morgen	
tusschen	ADP(type=pre)	tussen	
ligt	NOU-C(number=sg)	licht	
en	CONJ(type=coor)	en	
donker	NOU-C(number=sg)	donker	
eens	ADV(type=reg)	eens	
hier	ADV(type=reg)	hier	
komen	VRB(finiteness=inf)	komen	
,	PC	,	
'k	PD(type=pers,position=free)	ik	
zal	VRB(finiteness=fin,tense=pres)	zullen	
eens	ADV(type=reg)	eens	
zien	VRB(finiteness=inf)	zien	
of	CONJ(type=sub)	of	
ik	PD(type=pers,position=free)	ik	
je	PD(type=pers,position=free)	jij	
soo	PD(type=indef,position=free)	zoveel	mw_329
veel	PD(type=indef,position=free)	zoveel	mw_329
verschiet	VRB(finiteness=fin,tense=pres)	verschieten	
;	PC	;	
doch	CONJ(type=coor)	doch	
op	ADP(type=pre)	op	
conditie	NOU-C(number=sg)	conditie	
,	PC	,	
dat	CONJ(type=sub)	dat	
ze	PD(type=pers,position=free)	zij	
alle	PD(type=indef,subtype=oth,position=prenom)	al	
avonden	NOU-C(number=pl)	avond	
zal	VRB(finiteness=fin,tense=pres)	zullen	
moeten	VRB(finiteness=inf)	moeten	
compareeren	VRB(finiteness=inf)	compareren	
.	PC	.	

VVel	INT	wel	
dat's	PD(type=d-p,position=free)+VRB(finiteness=fin,tense=pres)	dat+zijn	
ook	ADV(type=reg)	ook	
een	PD(type=indef,subtype=art,position=prenom)	een	
praat	NOU-C(number=sg)	praat	
,	PC	,	
zei	VRB(finiteness=fin,tense=past)	zeggen	
d	PD(type=d-p,subtype=art,position=prenom)	de	
'	PC	'	
andere	NUM(type=ord,position=free,representation=let)	ander	
;	PC	;	
je	PD(type=pers,position=free)	jij	
weet	VRB(finiteness=fin,tense=pres)	weten	
immers	ADV(type=reg)	immers	
wel	ADV(type=reg)	wel	
,	PC	,	
dat	CONJ(type=sub)	dat	
ik	PD(type=pers,position=free)	ik	
anders	ADV(type=reg)	anders	
de	PD(type=d-p,subtype=art,position=prenom)	de	
stoutheid	NOU-C(number=sg)	stoutheid	
niet	ADV(type=reg)	niet	
zou	VRB(finiteness=fin,tense=past)	zullen	
durven	VRB(finiteness=inf)	durven	
neemen	VRB(finiteness=inf)	nemen	
van	ADP(type=pre)	van	
j'om	PD(type=pers,position=free)+ADP(type=pre)	jij+om	
geld	NOU-C(number=sg)	geld	
aan	VRB(finiteness=inf)	aanspreken	mw_15
te	ADP(type=pre)	te	
spreeken	VRB(finiteness=inf)	aanspreken	mw_15
.	PC	.	

wats	PD(type=w-p,position=free)+VRB(finiteness=fin,tense=pres)	wat+zijn	
dat	PD(type=d-p,position=free)	dat	
te	ADP(type=pre)	te	
zeggen	VRB(finiteness=inf)	zeggen	
,	PC	,	
vroeg	VRB(finiteness=fin,tense=past)	vragen	
ik	PD(type=pers,position=free)	ik	
lost	VRB(finiteness=fin,tense=pres)	lossen	
men	PD(type=pers,position=free)	men	
de	PD(type=d-p,subtype=art,position=prenom)	de	
Hoeren	NOU-C(number=pl)	hoer	
,	PC	,	
gelyk	AA(degree=pos,position=free)	gelijk	
als	CONJ(type=sub)	als	
men	PD(type=pers,position=free)	men	
de	PD(type=d-p,subtype=art,position=prenom)	de	
Slaaven	NOU-C(number=pl)	slaaf	
in	ADP(type=pre)	in	
Turkien	NOU-P	Turkije	
doet	VRB(finiteness=fin,tense=pres)	doen	
?	PC	?	

wel	ADV(type=reg)	wel	
degelyk	AA(degree=pos,position=free)	degelijk	
,	PC	,	
antwoorde	VRB(finiteness=fin,tense=past)	antwoorden	
myn	PD(type=poss,position=prenom)	mijn	
Leidsman	NOU-C(number=sg)	leidsman	
;	PC	;	
en	CONJ(type=coor)	en	
om	ADP(type=pre)	om	
u	PD(type=pers,position=free)	u	
deesen	PD(type=d-p,subtype=oth,position=prenom)	deze	
handel	NOU-C(number=sg)	handel	
te	ADP(type=pre)	te	
doen	VRB(finiteness=inf)	doen	
verstaan	VRB(finiteness=inf)	verstaan	
,	PC	,	
sal	VRB(finiteness=fin,tense=pres)	zullen	
ik	PD(type=pers,position=free)	ik	
u	PD(type=pers,position=free)	u	
gaan	VRB(finiteness=inf)	gaan	
verhaalen	VRB(finiteness=inf)	verhalen	
,	PC	,	
hoe	ADV(type=reg)	hoe	
dit	PD(type=d-p,position=free)	dit	
in	ADP(type=pre)	in	
zyn	PD(type=poss,position=prenom)	zijn	
werk	NOU-C(number=sg)	werk	
gaat	VRB(finiteness=fin,tense=pres)	gaan	
.	PC	.	

De	PD(type=d-p,subtype=art,position=prenom)	de	
Hoertjes	NOU-C(number=pl)	hoertje	
,	PC	,	
vervolgde	VRB(finiteness=fin,tense=past)	vervolgen	
hy	PD(type=pers,position=free)	hij	
,	PC	,	
die	PD(type=d-p,position=free)	die	
in	ADP(type=pre)	in	
de	PD(type=d-p,subtype=art,position=prenom)	de	
Stille	AA(degree=pos,position=prenom)	stil	
Huizen	NOU-C(number=pl)	huis	
woonen	VRB(finiteness=inf)	wonen	
,	PC	,	
moeten	VRB(finiteness=fin,tense=pres)	moeten	
,	PC	,	
gelyk	CONJ(type=sub)	gelijk	
ik	PD(type=pers,position=free)	ik	
u	PD(type=pers,position=free)	u	
hier	ADV(type=pron)	hiervoor	mw_249
voor	ADV(type=pron)	hiervoor	mw_249
gezegt	VRB(finiteness=pastpart)	zeggen	
heb	VRB(finiteness=fin,tense=pres)	hebben	
,	PC	,	
een	PD(type=indef,subtype=art,position=prenom)	een	
dukaton	NOU-C(number=sg)	dukaton	
of	CONJ(type=coor)	of	
vier	NUM(type=card,position=prenom,representation=let)	vier	
guldens	NOU-C(number=pl)	gulden	
ter	ADP(type=pre)+PD(type=d-p,subtype=art,position=prenom)	te+de	
week	NOU-C(number=sg)	week	
voor	ADP(type=pre)	voor	
kost	NOU-C(number=sg)	kost	
,	PC	,	
drank	NOU-C(number=sg)	drank	
,	PC	,	
en	CONJ(type=coor)	en	
slaapen	NOU-C(number=sg)	slapen	
betaalen	VRB(finiteness=inf)	betalen	
.	PC	.	

Zoo	CONJ(type=sub)	zo	
'	PC	'	
er	ADV(type=reg)	er	
nu	ADV(type=reg)	nu	
geen	PD(type=indef,subtype=oth,position=prenom)	geen	
groote	AA(degree=pos,position=prenom)	groot	
neering	NOU-C(number=sg)	nering	
op	ADP(type=pre)	op	
zoodanig	PD(type=d-p,position=free)	zodanig	
een	PD(type=indef,subtype=art,position=prenom)	een	
plaats	NOU-C(number=sg)	plaats	
is	VRB(finiteness=fin,tense=pres)	zijn	
,	PC	,	
of	CONJ(type=coor)	of	
dat	CONJ(type=sub)	dat	
ze	PD(type=pers,position=free)	zij	
in	ADP(type=pre)	in	
schuld	NOU-C(number=sg)	schuld	
zyn	VRB(finiteness=fin,tense=pres)	zijn	
geraakt	VRB(finiteness=pastpart)|VRB(finiteness=pastpart)	geraken|raken	
door	ADP(type=pre)	door	
het	PD(type=d-p,subtype=art,position=prenom)	het	
koopen	NOU-C(number=sg)	kopen	
der	PD(type=d-p,subtype=art,position=prenom)	de	
kleederen	NOU-C(number=pl)	kleed	
,	PC	,	
of	CONJ(type=coor)	of	
iets	PD(type=indef,position=free)	iets	
diergelyks	PD(type=d-p,position=free)	dergelijk	
,	PC	,	
of	CONJ(type=coor)	of	
dat	CONJ(type=sub)	dat	
z	PD(type=pers,position=free)	zij	
'	PC	'	
er	ADV(type=reg)	er	
al	ADV(type=reg)	al	
te	ADV(type=reg)	te	
lang	AA(degree=pos,position=free)	lang	
gewoond	VRB(finiteness=pastpart)	wonen	
hebben	VRB(finiteness=fin,tense=pres)	hebben	
(	PC	(	
want	CONJ(type=coor)	want	
de	PD(type=d-p,subtype=art,position=prenom)	de	
Messieurs	NOU-C(number=pl)	monsieur	
houden	VRB(finiteness=fin,tense=pres)	houden	
meestendeel	ADV(type=reg)	meestendeel	
geweldig	AA(degree=pos,position=free)	geweldig	
veel	ADV(type=reg)	veel	
van	ADP(type=pre)	van	
verandering	NOU-C(number=sg)	verandering	
)	PC	)	
geeft	VRB(finiteness=fin,tense=pres)	geven	
men	PD(type=pers,position=free)	men	
last	NOU-C(number=sg)	last	
aan	ADP(type=pre)	aan	
een	PD(type=indef,subtype=art,position=prenom)	een	
koppelaarster	NOU-C(number=sg)	koppelaarster	
of	CONJ(type=coor)	of	
aan	ADP(type=pre)	aan	
een	PD(type=indef,subtype=art,position=prenom)	een	
Hoere	NOU-C(number=sg)	hoerenbesteedster	mw_75
besteetster	NOU-C(number=sg)	hoerenbesteedster	mw_75
,	PC	,	
om	ADP(type=pre)	om	
eens	ADV(type=reg)	eens	
de	PD(type=d-p,subtype=art,position=prenom)	de	
ronde	NOU-C(number=sg)	ronde	
te	ADP(type=pre)	te	
doen	VRB(finiteness=inf)	doen	
,	PC	,	
en	CONJ(type=coor)	en	
te	ADP(type=pre)	te	
zien	VRB(finiteness=inf)	zien	
,	PC	,	
of	CONJ(type=sub)	of	
het	PD(type=d-p,subtype=art,position=prenom)	het	
meisje	NOU-C(number=sg)	meisje	
,	PC	,	
't	PD(type=d-p,position=free)	hetgeen	mw_7
geen	PD(type=d-p,position=free)	hetgeen	mw_7
ze	PD(type=pers,position=free)	zij	
kwyt	AA(degree=pos,position=free)	kwijt	
willen	VRB(finiteness=fin,tense=pres)	willen	
weezen	VRB(finiteness=inf)	wezen	
,	PC	,	
of	CONJ(type=coor)	of	
dat	PD(type=d-p,position=free)	dat	
'	PC	'	
er	ADV(type=reg)	er	
self	PD(type=d-p,position=free)	zelf	
niet	ADV(type=reg)	niet	
langer	AA(degree=comp,position=free)	lang	
woonen	VRB(finiteness=inf)	wonen	
wil	VRB(finiteness=fin,tense=pres)	willen	
,	PC	,	
ter	ADP(type=pre)+PD(type=d-p,subtype=art,position=prenom)	te+de	
oorzaak	NOU-C(number=sg)	oorzaak	
dat	CONJ(type=sub)	dat	
z	PD(type=pers,position=free)	zij	
'	PC	'	
er	ADV(type=reg)	er	
in	ADP(type=pre)	in	
de	PD(type=d-p,subtype=art,position=prenom)	de	
schuld	NOU-C(number=sg)	schuld	
vervalt	VRB(finiteness=fin,tense=pres)	vervallen	
,	PC	,	
tot	ADP(type=pre)	tot	
zodanig	PD(type=d-p,position=free)	zodanig	
een	PD(type=indef,subtype=art,position=prenom)	een	
prys	NOU-C(number=sg)	prijs	
,	PC	,	
als	CONJ(type=sub)	als	
de	PD(type=d-p,subtype=art,position=prenom)	de	
schuld	NOU-C(number=sg)	schuld	
volgens	ADP(type=pre)	volgens	
een	PD(type=indef,subtype=art,position=prenom)	een	
ruime	AA(degree=pos,position=prenom)	ruim	
rekening	NOU-C(number=sg)	rekening	
beloopt	VRB(finiteness=fin,tense=pres)	belopen	
,	PC	,	
van	ADP(type=pre)	van	
d	PD(type=d-p,subtype=art,position=prenom)	de	
'	PC	'	
eene	NUM(type=card,position=prenom,representation=let)	een	
of	CONJ(type=coor)	of	
andere	PD(type=indef,subtype=oth,position=prenom)	ander	
Waardin	NOU-C(number=sg)	waardin	
gelost	VRB(finiteness=pastpart)	lossen	
kan	VRB(finiteness=fin,tense=pres)	kunnen	
worden	VRB(finiteness=inf)	worden	
.	PC	.	

Als'	CONJ(type=sub)	als	
er	ADV(type=reg)	er	
nu	ADV(type=reg)	nu	
iemand	PD(type=indef,position=free)	iemand	
gevonden	VRB(finiteness=pastpart)	vinden	
word	VRB(finiteness=fin,tense=pres)	worden	
,	PC	,	
die	PD(type=d-p,position=free)	die	
een	PD(type=indef,subtype=art,position=prenom)	een	
Dochter	NOU-C(number=sg)	dochter	
van	ADP(type=pre)	van	
nooden	NOU-C(number=pl)	nood	
heeft	VRB(finiteness=fin,tense=pres)	hebben	
,	PC	,	
en	CONJ(type=coor)	en	
die	PD(type=d-p,position=free)	die	
'	PC	'	
er	ADV(type=pron)	eraan	mw_16
soo	PD(type=indef,position=free)	zoveel	mw_330
veel	PD(type=indef,position=free)	zoveel	mw_330
gelds	NOU-C(number=sg)	geld	
aan	ADV(type=pron)	eraan	mw_16
hangen	VRB(finiteness=inf)	hangen	
wil	VRB(finiteness=fin,tense=pres)	willen	
,	PC	,	
soo	ADV(type=reg)	zo	
brengt	VRB(finiteness=fin,tense=pres)	brengen	
men	PD(type=pers,position=free)	men	
het	PD(type=d-p,subtype=art,position=prenom)	het	
Meisje	NOU-C(number=sg)	meisje	
daar	ADV(type=reg)	daar	
ter	ADP(type=pre)+PD(type=d-p,subtype=art,position=prenom)	te+de	
plaatse	NOU-C(number=sg)	plaats	
,	PC	,	
of	CONJ(type=coor)	of	
de	PD(type=d-p,subtype=art,position=prenom)	de	
VVaardin	NOU-C(number=sg)	waardin	
gaat	VRB(finiteness=fin,tense=pres)	gaan	
,	PC	,	
daar	ADV(type=reg)	daar	
ze	PD(type=pers,position=free)	zij	
woond	VRB(finiteness=fin,tense=pres)	wonen	
,	PC	,	
om	ADP(type=pre)	om	
ze	PD(type=pers,position=free)	zij	
te	ADP(type=pre)	te	
besien	VRB(finiteness=inf)	bezien	
,	PC	,	
en	CONJ(type=coor)	en	
te	ADP(type=pre)	te	
hooren	VRB(finiteness=inf)	horen	
,	PC	,	
of	CONJ(type=sub)	of	
ze	PD(type=pers,position=free)	zij	
meesterlyk	AA(degree=pos,position=free)	meesterlijk	
zuypen	VRB(finiteness=inf)	zuipen	
kan	VRB(finiteness=fin,tense=pres)	kunnen	
,	PC	,	
en	CONJ(type=coor)	en	
van	ADP(type=pre)	van	
wat	PD(type=w-p,position=free)	wat	
voor	ADP(type=pre)	voor	
qualiteyten	NOU-C(number=pl)	kwaliteit	
van	ADP(type=pre)	van	
deese	PD(type=d-p,subtype=oth,position=prenom)	deze	
natuur	NOU-C(number=sg)	natuur	
zy	PD(type=pers,position=free)	zij	
meer	ADV(type=reg)	meer	
voorzien	AA(degree=pos,position=free)	voorzien	
is	VRB(finiteness=fin,tense=pres)	zijn	
.	PC	.	

VVord	VRB(finiteness=fin,tense=pres)	worden	
de	PD(type=d-p,subtype=art,position=prenom)	de	
koop	NOU-C(number=sg)	koop	
gemaakt	VRB(finiteness=pastpart)	maken	
,	PC	,	
soo	ADV(type=reg)	zo	
krygt	VRB(finiteness=fin,tense=pres)	krijgen	
deese	PD(type=d-p,subtype=oth,position=prenom)	deze	
Koppelaarster	NOU-C(number=sg)	koppelaarster	
of	CONJ(type=coor)	of	
Besteedster	NOU-C(number=sg)	besteedster	
een	PD(type=indef,subtype=art,position=prenom)	een	
dukaton	NOU-C(number=sg)	dukaton	
,	PC	,	
een	PD(type=indef,subtype=art,position=prenom)	een	
ryks-daalder	NOU-C(number=sg)	rijksdaalder	
,	PC	,	
of	CONJ(type=coor)	of	
ook	ADV(type=reg)	ook	
wel	ADV(type=reg)	wel	
minder	PD(type=indef,position=free)	minder	
,	PC	,	
na	ADP(type=pre)	na	
dat	CONJ(type=sub)	dat	
de	PD(type=d-p,subtype=art,position=prenom)	de	
VVaardinnen	NOU-C(number=pl)	waardin	
mild	AA(degree=pos,position=free)	mild	
vallen	VRB(finiteness=fin,tense=pres)	vallen	
,	PC	,	
hoewel	CONJ(type=sub)	hoewel	
't	PD(type=pers,position=free)	het	
de	PD(type=d-p,subtype=art,position=prenom)	de	
Hoertjes	NOU-C(number=pl)	hoertje	
betaalen	VRB(finiteness=inf)	betalen	
moeten	VRB(finiteness=fin,tense=pres)	moeten	
;	PC	;	
want	CONJ(type=coor)	want	
terstond	ADV(type=reg)	terstond	
word	VRB(finiteness=fin,tense=pres)	worden	
het	PD(type=pers,position=free)	het	
by	ADP(type=pre)	bij	
hun	PD(type=poss,position=prenom)	hun	
rekening	NOU-C(number=sg)	rekening	
gevoegd	VRB(finiteness=pastpart)	voegen	
.	PC	.	

Zyn	VRB(finiteness=fin,tense=pres)	zijn	
de	PD(type=d-p,subtype=art,position=prenom)	de	
Meisjes	NOU-C(number=pl)	meisje	
al	ADV(type=reg)	al	
te	ADV(type=reg)	te	
veel	PD(type=indef,position=free)	veel	
schuldig	AA(degree=pos,position=free)	schuldig	
,	PC	,	
en	CONJ(type=coor)	en	
is'er	VRB(finiteness=fin,tense=pres)+ADV(type=reg)	zijn+er	
niemand	PD(type=indef,position=free)	niemand	
,	PC	,	
die	PD(type=d-p,position=free)	die	
ze	PD(type=pers,position=free)	zij	
tot	ADP(type=pre)	tot	
sulken	PD(type=d-p,subtype=oth,position=prenom)	zulk	
hoogen	AA(degree=pos,position=prenom)	hoog	
prys	NOU-C(number=sg)	prijs	
lossen	VRB(finiteness=inf)	lossen	
wil	VRB(finiteness=fin,tense=pres)	willen	
,	PC	,	
soo	ADV(type=reg)	zo	
houd	VRB(finiteness=fin,tense=pres)	houden	
men	PD(type=pers,position=free)	men	
tot	ADP(type=pre)	tot	
een	PD(type=indef,subtype=art,position=prenom)	een	
zeeker	AA(degree=pos,position=prenom)	zeker	
prys	NOU-C(number=sg)	prijs	
eenig	PD(type=indef,subtype=oth,position=prenom)	enig	
goed	NOU-C(number=sg)	goed	
,	PC	,	
't	PD(type=pers,position=free)	het	
zy	VRB(finiteness=fin,tense=pres)	zijn	
van	ADP(type=pre)	van	
linden	NOU-C(number=sg)	linnen	
of	CONJ(type=coor)	of	
van	ADP(type=pre)	van	
wolle	NOU-C(number=sg)	wol	
,	PC	,	
en	CONJ(type=coor)	en	
voor	ADP(type=pre)	voor	
het	PD(type=d-p,subtype=art,position=prenom)	het	
ovetige	NOU-C(number=sg,WF=mis)	overige	
ziet	VRB(finiteness=fin,tense=pres)	zien	
men't	PD(type=pers,position=free)+ADP(type=pre)	men+te	
ackorderen	VRB(finiteness=inf)	accorderen	
,	PC	,	
blyvende	VRB(finiteness=prespart)	blijven	
dit	PD(type=d-p,subtype=oth,position=prenom)	dit	
goet	NOU-C(number=sg)	goed	
by	ADP(type=pre)	bij	
d'eerste	PD(type=d-p,subtype=art,position=prenom)+NUM(type=ord,position=prenom,representation=let)	de+eerste	
waardin	NOU-C(number=sg)	waardin	
zoo	ADV(type=reg)	zolang	mw_264
lang	ADV(type=reg)	zolang	mw_264
in	ADP(type=pre)	in	
pand	NOU-C(number=sg)	pand	
,	PC	,	
tot	CONJ(type=sub)	totdat	mw_172
dat	CONJ(type=sub)	totdat	mw_172
het	PD(type=d-p,subtype=art,position=prenom)	het	
hoertje	NOU-C(number=sg)	hoertje	
gelegentheydt	NOU-C(number=sg)	gelegenheid	
gekreegen	VRB(finiteness=pastpart)	krijgen	
heeft	VRB(finiteness=fin,tense=pres)	hebben	
om	ADP(type=pre)	om	
het	PD(type=pers,position=free)	het	
allenskens	ADV(type=reg)	allengsjes	
te	ADP(type=pre)	te	
betaalen	VRB(finiteness=inf)	betalen	
,	PC	,	
't	PD(type=d-p,position=free)	hetgeen	mw_8
geen	PD(type=d-p,position=free)	hetgeen	mw_8
dikwils	ADV(type=reg)	dikwijls	
nimmermeer	ADV(type=reg)	nimmermeer	
gebeurd	VRB(finiteness=fin,tense=pres)	gebeuren	
.	PC	.	

En	CONJ(type=coor)	en	
niet	ADV(type=reg)	niet	
alleen	AA(degree=pos,position=free)	alleen	
worden	VRB(finiteness=fin,tense=pres)	worden	
de	PD(type=d-p,subtype=art,position=prenom)	de	
Nymphjes	NOU-C(number=pl)	nimfje	
uit	ADP(type=pre)	uit	
de	PD(type=d-p,subtype=art,position=prenom)	de	
Stille	AA(degree=pos,position=prenom)	stil	
Huizen	NOU-C(number=pl)	huis	
aldus	ADV(type=reg)	aldus	
gelost	VRB(finiteness=pastpart)	lossen	
,	PC	,	
maar	CONJ(type=coor)	maar	
ook	ADV(type=reg)	ook	
by	ADP(type=pre)	bij	
alle	PD(type=indef,subtype=oth,position=prenom)	al	
anderd	PD(type=indef,subtype=oth,position=prenom)	ander	
VVaardinnen	NOU-C(number=pl)	waardin	
,	PC	,	
want	CONJ(type=coor)	want	
dit	PD(type=d-p,position=free)	dit	
is	VRB(finiteness=fin,tense=pres)	zijn	
een	PD(type=indef,subtype=art,position=prenom)	een	
generale	AA(degree=pos,position=prenom)	generaal	
mode	NOU-C(number=sg)	mode	
onder	ADP(type=pre)	onder	
alle	PD(type=indef,position=free)	al	
de	PD(type=d-p,position=free)	degene	mw_192
geenen	PD(type=d-p,position=free)	degene	mw_192
,	PC	,	
dic	PD(type=d-p,position=free,WF=mis)	die	
hoer-huis-houden	NOU-C(number=sg)+VRB(finiteness=fin,tense=pres)	hoerhuis+houden	
,	PC	,	
maar	CONJ(type=coor)	maar	
nergens	ADV(type=reg)	nergens	
loopt	VRB(finiteness=fin,tense=pres)	lopen	
de	PD(type=d-p,subtype=art,position=prenom)	de	
schuld	NOU-C(number=sg)	schuld	
hooger	AA(degree=comp,position=free)	hoog	
,	PC	,	
als	CONJ(type=sub)	als	
in	ADP(type=pre)	in	
de	PD(type=d-p,subtype=art,position=prenom)	de	
Stille	AA(degree=pos,position=prenom)	stil	
Huyzen	NOU-C(number=pl)	huis	
,	PC	,	
want	CONJ(type=coor)	want	
daar	CONJ(type=sub)	daar	
d	PD(type=d-p,subtype=art,position=prenom)	de	
'	PC	'	
anderen	PD(type=indef,position=free)	ander	
maar	ADV(type=reg)	maar	
in	ADP(type=pre)	in	
de	PD(type=d-p,subtype=art,position=prenom)	de	
schrift	NOU-C(number=sg)	schrift	
konnen	VRB(finiteness=fin,tense=pres)	kunnen	
raken	VRB(finiteness=inf)	raken	
door	ADP(type=pre)	door	
het	PD(type=d-p,subtype=art,position=prenom)	het	
aankoopen	NOU-C(number=sg)	aankopen	
van	ADP(type=pre)	van	
kleederen	NOU-C(number=pl)	kleed	
,	PC	,	
of	CONJ(type=coor)	of	
door	ADP(type=pre)	door	
andere	PD(type=indef,subtype=oth,position=prenom)	ander	
praktyken	NOU-C(number=pl)	praktijk	
,	PC	,	
daar	ADV(type=pron)	daarvan	mw_124
zich	PD(type=refl,position=free)	zich	
de	PD(type=d-p,subtype=art,position=prenom)	de	
waardinnen	NOU-C(number=pl)	waardin	
van	ADV(type=pron)	daarvan	mw_124
weten	VRB(finiteness=inf)	weten	
te	ADP(type=pre)	te	
dienen	VRB(finiteness=inf)	dienen	
,	PC	,	
klimt	VRB(finiteness=fin,tense=pres)	klimmen	
dat	PD(type=d-p,subtype=oth,position=prenom)	dat	
kost	NOU-C(number=sg)	kostgeld	mw_226
-	PC	-	
geld	NOU-C(number=sg)	kostgeld	mw_226
hier	ADV(type=reg)	hier	
allengsken	ADV(type=reg)	allengsjes	
hoe	ADV(type=reg)	hoe	
langer	AA(degree=comp,position=free)	lang	
hoe	ADV(type=reg)	hoe	
hooger	AA(degree=comp,position=free)	hoog	
,	PC	,	
invoegen	ADV(type=reg)	invoege	
dat	CONJ(type=sub)	dat	
men	PD(type=pers,position=free)	men	
'	PC	'	
er	ADV(type=reg)	er	
vind	VRB(finiteness=fin,tense=pres)	vinden	
,	PC	,	
die	PD(type=d-p,position=free)	die	
twingtig	NUM(type=card,position=prenom,representation=let)	twintig	
,	PC	,	
ja	ADV(type=reg)	ja	
dartig	NUM(type=card,position=prenom,representation=let)	dertig	
,	PC	,	
en	CONJ(type=coor)	en	
meer	PD(type=indef,subtype=oth,position=prenom)	meer	
dukatonnen	NOU-C(number=pl)	dukaton	
aan	ADP(type=pre)	aan	
de	PD(type=d-p,subtype=art,position=prenom)	de	
waardinnen	NOU-C(number=pl)	waardin	
schuldig	AA(degree=pos,position=free)	schuldig	
zyn	VRB(finiteness=fin,tense=pres)	zijn	
en	CONJ(type=coor)	en	
die	PD(type=d-p,position=free)	die	
soo	ADV(type=reg)	zolang	mw_265
lang	ADV(type=reg)	zolang	mw_265
als	CONJ(type=sub)	als	
ze	PD(type=pers,position=free)	zij	
't	PD(type=d-p,subtype=art,position=prenom)	het	
Hoeren	NOU-C(number=sg)	hoerenleven	mw_253
leeven	NOU-C(number=sg)	hoerenleven	mw_253
volharden	VRB(finiteness=fin,tense=pres)	volharden	
,	PC	,	
nooit	ADV(type=reg)	nooit	
gelegentheidt	NOU-C(number=sg)	gelegenheid	
hebben	VRB(finiteness=fin,tense=pres)	hebben	
om	ADP(type=pre)	om	
op	ADP(type=pre)	op	
een	PD(type=indef,subtype=art,position=prenom)	een	
effene	AA(degree=pos,position=prenom)	effen	
bodem	NOU-C(number=sg)	bodem	
te	ADP(type=pre)	te	
geraake	VRB(finiteness=inf)	geraken	
,	PC	,	
ten	CONJ(type=sub)	tenzij	mw_370
zy	CONJ(type=sub)	tenzij	mw_370
ze	PD(type=pers,position=free)	zij	
weg	VRB(finiteness=fin,tense=pres)	weglopen	mw_268
loopen	VRB(finiteness=fin,tense=pres)	weglopen	mw_268
,	PC	,	
of	CONJ(type=coor)	of	
dat	CONJ(type=sub)	dat	
ze	PD(type=pers,position=free)	zij	
een	PD(type=indef,subtype=art,position=prenom)	een	
Zot	NOU-C(number=sg)	zot	
by	ADP(type=pre)	bij	
't	PD(type=d-p,subtype=art,position=prenom)	het	
been	NOU-C(number=sg)	been	
krygen	VRB(finiteness=fin,tense=pres)	krijgen	
,	PC	,	
die	PD(type=d-p,position=free)	die	
de	PD(type=d-p,subtype=art,position=prenom)	de	
schuld	NOU-C(number=sg)	schuld	
voldoet	VRB(finiteness=fin,tense=pres)	voldoen	
,	PC	,	
en	CONJ(type=coor)	en	
hen	PD(type=pers,position=free)	zij	
vorders	ADV(type=reg)	voorders	
van	ADP(type=pre)	van	
alle	PD(type=indef,subtype=oth,position=prenom)	al	
noodwendigheden	NOU-C(number=pl)	noodwendigheid	
verzorgt	VRB(finiteness=fin,tense=pres)	verzorgen	
,	PC	,	
om	ADP(type=pre)	om	
een	PD(type=indef,subtype=art,position=prenom)	een	
stinkend	AA(degree=pos,position=prenom)	stinkend	
pis-gat	NOU-C(number=sg)	pisgat	
voor	ADP(type=pre)	voor	
sich	PD(type=refl,position=free)	zich	
alleen	AA(degree=pos,position=free)	alleen	
te	ADP(type=pre)	te	
hebben	VRB(finiteness=inf)	hebben	
maar	CONJ(type=coor)	maar	
deeze	PD(type=d-p,subtype=oth,position=prenom)	deze	
wurmen	NOU-C(number=pl)	worm	
zyn	VRB(finiteness=fin,tense=pres)	zijn	
de	PD(type=d-p,subtype=art,position=prenom)	de	
grootste	AA(degree=sup,position=prenom)	groot	
Narren	NOU-C(number=pl)	nar	
van	ADP(type=pre)	van	
de	PD(type=d-p,subtype=art,position=prenom)	de	
gansche	AA(degree=pos,position=prenom)	gans	
wereld	NOU-C(number=sg)	wereld	
want	CONJ(type=coor)	want	
,	PC	,	
behalven	ADP(type=pre)	behalve	
dat	CONJ(type=sub)	dat	
dese	PD(type=d-p,subtype=oth,position=prenom)	deze	
Schepsels	NOU-C(number=pl)	schepsel	
vry	AA(degree=pos,position=free)	vrij	
wat	ADV(type=reg)	wat	
meer	PD(type=indef,position=free)	meer	
van	ADP(type=pre)	van	
onderhouden	NOU-C(number=sg)	onderhouden	
kosten	VRB(finiteness=fin,tense=pres)	kosten	
als	CONJ(type=sub)	als	
een	PD(type=indef,subtype=art,position=prenom)	een	
paard	NOU-C(number=sg)	paard	
met	ADP(type=pre)	met	
een	PD(type=indef,subtype=art,position=prenom)	een	
chese	NOU-C(number=sg)	sjees	
,	PC	,	
vind	VRB(finiteness=fin,tense=pres)	vinden	
men	PD(type=pers,position=free)	men	
'	PC	'	
er	ADV(type=reg)	er	
van	ADP(type=pre)	van	
honderd	NUM(type=card,position=free,representation=let)	honderd	
naauwelyks	ADV(type=reg)	nauwelijks	
een	NUM(type=card,position=free,representation=let)	een	
,	PC	,	
die	PD(type=d-p,position=free)	die	
zig	PD(type=refl,position=free)	zich	
te	AA(degree=pos,position=free)	tevreden	mw_338
vreede	AA(degree=pos,position=free)	tevreden	mw_338
hout	VRB(finiteness=fin,tense=pres)	houden	
met	ADP(type=pre)	met	
het	PD(type=d-p,position=free)	hetgeen	mw_223
geen	PD(type=d-p,position=free)	hetgeen	mw_223
,	PC	,	
dat	PD(type=d-p,position=free)	dat	
haar	PD(type=pers,position=free)	zij	
gegeeven	VRB(finiteness=pastpart)	geven	
word	VRB(finiteness=fin,tense=pres)	worden	
,	PC	,	
en	CONJ(type=coor)	en	
die	PD(type=d-p,position=free)	die	
sich	PD(type=refl,position=free)	zich	
niet	ADV(type=reg)	niet	
noch	ADV(type=reg)	nog	
by	ADP(type=pre)	bij	
alle	PD(type=indef,subtype=oth,position=prenom)	al	
gelegentheden	NOU-C(number=pl)	gelegenheid	
van	ADP(type=pre)	van	
anderen	PD(type=indef,position=free)	ander	
gebruiken	VRB(finiteness=inf)	gebruiken	
laaten	VRB(finiteness=fin,tense=pres)	laten	
.	PC	.	

Dus	ADV(type=reg)	dus	
doende	VRB(finiteness=prespart)	doen	
,	PC	,	
seid	VRB(finiteness=fin,tense=past)	zeggen	
ik	PD(type=pers,position=free)	ik	
,	PC	,	
is	VRB(finiteness=fin,tense=pres)	zijn	
de	PD(type=d-p,subtype=art,position=prenom)	de	
staat	NOU-C(number=sg)	staat	
van	ADP(type=pre)	van	
een	PD(type=indef,subtype=art,position=prenom)	een	
hoer	NOU-C(number=sg)	hoer	
by	ADV(type=reg)	bijna	mw_90
na	ADV(type=reg)	bijna	mw_90
gelyk	AA(degree=pos,position=free)	gelijk	
die	PD(type=d-p,position=free)	die	
van	ADP(type=pre)	van	
een	PD(type=indef,subtype=art,position=prenom)	een	
Slaavin	NOU-C(number=sg)	slavin	
,	PC	,	
uitgenomen	ADP(type=pre)	uitgenomen	
dat	CONJ(type=sub)	dat	
de	PD(type=d-p,subtype=art,position=prenom)	de	
hoeren	NOU-C(number=pl)	hoer	
niet	ADV(type=reg)	niet	
behoeven	VRB(finiteness=fin,tense=pres)	behoeven	
't	ADP(type=pre)	te	
arbeiden	VRB(finiteness=inf)	arbeiden	
.	PC	.	

Daar	ADV(type=reg)	daar	
schiet	VRB(finiteness=fin,tense=pres)	inschieten	mw_259
my	PD(type=pers,position=free)	ik	
iets	PD(type=indef,position=free)	iets	
in	VRB(finiteness=fin,tense=pres)	inschieten	mw_259
,	PC	,	
hernam	VRB(finiteness=fin,tense=past)	hernemen	
myn	PD(type=poss,position=prenom)	mijn	
Leidsman	NOU-C(number=sg)	leidsman	
,	PC	,	
'	PC	'	
tgeen	PD(type=d-p,position=free)	hetgeen	
ik	PD(type=pers,position=free)	ik	
vergeten	VRB(finiteness=pastpart)	vergeten	
heb	VRB(finiteness=fin,tense=pres)	hebben	
u	PD(type=pers,position=free)	u	
te	ADP(type=pre)	te	
seggen	VRB(finiteness=inf)	zeggen	
,	PC	,	
dat	PD(type=d-p,position=free)	dat	
's	VRB(finiteness=fin,tense=pres)	zijn	
van	ADP(type=pre)	van	
arbeiden	NOU-C(number=sg)	arbeiden	
.	PC	.	

Men	PD(type=pers,position=free)	men	
heeft'er	VRB(finiteness=fin,tense=pres)+ADV(type=reg)	hebben+er	
,	PC	,	
vervolgde	VRB(finiteness=fin,tense=past)	vervolgen	
hy	PD(type=pers,position=free)	hij	
,	PC	,	
die	PD(type=d-p,position=free)	die	
al	ADV(type=reg)	al	
arbeiden	VRB(finiteness=inf)	arbeiden	
moeten	VRB(finiteness=fin,tense=pres)	moeten	
,	PC	,	
te	ADP(type=pre)	te	
weeten	VRB(finiteness=inf)	weten	
,	PC	,	
de	PD(type=d-p,position=free)	degene	mw_193
geenen	PD(type=d-p,position=free)	degene	mw_193
,	PC	,	
die	PD(type=d-p,position=free)	die	
de	PD(type=d-p,subtype=art,position=prenom)	de	
kost	NOU-C(number=sg)	kost	
voor	ADP(type=pre)	voor	
niet	PD(type=indef,position=free)	niet	
krygen	VRB(finiteness=fin,tense=pres)	krijgen	
;	PC	;	
want	CONJ(type=coor)	want	
deese	PD(type=d-p,position=free)	deze	
zijn	VRB(finiteness=fin,tense=pres)	zijn	
gehouden	VRB(finiteness=pastpart)	houden	
alle	PD(type=indef,subtype=oth,position=prenom)	al	
Vrydagen	NOU-C(number=pl)	vrijdag	
en	CONJ(type=coor)	en	
Zaterdagen	NOU-C(number=pl)	zaterdag	
't	PD(type=d-p,subtype=art,position=prenom)	het	
huis	NOU-C(number=sg)	huis	
schoon	VRB(finiteness=inf)	schoonmaken	mw_298
te	ADP(type=pre)	te	
maken	VRB(finiteness=inf)	schoonmaken	mw_298
,	PC	,	
of	CONJ(type=coor)	of	
twee	NUM(type=card,position=prenom,representation=let)	twee	
schellingen	NOU-C(number=pl)	schelling	
te	ADP(type=pre)	te	
geven	VRB(finiteness=inf)	geven	
aan	ADP(type=pre)	aan	
een	PD(type=indef,subtype=art,position=prenom)	een	
Schoonmaakster	NOU-C(number=sg)	schoonmaakster	
,	PC	,	
die	PD(type=d-p,position=free)	die	
't	PD(type=pers,position=free)	het	
voor	ADP(type=pre)	voor	
hen	PD(type=pers,position=free)	zij	
doed	VRB(finiteness=fin,tense=pres)	doen	
,	PC	,	
indien'er	CONJ(type=sub)+ADV(type=reg)	indien+er	
geen	PD(type=indef,subtype=oth,position=prenom)	geen	
Meid	NOU-C(number=sg)	meid	
is	VRB(finiteness=fin,tense=pres)	zijn	
;	PC	;	
maar	CONJ(type=coor)	maar	
soo'er	CONJ(type=sub)+ADV(type=reg)	zo+er	
een	PD(type=indef,subtype=art,position=prenom)	een	
Meid	NOU-C(number=sg)	meid	
is	VRB(finiteness=fin,tense=pres)	zijn	
,	PC	,	
zoo	ADV(type=reg)	zo	
trekt	VRB(finiteness=fin,tense=pres)	trekken	
dese	PD(type=d-p,position=free)	deze	
de	PD(type=d-p,subtype=art,position=prenom)	de	
gedagte	AA(degree=pos,position=prenom)	gedacht	
penningen	NOU-C(number=pl)	penning	
,	PC	,	
en	CONJ(type=coor)	en	
aldus	ADV(type=reg)	aldus	
konnen	VRB(finiteness=fin,tense=pres)	kunnen	
zulke	PD(type=d-p,subtype=oth,position=prenom)	zulk	
Hoere-waardinnen	NOU-C(number=pl)	hoerenwaardin	
hun	PD(type=poss,position=prenom)	hun	
Meiden	NOU-C(number=pl)	meid	
houdē	VRB(finiteness=inf,WF=abbr)	houden	
,	PC	,	
sonder	ADP(type=pre)	zonder	
een	PD(type=indef,subtype=art,position=prenom)	een	
duit	NOU-C(number=sg)	duit	
aan	ADP(type=pre)	aan	
huur	NOU-C(number=sg)	huur	
te	ADP(type=pre)	te	
geven	VRB(finiteness=inf)	geven	
,	PC	,	
want	CONJ(type=coor)	want	
,	PC	,	
schellingen	NOU-C(number=pl)	schelling	
twe	NUM(type=card,position=prenom,representation=let)	tweeënvijftig	mw_343
en	NUM(type=card,position=prenom,representation=let)	tweeënvijftig	mw_343
vyftig	NUM(type=card,position=prenom,representation=let)	tweeënvijftig	mw_343
maal	NOU-C(number=sg)	maal	
verdubbelt	VRB(finiteness=pastpart)	verdubbelen	
kunnen	VRB(finiteness=fin,tense=pres)	kunnen	
al	ADV(type=reg)	al	
een	PD(type=indef,subtype=art,position=prenom)	een	
redelyke	AA(degree=pos,position=prenom)	redelijk	
huur	NOU-C(number=sg)	huur	
uitmaken	VRB(finiteness=inf)	uitmaken	
.	PC	.	

Dat	PD(type=d-p,position=free)	dat	
's	VRB(finiteness=fin,tense=pres)	zijn	
al	PD(type=indef,position=free)	al	
wel	ADV(type=reg)	wel	
gepractiseert	VRB(finiteness=pastpart)	praktiseren	
.	PC	.	

zeid	VRB(finiteness=fin,tense=past)	zeggen	
ik	PD(type=pers,position=free)	ik	
,	PC	,	
en	CONJ(type=coor)	en	
deese	PD(type=d-p,subtype=oth,position=prenom)	deze	
luiden	NOU-C(number=pl)	lieden	
betoonen	VRB(finiteness=fin,tense=pres)	betonen	
door	ADP(type=pre)	door	
hun	PD(type=poss,position=prenom)	hun	
gantsche	AA(degree=pos,position=prenom)	gans	
beleid	NOU-C(number=sg)	beleid	
wel	ADV(type=reg)	wel	
,	PC	,	
dat	CONJ(type=sub)	dat	
ze	PD(type=pers,position=free)	zij	
ten	ADP(type=pre)+PD(type=d-p,subtype=art,position=prenom)	te+het	
minsten	NOU-C(number=sg)	minste	
,	PC	,	
zoo	CONJ(type=sub)	zo	
ze	PD(type=pers,position=free)	zij	
te	ADV(type=reg)	te	
luy	AA(degree=pos,position=free)	lui	
zijn	VRB(finiteness=fin,tense=pres)	zijn	
om	ADP(type=pre)	om	
de	PD(type=d-p,subtype=art,position=prenom)	de	
kost	NOU-C(number=sg)	kost	
met	ADP(type=pre)	met	
eerlyke	AA(degree=pos,position=prenom)	eerlijk	
middelen	NOU-C(number=pl)	middel	
te	ADP(type=pre)	te	
soeken	VRB(finiteness=inf)	zoeken	
,	PC	,	
niet	ADV(type=reg)	niet	
te	ADV(type=reg)	te	
luy	AA(degree=pos,position=free)	lui	
te	ADP(type=pre)	te	
sijn	VRB(finiteness=inf)	zijn	
om	ADP(type=pre)	om	
alle	PD(type=indef,subtype=oth,position=prenom)	al	
dingen	NOU-C(number=pl)	ding	
te	ADP(type=pre)	te	
verzinnen	VRB(finiteness=inf)	verzinnen	
,	PC	,	
welke	PD(type=w-p,position=free)	welk	
hen	PD(type=pers,position=free)	zij	
op	ADP(type=pre)	op	
een	PD(type=indef,subtype=art,position=prenom)	een	
oneerlijke	AA(degree=pos,position=prenom)	oneerlijk	
manier	NOU-C(number=sg)	manier	
daar	ADV(type=pron)	daarvan	mw_125
van	ADV(type=pron)	daarvan	mw_125
verzorgen	VRB(finiteness=inf)	verzorgen	
konnen	VRB(finiteness=fin,tense=pres)	kunnen	
.	PC	.	



