Onderwyzende	VRB(finiteness=prespart)	onderwijzen	
Hoe	ADV(type=reg)	hoe	
men	PD(type=pers,position=free)	men	
allerhande	PD(type=indef,subtype=oth,position=prenom)	allerhande	
Spyzen	NOU-C(number=pl)	spijs	
,	PC	,	
Confituren	NOU-C(number=pl)	confituur	
en	CONJ(type=coor)	en	
Nagerechten	NOU-C(number=pl)	nagerecht	
,	PC	,	
zonder	ADP(type=pre)	zonder	
ongemeene	AA(degree=pos,position=prenom)	ongemeen	
kosten	NOU-C(number=pl)	kost	
,	PC	,	
zelfs	ADV(type=reg)	zelfs	
voor	ADP(type=pre)	voor	
de	PD(type=d-p,subtype=art,position=prenom)	de	
Roomsgezinden	NOU-C(number=pl)	roomsgezinde	
op	ADP(type=pre)	op	
Visdagen	NOU-C(number=pl)	visdag	
en	CONJ(type=coor)	en	
in	ADP(type=pre)	in	
de	PD(type=d-p,subtype=art,position=prenom)	de	
Vasten	NOU-C(number=sg)	vasten	
,	PC	,	
gezond	AA(degree=pos,position=free)	gezond	
en	CONJ(type=coor)	en	
smakelyk	AA(degree=pos,position=free)	smakelijk	
kan	VRB(finiteness=fin,tense=pres)	kunnen	
toebereiden	VRB(finiteness=inf)	toebereiden	
:	PC	:	
Hoe	ADV(type=reg)	hoe	
men	PD(type=pers,position=free)	men	
alles	PD(type=indef,position=free)	alles	
tegen	ADP(type=pre)	tegen	
de	PD(type=d-p,subtype=art,position=prenom)	de	
winter	NOU-C(number=sg)	winter	
inlegt	VRB(finiteness=fin,tense=pres)	inleggen	
.	PC	.	

Wat	PD(type=w-p,position=free)	wat	
men	PD(type=pers,position=free)	men	
in	ADP(type=pre)	in	
de	PD(type=d-p,subtype=art,position=prenom)	de	
Slachttyd	NOU-C(number=sg)	slachttijd	
doen	VRB(finiteness=inf)	doen	
moet	VRB(finiteness=fin,tense=pres)	moeten	
:	PC	:	
En	CONJ(type=coor)	en	
hoe	ADV(type=reg)	hoe	
men	PD(type=pers,position=free)	men	
Mol	AA(degree=pos,position=prenom)	mol	
en	CONJ(type=coor)	en	
versch	AA(degree=pos,position=prenom)	vers	
Bier	NOU-C(number=sg)	bier	
des	PD(type=d-p,subtype=art,position=prenom)	de	
zomers	NOU-C(number=sg)	zomer	
goed	VRB(finiteness=inf)	goedhouden	mw_398
kan	VRB(finiteness=fin,tense=pres)	kunnen	
houden	VRB(finiteness=inf)	goedhouden	mw_398
.	PC	.	

Het	PD(type=d-p,subtype=art,position=prenom)	het	
bloedige	NOU-C(number=sg)	bloedige	
van	ADP(type=pre)	van	
de	PD(type=d-p,subtype=art,position=prenom)	de	
hals	NOU-C(number=sg)	hals	
met	ADP(type=pre)	met	
den	PD(type=d-p,subtype=art,position=prenom)	de	
afval	NOU-C(number=sg)	afval	
gebruikt	VRB(finiteness=fin,tense=pres)	gebruiken	
men	PD(type=pers,position=free)	men	
voor	ADP(type=pre)	voor	
Huspot	NOU-C(number=sg)	hutspot	
,	PC	,	
en	CONJ(type=coor)	en	
moet	VRB(finiteness=fin,tense=pres)	moeten	
niet	ADV(type=reg)	niet	
lang	AA(degree=pos,position=free)	lang	
in	ADP(type=pre)	in	
't	PD(type=d-p,subtype=art,position=prenom)	het	
zout	NOU-C(number=sg)	zout	
blyven	VRB(finiteness=inf)	blijven	
leggen	VRB(finiteness=inf)	liggen	
,	PC	,	
een	PD(type=indef,subtype=art,position=prenom)	een	
dag	NOU-C(number=sg)	dag	
of	CONJ(type=coor)	of	
acht	NUM(type=card,position=free,representation=let)	acht	
is	VRB(finiteness=fin,tense=pres)	zijn	
genoeg	PD(type=indef,position=free)	genoeg	
,	PC	,	
om	CONJ(type=sub)	omdat	mw_239
dat	CONJ(type=sub)	omdat	mw_239
het	PD(type=pers,position=free)	het	
anders	ADV(type=reg)	anders	
te	ADV(type=reg)	te	
zout	AA(degree=pos,position=free)	zout	
word	VRB(finiteness=fin,tense=pres)	worden	
.	PC	.	

Indien	CONJ(type=sub)	indien	
men	PD(type=pers,position=free)	men	
geen	PD(type=indef,subtype=oth,position=prenom)	geen	
Kinnebaks-hammen	NOU-C(number=pl)	kinnebaksham	
wil	VRB(finiteness=fin,tense=pres)	willen	
hebben	VRB(finiteness=inf)	hebben	
zo	ADV(type=reg)	zo	
kan	VRB(finiteness=fin,tense=pres)	kunnen	
men	PD(type=pers,position=free)	men	
de	PD(type=d-p,subtype=art,position=prenom)	de	
Varkens	NOU-C(number=sg)	varkenskop	mw_220
kop	NOU-C(number=sg)	varkenskop	mw_220
daar	ADV(type=pron)	daartoe	mw_33
toe	ADV(type=pron)	daartoe	mw_33
gebruiken	VRB(finiteness=inf)	gebruiken	
;	PC	;	
en	CONJ(type=coor)	en	
indien	CONJ(type=sub)	indien	
men	PD(type=pers,position=free)	men	
de	PD(type=d-p,subtype=art,position=prenom)	de	
ooren	NOU-C(number=pl)	oor	
niet	ADV(type=reg)	niet	
tot	ADP(type=pre)	tot	
huspot	NOU-C(number=sg)	hutspot	
wil	VRB(finiteness=fin,tense=pres)	willen	
gebruiken	VRB(finiteness=inf)	gebruiken	
,	PC	,	
zo	ADV(type=reg)	zo	
kapt	VRB(finiteness=fin,tense=pres)	kappen	
men	PD(type=pers,position=free)	men	
die	PD(type=d-p,position=free)	die	
met	ADP(type=pre)	met	
het	PD(type=d-p,subtype=art,position=prenom)	het	
vleesch	NOU-C(number=sg)	vlees	
en	CONJ(type=coor)	en	
het	PD(type=d-p,subtype=art,position=prenom)	het	
zwoord	NOU-C(number=sg)	zwoerd	
,	PC	,	
maar	CONJ(type=coor)	maar	
wat	ADV(type=reg)	wat	
kleinder	AA(degree=comp,position=free)	klein	
als	CONJ(type=sub)	als	
hier	ADV(type=pron)	hierboven	mw_105
boven	ADV(type=pron)	hierboven	mw_105
gezegt	VRB(finiteness=pastpart)	zeggen	
word	VRB(finiteness=fin,tense=pres)	worden	
;	PC	;	
en	CONJ(type=coor)	en	
dan	ADV(type=reg)	dan	
doet	VRB(finiteness=fin,tense=pres)	doen	
men	PD(type=pers,position=free)	men	
alles	PD(type=indef,position=free)	alles	
in	ADP(type=pre)	in	
een	PD(type=indef,subtype=art,position=prenom)	een	
groote	AA(degree=pos,position=prenom)	groot	
doek	NOU-C(number=sg)	doek	
die	PD(type=d-p,position=free)	die	
men	PD(type=pers,position=free)	men	
ter	ADV(type=reg)	terdege	mw_45
deegen	ADV(type=reg)	terdege	mw_45
styf	AA(degree=pos,position=free)	stijf	
toebind	VRB(finiteness=fin,tense=pres)	toebinden	
,	PC	,	
en	CONJ(type=coor)	en	
dan	ADV(type=reg)	dan	
legt	VRB(finiteness=fin,tense=pres)	leggen	
men	PD(type=pers,position=free)	men	
'	PC	'	
er	ADV(type=pron)	erbovenop	mw_106
een	PD(type=indef,subtype=art,position=prenom)	een	
plankje	NOU-C(number=sg)	plankje	
of	CONJ(type=coor)	of	
dekzel	NOU-C(number=sg)	deksel	
boven	ADV(type=pron)	erbovenop	mw_106
op	ADV(type=pron)	erbovenop	mw_106
daar	ADV(type=pron)	daarop	mw_258
men	PD(type=pers,position=free)	men	
een	PD(type=indef,subtype=art,position=prenom)	een	
gewigt	NOU-C(number=sg)	gewicht	
op	ADV(type=pron)	daarop	mw_258
zet	VRB(finiteness=fin,tense=pres)	zetten	
,	PC	,	
en	CONJ(type=coor)	en	
men	PD(type=pers,position=free)	men	
laat	VRB(finiteness=fin,tense=pres)	laten	
het	PD(type=pers,position=free)	het	
een	PD(type=indef,subtype=art,position=prenom)	een	
dag	NOU-C(number=sg)	dag	
of	CONJ(type=coor)	of	
anderhalf	NUM(type=card,position=free,representation=let)	anderhalf	
staan	VRB(finiteness=inf)	staan	
parssen	VRB(finiteness=inf)	persen	
zo	ADV(type=reg)	zo	
word	VRB(finiteness=fin,tense=pres)	worden	
het	PD(type=pers,position=free)	het	
tot	ADP(type=pre)	tot	
een	PD(type=indef,subtype=art,position=prenom)	een	
kaas	NOU-C(number=sg)	kaas	
:	PC	:	
die	PD(type=d-p,position=free)	die	
legt	VRB(finiteness=fin,tense=pres)	leggen	
men	PD(type=pers,position=free)	men	
in	ADP(type=pre)	in	
een	PD(type=indef,subtype=art,position=prenom)	een	
platte	AA(degree=pos,position=prenom)	plat	
pan	NOU-C(number=sg)	pan	
en	CONJ(type=coor)	en	
men	PD(type=pers,position=free)	men	
giet	VRB(finiteness=fin,tense=pres)	gieten	
'	PC	'	
er	ADV(type=pron)	erbovenop	mw_107
zo	PD(type=indef,subtype=oth,position=prenom)	zoveel	mw_373
veel	PD(type=indef,subtype=oth,position=prenom)	zoveel	mw_373
azyn	NOU-C(number=sg)	azijn	
boven	ADV(type=pron)	erbovenop	mw_107
op	ADV(type=pron)	erbovenop	mw_107
dat	CONJ(type=sub)	dat	
hy	PD(type=pers,position=free)	hij	
onder	ADV(type=reg)	onder	
legt	VRB(finiteness=fin,tense=pres)	liggen	
,	PC	,	
en	CONJ(type=coor)	en	
men	PD(type=pers,position=free)	men	
bevogtigd	VRB(finiteness=fin,tense=pres)	bevochtigd	
ze	PD(type=pers,position=free)	zij	
geduurig	AA(degree=pos,position=free)	gedurig	
tot	CONJ(type=sub)	tot	
ze	PD(type=pers,position=free)	zij	
opgegeeten	VRB(finiteness=pastpart)	opeten	
is	VRB(finiteness=fin,tense=pres)	zijn	
:	PC	:	
Anders	ADV(type=reg)	anders	
handeld	VRB(finiteness=fin,tense=pres)	handelen	
men	PD(type=pers,position=free)	men	
daar	ADV(type=pron)	daarmede	mw_350
mede	ADV(type=pron)	daarmede	mw_350
als	CONJ(type=sub)	als	
boven	ADV(type=reg)	boven	
gezegt	VRB(finiteness=pastpart)	zeggen	
is	VRB(finiteness=fin,tense=pres)	zijn	
.	PC	.	

Neemt	VRB(finiteness=fin,tense=pres)	nemen	
by	ADP(type=pre)	bij	
de	PD(type=d-p,subtype=art,position=prenom)	de	
80	NUM(type=card,position=prenom,representation=dig)	tachtig	
ponden	NOU-C(number=pl)	pond	
gekapt	AA(degree=pos,position=prenom)	gekapt	
Ossen-vleesch	NOU-C(number=sg)	ossenvlees	
,	PC	,	
20	NUM(type=card,position=prenom,representation=dig)	twintig	
ponden	NOU-C(number=pl)	pond	
Osse-vet	NOU-C(number=sg)	ossenvet	
van	ADP(type=pre)	van	
de	PD(type=d-p,subtype=art,position=prenom)	de	
broek	NOU-C(number=sg)	broek	
,	PC	,	
daar	ADV(type=reg)	daar	
het	PD(type=d-p,subtype=art,position=prenom)	het	
vellige	NOU-C(number=sg)	vellige	
schoon	AA(degree=pos,position=free)	schoon	
afgedaan	VRB(finiteness=pastpart)	afdoen	
is	VRB(finiteness=fin,tense=pres)	zijn	
,	PC	,	
en	CONJ(type=coor)	en	
dat	PD(type=d-p,position=free)	dat	
zo	ADV(type=reg)	zo	
klein	AA(degree=pos,position=free)	klein	
gehakt	VRB(finiteness=pastpart)	hakken	
is	VRB(finiteness=fin,tense=pres)	zijn	
als	CONJ(type=sub)	als	
het	PD(type=d-p,subtype=art,position=prenom)	het	
Osse-vleesch	NOU-C(number=sg)	ossenvlees	
;	PC	;	
en	CONJ(type=coor)	en	
doet	VRB(finiteness=fin,tense=pres)	doen	
daar	ADV(type=pron)	daarbij	mw_10
by	ADV(type=pron)	daarbij	mw_10
10	NUM(type=card,position=prenom,representation=dig)	tien	
ponden	NOU-C(number=pl)	pond	
spek	NOU-C(number=sg)	spek	
aan	ADP(type=pre)	aan	
kleine	AA(degree=pos,position=prenom)	klein	
dobbelsteentjes	NOU-C(number=pl)	dobbelsteentje	
gesneden	VRB(finiteness=pastpart)	snijden	
.	PC	.	

Neemt	VRB(finiteness=fin,tense=pres)	nemen	
dan	ADV(type=reg)	dan	
twee	NUM(type=card,position=prenom,representation=let)	twee	
en	CONJ(type=coor)	en	
een	PD(type=indef,subtype=art,position=prenom)	een	
half	AA(degree=pos,position=prenom)	half	
pond	NOU-C(number=sg)	pond	
zout	NOU-C(number=sg)	zout	
;	PC	;	
een	PD(type=indef,subtype=art,position=prenom)	een	
vierendeel	NOU-C(number=sg)	vierendeel	
gestoote	AA(degree=pos,position=prenom)	gestoten	
zwarte	AA(degree=pos,position=prenom)	zwart	
peper	NOU-C(number=sg)	peper	
;	PC	;	
een	PD(type=indef,subtype=art,position=prenom)	een	
half	AA(degree=pos,position=prenom)	half	
vierendeel	NOU-C(number=sg)	vierendeel	
gestoote	AA(degree=pos,position=prenom)	gestoten	
kruidnagelen	NOU-C(number=pl)	kruidnagel	
;	PC	;	
een	PD(type=indef,subtype=art,position=prenom)	een	
hand	NOU-C(number=sg)	handvol	mw_361
vol	NOU-C(number=sg)	handvol	mw_361
gedroogde	AA(degree=pos,position=prenom)	gedroogd	
Saly	NOU-C(number=sg)	salie	
,	PC	,	
en	CONJ(type=coor)	en	
als	CONJ(type=sub)	als	
het	PD(type=pers,position=free)	het	
gestooten	VRB(finiteness=pastpart)	stoten	
is	VRB(finiteness=fin,tense=pres)	zijn	
zo	ADV(type=reg)	zo	
roert	VRB(finiteness=fin,tense=pres)	roeren	
het	PD(type=d-p,subtype=art,position=prenom)	het	
gekapte	NOU-C(number=sg)	gekapte	
alles	PD(type=indef,position=free)	alles	
onder	ADP(type=pre)	onder	
het	PD(type=d-p,subtype=art,position=prenom)	het	
zout	NOU-C(number=sg)	zout	
te	ADV(type=reg)	samen	mw_292
zaamen	ADV(type=reg)	samen	mw_292
,	PC	,	
en	CONJ(type=coor)	en	
strooidt	VRB(finiteness=fin,tense=pres)	strooien	
het	PD(type=pers,position=free)	het	
over	ADP(type=pre)	over	
het	PD(type=d-p,subtype=art,position=prenom)	het	
gekapte	AA(degree=pos,position=prenom)	gekapt	
Osse-vleesch	NOU-C(number=sg)	ossenvlees	
en	CONJ(type=coor)	en	
laat	VRB(finiteness=fin,tense=pres)	laten	
het	PD(type=pers,position=free)	het	
zo	ADV(type=reg)	zo	
te	ADV(type=reg)	samen	mw_286
zamen	ADV(type=reg)	samen	mw_286
met	ADP(type=pre)	met	
het	PD(type=d-p,subtype=art,position=prenom)	het	
vet	NOU-C(number=sg)	vet	
,	PC	,	
en	CONJ(type=coor)	en	
met	ADP(type=pre)	met	
het	PD(type=d-p,subtype=art,position=prenom)	het	
spek	NOU-C(number=sg)	spek	
,	PC	,	
ter	ADV(type=reg)	terdege	mw_42
deegen	ADV(type=reg)	terdege	mw_42
door	VRB(finiteness=inf)	dooreenkneden	mw_90
een	VRB(finiteness=inf)	dooreenkneden	mw_90
kneeden	VRB(finiteness=inf)	dooreenkneden	mw_90
in	ADP(type=pre)	in	
een	PD(type=indef,subtype=art,position=prenom)	een	
tobbetje	NOU-C(number=sg)	tobbetje	
,	PC	,	
en	CONJ(type=coor)	en	
laat	VRB(finiteness=fin,tense=pres)	laten	
het	PD(type=pers,position=free)	het	
zo	ADV(type=reg)	zo	
een	PD(type=indef,subtype=art,position=prenom)	een	
nacht	NOU-C(number=sg)	nacht	
overstaan	VRB(finiteness=inf)	overstaan	
,	PC	,	
dat	CONJ(type=sub)	dat	
het	PD(type=d-p,subtype=art,position=prenom)	het	
kruid	NOU-C(number=sg)	kruid	
ter	ADV(type=reg)	terdege	mw_51
degen	ADV(type=reg)	terdege	mw_51
daar	ADV(type=pron)	daardoor	mw_413
door	ADV(type=pron)	daardoor	mw_413
kan	VRB(finiteness=fin,tense=pres)	kunnen	
trekken	VRB(finiteness=inf)	trekken	
,	PC	,	
en	CONJ(type=coor)	en	
legt'er	VRB(finiteness=fin,tense=pres)+ADV(type=pron)	leggen+eroverheen	mw_198
een	PD(type=indef,subtype=art,position=prenom)	een	
schoone	AA(degree=pos,position=prenom)	schoon	
doek	NOU-C(number=sg)	doek	
over	VRB(finiteness=fin,tense=pres)+ADV(type=pron)	leggen+eroverheen	mw_198
heen	VRB(finiteness=fin,tense=pres)+ADV(type=pron)	leggen+eroverheen	mw_198
;	PC	;	
en	CONJ(type=coor)	en	
eer	CONJ(type=sub)	eer	
gy	PD(type=pers,position=free)	gij	
het	PD(type=pers,position=free)	het	
dan	ADV(type=reg)	dan	
stopt	VRB(finiteness=fin,tense=pres)	stoppen	
in	ADP(type=pre)	in	
wel	ADV(type=reg)	wel	
schoon	AA(degree=pos,position=prenom)	schoongemaakt	mw_189
gemaakte	AA(degree=pos,position=prenom)	schoongemaakt	mw_189
Ossedarmen	NOU-C(number=pl)	ossendarm	
,	PC	,	
zo	ADV(type=reg)	zo	
moet	VRB(finiteness=fin,tense=pres)	moeten	
het	PD(type=pers,position=free)	het	
nog	ADV(type=reg)	nog	
eens	ADV(type=reg)	eens	
ter	ADV(type=reg)	terdege	mw_54
degen	ADV(type=reg)	terdege	mw_54
doorgeroert	VRB(finiteness=pastpart)	doorroeren	
worden	VRB(finiteness=inf)	worden	
.	PC	.	

Laat	VRB(finiteness=fin,tense=pres)	laten	
dan	ADV(type=reg)	dan	
een	PD(type=indef,subtype=art,position=prenom)	een	
ketel	NOU-C(number=sg)	ketel	
of	CONJ(type=coor)	of	
twee	NUM(type=card,position=free,representation=let)	twee	
met	ADP(type=pre)	met	
regenwater	NOU-C(number=sg)	regenwater	
kooken	VRB(finiteness=inf)	koken	
en	CONJ(type=coor)	en	
laat	VRB(finiteness=fin,tense=pres)	laten	
het	PD(type=pers,position=free)	het	
Koud	AA(degree=pos,position=free)	koud	
worden	VRB(finiteness=inf)	worden	
;	PC	;	
en	CONJ(type=coor)	en	
als	CONJ(type=sub)	als	
het	PD(type=pers,position=free)	het	
koud	AA(degree=pos,position=free)	koud	
is	VRB(finiteness=fin,tense=pres)	zijn	
neemt	VRB(finiteness=fin,tense=pres)	nemen	
dan	ADV(type=reg)	dan	
schaars	AA(degree=pos,position=free)	schaars	
drie	NUM(type=card,position=prenom,representation=let)	drie	
kommetjes	NOU-C(number=pl)	kommetje	
van	ADP(type=pre)	van	
dat	PD(type=d-p,subtype=oth,position=prenom)	dat	
water	NOU-C(number=sg)	water	
tegen	ADP(type=pre)	tegen	
ruim	AA(degree=pos,position=free)	ruim	
een	PD(type=indef,subtype=art,position=prenom)	een	
kommetje	NOU-C(number=sg)	kommetje	
wyn	NOU-C(number=sg)	wijnazijn	mw_172
azyn	NOU-C(number=sg)	wijnazijn	mw_172
,	PC	,	
en	CONJ(type=coor)	en	
mengt	VRB(finiteness=fin,tense=pres)	mengen	
dat	PD(type=d-p,position=free)	dat	
te	ADV(type=reg)	samen	mw_289
zaamen	ADV(type=reg)	samen	mw_289
onder	ADP(type=pre)	onder	
malkanderen	PD(type=recip,position=free)	malkander	
zo	ADV(type=reg)	zoveel	mw_348
veel	ADV(type=reg)	zoveel	mw_348
tot	CONJ(type=sub)	totdat	mw_321
dat	CONJ(type=sub)	totdat	mw_321
de	PD(type=d-p,subtype=art,position=prenom)	de	
pens	NOU-C(number=sg)	pens	
,	PC	,	
als	CONJ(type=sub)	als	
he	PD(type=pers,position=free,WF=mis)	het	
daar	ADV(type=pron)	daarover	mw_30
over	ADV(type=pron)	daarover	mw_30
gegooten	VRB(finiteness=pastpart)	gieten	
is	VRB(finiteness=fin,tense=pres)	zijn	
,	PC	,	
kan	VRB(finiteness=fin,tense=pres)	kunnen	
onderleggen	VRB(finiteness=inf)	onderliggen	
,	PC	,	
en	CONJ(type=coor)	en	
zet	VRB(finiteness=fin,tense=pres)	wegzetten	mw_388
ze	PD(type=pers,position=free)	zij	
dan	ADV(type=reg)	dan	
zo	ADV(type=reg)	zo	
open	AA(degree=pos,position=free)	open	
weg	VRB(finiteness=fin,tense=pres)	wegzetten	mw_388
daar	ADV(type=reg)	daar	
ze	PD(type=pers,position=free)	zij	
niet	ADV(type=reg)	niet	
te	ADV(type=reg)	te	
vogtig	AA(degree=pos,position=free)	vochtig	
staan	VRB(finiteness=fin,tense=pres)	staan	
,	PC	,	
is	VRB(finiteness=fin,tense=pres)	zijn	
heel	AA(degree=pos,position=free)	heel	
goed	AA(degree=pos,position=free)	goed	
om	ADP(type=pre)	om	
met	ADP(type=pre)	met	
appelen	NOU-C(number=pl)	appel	
gebakken	VRB(finiteness=pastpart)	bakken	
,	PC	,	
of	CONJ(type=coor)	of	
gestooft	VRB(finiteness=pastpart)	stoven	
met	ADP(type=pre)	met	
wyn	NOU-C(number=sg)	wijn	
te	ADP(type=pre)	te	
eeten	VRB(finiteness=inf)	eten	
.	PC	.	

Neemt	VRB(finiteness=fin,tense=pres)	nemen	
een	PD(type=indef,subtype=art,position=prenom)	een	
half	AA(degree=pos,position=prenom)	half	
vierdevat	NOU-C(number=sg)	vierdevat	
bloem	NOU-C(number=sg)	bloem	
of	CONJ(type=coor)	of	
Tarwe-meel	NOU-C(number=sg)	tarwemeel	
,	PC	,	
en	CONJ(type=coor)	en	
anderhalf	NUM(type=card,position=prenom,representation=let)	anderhalf	
pond	NOU-C(number=sg)	pond	
booter	NOU-C(number=sg)	boter	
,	PC	,	
en	CONJ(type=coor)	en	
7	NUM(type=card,position=prenom,representation=dig)	zeven	
Eijeren	NOU-C(number=pl)	ei	
,	PC	,	
twee	NUM(type=card,position=prenom,representation=let)	twee	
met	ADP(type=pre)	met	
het	PD(type=d-p,subtype=art,position=prenom)	het	
wit	NOU-C(number=sg)	wit	
en	CONJ(type=coor)	en	
vyf	NUM(type=card,position=prenom,representation=let)	vijf	
zonder	ADP(type=pre)	zonder	
het	PD(type=d-p,subtype=art,position=prenom)	het	
wit	NOU-C(number=sg)	wit	
,	PC	,	
en	CONJ(type=coor)	en	
rykelyk	AA(degree=pos,position=free)	rijkelijk	
een	PD(type=indef,subtype=art,position=prenom)	een	
half	AA(degree=pos,position=prenom)	half	
pint	NOU-C(number=sg)	pint	
versche	AA(degree=pos,position=prenom)	vers	
gist	NOU-C(number=sg)	gist	
van	ADP(type=pre)	van	
zoet	AA(degree=pos,position=prenom)	zoet	
bier	NOU-C(number=sg)	bier	
zo	CONJ(type=sub)	zo	
men	PD(type=pers,position=free)	men	
die	PD(type=d-p,position=free)	die	
krygen	VRB(finiteness=inf)	krijgen	
kan	VRB(finiteness=fin,tense=pres)	kunnen	
,	PC	,	
en	CONJ(type=coor)	en	
kneed	VRB(finiteness=fin,tense=pres)	kneden	
het	PD(type=pers,position=free)	het	
ter	ADV(type=reg)	terdege	mw_53
degen	ADV(type=reg)	terdege	mw_53
door	ADP(type=pre)	door	
malkanderen	PD(type=recip,position=free)	malkander	
.	PC	.	

Neemt	VRB(finiteness=fin,tense=pres)	nemen	
dan	ADV(type=reg)	dan	
3	NUM(type=card,position=prenom,representation=dig)	drie	
ponden	NOU-C(number=pl)	pond	
gepelde	AA(degree=pos,position=prenom)	gepeld	
en	CONJ(type=coor)	en	
gestoote	AA(degree=pos,position=prenom)	gestoten	
Amandelen	NOU-C(number=pl)	amandel	
in	ADP(type=pre)	in	
Roosewater	NOU-C(number=sg)	rozenwater	
,	PC	,	
en	CONJ(type=coor)	en	
doet	VRB(finiteness=fin,tense=pres)	doen	
'	PC	'	
er	ADV(type=pron)	erbij	mw_119
wat	PD(type=indef,subtype=oth,position=prenom)	wat	
gestoote	AA(degree=pos,position=prenom)	gestoten	
kaneel	NOU-C(number=sg)	kaneel	
by	ADV(type=pron)	erbij	mw_119
,	PC	,	
en	CONJ(type=coor)	en	
kneed	VRB(finiteness=fin,tense=pres)	kneden	
dit	PD(type=d-p,subtype=oth,position=prenom)	dit	
alles	PD(type=indef,position=free)	alles	
door	ADP(type=circ)	doorheen	mw_195
het	PD(type=d-p,subtype=art,position=prenom)	het	
deeg	NOU-C(number=sg)	deeg	
heen	ADP(type=circ)	doorheen	mw_195
,	PC	,	
met	ADP(type=pre)	met	
een	PD(type=indef,subtype=art,position=prenom)	een	
pintje	NOU-C(number=sg)	pintje	
Sek	NOU-C(number=sg)	sek	
of	CONJ(type=coor)	of	
Spaanse	AA(degree=pos,position=prenom)	Spaans	
wyn	NOU-C(number=sg)	wijn	
en	CONJ(type=coor)	en	
een	PD(type=indef,subtype=art,position=prenom)	een	
weinig	NOU-C(number=sg)	weinig	
fyn	AA(degree=pos,position=free)	fijn	
gestoote	AA(degree=pos,position=prenom)	gestoten	
Saffraan	NOU-C(number=sg)	saffraan	
:	PC	:	
Laat	VRB(finiteness=fin,tense=pres)	laten	
dit	PD(type=d-p,position=free)	dit	
voor	ADP(type=pre)	voor	
het	PD(type=d-p,subtype=art,position=prenom)	het	
vuur	NOU-C(number=sg)	vuur	
staan	VRB(finiteness=inf)	staan	
ryzen	VRB(finiteness=inf)	rijzen	
;	PC	;	
doet	VRB(finiteness=fin,tense=pres)	doen	
'	PC	'	
er	ADV(type=pron)	erdoorheen	mw_93
dan	ADV(type=reg)	dan	
6	NUM(type=card,position=prenom,representation=dig)	zes	
ponden	NOU-C(number=pl)	pond	
schoon	AA(degree=pos,position=free)	schoon	
verlezene	AA(degree=pos,position=prenom)	verlezen	
en	CONJ(type=coor)	en	
wel	ADV(type=reg)	wel	
gewassene	AA(degree=pos,position=prenom)	gewassen	
korenten	NOU-C(number=pl)	krent	
door	ADV(type=pron)	erdoorheen	mw_93
heen	ADV(type=pron)	erdoorheen	mw_93
,	PC	,	
met	ADP(type=pre)	met	
1	NUM(type=card,position=prenom,representation=dig)	een	
pond	NOU-C(number=sg)	pond	
Rosynen	NOU-C(number=pl)	rozijn	
daar	ADV(type=reg)	daar	
de	PD(type=d-p,subtype=art,position=prenom)	de	
korrels	NOU-C(number=pl)	korrel	
wel	ADV(type=reg)	wel	
schoon	AA(degree=pos,position=free)	schoon	
uitgedaan	VRB(finiteness=pastpart)	uitdoen	
zyn	VRB(finiteness=fin,tense=pres)	zijn	
,	PC	,	
en	CONJ(type=coor)	en	
moeten	VRB(finiteness=fin,tense=pres)	moeten	
heel	AA(degree=pos,position=free)	heel	
fyn	AA(degree=pos,position=free)	fijn	
gesneeden	VRB(finiteness=pastpart)	snijden	
worden	VRB(finiteness=inf)	worden	
,	PC	,	
en	CONJ(type=coor)	en	
een	PD(type=indef,subtype=art,position=prenom)	een	
half	AA(degree=pos,position=prenom)	half	
pond	NOU-C(number=sg)	pond	
suiker	NOU-C(number=sg)	suiker	
:	PC	:	
dan	ADV(type=reg)	dan	
zet	VRB(finiteness=fin,tense=pres)	zetten	
men	PD(type=pers,position=free)	men	
het	PD(type=pers,position=free)	het	
op	ADP(type=pre)	op	
koolen	NOU-C(number=pl)	kool	
te	ADP(type=pre)	te	
bakken	VRB(finiteness=inf)	bakken	
,	PC	,	
dog	CONJ(type=coor)	doch	
het	PD(type=d-p,subtype=art,position=prenom)	het	
vuur	NOU-C(number=sg)	vuur	
moet	VRB(finiteness=fin,tense=pres)	moeten	
heet	AA(degree=pos,position=free)	heet	
zyn	VRB(finiteness=inf)	zijn	
,	PC	,	
want	CONJ(type=coor)	want	
ze	PD(type=pers,position=free)	zij	
moeten	VRB(finiteness=fin,tense=pres)	moeten	
schielyk	AA(degree=pos,position=free)	schielijk	
bakken	VRB(finiteness=inf)	bakken	
,	PC	,	
is	VRB(finiteness=fin,tense=pres)	zijn	
excellent	AA(degree=pos,position=free)	excellent	
goed	AA(degree=pos,position=free)	goed	
.	PC	.	

Neemt	VRB(finiteness=fin,tense=pres)	nemen	
zo	PD(type=indef,subtype=oth,position=prenom)	zoveel	mw_376
veel	PD(type=indef,subtype=oth,position=prenom)	zoveel	mw_376
kuikens	NOU-C(number=pl)	kuiken	
als	CONJ(type=sub)	als	
men	PD(type=pers,position=free)	men	
wil	VRB(finiteness=fin,tense=pres)	willen	
,	PC	,	
na	ADP(type=pre)	na	
dat	CONJ(type=sub)	dat	
men	PD(type=pers,position=free)	men	
de	PD(type=d-p,subtype=art,position=prenom)	de	
pastey	NOU-C(number=sg)	pastei	
groot	AA(degree=pos,position=free)	groot	
of	CONJ(type=coor)	of	
klein	AA(degree=pos,position=free)	klein	
maken	VRB(finiteness=inf)	maken	
zal	VRB(finiteness=fin,tense=pres)	zullen	
,	PC	,	
en	CONJ(type=coor)	en	
kookt	VRB(finiteness=fin,tense=pres)	koken	
die	PD(type=d-p,position=free)	die	
dat	CONJ(type=sub)	dat	
ze	PD(type=pers,position=free)	zij	
gaar	AA(degree=pos,position=free)	gaar	
zyn	VRB(finiteness=fin,tense=pres)	zijn	
,	PC	,	
en	CONJ(type=coor)	en	
men	PD(type=pers,position=free)	men	
snyd	VRB(finiteness=fin,tense=pres)	snijden	
ze	PD(type=pers,position=free)	zij	
eerst	ADV(type=reg)	eerst	
aan	ADP(type=pre)	aan	
stukkent	NOU-C(number=pl)	stuk	
,	PC	,	
en	CONJ(type=coor)	en	
men	PD(type=pers,position=free)	men	
schuimt	VRB(finiteness=fin,tense=pres)	schuimen	
het	PD(type=pers,position=free)	het	
wel	ADV(type=reg)	wel	
en	CONJ(type=coor)	en	
bewaart	VRB(finiteness=fin,tense=pres)	bewaren	
het	PD(type=pers,position=free)	het	
nat	NOU-C(number=sg)	nat	
,	PC	,	
daar	ADV(type=pron)	daarin	mw_404
men	PD(type=pers,position=free)	men	
te	ADV(type=reg)	tegelijk	mw_187
gelyk	ADV(type=reg)	tegelijk	mw_187
lamspootjes	NOU-C(number=pl)	lamspootje	
die	PD(type=d-p,position=free)	die	
gekapt	VRB(finiteness=pastpart)	kappen	
zyn	VRB(finiteness=fin,tense=pres)	zijn	
in	ADV(type=pron)	daarin	mw_404
laat	VRB(finiteness=fin,tense=pres)	laten	
kooken	VRB(finiteness=inf)	koken	
,	PC	,	
neffens	ADP(type=pre)	nevens	
de	PD(type=d-p,subtype=art,position=prenom)	de	
sweserikken	NOU-C(number=pl)	zwezerik	
dien	PD(type=d-p,position=free)	die	
men	PD(type=pers,position=free)	men	
dan	ADV(type=reg)	dan	
in	ADP(type=pre)	in	
stukjes	NOU-C(number=pl)	stukje	
snyd	VRB(finiteness=fin,tense=pres)	snijden	
;	PC	;	
doet	VRB(finiteness=fin,tense=pres)	doen	
daar	ADV(type=pron)	daarbij	mw_12
by	ADV(type=pron)	daarbij	mw_12
gekookte	AA(degree=pos,position=prenom)	gekookt	
stoelen	NOU-C(number=pl)	stoel	
van	ADP(type=pre)	van	
artisjokken	NOU-C(number=pl)	artisjok	
,	PC	,	
haanekammen	NOU-C(number=pl)	hanenkam	
,	PC	,	
moeriljes	NOU-C(number=pl)	moerilje	
&c.	ADV(type=reg,WF=abbr)	et cetera	
en	CONJ(type=coor)	en	
doet	VRB(finiteness=fin,tense=pres)	doen	
'	PC	'	
er	ADV(type=pron)	erbovenop	mw_108
dan	ADV(type=reg)	dan	
booter	NOU-C(number=sg)	boter	
boven	ADV(type=pron)	erbovenop	mw_108
op	ADV(type=pron)	erbovenop	mw_108
,	PC	,	
als	CONJ(type=sub)	als	
gy	PD(type=pers,position=free)	gij	
het	PD(type=pers,position=free)	het	
in	ADP(type=pre)	in	
de	PD(type=d-p,subtype=art,position=prenom)	de	
korst	NOU-C(number=sg)	korst	
doet	VRB(finiteness=fin,tense=pres)	doen	
met	ADP(type=pre)	met	
wat	PD(type=indef,subtype=oth,position=prenom)	wat	
notemuscaat	NOU-C(number=sg)	nootmuskaat	
,	PC	,	
foelie	NOU-C(number=sg)	foelie	
en	CONJ(type=coor)	en	
zout	NOU-C(number=sg)	zout	
bestrooid	VRB(finiteness=prespart)	bestrooien	
,	PC	,	
en	CONJ(type=coor)	en	
doet	VRB(finiteness=fin,tense=pres)	doen	
'	PC	'	
er	ADV(type=pron)	erin	mw_144
gesneeden	AA(degree=pos,position=prenom)	gesneden	
schyfjes	NOU-C(number=pl)	schijfje	
van	ADP(type=pre)	van	
citroenen	NOU-C(number=pl)	citroen	
in	ADV(type=pron)	erin	mw_144
,	PC	,	
en	CONJ(type=coor)	en	
zet	VRB(finiteness=fin,tense=pres)	zetten	
het	PD(type=pers,position=free)	het	
dan	ADV(type=reg)	dan	
zo	ADV(type=reg)	zo	
in	ADP(type=pre)	in	
den	PD(type=d-p,subtype=art,position=prenom)	de	
oven	NOU-C(number=sg)	oven	
te	ADP(type=pre)	te	
bakken	VRB(finiteness=inf)	bakken	
.	PC	.	

Neemt	VRB(finiteness=fin,tense=pres)	nemen	
het	PD(type=d-p,subtype=art,position=prenom)	het	
vleesch-nat	NOU-C(number=sg)	vleesnat	
en	CONJ(type=coor)	en	
bind	VRB(finiteness=fin,tense=pres)	binden	
het	PD(type=pers,position=free)	het	
met	ADP(type=pre)	met	
eijeren	NOU-C(number=pl)	ei	
,	PC	,	
limoensap	NOU-C(number=sg)	limoensap	
en	CONJ(type=coor)	en	
zo	CONJ(type=sub)	zo	
gy	PD(type=pers,position=free)	gij	
wilt	VRB(finiteness=fin,tense=pres)	willen	
wat	PD(type=indef,subtype=oth,position=prenom)	wat	
fyn	AA(degree=pos,position=free)	fijn	
gestoote	AA(degree=pos,position=prenom)	gestoten	
beschuit	NOU-C(number=sg)	beschuit	
,	PC	,	
maar	CONJ(type=coor)	maar	
men	PD(type=pers,position=free)	men	
moet	VRB(finiteness=fin,tense=pres)	moeten	
zorg	NOU-C(number=sg)	zorg	
draagen	VRB(finiteness=inf)	dragen	
dat	CONJ(type=sub)	dat	
het	PD(type=pers,position=free)	het	
niet	ADV(type=reg)	niet	
schift	VRB(finiteness=fin,tense=pres)	schiften	
,	PC	,	
en	CONJ(type=coor)	en	
als	CONJ(type=sub)	als	
de	PD(type=d-p,subtype=art,position=prenom)	de	
Pastey	NOU-C(number=sg)	pastei	
een	PD(type=indef,subtype=art,position=prenom)	een	
uur	NOU-C(number=sg)	uur	
gebakken	VRB(finiteness=pastpart)	bakken	
heeft	VRB(finiteness=fin,tense=pres)	hebben	
,	PC	,	
zo	ADV(type=reg)	zo	
giet	VRB(finiteness=fin,tense=pres)	gieten	
dit	PD(type=d-p,subtype=oth,position=prenom)	dit	
nat	NOU-C(number=sg)	nat	
door	ADP(type=pre)	door	
het	PD(type=d-p,subtype=art,position=prenom)	het	
schoorsteentje	NOU-C(number=sg)	schoorsteentje	
met	ADP(type=pre)	met	
een	PD(type=indef,subtype=art,position=prenom)	een	
trechter	NOU-C(number=sg)	trechter	
daar	ADV(type=pron)	daarin	mw_18
in	ADV(type=pron)	daarin	mw_18
,	PC	,	
is	VRB(finiteness=fin,tense=pres)	zijn	
heel	AA(degree=pos,position=free)	heel	
goed	AA(degree=pos,position=free)	goed	
,	PC	,	
met	ADP(type=pre)	met	
broodsuiker	NOU-C(number=sg)	broodsuiker	
geraspt	VRB(finiteness=pastpart)	raspen	
over	ADP(type=pre)	over	
de	PD(type=d-p,subtype=art,position=prenom)	de	
Pastey	NOU-C(number=sg)	pastei	
en	CONJ(type=coor)	en	
zo	ADV(type=reg)	zo	
opgedist	VRB(finiteness=pastpart)	opdissen	
.	PC	.	

Neemt	VRB(finiteness=fin,tense=pres)	nemen	
een	PD(type=indef,subtype=art,position=prenom)	een	
kop	NOU-C(number=sg)	kop	
kruis-bessen	NOU-C(number=pl)	kruisbes	
die	PD(type=d-p,position=free)	die	
wel	ADV(type=reg)	wel	
verlezen	VRB(finiteness=pastpart)	verlezen	
en	CONJ(type=coor)	en	
schoon	VRB(finiteness=pastpart)	schoonwassen	mw_281
gewassen	VRB(finiteness=pastpart)	schoonwassen	mw_281
zyn	VRB(finiteness=fin,tense=pres)	zijn	
,	PC	,	
en	CONJ(type=coor)	en	
kookt	VRB(finiteness=fin,tense=pres)	koken	
ze	PD(type=pers,position=free)	zij	
gaar	AA(degree=pos,position=free)	gaar	
,	PC	,	
en	CONJ(type=coor)	en	
dan	ADV(type=reg)	dan	
fyn	AA(degree=pos,position=free)	fijn	
gewreven	VRB(finiteness=pastpart)	wrijven	
koud	AA(degree=pos,position=free)	koud	
laaten	VRB(finiteness=inf)	laten	
worden	VRB(finiteness=inf)	worden	
.	PC	.	

Neemt	VRB(finiteness=fin,tense=pres)	nemen	
dan	ADV(type=reg)	dan	
8	NUM(type=card,position=prenom,representation=dig)	acht	
eijeren	NOU-C(number=pl)	ei	
vier	NUM(type=card,position=prenom,representation=let)	vier	
met	ADP(type=pre)	met	
het	PD(type=d-p,subtype=art,position=prenom)	het	
wit	NOU-C(number=sg)	wit	
,	PC	,	
en	CONJ(type=coor)	en	
vier	NUM(type=card,position=prenom,representation=let)	vier	
zonder	ADP(type=pre)	zonder	
het	PD(type=d-p,subtype=art,position=prenom)	het	
wit	NOU-C(number=sg)	wit	
,	PC	,	
en	CONJ(type=coor)	en	
wat	PD(type=indef,subtype=oth,position=prenom)	wat	
gestooten	AA(degree=pos,position=prenom)	gestoten	
kaneel	NOU-C(number=sg)	kaneel	
,	PC	,	
en	CONJ(type=coor)	en	
wat	PD(type=indef,subtype=oth,position=prenom)	wat	
gestoote	AA(degree=pos,position=prenom)	gestoten	
brootsuiker	NOU-C(number=sg)	broodsuiker	
,	PC	,	
tot	CONJ(type=sub)	totdat	mw_317
dat	CONJ(type=sub)	totdat	mw_317
het	PD(type=pers,position=free)	het	
zoet	AA(degree=pos,position=free)	zoet	
genoeg	ADV(type=reg)	genoeg	
is	VRB(finiteness=fin,tense=pres)	zijn	
.	PC	.	

Neemt	VRB(finiteness=fin,tense=pres)	nemen	
dan	ADV(type=reg)	dan	
een	PD(type=indef,subtype=art,position=prenom)	een	
half	AA(degree=pos,position=prenom)	half	
pintje	NOU-C(number=sg)	pintje	
zoete	AA(degree=pos,position=prenom)	zoet	
room	NOU-C(number=sg)	room	
,	PC	,	
vyf	NUM(type=card,position=prenom,representation=let)	vijf	
of	CONJ(type=coor)	of	
zes	NUM(type=card,position=prenom,representation=let)	zes	
lepels	NOU-C(number=pl)	lepel	
gesmolte	AA(degree=pos,position=prenom)	gesmolten	
booter	NOU-C(number=sg)	boter	
,	PC	,	
een	PD(type=indef,subtype=art,position=prenom)	een	
geraspte	AA(degree=pos,position=prenom)	geraspt	
Citroen	NOU-C(number=sg)	citroenschil	mw_9
schil	NOU-C(number=sg)	citroenschil	mw_9
,	PC	,	
en	CONJ(type=coor)	en	
klopt	VRB(finiteness=fin,tense=pres)	kloppen	
dit	PD(type=d-p,subtype=oth,position=prenom)	dit	
alles	PD(type=indef,position=free)	alles	
te	ADV(type=reg)	samen	mw_285
zamen	ADV(type=reg)	samen	mw_285
zeer	AA(degree=pos,position=free)	zeer	
lang	AA(degree=pos,position=free)	lang	
,	PC	,	
en	CONJ(type=coor)	en	
doet	VRB(finiteness=fin,tense=pres)	doen	
het	PD(type=pers,position=free)	het	
dan	ADV(type=reg)	dan	
in	ADP(type=pre)	in	
een	PD(type=indef,subtype=art,position=prenom)	een	
korst	NOU-C(number=sg)	korst	
,	PC	,	
en	CONJ(type=coor)	en	
met	ADP(type=pre)	met	
een	PD(type=indef,subtype=art,position=prenom)	een	
korst	NOU-C(number=sg)	korst	
van	ADP(type=pre)	van	
boven	ADV(type=reg)	boven	
bedekt	VRB(finiteness=pastpart)	bedekken	
,	PC	,	
en	CONJ(type=coor)	en	
in	ADP(type=pre)	in	
een	PD(type=indef,subtype=art,position=prenom)	een	
Taarte-pan	NOU-C(number=sg)	taartpan	
met	ADP(type=pre)	met	
vuur	NOU-C(number=sg)	vuur	
boven	ADV(type=reg)	boven	
en	CONJ(type=coor)	en	
onder	ADV(type=reg)	onder	
laaten	VRB(finiteness=inf)	laten	
bakken	VRB(finiteness=inf)	bakken	
tot	CONJ(type=sub)	tot	
het	PD(type=pers,position=free)	het	
gaar	AA(degree=pos,position=free)	gaar	
is	VRB(finiteness=fin,tense=pres)	zijn	
,	PC	,	
en	CONJ(type=coor)	en	
geraspte	AA(degree=pos,position=prenom)	geraspt	
brootsuiker	NOU-C(number=sg)	broodsuiker	
daar	ADV(type=pron)	daarover	mw_28
over	ADV(type=pron)	daarover	mw_28
gedaan	VRB(finiteness=pastpart)	doen	
,	PC	,	
is	VRB(finiteness=fin,tense=pres)	zijn	
heel	AA(degree=pos,position=free)	heel	
goed	AA(degree=pos,position=free)	goed	
.	PC	.	

Neemt	VRB(finiteness=fin,tense=pres)	nemen	
een	PD(type=indef,subtype=art,position=prenom)	een	
pond	NOU-C(number=sg)	pond	
bloem	NOU-C(number=sg)	bloem	
,	PC	,	
drie	NUM(type=card,position=prenom,representation=let)	drie	
vierendeel	NOU-C(number=sg)	vierendeel	
witte	AA(degree=pos,position=prenom)	wit	
suiker	NOU-C(number=sg)	suiker	
klein	AA(degree=pos,position=free)	klein	
gewreeven	VRB(finiteness=pastpart)	wrijven	
,	PC	,	
2	NUM(type=card,position=prenom,representation=dig)	twee	
dooren	NOU-C(number=pl)	dooier	
en	CONJ(type=coor)	en	
eijeren	NOU-C(number=pl)	ei	
,	PC	,	
2	NUM(type=card,position=prenom,representation=dig)	twee	
loot	NOU-C(number=sg)	loot	
gestoote	AA(degree=pos,position=prenom)	gestoten	
kaneel	NOU-C(number=sg)	kaneel	
,	PC	,	
een	PD(type=indef,subtype=art,position=prenom)	een	
pintje	NOU-C(number=sg)	pintje	
zoete	AA(degree=pos,position=prenom)	zoet	
room	NOU-C(number=sg)	room	
,	PC	,	
twee	NUM(type=card,position=prenom,representation=let)	twee	
Citroenschillen	NOU-C(number=pl)	citroenschil	
klein	AA(degree=pos,position=free)	klein	
gesneden	VRB(finiteness=pastpart)	snijden	
,	PC	,	
en	CONJ(type=coor)	en	
dit	PD(type=d-p,position=free)	dit	
te	ADV(type=reg)	samen	mw_265
saamen	ADV(type=reg)	samen	mw_265
een	PD(type=indef,subtype=art,position=prenom)	een	
uur	NOU-C(number=sg)	uur	
lang	AA(degree=pos,position=free)	lang	
geklopt	VRB(finiteness=pastpart)	kloppen	
en	CONJ(type=coor)	en	
in	ADP(type=pre)	in	
een	PD(type=indef,subtype=art,position=prenom)	een	
klein	AA(degree=pos,position=prenom)	klein	
Wafel-yzertje	NOU-C(number=sg)	wafelijzertje	
gebakken	VRB(finiteness=pastpart)	bakken	
,	PC	,	
en	CONJ(type=coor)	en	
wat	ADV(type=reg)	wat	
rond	VRB(finiteness=pastpart)	rondbuigen	mw_250
gebogen	VRB(finiteness=pastpart)	rondbuigen	mw_250
,	PC	,	
als	CONJ(type=sub)	als	
men	PD(type=pers,position=free)	men	
die	PD(type=d-p,position=free)	die	
daar	ADV(type=reg)	daar	
uitneemt	VRB(finiteness=fin,tense=pres)	uitnemen	
,	PC	,	
en	CONJ(type=coor)	en	
als	CONJ(type=sub)	als	
Kaneel-Wafeltjes	NOU-C(number=pl)	kaneelwafeltje	
hard	AA(degree=pos,position=free)	hard	
laaten	VRB(finiteness=inf)	laten	
worden	VRB(finiteness=inf)	worden	
,	PC	,	
is	VRB(finiteness=fin,tense=pres)	zijn	
heel	AA(degree=pos,position=free)	heel	
goed	AA(degree=pos,position=free)	goed	
.	PC	.	

Neemt	VRB(finiteness=fin,tense=pres)	nemen	
een	PD(type=indef,subtype=art,position=prenom)	een	
half	AA(degree=pos,position=prenom)	half	
pond	NOU-C(number=sg)	pond	
klein	AA(degree=pos,position=free)	klein	
gestampte	AA(degree=pos,position=prenom)	gestampt	
gepelde	AA(degree=pos,position=prenom)	gepeld	
Amandelen	NOU-C(number=pl)	amandel	
,	PC	,	
en	CONJ(type=coor)	en	
deelt	VRB(finiteness=fin,tense=pres)	delen	
het	PD(type=pers,position=free)	het	
in	ADP(type=pre)	in	
drie	NUM(type=card,position=prenom,representation=let)	drie	
deelen	NOU-C(number=pl)	deel	
,	PC	,	
het	PD(type=d-p,subtype=art,position=prenom)	het	
eerste	NUM(type=ord,position=prenom,representation=let)	eerste	
gedeelte	NOU-C(number=sg)	gedeelte	
laat	VRB(finiteness=fin,tense=pres)	laten	
men	PD(type=pers,position=free)	men	
wit	AA(degree=pos,position=free)	wit	
,	PC	,	
en	CONJ(type=coor)	en	
men	PD(type=pers,position=free)	men	
maakt	VRB(finiteness=fin,tense=pres)	maken	
'	PC	'	
er	ADV(type=pron)	ervan	mw_154
met	ADP(type=pre)	met	
suiker	NOU-C(number=sg)	suiker	
,	PC	,	
kaneel	NOU-C(number=sg)	kaneel	
,	PC	,	
en	CONJ(type=coor)	en	
geraspt	AA(degree=pos,position=prenom)	geraspt	
brood	NOU-C(number=sg)	brood	
,	PC	,	
een	PD(type=indef,subtype=art,position=prenom)	een	
deeg	NOU-C(number=sg)	deeg	
van	ADV(type=pron)	ervan	mw_154
,	PC	,	
en	CONJ(type=coor)	en	
men	PD(type=pers,position=free)	men	
rolt	VRB(finiteness=fin,tense=pres)	rollen	
het	PD(type=pers,position=free)	het	
tot	ADP(type=pre)	tot	
dunne	AA(degree=pos,position=prenom)	dun	
blaadjes	NOU-C(number=pl)	blaadje	
:	PC	:	
het	PD(type=d-p,subtype=art,position=prenom)	het	
tweede	NUM(type=ord,position=prenom,representation=let)	tweede	
deel	NOU-C(number=sg)	deel	
maakt	VRB(finiteness=fin,tense=pres)	maken	
men	PD(type=pers,position=free)	men	
geel	AA(degree=pos,position=free)	geel	
met	ADP(type=pre)	met	
saffraan	NOU-C(number=sg)	saffraan	
,	PC	,	
en	CONJ(type=coor)	en	
men	PD(type=pers,position=free)	men	
doet	VRB(finiteness=fin,tense=pres)	doen	
'	PC	'	
er	ADV(type=pron)	erin	mw_161
suiker	NOU-C(number=sg)	suiker	
,	PC	,	
en	CONJ(type=coor)	en	
kaneel	NOU-C(number=sg)	kaneel	
in	ADV(type=pron)	erin	mw_161
,	PC	,	
en	CONJ(type=coor)	en	
maakt	VRB(finiteness=fin,tense=pres)	maken	
'	PC	'	
er	ADV(type=pron)	ervan	mw_152
lankwerpig	AA(degree=pos,position=free)	langwerpig	
ronde	AA(degree=pos,position=prenom)	rond	
bolletjes	NOU-C(number=pl)	bolletje	
van	ADV(type=pron)	ervan	mw_152
,	PC	,	
en	CONJ(type=coor)	en	
men	PD(type=pers,position=free)	men	
wind	VRB(finiteness=fin,tense=pres)	winden	
ze	PD(type=pers,position=free)	zij	
in	ADP(type=pre)	in	
de	PD(type=d-p,subtype=art,position=prenom)	de	
eerste	NUM(type=ord,position=prenom,representation=let)	eerste	
blaadjes	NOU-C(number=pl)	blaadje	
:	PC	:	
van	ADP(type=pre)	van	
het	PD(type=d-p,subtype=art,position=prenom)	het	
derde	NUM(type=ord,position=prenom,representation=let)	derde	
deel	NOU-C(number=sg)	deel	
maakt	VRB(finiteness=fin,tense=pres)	maken	
men	PD(type=pers,position=free)	men	
als	CONJ(type=sub)	als	
een	PD(type=indef,subtype=art,position=prenom)	een	
Amandel	NOU-C(number=sg)	amandelmelk	mw_171
melk	NOU-C(number=sg)	amandelmelk	mw_171
daar	ADV(type=pron)	daarin	mw_400
men	PD(type=pers,position=free)	men	
kaneel	NOU-C(number=sg)	kaneel	
,	PC	,	
suiker	NOU-C(number=sg)	suiker	
saffraan	NOU-C(number=sg)	saffraan	
en	CONJ(type=coor)	en	
zomtyds	ADV(type=reg)	somtijds	
korenten	NOU-C(number=pl)	krent	
in	ADV(type=pron)	daarin	mw_400
doet	VRB(finiteness=fin,tense=pres)	doen	
;	PC	;	
en	CONJ(type=coor)	en	
als	CONJ(type=sub)	als	
die	PD(type=d-p,subtype=oth,position=prenom)	die	
bolletjes	NOU-C(number=pl)	bolletje	
gebakken	VRB(finiteness=pastpart)	bakken	
zyn	VRB(finiteness=fin,tense=pres)	zijn	
zo	ADV(type=reg)	zo	
giet	VRB(finiteness=fin,tense=pres)	gieten	
men	PD(type=pers,position=free)	men	
dit	PD(type=d-p,position=free)	dit	
daar	ADV(type=pron)	daarover	mw_26
over	ADV(type=pron)	daarover	mw_26
,	PC	,	
zyn	PD(type=poss,position=prenom)	zijn	
heel	AA(degree=pos,position=free)	heel	
goede	AA(degree=pos,position=prenom)	goed	
Amandel-Eijeren	NOU-C(number=pl)	amandelei	
.	PC	.	

Tot	ADP(type=pre)	tot	
gebradene	AA(degree=pos,position=prenom)	gebraden	
Duiven	NOU-C(number=pl)	duif	
maakt	VRB(finiteness=fin,tense=pres)	maken	
men	PD(type=pers,position=free)	men	
ook	ADV(type=reg)	ook	
wel	ADV(type=reg)	wel	
een	PD(type=indef,subtype=art,position=prenom)	een	
saus	NOU-C(number=sg)	saus	
van	ADP(type=pre)	van	
limoensap	NOU-C(number=sg)	limoensap	
,	PC	,	
of	CONJ(type=coor)	of	
verjuis	NOU-C(number=sg)	verjuis	
(	PC	(	
zynde	VRB(finiteness=prespart)	zijn	
uitgeparste	AA(degree=pos,position=prenom)	uitgeperst	
onrype	AA(degree=pos,position=prenom)	onrijp	
druiven	NOU-C(number=pl)	druif	
)	PC	)	
en	CONJ(type=coor)	en	
boter	NOU-C(number=sg)	boter	
,	PC	,	
dat	PD(type=d-p,position=free)	dat	
men	PD(type=pers,position=free)	men	
roert	VRB(finiteness=fin,tense=pres)	roeren	
tot	CONJ(type=sub)	tot	
het	PD(type=pers,position=free)	het	
wat	ADV(type=reg)	wat	
dik	AA(degree=pos,position=free)	dik	
word	VRB(finiteness=fin,tense=pres)	worden	
;	PC	;	
of	CONJ(type=coor)	of	
van	ADP(type=pre)	van	
roode	AA(degree=pos,position=prenom)	rood	
wyn	NOU-C(number=sg)	wijn	
met	ADP(type=pre)	met	
wat	PD(type=indef,subtype=oth,position=prenom)	wat	
peper	NOU-C(number=sg)	peper	
en	CONJ(type=coor)	en	
gekorve	AA(degree=pos,position=prenom)	gekorven	
uijen	NOU-C(number=pl)	ui	
.	PC	.	

Neemt	VRB(finiteness=fin,tense=pres)	nemen	
een	PD(type=indef,subtype=art,position=prenom)	een	
versche	AA(degree=pos,position=prenom)	vers	
Ham	NOU-C(number=sg)	ham	
en	CONJ(type=coor)	en	
legt	VRB(finiteness=fin,tense=pres)	leggen	
ze	PD(type=pers,position=free)	zij	
eenige	PD(type=indef,subtype=oth,position=prenom)	enig	
dagen	NOU-C(number=pl)	dag	
in	ADP(type=pre)	in	
den	PD(type=d-p,subtype=art,position=prenom)	de	
azyn	NOU-C(number=sg)	azijn	
,	PC	,	
en	CONJ(type=coor)	en	
braad	VRB(finiteness=fin,tense=pres)	braden	
ze	PD(type=pers,position=free)	zij	
aan	ADP(type=pre)	aan	
't	PD(type=d-p,subtype=art,position=prenom)	het	
spit	NOU-C(number=sg)	spit	
,	PC	,	
en	CONJ(type=coor)	en	
druipt	VRB(finiteness=fin,tense=pres)	druipen	
ze	PD(type=pers,position=free)	zij	
met	ADP(type=pre)	met	
wat	PD(type=indef,subtype=oth,position=prenom)	wat	
azyn	NOU-C(number=sg)	azijn	
en	CONJ(type=coor)	en	
vleesch-nat	NOU-C(number=sg)	vleesnat	
is	VRB(finiteness=fin,tense=pres)	zijn	
heel	AA(degree=pos,position=free)	heel	
goed	AA(degree=pos,position=free)	goed	
.	PC	.	

Neemt	VRB(finiteness=fin,tense=pres)	nemen	
een	PD(type=indef,subtype=art,position=prenom)	een	
Kapoen	NOU-C(number=sg)	kapoen	
en	CONJ(type=coor)	en	
maakt	VRB(finiteness=fin,tense=pres)	schoonmaken	mw_277
ze	PD(type=pers,position=free)	zij	
wel	ADV(type=reg)	wel	
schoon	VRB(finiteness=fin,tense=pres)	schoonmaken	mw_277
en	CONJ(type=coor)	en	
braad	VRB(finiteness=fin,tense=pres)	braden	
die	PD(type=d-p,position=free)	die	
aan	ADP(type=pre)	aan	
't	PD(type=d-p,subtype=art,position=prenom)	het	
spit	NOU-C(number=sg)	spit	
,	PC	,	
en	CONJ(type=coor)	en	
bedruipt	VRB(finiteness=fin,tense=pres)	bedruipen	
die	PD(type=d-p,position=free)	die	
met	ADP(type=pre)	met	
azyn	NOU-C(number=sg)	azijn	
daar	ADV(type=pron)	daarin	mw_403
een	PD(type=indef,subtype=art,position=prenom)	een	
weinigje	NOU-C(number=sg)	weinigje	
zout	NOU-C(number=sg)	zout	
in	ADV(type=pron)	daarin	mw_403
is	VRB(finiteness=fin,tense=pres)	zijn	
,	PC	,	
men	PD(type=pers,position=free)	men	
eet	VRB(finiteness=fin,tense=pres)	eten	
die	PD(type=d-p,position=free)	die	
met	ADP(type=pre)	met	
een	PD(type=indef,subtype=art,position=prenom)	een	
saus	NOU-C(number=sg)	saus	
van	ADP(type=pre)	van	
wyn	NOU-C(number=sg)	wijn	
,	PC	,	
peper	NOU-C(number=sg)	peper	
,	PC	,	
notemuscaat	NOU-C(number=sg)	nootmuskaat	
,	PC	,	
nagelen	NOU-C(number=pl)	nagel	
en	CONJ(type=coor)	en	
kaneel	NOU-C(number=sg)	kaneel	
,	PC	,	
daar	ADV(type=pron)	daarin	mw_399
men	PD(type=pers,position=free)	men	
ook	ADV(type=reg)	ook	
gesnede	AA(degree=pos,position=prenom)	gesneden	
Chalotten	NOU-C(number=pl)	sjalot	
of	CONJ(type=coor)	of	
uijen	NOU-C(number=pl)	ui	
in	ADV(type=pron)	daarin	mw_399
doen	VRB(finiteness=inf)	doen	
kan	VRB(finiteness=fin,tense=pres)	kunnen	
,	PC	,	
en	CONJ(type=coor)	en	
dit	PD(type=d-p,position=free)	dit	
laat	VRB(finiteness=fin,tense=pres)	laten	
men	PD(type=pers,position=free)	men	
tot	ADP(type=pre)	tot	
een	PD(type=indef,subtype=art,position=prenom)	een	
redelyke	AA(degree=pos,position=prenom)	redelijk	
dikte	NOU-C(number=sg)	dikte	
te	ADV(type=reg)	samen	mw_268
samen	ADV(type=reg)	samen	mw_268
kooken	VRB(finiteness=inf)	koken	
.	PC	.	

Neemt	VRB(finiteness=fin,tense=pres)	nemen	
Osse-tongen	NOU-C(number=pl)	ossentong	
en	CONJ(type=coor)	en	
kookt	VRB(finiteness=fin,tense=pres)	koken	
die	PD(type=d-p,position=free)	die	
half	AA(degree=pos,position=free)	halfgaar	mw_175
gaar	AA(degree=pos,position=free)	halfgaar	mw_175
,	PC	,	
en	CONJ(type=coor)	en	
haald	VRB(finiteness=fin,tense=pres)	halen	
'	PC	'	
er	ADV(type=pron)	eraf	mw_139
dan	ADV(type=reg)	dan	
de	PD(type=d-p,subtype=art,position=prenom)	de	
huid	NOU-C(number=sg)	huid	
af	ADV(type=pron)	eraf	mw_139
,	PC	,	
en	CONJ(type=coor)	en	
lardeert	VRB(finiteness=fin,tense=pres)	larderen	
die	PD(type=d-p,subtype=oth,position=prenom)	die	
tongen	NOU-C(number=pl)	tong	
met	ADP(type=pre)	met	
spek	NOU-C(number=sg)	spek	
en	CONJ(type=coor)	en	
legt	VRB(finiteness=fin,tense=pres)	leggen	
die	PD(type=d-p,position=free)	die	
op	ADP(type=pre)	op	
de	PD(type=d-p,subtype=art,position=prenom)	de	
Rooster	NOU-C(number=sg)	rooster	
te	ADP(type=pre)	te	
braaden	VRB(finiteness=inf)	braden	
,	PC	,	
en	CONJ(type=coor)	en	
bedruipt	VRB(finiteness=fin,tense=pres)	bedruipen	
ze	PD(type=pers,position=free)	zij	
wel	ADV(type=reg)	wel	
;	PC	;	
als	CONJ(type=sub)	als	
ze	PD(type=pers,position=free)	zij	
gaar	AA(degree=pos,position=free)	gaar	
zyn	VRB(finiteness=fin,tense=pres)	zijn	
,	PC	,	
dan	ADV(type=reg)	dan	
eet	VRB(finiteness=fin,tense=pres)	eten	
men	PD(type=pers,position=free)	men	
die	PD(type=d-p,position=free)	die	
met	ADP(type=pre)	met	
een	PD(type=indef,subtype=art,position=prenom)	een	
saus	NOU-C(number=sg)	saus	
van	ADP(type=pre)	van	
boter	NOU-C(number=sg)	boter	
,	PC	,	
azyn	NOU-C(number=sg)	azijn	
,	PC	,	
peper	NOU-C(number=sg)	peper	
,	PC	,	
en	CONJ(type=coor)	en	
een	PD(type=indef,subtype=art,position=prenom)	een	
weinigje	NOU-C(number=sg)	weinigje	
witte	AA(degree=pos,position=prenom)	wit	
wyn	NOU-C(number=sg)	wijn	
daar	ADV(type=pron)	daaronder	mw_24
onder	ADV(type=pron)	daaronder	mw_24
is	VRB(finiteness=fin,tense=pres)	zijn	
heel	AA(degree=pos,position=free)	heel	
goed	AA(degree=pos,position=free)	goed	
.	PC	.	

Neemt	VRB(finiteness=fin,tense=pres)	nemen	
Schaape-tongen	NOU-C(number=pl)	schapentong	
,	PC	,	
die	PD(type=d-p,position=free)	die	
wel	ADV(type=reg)	wel	
schoon	VRB(finiteness=pastpart)	schoonmaken	mw_279
gemaakt	VRB(finiteness=pastpart)	schoonmaken	mw_279
zyn	VRB(finiteness=fin,tense=pres)	zijn	
,	PC	,	
en	CONJ(type=coor)	en	
spout	VRB(finiteness=fin,tense=pres)	openspouwen	mw_418
die	PD(type=d-p,position=free)	die	
open	VRB(finiteness=fin,tense=pres)	openspouwen	mw_418
,	PC	,	
en	CONJ(type=coor)	en	
laat	VRB(finiteness=fin,tense=pres)	laten	
ze	PD(type=pers,position=free)	zij	
op	ADP(type=pre)	op	
de	PD(type=d-p,subtype=art,position=prenom)	de	
Rooster	NOU-C(number=sg)	rooster	
braaden	VRB(finiteness=inf)	braden	
,	PC	,	
en	CONJ(type=coor)	en	
met	ADP(type=pre)	met	
wat	PD(type=indef,subtype=oth,position=prenom)	wat	
booter	NOU-C(number=sg)	boter	
en	CONJ(type=coor)	en	
azyn	NOU-C(number=sg)	azijn	
bedruipen	VRB(finiteness=inf)	bedruipen	
,	PC	,	
en	CONJ(type=coor)	en	
eet	VRB(finiteness=fin,tense=pres)	eten	
die	PD(type=d-p,position=free)	die	
met	ADP(type=pre)	met	
een	PD(type=indef,subtype=art,position=prenom)	een	
zuure	AA(degree=pos,position=prenom)	zuur	
saus	NOU-C(number=sg)	saus	
is	VRB(finiteness=fin,tense=pres)	zijn	
heel	AA(degree=pos,position=free)	heel	
goed	AA(degree=pos,position=free)	goed	
.	PC	.	

Neemt	VRB(finiteness=fin,tense=pres)	nemen	
tot	ADP(type=pre)	tot	
2	NUM(type=card,position=prenom,representation=dig)	twee	
ponden	NOU-C(number=pl)	pond	
Brambozen	NOU-C(number=pl)	bramboos	
,	PC	,	
een	PD(type=indef,subtype=art,position=prenom)	een	
pond	NOU-C(number=sg)	pond	
sap	NOU-C(number=sg)	sap	
van	ADP(type=pre)	van	
Aalbessen	NOU-C(number=pl)	aalbes	
,	PC	,	
laat	VRB(finiteness=fin,tense=pres)	laten	
dat	PD(type=d-p,position=free)	dat	
te	ADV(type=reg)	samen	mw_290
zaamen	ADV(type=reg)	samen	mw_290
kooken	VRB(finiteness=inf)	koken	
tot	CONJ(type=sub)	totdat	mw_319
dat	CONJ(type=sub)	totdat	mw_319
het	PD(type=pers,position=free)	het	
dik	AA(degree=pos,position=free)	dik	
word	VRB(finiteness=fin,tense=pres)	worden	
:	PC	:	
De	PD(type=d-p,subtype=art,position=prenom)	de	
Brambozen	NOU-C(number=pl)	bramboos	
moeten	VRB(finiteness=fin,tense=pres)	moeten	
maar	ADV(type=reg)	maar	
schoon	AA(degree=pos,position=free)	schoon	
afgewassen	VRB(finiteness=pastpart)	afwassen	
worden	VRB(finiteness=inf)	worden	
,	PC	,	
en	CONJ(type=coor)	en	
zo	ADV(type=reg)	zo	
heel	AA(degree=pos,position=free)	heel	
by	ADP(type=pre)	bij	
het	PD(type=d-p,subtype=art,position=prenom)	het	
sap	NOU-C(number=sg)	sap	
van	ADP(type=pre)	van	
de	PD(type=d-p,subtype=art,position=prenom)	de	
Aalbessen	NOU-C(number=pl)	aalbes	
gedaan	VRB(finiteness=pastpart)	doen	
worden	VRB(finiteness=inf)	worden	
,	PC	,	
en	CONJ(type=coor)	en	
zo	ADV(type=reg)	zo	
te	ADV(type=reg)	samen	mw_291
zaamen	ADV(type=reg)	samen	mw_291
gekookt	VRB(finiteness=pastpart)	koken	
en	CONJ(type=coor)	en	
onder	VRB(finiteness=pastpart)	ondereenroeren	mw_101
een	VRB(finiteness=pastpart)	ondereenroeren	mw_101
geroert	VRB(finiteness=pastpart)	ondereenroeren	mw_101
:	PC	:	
Neemt	VRB(finiteness=fin,tense=pres)	nemen	
dan	ADV(type=reg)	dan	
vyf	NUM(type=card,position=prenom,representation=let)	vijf	
vierendeel	NOU-C(number=sg)	vierendeel	
geraspte	AA(degree=pos,position=prenom)	geraspt	
broodsuiker	NOU-C(number=sg)	broodsuiker	
,	PC	,	
en	CONJ(type=coor)	en	
roert	VRB(finiteness=fin,tense=pres)	roeren	
'	PC	'	
er	ADV(type=pron)	eronder	mw_126
die	PD(type=d-p,position=free)	die	
onder	ADV(type=pron)	eronder	mw_126
,	PC	,	
en	CONJ(type=coor)	en	
laat	VRB(finiteness=fin,tense=pres)	laten	
het	PD(type=pers,position=free)	het	
zo	ADV(type=reg)	zo	
kooken	VRB(finiteness=inf)	koken	
tot	CONJ(type=sub)	totdat	mw_318
dat	CONJ(type=sub)	totdat	mw_318
het	PD(type=pers,position=free)	het	
heel	AA(degree=pos,position=free)	heel	
dik	AA(degree=pos,position=free)	dik	
is	VRB(finiteness=fin,tense=pres)	zijn	
;	PC	;	
en	CONJ(type=coor)	en	
dan	ADV(type=reg)	dan	
doet	VRB(finiteness=fin,tense=pres)	doen	
men	PD(type=pers,position=free)	men	
het	PD(type=pers,position=free)	het	
in	ADP(type=pre)	in	
een	PD(type=indef,subtype=art,position=prenom)	een	
pot	NOU-C(number=sg)	pot	
,	PC	,	
of	CONJ(type=coor)	of	
in	ADP(type=pre)	in	
thee-kopjes	NOU-C(number=pl)	theekopje	
als	CONJ(type=sub)	als	
Gely	NOU-C(number=sg)	gelei	
,	PC	,	
is	VRB(finiteness=fin,tense=pres)	zijn	
heel	AA(degree=pos,position=free)	heel	
goed	AA(degree=pos,position=free)	goed	
van	ADP(type=pre)	van	
smaak	NOU-C(number=sg)	smaak	
.	PC	.	

Neemt	VRB(finiteness=fin,tense=pres)	nemen	
van	ADP(type=pre)	van	
de	PD(type=d-p,subtype=art,position=prenom)	de	
beste	AA(degree=sup,position=prenom)	best	
Druiven	NOU-C(number=pl)	druif	
,	PC	,	
en	CONJ(type=coor)	en	
weegt	VRB(finiteness=fin,tense=pres)	wegen	
die	PD(type=d-p,position=free)	die	
,	PC	,	
en	CONJ(type=coor)	en	
neemt	VRB(finiteness=fin,tense=pres)	nemen	
dan	ADV(type=reg)	dan	
zo	PD(type=indef,subtype=oth,position=prenom)	zoveel	mw_374
veel	PD(type=indef,subtype=oth,position=prenom)	zoveel	mw_374
gewigt	NOU-C(number=sg)	gewicht	
aan	ADP(type=pre)	aan	
suiker	NOU-C(number=sg)	suiker	
,	PC	,	
als	CONJ(type=sub)	als	
gy	PD(type=pers,position=free)	gij	
Druiven	NOU-C(number=pl)	druif	
hebt	VRB(finiteness=fin,tense=pres)	hebben	
;	PC	;	
de	PD(type=d-p,subtype=art,position=prenom)	de	
korrels	NOU-C(number=pl)	korrel	
moet	VRB(finiteness=fin,tense=pres)	moeten	
men	PD(type=pers,position=free)	men	
met	ADP(type=pre)	met	
een	PD(type=indef,subtype=art,position=prenom)	een	
speld	NOU-C(number=sg)	speld	
daar	ADV(type=pron)	daaruit	mw_335
uit	ADV(type=pron)	daaruit	mw_335
pluizen	VRB(finiteness=inf)	pluizen	
,	PC	,	
en	CONJ(type=coor)	en	
als	CONJ(type=sub)	als	
de	PD(type=d-p,subtype=art,position=prenom)	de	
suiker	NOU-C(number=sg)	suiker	
geraspt	VRB(finiteness=pastpart)	raspen	
is	VRB(finiteness=fin,tense=pres)	zijn	
,	PC	,	
zo	ADV(type=reg)	zo	
strooid	VRB(finiteness=fin,tense=pres)	strooien	
men	PD(type=pers,position=free)	men	
die	PD(type=d-p,position=free)	die	
daar	ADV(type=pron)	daarover	mw_27
over	ADV(type=pron)	daarover	mw_27
;	PC	;	
en	CONJ(type=coor)	en	
als	CONJ(type=sub)	als	
de	PD(type=d-p,subtype=art,position=prenom)	de	
suiker	NOU-C(number=sg)	suiker	
gesmolten	VRB(finiteness=pastpart)	smelten	
is	VRB(finiteness=fin,tense=pres)	zijn	
,	PC	,	
zo	ADV(type=reg)	zo	
laat	VRB(finiteness=fin,tense=pres)	laten	
men	PD(type=pers,position=free)	men	
het	PD(type=pers,position=free)	het	
eens	ADV(type=reg)	eens	
opkooken	VRB(finiteness=inf)	opkoken	
tot	CONJ(type=sub)	totdat	mw_312
dat	CONJ(type=sub)	totdat	mw_312
ze	PD(type=pers,position=free)	zij	
zagt	AA(degree=pos,position=free)	zacht	
zyn	VRB(finiteness=fin,tense=pres)	zijn	
,	PC	,	
dan	ADV(type=reg)	dan	
uitgeschept	VRB(finiteness=pastpart)	uitscheppen	
en	CONJ(type=coor)	en	
in	ADP(type=pre)	in	
een	PD(type=indef,subtype=art,position=prenom)	een	
pot	NOU-C(number=sg)	pot	
gedaan	VRB(finiteness=pastpart)	doen	
is	VRB(finiteness=fin,tense=pres)	zijn	
heel	AA(degree=pos,position=free)	heel	
goed	AA(degree=pos,position=free)	goed	
.	PC	.	

Neemt	VRB(finiteness=fin,tense=pres)	nemen	
een	PD(type=indef,subtype=art,position=prenom)	een	
half	AA(degree=pos,position=prenom)	half	
vat	NOU-C(number=sg)	vat	
versch	AA(degree=pos,position=prenom)	vers	
bier	NOU-C(number=sg)	bier	
,	PC	,	
dat	PD(type=d-p,position=free)	dat	
zo	ADV(type=reg)	zo-even	mw_190
even	ADV(type=reg)	zo-even	mw_190
eerst	ADV(type=reg)	eerst	
uitgegist	VRB(finiteness=pastpart)	uitgisten	
is	VRB(finiteness=fin,tense=pres)	zijn	
,	PC	,	
en	CONJ(type=coor)	en	
doet	VRB(finiteness=fin,tense=pres)	afdoen	mw_383
de	PD(type=d-p,subtype=art,position=prenom)	de	
bons	NOU-C(number=sg)	bons	
daar	ADV(type=pron)	daarvan	mw_334
van	ADV(type=pron)	daarvan	mw_334
af	VRB(finiteness=fin,tense=pres)	afdoen	mw_383
,	PC	,	
maar	CONJ(type=coor)	maar	
het	PD(type=d-p,subtype=art,position=prenom)	het	
vat	NOU-C(number=sg)	vat	
moet	VRB(finiteness=fin,tense=pres)	moeten	
vol	AA(degree=pos,position=free)	vol	
zyn	VRB(finiteness=inf)	zijn	
:	PC	:	
Neemt	VRB(finiteness=fin,tense=pres)	nemen	
dan	ADV(type=reg)	dan	
een	PD(type=indef,subtype=art,position=prenom)	een	
pond	NOU-C(number=sg)	pond	
gestoote	AA(degree=pos,position=prenom)	gestoten	
blaauwe	AA(degree=pos,position=prenom)	blauw	
Vitriool-steen	NOU-C(number=sg)	vitrioolsteen	
,	PC	,	
en	CONJ(type=coor)	en	
een	PD(type=indef,subtype=art,position=prenom)	een	
pond	NOU-C(number=sg)	pond	
gestoote	AA(degree=pos,position=prenom)	gestoten	
kryt	NOU-C(number=sg)	krijt	
,	PC	,	
en	CONJ(type=coor)	en	
2	NUM(type=card,position=prenom,representation=dig)	twee	
ponden	NOU-C(number=pl)	pond	
gedroogt	AA(degree=pos,position=prenom)	gedroogd	
zand	NOU-C(number=sg)	zand	
:	PC	:	
mengt	VRB(finiteness=fin,tense=pres)	mengen	
dit	PD(type=d-p,position=free)	dit	
te	ADV(type=reg)	samen	mw_288
zaamen	ADV(type=reg)	samen	mw_288
wel	ADV(type=reg)	wel	
ter	ADV(type=reg)	terdege	mw_43
deegen	ADV(type=reg)	terdege	mw_43
door	ADP(type=pre)	door	
malkanderen	PD(type=recip,position=free)	malkander	
:	PC	:	
Neemt	VRB(finiteness=fin,tense=pres)	nemen	
dan	ADV(type=reg)	dan	
een	PD(type=indef,subtype=art,position=prenom)	een	
groote	AA(degree=pos,position=prenom)	groot	
koffy-kop	NOU-C(number=sg)	koffiekop	
van	ADP(type=pre)	van	
dit	PD(type=d-p,subtype=oth,position=prenom)	dit	
mengzel	NOU-C(number=sg)	mengsel	
,	PC	,	
en	CONJ(type=coor)	en	
werpt	VRB(finiteness=fin,tense=pres)	werpen	
het	PD(type=pers,position=free)	het	
in	ADP(type=pre)	in	
de	PD(type=d-p,subtype=art,position=prenom)	de	
bons	NOU-C(number=sg)	bons	
van	ADP(type=pre)	van	
dit	PD(type=d-p,subtype=oth,position=prenom)	dit	
half-vat	NOU-C(number=sg)	halfvat	
versch	AA(degree=pos,position=prenom)	vers	
bier	NOU-C(number=sg)	bier	
,	PC	,	
en	CONJ(type=coor)	en	
het	PD(type=d-p,subtype=art,position=prenom)	het	
bier	NOU-C(number=sg)	bier	
zal	VRB(finiteness=fin,tense=pres)	zullen	
beginnen	VRB(finiteness=inf)	beginnen	
te	ADP(type=pre)	te	
werken	VRB(finiteness=inf)	werken	
,	PC	,	
en	CONJ(type=coor)	en	
de	PD(type=d-p,subtype=art,position=prenom)	de	
vuiligheid	NOU-C(number=sg)	vuiligheid	
uitwerpen	VRB(finiteness=inf)	uitwerpen	
:	PC	:	
Sluit	VRB(finiteness=fin,tense=pres)	toesluiten	mw_299
de	PD(type=d-p,subtype=art,position=prenom)	de	
bons	NOU-C(number=sg)	bons	
dan	ADV(type=reg)	dan	
wederom	ADV(type=reg)	wederom	
toe	VRB(finiteness=fin,tense=pres)	toesluiten	mw_299
,	PC	,	
met	ADP(type=pre)	met	
potaarde	NOU-C(number=sg)	potaarde	
en	CONJ(type=coor)	en	
neemt	VRB(finiteness=fin,tense=pres)	nemen	
een	PD(type=indef,subtype=art,position=prenom)	een	
gras	NOU-C(number=sg)	graszode	mw_211
zode	NOU-C(number=sg)	graszode	mw_211
,	PC	,	
en	CONJ(type=coor)	en	
legt	VRB(finiteness=fin,tense=pres)	leggen	
die	PD(type=d-p,position=free)	die	
met	ADP(type=pre)	met	
het	PD(type=d-p,subtype=art,position=prenom)	het	
gras	NOU-C(number=sg)	gras	
onder	ADV(type=reg)	onder	
op	ADP(type=pre)	op	
de	PD(type=d-p,subtype=art,position=prenom)	de	
bons	NOU-C(number=sg)	bons	
,	PC	,	
en	CONJ(type=coor)	en	
het	PD(type=d-p,subtype=art,position=prenom)	het	
bier	NOU-C(number=sg)	bier	
zal	VRB(finiteness=fin,tense=pres)	zullen	
nooit	ADV(type=reg)	nooit	
zuur	AA(degree=pos,position=free)	zuur	
worden	VRB(finiteness=inf)	worden	
al	CONJ(type=sub)	al	
liet	VRB(finiteness=fin,tense=past)	laten	
men	PD(type=pers,position=free)	men	
het	PD(type=pers,position=free)	het	
eenige	PD(type=indef,subtype=oth,position=prenom)	enig	
maanden	NOU-C(number=pl)	maand	
zo	ADV(type=reg)	zo	
leggen	VRB(finiteness=inf)	liggen	
,	PC	,	
en	CONJ(type=coor)	en	
al	CONJ(type=sub)	al	
tapt	VRB(finiteness=fin,tense=pres)	tappen	
men	PD(type=pers,position=free)	men	
daar	ADV(type=pron)	daarvan	mw_526522
dagelyks	ADV(type=reg)	dagelijks	
van	ADV(type=pron)	daarvan	mw_526522
;	PC	;	
en	CONJ(type=coor)	en	
indien	CONJ(type=sub)	indien	
het	PD(type=d-p,subtype=art,position=prenom)	het	
bier	NOU-C(number=sg)	bier	
drabbig	AA(degree=pos,position=free)	drabbig	
was	VRB(finiteness=fin,tense=past)	zijn	
,	PC	,	
zo	ADV(type=reg)	zo	
zal	VRB(finiteness=fin,tense=pres)	zullen	
het	PD(type=pers,position=free)	het	
aanstonds	ADV(type=reg)	aanstonds	
na	ADP(type=pre)	na	
een	PD(type=indef,subtype=art,position=prenom)	een	
dag	NOU-C(number=sg)	dag	
of	CONJ(type=coor)	of	
twee	NUM(type=card,position=free,representation=let)	twee	
gerust	VRB(finiteness=pastpart)	rusten	
te	ADP(type=pre)	te	
hebben	VRB(finiteness=inf)	hebben	
,	PC	,	
helder	AA(degree=pos,position=free)	helder	
en	CONJ(type=coor)	en	
klaar	AA(degree=pos,position=free)	klaar	
worden	VRB(finiteness=inf)	worden	
.	PC	.	

Neemt	VRB(finiteness=fin,tense=pres)	nemen	
de	PD(type=d-p,subtype=art,position=prenom)	de	
Karssen	NOU-C(number=pl)	kers	
en	CONJ(type=coor)	en	
doet	VRB(finiteness=fin,tense=pres)	doen	
'	PC	'	
er	ADV(type=pron)	eruit	mw_136
de	PD(type=d-p,subtype=art,position=prenom)	de	
steenen	NOU-C(number=pl)	steen	
uit	ADV(type=pron)	eruit	mw_136
,	PC	,	
en	CONJ(type=coor)	en	
neemt	VRB(finiteness=fin,tense=pres)	nemen	
dan	ADV(type=reg)	dan	
tot	ADP(type=pre)	tot	
een	PD(type=indef,subtype=art,position=prenom)	een	
pond	NOU-C(number=sg)	pond	
Karssen	NOU-C(number=pl)	kers	
drie	NUM(type=card,position=prenom,representation=let)	drie	
vierendeel	NOU-C(number=sg)	vierendeel	
brood-suiker	NOU-C(number=sg)	broodsuiker	
,	PC	,	
en	CONJ(type=coor)	en	
zet	VRB(finiteness=fin,tense=pres)	zetten	
het	PD(type=pers,position=free)	het	
te	ADV(type=reg)	tegelijk	mw_188
gelyk	ADV(type=reg)	tegelijk	mw_188
op	ADP(type=pre)	op	
het	PD(type=d-p,subtype=art,position=prenom)	het	
vuur	NOU-C(number=sg)	vuur	
,	PC	,	
en	CONJ(type=coor)	en	
laat	VRB(finiteness=fin,tense=pres)	laten	
het	PD(type=pers,position=free)	het	
zagjes	AA(degree=pos,position=free)	zachtjes	
kooken	VRB(finiteness=inf)	koken	
,	PC	,	
tot	ADP(type=pre)	tot	
de	PD(type=d-p,subtype=art,position=prenom)	de	
Karssen	NOU-C(number=pl)	kers	
genoeg	PD(type=indef,position=free)	genoeg	
zyn	VRB(finiteness=fin,tense=pres)	zijn	
;	PC	;	
en	CONJ(type=coor)	en	
als	CONJ(type=sub)	als	
ze	PD(type=pers,position=free)	zij	
wat	ADV(type=reg)	wat	
verslagen	VRB(finiteness=pastpart)	verslaan	
zyn	VRB(finiteness=fin,tense=pres)	zijn	
,	PC	,	
zo	ADV(type=reg)	zo	
doet	VRB(finiteness=fin,tense=pres)	doen	
ze	PD(type=pers,position=free)	zij	
in	ADP(type=pre)	in	
een	PD(type=indef,subtype=art,position=prenom)	een	
pot	NOU-C(number=sg)	pot	
,	PC	,	
en	CONJ(type=coor)	en	
als	CONJ(type=sub)	als	
ze	PD(type=pers,position=free)	zij	
koud	AA(degree=pos,position=free)	koud	
zyn	VRB(finiteness=fin,tense=pres)	zijn	
weggezet	VRB(finiteness=pastpart)	wegzetten	
,	PC	,	
is	VRB(finiteness=fin,tense=pres)	zijn	
heel	AA(degree=pos,position=free)	heel	
goed	AA(degree=pos,position=free)	goed	
.	PC	.	

Neemt	VRB(finiteness=fin,tense=pres)	nemen	
de	PD(type=d-p,subtype=art,position=prenom)	de	
ooren	NOU-C(number=pl)	oor	
,	PC	,	
tong	NOU-C(number=sg)	tong	
en	CONJ(type=coor)	en	
pooten	NOU-C(number=pl)	poot	
van	ADP(type=pre)	van	
een	PD(type=indef,subtype=art,position=prenom)	een	
Zuig-Lam	NOU-C(number=sg)	zuiglam	
die	PD(type=d-p,position=free)	die	
men	PD(type=pers,position=free)	men	
wel	ADV(type=reg)	wel	
ter	ADV(type=reg)	terdege	mw_44
deegen	ADV(type=reg)	terdege	mw_44
schoon	VRB(finiteness=fin,tense=pres)	schoonmaken	mw_282
maakt	VRB(finiteness=fin,tense=pres)	schoonmaken	mw_282
en	CONJ(type=coor)	en	
uit	VRB(finiteness=inf)	uittrekken	mw_322
laat	VRB(finiteness=fin,tense=pres)	laten	
trekken	VRB(finiteness=inf)	uittrekken	mw_322
in	ADP(type=pre)	in	
water	NOU-C(number=sg)	water	
,	PC	,	
en	CONJ(type=coor)	en	
fruit	VRB(finiteness=fin,tense=pres)	fruiten	
het	PD(type=pers,position=free)	het	
dan	ADV(type=reg)	dan	
in	ADP(type=pre)	in	
booter	NOU-C(number=sg)	boter	
;	PC	;	
ook	ADV(type=reg)	ook	
kan	VRB(finiteness=fin,tense=pres)	kunnen	
men	PD(type=pers,position=free)	men	
het	PD(type=pers,position=free)	het	
wel	ADV(type=reg)	wel	
wat	ADV(type=reg)	wat	
laaten	VRB(finiteness=inf)	laten	
meuken	VRB(finiteness=inf)	meuken	
eer	CONJ(type=sub)	eer	
men	PD(type=pers,position=free)	men	
het	PD(type=pers,position=free)	het	
opdist	VRB(finiteness=fin,tense=pres)	opdissen	
,	PC	,	
is	VRB(finiteness=fin,tense=pres)	zijn	
zeer	AA(degree=pos,position=free)	zeer	
goed	AA(degree=pos,position=free)	goed	
.	PC	.	

Neemt	VRB(finiteness=fin,tense=pres)	nemen	
goede	AA(degree=pos,position=prenom)	goed	
appelen	NOU-C(number=pl)	appel	
en	CONJ(type=coor)	en	
schild	VRB(finiteness=fin,tense=pres)	schillen	
die	PD(type=d-p,position=free)	die	
en	CONJ(type=coor)	en	
snyd	VRB(finiteness=fin,tense=pres)	snijden	
die	PD(type=d-p,position=free)	die	
aan	ADP(type=pre)	aan	
schyfjes	NOU-C(number=pl)	schijfje	
en	CONJ(type=coor)	en	
stoot	VRB(finiteness=fin,tense=pres)	stoten	mw_302
'	PC	'	
er	ADV(type=pron)	eruit	mw_324
de	PD(type=d-p,subtype=art,position=prenom)	de	
klokhuizen	NOU-C(number=pl)	klokhuis	
uit	ADV(type=pron)	eruit	mw_324
;	PC	;	
neemt	VRB(finiteness=fin,tense=pres)	nemen	
dan	ADV(type=reg)	dan	
boter	NOU-C(number=sg)	boter	
maakt	VRB(finiteness=fin,tense=pres)	maken	
die	PD(type=d-p,position=free)	die	
in	ADP(type=pre)	in	
de	PD(type=d-p,subtype=art,position=prenom)	de	
koeke-pan	NOU-C(number=sg)	koekenpan	
bruin	AA(degree=pos,position=free)	bruin	
en	CONJ(type=coor)	en	
fruit	VRB(finiteness=fin,tense=pres)	fruiten	
daar	ADV(type=pron)	daarin	mw_11369
die	PD(type=d-p,subtype=oth,position=prenom)	die	
appelen	NOU-C(number=pl)	appel	
in	ADV(type=pron)	daarin	mw_11369
,	PC	,	
is	VRB(finiteness=fin,tense=pres)	zijn	
goed	AA(degree=pos,position=free)	goed	
.	PC	.	

Neemt	VRB(finiteness=fin,tense=pres)	nemen	
Kiekens	NOU-C(number=pl)	kieken	
,	PC	,	
maakt	VRB(finiteness=fin,tense=pres)	schoonmaken	mw_275
ze	PD(type=pers,position=free)	zij	
wel	ADV(type=reg)	wel	
schoon	VRB(finiteness=fin,tense=pres)	schoonmaken	mw_275
,	PC	,	
en	CONJ(type=coor)	en	
snyd	VRB(finiteness=fin,tense=pres)	snijden	
die	PD(type=d-p,position=free)	die	
in	ADP(type=pre)	in	
stukken	NOU-C(number=pl)	stuk	
,	PC	,	
en	CONJ(type=coor)	en	
doet	VRB(finiteness=fin,tense=pres)	doen	
'	PC	'	
er	ADV(type=pron)	erop	mw_167
wat	PD(type=indef,subtype=oth,position=prenom)	wat	
zout	NOU-C(number=sg)	zout	
en	CONJ(type=coor)	en	
notemuscaat	NOU-C(number=sg)	nootmuskaat	
op	ADV(type=pron)	erop	mw_167
,	PC	,	
en	CONJ(type=coor)	en	
fruitze	VRB(finiteness=fin,tense=pres)+PD(type=pers,position=free)	fruiten+zij	
in	ADP(type=pre)	in	
booter	NOU-C(number=sg)	boter	
tot	CONJ(type=sub)	totdat	mw_314
dat	CONJ(type=sub)	totdat	mw_314
ze	PD(type=pers,position=free)	zij	
bruin	AA(degree=pos,position=free)	bruin	
genoeg	ADV(type=reg)	genoeg	
zyn	VRB(finiteness=fin,tense=pres)	zijn	
,	PC	,	
en	CONJ(type=coor)	en	
doet	VRB(finiteness=fin,tense=pres)	doen	
dan	ADV(type=reg)	dan	
wat	PD(type=indef,subtype=oth,position=prenom)	wat	
Ansjovis	NOU-C(number=sg)	ansjovis	
in	ADP(type=pre)	in	
de	PD(type=d-p,subtype=art,position=prenom)	de	
gefruite	AA(degree=pos,position=prenom)	gefruit	
booter	NOU-C(number=sg)	boter	
,	PC	,	
met	ADP(type=pre)	met	
wat	PD(type=indef,subtype=oth,position=prenom)	wat	
azyn	NOU-C(number=sg)	azijn	
is	VRB(finiteness=fin,tense=pres)	zijn	
heel	AA(degree=pos,position=free)	heel	
goed	AA(degree=pos,position=free)	goed	
.	PC	.	

Neemt	VRB(finiteness=fin,tense=pres)	nemen	
sardinen	NOU-C(number=pl)	sardine	
schrapt	VRB(finiteness=fin,tense=pres)	schrappen	
'	PC	'	
er	ADV(type=pron)	eraf	mw_137
de	PD(type=d-p,subtype=art,position=prenom)	de	
schobben	NOU-C(number=pl)	schub	
af	ADV(type=pron)	eraf	mw_137
en	CONJ(type=coor)	en	
wascht	VRB(finiteness=fin,tense=pres)	wassen	
ze	PD(type=pers,position=free)	zij	
wel	ADV(type=reg)	wel	
en	CONJ(type=coor)	en	
bestrooid	VRB(finiteness=fin,tense=pres)	bestrooien	
die	PD(type=d-p,position=free)	die	
met	ADP(type=pre)	met	
wat	PD(type=indef,subtype=oth,position=prenom)	wat	
zout	NOU-C(number=sg)	zout	
,	PC	,	
en	CONJ(type=coor)	en	
laatze	VRB(finiteness=fin,tense=pres)+PD(type=pers,position=free)	laten+zij	
zo	ADV(type=reg)	zo	
wat	ADV(type=reg)	wat	
staan	VRB(finiteness=inf)	staan	
en	CONJ(type=coor)	en	
fruit	VRB(finiteness=fin,tense=pres)	fruiten	
ze	PD(type=pers,position=free)	zij	
in	ADP(type=pre)	in	
de	PD(type=d-p,subtype=art,position=prenom)	de	
booter	NOU-C(number=sg)	boter	
,	PC	,	
en	CONJ(type=coor)	en	
doet	VRB(finiteness=fin,tense=pres)	doen	
'	PC	'	
er	ADV(type=pron)	erover	mw_128
dan	ADV(type=reg)	dan	
limoen	NOU-C(number=sg)	limoen	
over	ADV(type=pron)	erover	mw_128
,	PC	,	
is	VRB(finiteness=fin,tense=pres)	zijn	
heel	AA(degree=pos,position=free)	heel	
goed	AA(degree=pos,position=free)	goed	
.	PC	.	

Neemt	VRB(finiteness=fin,tense=pres)	nemen	
varsse	AA(degree=pos,position=prenom)	vers	
zalm	NOU-C(number=sg)	zalm	
,	PC	,	
de	PD(type=d-p,subtype=art,position=prenom)	de	
mooten	NOU-C(number=pl)	moot	
moeten	VRB(finiteness=fin,tense=pres)	moeten	
niet	ADV(type=reg)	niet	
te	ADV(type=reg)	te	
dik	AA(degree=pos,position=free)	dik	
zyn	VRB(finiteness=inf)	zijn	
gesneeden	VRB(finiteness=pastpart)	snijden	
,	PC	,	
en	CONJ(type=coor)	en	
fruitze	VRB(finiteness=fin,tense=pres)+PD(type=pers,position=free)	fruiten+zij	
in	ADP(type=pre)	in	
booter	NOU-C(number=sg)	boter	
dat	CONJ(type=sub)	dat	
ze	PD(type=pers,position=free)	zij	
bruin	AA(degree=pos,position=free)	bruin	
worde	VRB(finiteness=fin,tense=pres)	worden	
,	PC	,	
maakt	VRB(finiteness=fin,tense=pres)	maken	
dan	ADV(type=reg)	dan	
een	PD(type=indef,subtype=art,position=prenom)	een	
saus	NOU-C(number=sg)	saus	
van	ADP(type=pre)	van	
rode	AA(degree=pos,position=prenom)	rood	
wyn	NOU-C(number=sg)	wijn	
,	PC	,	
booter	NOU-C(number=sg)	boter	
,	PC	,	
geraspte	AA(degree=pos,position=prenom)	geraspt	
notemuscaat	NOU-C(number=sg)	nootmuskaat	
en	CONJ(type=coor)	en	
limoensap	NOU-C(number=sg)	limoensap	
,	PC	,	
en	CONJ(type=coor)	en	
doet	VRB(finiteness=fin,tense=pres)	doen	
'	PC	'	
er	ADV(type=pron)	erover	mw_127
die	PD(type=d-p,position=free)	die	
over	ADV(type=pron)	erover	mw_127
,	PC	,	
is	VRB(finiteness=fin,tense=pres)	zijn	
een	PD(type=indef,subtype=art,position=prenom)	een	
heerlyk	AA(degree=pos,position=prenom)	heerlijk	
eeten	NOU-C(number=sg)	eten	
.	PC	.	

Neemt	VRB(finiteness=fin,tense=pres)	nemen	
Procelein	NOU-C(number=sg,WF=mis)	porselein	
die	PD(type=d-p,position=free)	die	
droog	AA(degree=pos,position=free)	droog	
en	CONJ(type=coor)	en	
versch	AA(degree=pos,position=free)	vers	
is	VRB(finiteness=fin,tense=pres)	zijn	
,	PC	,	
verleest	VRB(finiteness=fin,tense=pres)	verlezen	
ze	PD(type=pers,position=free)	zij	
ter	ADV(type=reg)	terdege	mw_49
degen	ADV(type=reg)	terdege	mw_49
,	PC	,	
en	CONJ(type=coor)	en	
doet	VRB(finiteness=fin,tense=pres)	doen	
'	PC	'	
er	ADV(type=pron)	eruit	mw_131
de	PD(type=d-p,subtype=art,position=prenom)	de	
dikke	AA(degree=pos,position=prenom)	dik	
steelen	NOU-C(number=pl)	steel	
uit	ADV(type=pron)	eruit	mw_131
,	PC	,	
en	CONJ(type=coor)	en	
dan	ADV(type=reg)	dan	
moet	VRB(finiteness=fin,tense=pres)	moeten	
men	PD(type=pers,position=free)	men	
die	PD(type=d-p,position=free)	die	
in	ADP(type=pre)	in	
pompwater	NOU-C(number=sg)	pompwater	
zonder	ADP(type=pre)	zonder	
zout	NOU-C(number=sg)	zout	
opkooken	VRB(finiteness=inf)	opkoken	
,	PC	,	
niet	ADV(type=reg)	niet	
langer	AA(degree=comp,position=free)	lang	
als	CONJ(type=sub)	als	
men	PD(type=pers,position=free)	men	
een	PD(type=indef,subtype=art,position=prenom)	een	
zoode	NOU-C(number=sg)	zooi	
vis	NOU-C(number=sg)	vis	
gewoon	AA(degree=pos,position=free)	gewoon	
is	VRB(finiteness=fin,tense=pres)	zijn	
te	ADP(type=pre)	te	
doen	VRB(finiteness=inf)	doen	
,	PC	,	
en	CONJ(type=coor)	en	
dan	ADV(type=reg)	dan	
op	ADP(type=pre)	op	
een	PD(type=indef,subtype=art,position=prenom)	een	
vergiettest	NOU-C(number=sg)	vergiettest	
koud	AA(degree=pos,position=free)	koud	
laaten	VRB(finiteness=inf)	laten	
worden	VRB(finiteness=inf)	worden	
:	PC	:	
Legt	VRB(finiteness=fin,tense=pres)	leggen	
ze	PD(type=pers,position=free)	zij	
dan	ADV(type=reg)	dan	
in	ADP(type=pre)	in	
eeen	PD(type=indef,subtype=art,position=prenom,WF=mis)	een	
keulse	AA(degree=pos,position=prenom)	Keuls	
aarde	AA(degree=pos,position=prenom)	aarden	
pot	NOU-C(number=sg)	pot	
die	PD(type=d-p,position=free)	die	
heel	AA(degree=pos,position=free)	heel	
droog	AA(degree=pos,position=free)	droog	
is	VRB(finiteness=fin,tense=pres)	zijn	
,	PC	,	
en	CONJ(type=coor)	en	
strooid	VRB(finiteness=fin,tense=pres)	strooien	
wat	PD(type=indef,subtype=oth,position=prenom)	wat	
zout	NOU-C(number=sg)	zout	
op	ADP(type=pre)	op	
de	PD(type=d-p,subtype=art,position=prenom)	de	
bodem	NOU-C(number=sg)	bodem	
,	PC	,	
en	CONJ(type=coor)	en	
perst	VRB(finiteness=fin,tense=pres)	uitpersen	mw_304
de	PD(type=d-p,subtype=art,position=prenom)	de	
Porcelein	NOU-C(number=sg)	porselein	
in	ADP(type=pre)	in	
een	PD(type=indef,subtype=art,position=prenom)	een	
doek	NOU-C(number=sg)	doek	
styf	AA(degree=pos,position=free)	stijf	
uit	VRB(finiteness=fin,tense=pres)	uitpersen	mw_304
,	PC	,	
dat	CONJ(type=sub)	dat	
'	PC	'	
er	ADV(type=pron)	erin	mw_143
geen	PD(type=indef,subtype=oth,position=prenom)	geen	
vogt	NOU-C(number=sg)	vocht	
meer	ADV(type=reg)	meer	
in	ADV(type=pron)	erin	mw_143
is	VRB(finiteness=fin,tense=pres)	zijn	
,	PC	,	
en	CONJ(type=coor)	en	
pakt	VRB(finiteness=fin,tense=pres)	opeenpakken	mw_259
ze	PD(type=pers,position=free)	zij	
dan	ADV(type=reg)	dan	
styf	AA(degree=pos,position=free)	stijf	
op	VRB(finiteness=fin,tense=pres)	opeenpakken	mw_259
een	VRB(finiteness=fin,tense=pres)	opeenpakken	mw_259
in	ADP(type=pre)	in	
de	PD(type=d-p,subtype=art,position=prenom)	de	
pot	NOU-C(number=sg)	pot	
,	PC	,	
en	CONJ(type=coor)	en	
strooid	VRB(finiteness=fin,tense=pres)	strooien	
'	PC	'	
er	ADV(type=reg)	er	
wat	PD(type=indef,subtype=oth,position=prenom)	wat	
zout	NOU-C(number=sg)	zout	
,	PC	,	
wat	PD(type=indef,subtype=oth,position=prenom)	wat	
heele	AA(degree=pos,position=prenom)	heel	
peper	NOU-C(number=sg)	peper	
en	CONJ(type=coor)	en	
wat	PD(type=indef,subtype=oth,position=prenom)	wat	
foelie	NOU-C(number=sg)	foelie	
tusschen	ADP(type=pre)	tussen	
beiden	PD(type=indef,position=free)	beide	
;	PC	;	
en	CONJ(type=coor)	en	
doet	VRB(finiteness=fin,tense=pres)	doen	
maar	ADV(type=reg)	maar	
zo	PD(type=indef,position=free)	zoveel	mw_375
veel	PD(type=indef,position=free)	zoveel	mw_375
in	ADP(type=pre)	in	
de	PD(type=d-p,subtype=art,position=prenom)	de	
pot	NOU-C(number=sg)	pot	
als	CONJ(type=sub)	als	
gy	PD(type=pers,position=free)	gij	
ieder	PD(type=indef,subtype=oth,position=prenom)	ieder	
maal	NOU-C(number=sg)	maal	
wilt	VRB(finiteness=fin,tense=pres)	willen	
gebruiken	VRB(finiteness=inf)	gebruiken	
;	PC	;	
en	CONJ(type=coor)	en	
legt	VRB(finiteness=fin,tense=pres)	leggen	
'	PC	'	
er	ADV(type=pron)	erbovenop	mw_110
een	PD(type=indef,subtype=art,position=prenom)	een	
schoon	AA(degree=pos,position=prenom)	schoon	
doekje	NOU-C(number=sg)	doekje	
boven	ADV(type=pron)	erbovenop	mw_110
op	ADV(type=pron)	erbovenop	mw_110
met	ADP(type=pre)	met	
een	PD(type=indef,subtype=art,position=prenom)	een	
steen	NOU-C(number=sg)	steen	
om	ADP(type=pre)	om	
te	ADP(type=pre)	te	
perssen	VRB(finiteness=inf)	persen	
of	CONJ(type=coor)	of	
'	PC	'	
er	ADV(type=pron)	erop	mw_260
nog	ADV(type=reg)	nog	
pekel	NOU-C(number=sg)	pekel	
op	ADV(type=pron)	erop	mw_260
was	VRB(finiteness=fin,tense=past)	zijn	
,	PC	,	
die	PD(type=d-p,position=free)	die	
men	PD(type=pers,position=free)	men	
dan	ADV(type=reg)	dan	
eerst	ADV(type=reg)	eerst	
daar	ADV(type=pron)	daaraf	mw_332
af	ADV(type=pron)	daaraf	mw_332
giet	VRB(finiteness=fin,tense=pres)	gieten	
.	PC	.	

Neemt	VRB(finiteness=fin,tense=pres)	nemen	
dan	ADV(type=reg)	dan	
een	PD(type=indef,subtype=art,position=prenom)	een	
boom	NOU-C(number=sg)	boom	
van	ADP(type=pre)	van	
vet	NOU-C(number=sg)	vet	
of	CONJ(type=coor)	of	
boter	NOU-C(number=sg)	boter	
,	PC	,	
daar	ADV(type=pron)	daardoor	mw_385
zout	NOU-C(number=sg)	zout	
door	ADV(type=pron)	daardoor	mw_385
gekneed	VRB(finiteness=pastpart)	kneden	
is	VRB(finiteness=fin,tense=pres)	zijn	
,	PC	,	
en	CONJ(type=coor)	en	
legt	VRB(finiteness=fin,tense=pres)	leggen	
die	PD(type=d-p,position=free)	die	
over	ADP(type=circ)	overheen	mw_194
het	PD(type=d-p,subtype=art,position=prenom)	het	
doekje	NOU-C(number=sg)	doekje	
heen	ADP(type=circ)	overheen	mw_194
,	PC	,	
en	CONJ(type=coor)	en	
dan	ADV(type=reg)	dan	
een	PD(type=indef,subtype=art,position=prenom)	een	
blaas	NOU-C(number=sg)	blaas	
over	ADP(type=pre)	over	
de	PD(type=d-p,subtype=art,position=prenom)	de	
pot	NOU-C(number=sg)	pot	
gebonden	VRB(finiteness=pastpart)	binden	
en	CONJ(type=coor)	en	
in	ADP(type=pre)	in	
de	PD(type=d-p,subtype=art,position=prenom)	de	
kelder	NOU-C(number=sg)	kelder	
weggezet	VRB(finiteness=pastpart)	wegzetten	
,	PC	,	
is	VRB(finiteness=fin,tense=pres)	zijn	
heel	AA(degree=pos,position=free)	heel	
goed	AA(degree=pos,position=free)	goed	
.	PC	.	

Neemt	VRB(finiteness=fin,tense=pres)	nemen	
2	NUM(type=card,position=prenom,representation=dig)	twee	
pinten	NOU-C(number=pl)	pint	
zoete	NOU-C(number=sg)	zoetemelk	mw_409
melk	NOU-C(number=sg)	zoetemelk	mw_409
,	PC	,	
en	CONJ(type=coor)	en	
zo	PD(type=indef,subtype=oth,position=prenom)	zoveel	mw_377
veel	PD(type=indef,subtype=oth,position=prenom)	zoveel	mw_377
stremsel	NOU-C(number=sg)	stremsel	
dat	CONJ(type=sub)	dat	
de	PD(type=d-p,subtype=art,position=prenom)	de	
melk	NOU-C(number=sg)	melk	
styf	AA(degree=pos,position=free)	stijf	
kan	VRB(finiteness=fin,tense=pres)	kunnen	
worden	VRB(finiteness=inf)	worden	
,	PC	,	
en	CONJ(type=coor)	en	
roert	VRB(finiteness=fin,tense=pres)	roeren	
'	PC	'	
er	ADV(type=pron)	erdoorheen	mw_95
die	PD(type=d-p,position=free)	die	
door	ADV(type=pron)	erdoorheen	mw_95
heen	ADV(type=pron)	erdoorheen	mw_95
en	CONJ(type=coor)	en	
zet	VRB(finiteness=fin,tense=pres)	zetten	
het	PD(type=pers,position=free)	het	
in	ADP(type=pre)	in	
een	PD(type=indef,subtype=art,position=prenom)	een	
pot	NOU-C(number=sg)	pot	
:	PC	:	
als	CONJ(type=sub)	als	
het	PD(type=pers,position=free)	het	
styf	AA(degree=pos,position=free)	stijf	
is	VRB(finiteness=fin,tense=pres)	zijn	
zo	ADV(type=reg)	zo	
neemt	VRB(finiteness=fin,tense=pres)	nemen	
een	PD(type=indef,subtype=art,position=prenom)	een	
zeef	NOU-C(number=sg)	zeef	
en	CONJ(type=coor)	en	
schept	VRB(finiteness=fin,tense=pres)	scheppen	
het	PD(type=d-p,subtype=art,position=prenom)	het	
dikke	NOU-C(number=sg)	dikke	
daar	ADV(type=pron)	daarin	mw_17
in	ADV(type=pron)	daarin	mw_17
,	PC	,	
en	CONJ(type=coor)	en	
als	CONJ(type=sub)	als	
de	PD(type=d-p,subtype=art,position=prenom)	de	
huy	NOU-C(number=sg)	hui	
daar	ADV(type=pron)	daarvan	mw_36
van	ADV(type=pron)	daarvan	mw_36
afgeloopen	VRB(finiteness=pastpart)	aflopen	
is	VRB(finiteness=fin,tense=pres)	zijn	
zo	ADV(type=reg)	zo	
wryft	VRB(finiteness=fin,tense=pres)	wrijven	
het	PD(type=pers,position=free)	het	
door	ADP(type=circ)	doorheen	mw_197
de	PD(type=d-p,subtype=art,position=prenom)	de	
zeef	NOU-C(number=sg)	zeef	
heen	ADP(type=circ)	doorheen	mw_197
;	PC	;	
en	CONJ(type=coor)	en	
neemt	VRB(finiteness=fin,tense=pres)	nemen	
dan	ADV(type=reg)	dan	
vier	NUM(type=card,position=prenom,representation=let)	vier	
of	CONJ(type=coor)	of	
vyf	NUM(type=card,position=prenom,representation=let)	vijf	
leepels	NOU-C(number=pl)	lepel	
met	ADP(type=pre)	met	
suiker	NOU-C(number=sg)	suiker	
,	PC	,	
een	PD(type=indef,subtype=art,position=prenom)	een	
wynglaasje	NOU-C(number=sg)	wijnglaasje	
met	ADP(type=pre)	met	
roosewater	NOU-C(number=sg)	rozenwater	
,	PC	,	
en	CONJ(type=coor)	en	
roert	VRB(finiteness=fin,tense=pres)	roeren	
'	PC	'	
er	ADV(type=pron)	erdoorheen	mw_94
dat	PD(type=d-p,position=free)	dat	
ter	ADV(type=reg)	terdege	mw_52
degen	ADV(type=reg)	terdege	mw_52
door	ADV(type=pron)	erdoorheen	mw_94
heen	ADV(type=pron)	erdoorheen	mw_94
en	CONJ(type=coor)	en	
doet	VRB(finiteness=fin,tense=pres)	doen	
het	PD(type=pers,position=free)	het	
dan	ADV(type=reg)	dan	
in	ADP(type=pre)	in	
de	PD(type=d-p,subtype=art,position=prenom)	de	
kleine	AA(degree=pos,position=prenom)	klein	
vergiettesjes	NOU-C(number=pl)	vergiettestje	
gelyk	CONJ(type=sub)	gelijk	
men	PD(type=pers,position=free)	men	
met	ADP(type=pre)	met	
de	PD(type=d-p,subtype=art,position=prenom)	de	
room-kaas	NOU-C(number=sg)	roomkaas	
doet	VRB(finiteness=fin,tense=pres)	doen	
,	PC	,	
laat	VRB(finiteness=fin,tense=pres)	laten	
het	PD(type=pers,position=free)	het	
dan	ADV(type=reg)	dan	
zo	ADV(type=reg)	zo	
een	PD(type=indef,subtype=art,position=prenom)	een	
uur	NOU-C(number=sg)	uur	
of	CONJ(type=coor)	of	
drie	NUM(type=card,position=free,representation=let)	drie	
staan	VRB(finiteness=inf)	staan	
,	PC	,	
en	CONJ(type=coor)	en	
dan	ADV(type=reg)	dan	
in	ADP(type=pre)	in	
een	PD(type=indef,subtype=art,position=prenom)	een	
schootel	NOU-C(number=sg)	schotel	
gedaan	VRB(finiteness=pastpart)	doen	
en	CONJ(type=coor)	en	
wat	PD(type=indef,subtype=oth,position=prenom)	wat	
zoete	AA(degree=pos,position=prenom)	zoet	
room	NOU-C(number=sg)	room	
of	CONJ(type=coor)	of	
melk	NOU-C(number=sg)	melk	
daar	ADV(type=pron)	daarover	mw_29
over	ADV(type=pron)	daarover	mw_29
gegooten	VRB(finiteness=pastpart)	gieten	
,	PC	,	
is	VRB(finiteness=fin,tense=pres)	zijn	
byna	ADV(type=reg)	bijna	
zo	ADV(type=reg)	zo	
goed	AA(degree=pos,position=free)	goed	
als	CONJ(type=sub)	als	
roomkaas	NOU-C(number=sg)	roomkaas	
.	PC	.	

Neemt	VRB(finiteness=fin,tense=pres)	nemen	
snoek	NOU-C(number=sg)	snoek	
en	CONJ(type=coor)	en	
doet	VRB(finiteness=fin,tense=pres)	doen	
'	PC	'	
er	ADV(type=pron)	eraf	mw_148
het	PD(type=d-p,subtype=art,position=prenom)	het	
vel	NOU-C(number=sg)	vel	
eerst	ADV(type=reg)	eerst	
af	ADV(type=pron)	eraf	mw_148
,	PC	,	
en	CONJ(type=coor)	en	
moet	VRB(finiteness=fin,tense=pres)	moeten	
langs	ADP(type=pre)	langs	
de	PD(type=d-p,subtype=art,position=prenom)	de	
rug	NOU-C(number=sg)	rug	
opgesneeden	VRB(finiteness=pastpart)	opsnijden	
worden	VRB(finiteness=inf)	worden	
,	PC	,	
en	CONJ(type=coor)	en	
de	PD(type=d-p,subtype=art,position=prenom)	de	
graat	NOU-C(number=sg)	graat	
zo	ADV(type=reg)	zo	
raauw	AA(degree=pos,position=free)	rauw	
daar	ADV(type=pron)	daaruit	mw_35
uit	ADV(type=pron)	daaruit	mw_35
worden	VRB(finiteness=inf)	worden	
gedaan	VRB(finiteness=pastpart)	doen	
,	PC	,	
en	CONJ(type=coor)	en	
dan	ADV(type=reg)	dan	
heel	AA(degree=pos,position=free)	heel	
klein	AA(degree=pos,position=free)	klein	
gehakt	VRB(finiteness=pastpart)	hakken	
,	PC	,	
en	CONJ(type=coor)	en	
dan	ADV(type=reg)	dan	
een	PD(type=indef,subtype=art,position=prenom)	een	
stuk	NOU-C(number=sg)	stuk	
ansjovis	NOU-C(number=sg)	ansjovis	
of	CONJ(type=coor)	of	
zes	NUM(type=card,position=free,representation=let)	zes	
daar	ADV(type=pron)	daarbij	mw_14
by	ADV(type=pron)	daarbij	mw_14
worden	VRB(finiteness=inf)	worden	
gedaan	VRB(finiteness=pastpart)	doen	
,	PC	,	
met	ADP(type=pre)	met	
wat	PD(type=indef,subtype=oth,position=prenom)	wat	
orego	NOU-C(number=sg)	orego	
en	CONJ(type=coor)	en	
een	PD(type=indef,subtype=art,position=prenom)	een	
zuur	AA(degree=pos,position=prenom)	zuur	
lemmetje	NOU-C(number=sg)	limmetje	
,	PC	,	
met	ADP(type=pre)	met	
de	PD(type=d-p,subtype=art,position=prenom)	de	
kruim	NOU-C(number=sg)	kruim	
van	ADP(type=pre)	van	
een	PD(type=indef,subtype=art,position=prenom)	een	
ouwbakke	AA(degree=pos,position=prenom)	oudbakken	
wittebrood	NOU-C(number=sg)	wittebrood	
,	PC	,	
en	CONJ(type=coor)	en	
wat	PD(type=indef,subtype=oth,position=prenom)	wat	
gehakte	AA(degree=pos,position=prenom)	gehakt	
petercelie	NOU-C(number=sg)	peterselie	
,	PC	,	
en	CONJ(type=coor)	en	
drie	NUM(type=card,position=prenom,representation=let)	drie	
geklopte	AA(degree=pos,position=prenom)	geklopt	
eijeren	NOU-C(number=pl)	ei	
daar	ADV(type=pron)	daaronder	mw_23
onder	ADV(type=pron)	daaronder	mw_23
gehakt	VRB(finiteness=pastpart)	hakken	
,	PC	,	
met	ADP(type=pre)	met	
wat	PD(type=indef,subtype=oth,position=prenom)	wat	
booter	NOU-C(number=sg)	boter	
,	PC	,	
wat	PD(type=indef,subtype=oth,position=prenom)	wat	
zout	NOU-C(number=sg)	zout	
,	PC	,	
wat	PD(type=indef,subtype=oth,position=prenom)	wat	
gestote	AA(degree=pos,position=prenom)	gestoten	
peper	NOU-C(number=sg)	peper	
en	CONJ(type=coor)	en	
foelie	NOU-C(number=sg)	foelie	
,	PC	,	
en	CONJ(type=coor)	en	
dit	PD(type=d-p,subtype=oth,position=prenom)	dit	
alles	PD(type=indef,position=free)	alles	
klein	AA(degree=pos,position=free)	klein	
zynde	VRB(finiteness=prespart)	zijn	
,	PC	,	
onder	ADP(type=pre)	onder	
malkanderen	PD(type=recip,position=free)	malkander	
geroert	VRB(finiteness=pastpart)	roeren	
,	PC	,	
en	CONJ(type=coor)	en	
een	PD(type=indef,subtype=art,position=prenom)	een	
notenmuscaat	NOU-C(number=sg)	nootmuskaat	
daar	ADV(type=pron)	daarover	mw_31
over	ADV(type=pron)	daarover	mw_31
geraspt	VRB(finiteness=pastpart)	raspen	
,	PC	,	
en	CONJ(type=coor)	en	
dan	ADV(type=reg)	dan	
zo	ADV(type=reg)	zo	
te	ADV(type=reg)	samen	mw_264
saamen	ADV(type=reg)	samen	mw_264
aan	ADP(type=pre)	aan	
malkanderen	PD(type=recip,position=free)	malkander	
gekneed	VRB(finiteness=pastpart)	kneden	
,	PC	,	
met	ADP(type=pre)	met	
een	PD(type=indef,subtype=art,position=prenom)	een	
raauw	AA(degree=pos,position=prenom)	rauw	
ey	NOU-C(number=sg)	ei	
.	PC	.	

Neemt	VRB(finiteness=fin,tense=pres)	nemen	
dan	ADV(type=reg)	dan	
een	PD(type=indef,subtype=art,position=prenom)	een	
kopere	AA(degree=pos,position=prenom)	koperen	
schootel	NOU-C(number=sg)	schotel	
,	PC	,	
en	CONJ(type=coor)	en	
bestrykt	VRB(finiteness=fin,tense=pres)	bestrijken	
die	PD(type=d-p,position=free)	die	
met	ADP(type=pre)	met	
wat	PD(type=indef,subtype=oth,position=prenom)	wat	
booter	NOU-C(number=sg)	boter	
,	PC	,	
en	CONJ(type=coor)	en	
bestrooid	VRB(finiteness=fin,tense=pres)	bestrooien	
ze	PD(type=pers,position=free)	zij	
met	ADP(type=pre)	met	
gestoote	AA(degree=pos,position=prenom)	gestoten	
beschuit	NOU-C(number=sg)	beschuit	
,	PC	,	
en	CONJ(type=coor)	en	
legt	VRB(finiteness=fin,tense=pres)	leggen	
het	PD(type=pers,position=free)	het	
daar	ADV(type=pron)	daarin	mw_20
in	ADV(type=pron)	daarin	mw_20
op	ADP(type=pre)	op	
de	PD(type=d-p,subtype=art,position=prenom)	de	
wyze	NOU-C(number=sg)	wijze	
van	ADP(type=pre)	van	
een	PD(type=indef,subtype=art,position=prenom)	een	
Snoek	NOU-C(number=sg)	snoek	
,	PC	,	
en	CONJ(type=coor)	en	
voegt	VRB(finiteness=fin,tense=pres)	voegen	
de	PD(type=d-p,subtype=art,position=prenom)	de	
kop	NOU-C(number=sg)	kop	
,	PC	,	
de	PD(type=d-p,subtype=art,position=prenom)	de	
staart	NOU-C(number=sg)	staart	
en	CONJ(type=coor)	en	
de	PD(type=d-p,subtype=art,position=prenom)	de	
vinnen	NOU-C(number=pl)	vin	
tot	ADP(type=pre)	tot	
cieraad	NOU-C(number=sg)	sieraad	
'	PC	'	
er	ADV(type=pron)	eraan	mw_63
aan	ADV(type=pron)	eraan	mw_63
,	PC	,	
en	CONJ(type=coor)	en	
doet	VRB(finiteness=fin,tense=pres)	doen	
de	PD(type=d-p,subtype=art,position=prenom)	de	
schotel	NOU-C(number=sg)	schotel	
half	AA(degree=pos,position=free)	half	
vol	AA(degree=pos,position=free)	vol	
water	NOU-C(number=sg)	water	
,	PC	,	
en	CONJ(type=coor)	en	
doet	VRB(finiteness=fin,tense=pres)	doen	
over	ADP(type=pre)	over	
de	PD(type=d-p,subtype=art,position=prenom)	de	
snoek	NOU-C(number=sg)	snoek	
nog	ADV(type=reg)	nog	
wat	PD(type=indef,subtype=oth,position=prenom)	wat	
gestoote	AA(degree=pos,position=prenom)	gestoten	
beschuit	NOU-C(number=sg)	beschuit	
,	PC	,	
wat	PD(type=indef,subtype=oth,position=prenom)	wat	
booter	NOU-C(number=sg)	boter	
,	PC	,	
wat	PD(type=indef,subtype=oth,position=prenom)	wat	
zout	NOU-C(number=sg)	zout	
en	CONJ(type=coor)	en	
limoensap	NOU-C(number=sg)	limoensap	
,	PC	,	
en	CONJ(type=coor)	en	
laat	VRB(finiteness=fin,tense=pres)	laten	
het	PD(type=pers,position=free)	het	
zo	ADV(type=reg)	zo	
stooven	VRB(finiteness=inf)	stoven	
,	PC	,	
is	VRB(finiteness=fin,tense=pres)	zijn	
heel	AA(degree=pos,position=free)	heel	
goed	AA(degree=pos,position=free)	goed	
.	PC	.	

Neemt	VRB(finiteness=fin,tense=pres)	nemen	
een	PD(type=indef,subtype=art,position=prenom)	een	
Kalkoen	NOU-C(number=sg)	kalkoen	
,	PC	,	
na	CONJ(type=sub)	nadat	mw_225
dat	CONJ(type=sub)	nadat	mw_225
ze	PD(type=pers,position=free)	zij	
wel	ADV(type=reg)	wel	
schoon	VRB(finiteness=pastpart)	schoonmaken	mw_278
gemaakt	VRB(finiteness=pastpart)	schoonmaken	mw_278
en	CONJ(type=coor)	en	
gewasschen	VRB(finiteness=pastpart)	wassen	
is	VRB(finiteness=fin,tense=pres)	zijn	
,	PC	,	
en	CONJ(type=coor)	en	
knoopt	VRB(finiteness=fin,tense=pres)	knopen	
ze	PD(type=pers,position=free)	zij	
in	ADP(type=pre)	in	
een	PD(type=indef,subtype=art,position=prenom)	een	
doek	NOU-C(number=sg)	doek	
,	PC	,	
maar	CONJ(type=coor)	maar	
niet	ADV(type=reg)	niet	
al	ADV(type=reg)	al	
te	ADV(type=reg)	te	
vast	AA(degree=pos,position=free)	vast	
:	PC	:	
Hangt	VRB(finiteness=fin,tense=pres)	overhangen	mw_397
een	PD(type=indef,subtype=art,position=prenom)	een	
ketel	NOU-C(number=sg)	ketel	
met	ADP(type=pre)	met	
regenwater	NOU-C(number=sg)	regenwater	
over	VRB(finiteness=fin,tense=pres)	overhangen	mw_397
,	PC	,	
en	CONJ(type=coor)	en	
als	CONJ(type=sub)	als	
het	PD(type=d-p,subtype=art,position=prenom)	het	
water	NOU-C(number=sg)	water	
kookt	VRB(finiteness=fin,tense=pres)	koken	
,	PC	,	
zo	ADV(type=reg)	zo	
doet	VRB(finiteness=fin,tense=pres)	doen	
'	PC	'	
er	ADV(type=pron)	erin	mw_133
de	PD(type=d-p,subtype=art,position=prenom)	de	
Kalkoen	NOU-C(number=sg)	kalkoen	
in	ADP(type=pre)	in	
die	PD(type=d-p,subtype=oth,position=prenom)	die	
doek	NOU-C(number=sg)	doek	
geknoopt	VRB(finiteness=pastpart)	knopen	
in	ADV(type=pron)	erin	mw_133
:	PC	:	
Neemt	VRB(finiteness=fin,tense=pres)	nemen	
dan	ADV(type=reg)	dan	
wat	PD(type=indef,subtype=oth,position=prenom)	wat	
thym	NOU-C(number=sg)	tijm	
,	PC	,	
wat	PD(type=indef,subtype=oth,position=prenom)	wat	
rosemaryn	NOU-C(number=sg)	rozemarijn	
,	PC	,	
en	CONJ(type=coor)	en	
fyne	AA(degree=pos,position=prenom)	fijn	
majolyn	NOU-C(number=sg)	marjolein	
,	PC	,	
en	CONJ(type=coor)	en	
wat	PD(type=indef,subtype=oth,position=prenom)	wat	
lauwrier-bladeren	NOU-C(number=pl)	laurierblad	
,	PC	,	
met	ADP(type=pre)	met	
wat	PD(type=indef,subtype=oth,position=prenom)	wat	
heele	AA(degree=pos,position=prenom)	heel	
foelie	NOU-C(number=sg)	foelie	
en	CONJ(type=coor)	en	
heele	AA(degree=pos,position=prenom)	heel	
peper	NOU-C(number=sg)	peper	
en	CONJ(type=coor)	en	
zout	NOU-C(number=sg)	zout	
,	PC	,	
en	CONJ(type=coor)	en	
doet	VRB(finiteness=fin,tense=pres)	doen	
dat	PD(type=d-p,position=free)	dat	
te	ADV(type=reg)	samen	mw_266
saamen	ADV(type=reg)	samen	mw_266
in	ADP(type=pre)	in	
een	PD(type=indef,subtype=art,position=prenom)	een	
doekje	NOU-C(number=sg)	doekje	
,	PC	,	
en	CONJ(type=coor)	en	
legt	VRB(finiteness=fin,tense=pres)	leggen	
het	PD(type=pers,position=free)	het	
in	ADP(type=pre)	in	
het	PD(type=d-p,subtype=art,position=prenom)	het	
nat	NOU-C(number=sg)	nat	
om	ADP(type=pre)	om	
'	PC	'	
er	ADV(type=pron)	erbij	mw_123
by	ADV(type=pron)	erbij	mw_123
te	ADP(type=pre)	te	
kooken	VRB(finiteness=inf)	koken	
;	PC	;	
en	CONJ(type=coor)	en	
als	CONJ(type=sub)	als	
de	PD(type=d-p,subtype=art,position=prenom)	de	
Kalkoen	NOU-C(number=sg)	kalkoen	
een	PD(type=indef,subtype=art,position=prenom)	een	
uur	NOU-C(number=sg)	uur	
of	CONJ(type=coor)	of	
anderhalf	NUM(type=card,position=free,representation=let)	anderhalf	
zo	ADV(type=reg)	zo	
gekookt	VRB(finiteness=pastpart)	koken	
heeft	VRB(finiteness=fin,tense=pres)	hebben	
,	PC	,	
zo	ADV(type=reg)	zo	
neemt	VRB(finiteness=fin,tense=pres)	afnemen	mw_74
ze	PD(type=pers,position=free)	zij	
af	VRB(finiteness=fin,tense=pres)	afnemen	mw_74
en	CONJ(type=coor)	en	
legt	VRB(finiteness=fin,tense=pres)	leggen	
ze	PD(type=pers,position=free)	zij	
in	ADP(type=pre)	in	
een	PD(type=indef,subtype=art,position=prenom)	een	
schotel	NOU-C(number=sg)	schotel	
,	PC	,	
en	CONJ(type=coor)	en	
doet	VRB(finiteness=fin,tense=pres)	doen	
'	PC	'	
er	ADV(type=pron)	eroverheen	mw_165
wat	PD(type=indef,subtype=oth,position=prenom)	wat	
schyfjes	NOU-C(number=pl)	schijfje	
Citroen	NOU-C(number=sg)	citroen	
over	ADV(type=pron)	eroverheen	mw_165
heen	ADV(type=pron)	eroverheen	mw_165
,	PC	,	
is	VRB(finiteness=fin,tense=pres)	zijn	
heel	AA(degree=pos,position=free)	heel	
goed	AA(degree=pos,position=free)	goed	
om	ADP(type=pre)	om	
met	ADP(type=pre)	met	
de	PD(type=d-p,subtype=art,position=prenom)	de	
volgende	AA(degree=pos,position=prenom)	volgend	
saus	NOU-C(number=sg)	saus	
gegeeten	VRB(finiteness=pastpart)	eten	
te	ADP(type=pre)	te	
worden	VRB(finiteness=inf)	worden	
.	PC	.	

Neemt	VRB(finiteness=fin,tense=pres)	nemen	
2	NUM(type=card,position=prenom,representation=dig)	twee	
ponden	NOU-C(number=pl)	pond	
meel	NOU-C(number=sg)	meelbloem	mw_365
bloem	NOU-C(number=sg)	meelbloem	mw_365
,	PC	,	
een	PD(type=indef,subtype=art,position=prenom)	een	
pond	NOU-C(number=sg)	pond	
korenten	NOU-C(number=pl)	krent	
die	PD(type=d-p,position=free)	die	
schoon	AA(degree=pos,position=free)	schoon	
verlezen	VRB(finiteness=pastpart)	verlezen	
en	CONJ(type=coor)	en	
gewasschen	VRB(finiteness=pastpart)	wassen	
zyn	VRB(finiteness=fin,tense=pres)	zijn	
;	PC	;	
een	PD(type=indef,subtype=art,position=prenom)	een	
half	AA(degree=pos,position=prenom)	half	
pond	NOU-C(number=sg)	pond	
rasynen	NOU-C(number=pl)	rozijn	
daar	ADV(type=pron)	daaruit	mw_414
men	PD(type=pers,position=free)	men	
de	PD(type=d-p,subtype=art,position=prenom)	de	
korrels	NOU-C(number=pl)	korrel	
uit	ADV(type=pron)	daaruit	mw_414
gepluist	VRB(finiteness=pastpart)	pluizen	
heeft	VRB(finiteness=fin,tense=pres)	hebben	
;	PC	;	
drie	NUM(type=card,position=prenom,representation=let)	drie	
vierendeel	NOU-C(number=sg)	vierendeel	
osse-niervet	NOU-C(number=sg)	ossenniervet	
in	ADP(type=pre)	in	
kleine	AA(degree=pos,position=prenom)	klein	
stukjes	NOU-C(number=pl)	stukje	
gesneden	VRB(finiteness=pastpart)	snijden	
,	PC	,	
8	NUM(type=card,position=prenom,representation=dig)	acht	
klein	AA(degree=pos,position=free)	klein	
geklopte	AA(degree=pos,position=prenom)	geklopt	
eijeren	NOU-C(number=pl)	ei	
;	PC	;	
anderhalve	NUM(type=card,position=prenom,representation=let)	anderhalf	
geraspte	AA(degree=pos,position=prenom)	geraspt	
notemuscaat	NOU-C(number=sg)	nootmuskaat	
;	PC	;	
voor	ADP(type=pre)	voor	
een	PD(type=indef,subtype=art,position=prenom)	een	
halve	AA(degree=pos,position=prenom)	half	
stuiver	NOU-C(number=sg)	stuiver	
gist	NOU-C(number=sg)	gist	
:	PC	:	
dit	PD(type=d-p,position=free)	dit	
te	ADV(type=reg)	samen	mw_269
samen	ADV(type=reg)	samen	mw_269
met	ADP(type=pre)	met	
wat	PD(type=indef,subtype=oth,position=prenom)	wat	
melk	NOU-C(number=sg)	melk	
heel	AA(degree=pos,position=free)	heel	
dik	AA(degree=pos,position=free)	dik	
beslagen	VRB(finiteness=pastpart)	beslaan	
en	CONJ(type=coor)	en	
wat	ADV(type=reg)	wat	
laaten	VRB(finiteness=inf)	laten	
ryzen	VRB(finiteness=inf)	rijzen	
,	PC	,	
en	CONJ(type=coor)	en	
dan	ADV(type=reg)	dan	
in	ADP(type=pre)	in	
een	PD(type=indef,subtype=art,position=prenom)	een	
doek	NOU-C(number=sg)	doek	
gedaan	VRB(finiteness=pastpart)	doen	
,	PC	,	
maar	CONJ(type=coor)	maar	
die	PD(type=d-p,position=free)	die	
niet	ADV(type=reg)	niet	
al	ADV(type=reg)	al	
te	ADV(type=reg)	te	
styf	AA(degree=pos,position=free)	stijf	
gebonden	VRB(finiteness=pastpart)	binden	
is	VRB(finiteness=fin,tense=pres)	zijn	
,	PC	,	
en	CONJ(type=coor)	en	
in	ADP(type=pre)	in	
de	PD(type=d-p,subtype=art,position=prenom)	de	
ketel	NOU-C(number=sg)	ketel	
een	PD(type=indef,subtype=art,position=prenom)	een	
uur	NOU-C(number=sg)	uur	
of	CONJ(type=coor)	of	
anderhalf	NUM(type=card,position=free,representation=let)	anderhalf	
laaten	VRB(finiteness=inf)	laten	
kooken	VRB(finiteness=inf)	koken	
in	ADP(type=pre)	in	
wat	PD(type=indef,subtype=oth,position=prenom)	wat	
vleeschnat	NOU-C(number=sg)	vleesnat	
,	PC	,	
is	VRB(finiteness=fin,tense=pres)	zijn	
heel	AA(degree=pos,position=free)	heel	
goed	AA(degree=pos,position=free)	goed	
.	PC	.	

De	PD(type=d-p,subtype=art,position=prenom)	de	
ongemeene	AA(degree=pos,position=prenom)	ongemeen	
liefde	NOU-C(number=sg)	liefde	
en	CONJ(type=coor)	en	
achting	NOU-C(number=sg)	achting	
,	PC	,	
waar	ADV(type=pron)	waarmede	mw_351
mede	ADV(type=pron)	waarmede	mw_351
gy	PD(type=pers,position=free)	gij	
dit	PD(type=d-p,subtype=oth,position=prenom)	dit	
Werkje	NOU-C(number=sg)	werkje	
hebt	VRB(finiteness=fin,tense=pres)	hebben	
ontfangen	VRB(finiteness=pastpart)	ontvangen	
,	PC	,	
heeft	VRB(finiteness=fin,tense=pres)	hebben	
niet	ADV(type=reg)	niet	
alleen	AA(degree=pos,position=free)	alleen	
onze	PD(type=poss,position=prenom)	ons	
verwagting	NOU-C(number=sg)	verwachting	
beantwoord	VRB(finiteness=pastpart)	beantwoorden	
,	PC	,	
als	CONJ(type=sub)	als	
overtuigt	AA(degree=pos,position=free)	overtuigd	
zynde	VRB(finiteness=prespart)	zijn	
van	ADP(type=pre)	van	
deszelfs	PD(type=d-p,subtype=oth,position=prenom)	dezelve	
waardy	NOU-C(number=sg)	waardij	
en	CONJ(type=coor)	en	
nuttigheid	NOU-C(number=sg)	nuttigheid	
;	PC	;	
maar	CONJ(type=coor)	maar	
wy	PD(type=pers,position=free)	wij	
moeten	VRB(finiteness=fin,tense=pres)	moeten	
het	PD(type=pers,position=free)	het	
bekennen	VRB(finiteness=inf)	bekennen	
,	PC	,	
zy	PD(type=pers,position=free)	zij	
is	VRB(finiteness=fin,tense=pres)	zijn	
dezelve	PD(type=d-p,position=free)	dezelve	
verre	AA(degree=pos,position=free)	ver	
te	ADP(type=pre)	te	
boven	ADV(type=reg)	boven	
gegaan	VRB(finiteness=pastpart)	gaan	
.	PC	.	

Dit	PD(type=d-p,position=free)	dit	
spoorde	VRB(finiteness=fin,tense=past)	aansporen	mw_330
ons	PD(type=pers,position=free)	wij	
aan	VRB(finiteness=fin,tense=past)	aansporen	mw_330
om	ADP(type=pre)	om	
by	ADP(type=pre)	bij	
eenige	PD(type=indef,subtype=oth,position=prenom)	enig	
ervarene	AA(degree=pos,position=prenom)	ervaren	
Menschen	NOU-C(number=pl)	mens	
,	PC	,	
in	ADP(type=pre)	in	
de	PD(type=d-p,subtype=art,position=prenom)	de	
Kunst	NOU-C(number=sg)	kunst	
van	ADP(type=pre)	van	
het	PD(type=d-p,subtype=art,position=prenom)	het	
Huishouden	NOU-C(number=sg)	huishouden	
,	PC	,	
zo	ADV(type=reg)	zowel	mw_380
wel	ADV(type=reg)	zowel	mw_380
Mannen	NOU-C(number=pl)	man	
als	CONJ(type=coor)	als	
Vrouwen	NOU-C(number=pl)	vrouw	
,	PC	,	
hun	PD(type=poss,position=prenom)	hun	
oordeel	NOU-C(number=sg)	oordeel	
hier	ADV(type=pron)	hierover	mw_203
over	ADV(type=pron)	hierover	mw_203
in	VRB(finiteness=inf)	innemen	mw_208
te	ADP(type=pre)	te	
neemen	VRB(finiteness=inf)	innemen	mw_208
,	PC	,	
die	PD(type=d-p,position=free)	die	
den	PD(type=d-p,subtype=art,position=prenom)	de	
verdienden	AA(degree=pos,position=prenom)	verdiend	
lof	NOU-C(number=sg)	lof	
daar	ADV(type=pron)	daaraan	mw_64
aan	ADV(type=pron)	daaraan	mw_64
gaven	VRB(finiteness=fin,tense=past)	geven	
:	PC	:	
Dog	CONJ(type=coor)	doch	
veelen	PD(type=indef,position=free)	veel	
waren	VRB(finiteness=fin,tense=past)	zijn	
van	ADP(type=pre)	van	
gevoelen	NOU-C(number=sg)	gevoelen	
,	PC	,	
dat	CONJ(type=sub)	dat	
aan	ADP(type=pre)	aan	
dit	PD(type=d-p,subtype=oth,position=prenom)	dit	
werkje	NOU-C(number=sg)	werkje	
nog	ADV(type=reg)	nog	
vry	AA(degree=pos,position=free)	vrij	
veel	PD(type=indef,position=free)	veel	
ontbrak	VRB(finiteness=fin,tense=past)	ontbreken	
,	PC	,	
om	ADP(type=pre)	om	
tot	ADP(type=pre)	tot	
een	PD(type=indef,subtype=art,position=prenom)	een	
algemeen	AA(degree=pos,position=prenom)	algemeen	
gebruik	NOU-C(number=sg)	gebruik	
te	ADP(type=pre)	te	
dienen	VRB(finiteness=inf)	dienen	
;	PC	;	
en	CONJ(type=coor)	en	
de	PD(type=d-p,subtype=art,position=prenom)	de	
meesten	NOU-C(number=pl)	meeste	
zogten	VRB(finiteness=fin,tense=past)	zoeken	
ons	PD(type=pers,position=free)	wij	
te	ADP(type=pre)	te	
bewegen	VRB(finiteness=inf)	bewegen	
om	ADP(type=pre)	om	
het	PD(type=d-p,position=free)	hetzelve	mw_199
zelve	PD(type=d-p,position=free)	hetzelve	mw_199
door	ADP(type=pre)	door	
een	PD(type=indef,subtype=art,position=prenom)	een	
Aanhangzel	NOU-C(number=sg)	aanhangsel	
te	ADP(type=pre)	te	
volmaaken	VRB(finiteness=inf)	volmaken	
;	PC	;	
ook	ADV(type=reg)	ook	
ondervonden	VRB(finiteness=fin,tense=past)	ondervinden	
wy	PD(type=pers,position=free)	wij	
,	PC	,	
dat	CONJ(type=sub)	dat	
de	PD(type=d-p,subtype=art,position=prenom)	de	
meeste	PD(type=indef,subtype=oth,position=prenom)	meest	
Dames	NOU-C(number=pl)	dame	
,	PC	,	
geschrevene	AA(degree=pos,position=prenom)	geschreven	
Kookboeken	NOU-C(number=pl)	kookboek	
hadden	VRB(finiteness=fin,tense=past)	hebben	
,	PC	,	
daar	ADV(type=pron)	daarin	mw_402
nog	ADV(type=reg)	nogal	mw_92
al	ADV(type=reg)	nogal	mw_92
iets	PD(type=indef,position=free)	iets	
in	ADV(type=pron)	daarin	mw_402
gevonden	VRB(finiteness=pastpart)	vinden	
wierd	VRB(finiteness=fin,tense=past)	worden	
het	PD(type=d-p,position=free)	hetgeen	mw_178
geen	PD(type=d-p,position=free)	hetgeen	mw_178
in	ADP(type=pre)	in	
het	PD(type=d-p,subtype=art,position=prenom)	het	
onze	NOU-C(number=sg)	onze	
ontbrak	VRB(finiteness=fin,tense=past)	ontbreken	
:	PC	:	
dierhalven	ADV(type=reg)	derhalve	
zo	ADV(type=reg)	zo	
hebben	VRB(finiteness=fin,tense=pres)	hebben	
wy	PD(type=pers,position=free)	wij	
deeze	PD(type=d-p,subtype=oth,position=prenom)	deze	
raad	NOU-C(number=sg)	raad	
ernstig	AA(degree=pos,position=free)	ernstig	
overwogen	VRB(finiteness=pastpart)	overwegen	
,	PC	,	
en	CONJ(type=coor)	en	
ondervonden	VRB(finiteness=pastpart)	ondervinden	
dat	CONJ(type=sub)	dat	
het	PD(type=d-p,subtype=art,position=prenom)	het	
gezegde	NOU-C(number=sg)	gezegde	
op	ADP(type=pre)	op	
zeer	AA(degree=pos,position=free)	zeer	
goede	AA(degree=pos,position=prenom)	goed	
gronden	NOU-C(number=pl)	grond	
steunden	VRB(finiteness=fin,tense=past)	steunen	
,	PC	,	
waarom	ADV(type=pron)	waarom	
wy	PD(type=pers,position=free)	wij	
aanstonds	ADV(type=reg)	aanstonds	
alle	PD(type=indef,subtype=oth,position=prenom)	al	
mogelyke	AA(degree=pos,position=prenom)	mogelijk	
moeiten	NOU-C(number=pl)	moeite	
hebben	VRB(finiteness=fin,tense=pres)	hebben	
aangewend	VRB(finiteness=pastpart)	aanwenden	
om	ADP(type=pre)	om	
die	PD(type=d-p,subtype=oth,position=prenom)	die	
handschriften	NOU-C(number=pl)	handschrift	
magtig	AA(degree=pos,position=free)	machtig	
te	ADP(type=pre)	te	
worden	VRB(finiteness=inf)	worden	
.	PC	.	

Ook	ADV(type=reg)	ook	
zagen	VRB(finiteness=fin,tense=past)	zien	
wy	PD(type=pers,position=free)	wij	
,	PC	,	
dat	CONJ(type=sub)	dat	
'	PC	'	
er	ADV(type=reg)	er	
van	ADP(type=pre)	van	
veele	PD(type=indef,subtype=oth,position=prenom)	veel	
Hollandsche	AA(degree=pos,position=prenom)	Hollands	
gerechten	NOU-C(number=pl)	gerecht	
,	PC	,	
of	CONJ(type=coor)	of	
die	PD(type=d-p,position=free)	die	
ten	ADV(type=reg)	tenminste	mw_294
minsten	ADV(type=reg)	tenminste	mw_294
by	ADP(type=pre)	bij	
ons	PD(type=pers,position=free)	wij	
genaturalizeerd	VRB(finiteness=pastpart)	naturaliseren	
zyn	VRB(finiteness=fin,tense=pres)	zijn	
,	PC	,	
in	ADP(type=pre)	in	
dit	PD(type=d-p,subtype=oth,position=prenom)	dit	
werkje	NOU-C(number=sg)	werkje	
niet	ADV(type=reg)	niet	
gesproken	VRB(finiteness=pastpart)	spreken	
wierd	VRB(finiteness=fin,tense=past)	worden	
:	PC	:	
Dat	CONJ(type=sub)	dat	
de	PD(type=d-p,subtype=art,position=prenom)	de	
Voorsny-Kunst	NOU-C(number=sg)	voorsnijkunst	
,	PC	,	
by	ADP(type=pre)	bij	
onze	PD(type=poss,position=prenom)	ons	
Jongelingen	NOU-C(number=pl)	jongeling	
weinig	ADV(type=reg)	weinig	
bekend	AA(degree=pos,position=free)	bekend	
was	VRB(finiteness=fin,tense=past)	zijn	
,	PC	,	
die	PD(type=d-p,position=free)	die	
daar	ADV(type=pron)	daardoor	mw_386
door	ADV(type=pron)	daardoor	mw_386
maar	ADV(type=reg)	maar	
een	PD(type=indef,subtype=art,position=prenom)	een	
geringe	AA(degree=pos,position=prenom)	gering	
figuur	NOU-C(number=sg)	figuur	
aan	ADP(type=pre)	aan	
de	PD(type=d-p,subtype=art,position=prenom)	de	
Tafels	NOU-C(number=pl)	tafel	
,	PC	,	
in	ADP(type=pre)	in	
het	PD(type=d-p,subtype=art,position=prenom)	het	
Voordienen	NOU-C(number=sg)	voordienen	
der	PD(type=d-p,subtype=art,position=prenom)	de	
Vrouwen	NOU-C(number=pl)	vrouw	
en	CONJ(type=coor)	en	
andere	PD(type=indef,subtype=oth,position=prenom)	ander	
Gasten	NOU-C(number=pl)	gast	
,	PC	,	
maakten	VRB(finiteness=fin,tense=past)	maken	
,	PC	,	
het	PD(type=d-p,position=free)	hetgeen	mw_179
geen	PD(type=d-p,position=free)	hetgeen	mw_179
men	PD(type=pers,position=free)	men	
met	ADP(type=pre)	met	
regt	NOU-C(number=sg)	recht	
als	CONJ(type=sub)	als	
een	PD(type=indef,subtype=art,position=prenom)	een	
groote	AA(degree=pos,position=prenom)	groot	
feil	NOU-C(number=sg)	feil	
in	ADP(type=pre)	in	
de	PD(type=d-p,subtype=art,position=prenom)	de	
opvoeding	NOU-C(number=sg)	opvoeding	
,	PC	,	
waar	ADV(type=pron)	waardoor	mw_97
door	ADV(type=pron)	waardoor	mw_97
hunne	PD(type=poss,position=prenom)	hun	
natuurlyke	AA(degree=pos,position=prenom)	natuurlijk	
bevalligheid	NOU-C(number=sg)	bevalligheid	
verduisterd	VRB(finiteness=pastpart)	verduisteren	
wierd	VRB(finiteness=fin,tense=past)	worden	
,	PC	,	
konden	VRB(finiteness=fin,tense=past)	kunnen	
aanmerken	VRB(finiteness=inf)	aanmerken	
:	PC	:	
Dat	CONJ(type=sub)	dat	
het	PD(type=pers,position=free)	het	
in	ADP(type=pre)	in	
Gastmalen	NOU-C(number=pl)	gastmaal	
niet	ADV(type=reg)	niet	
genoeg	PD(type=indef,position=free)	genoeg	
is	VRB(finiteness=fin,tense=pres)	zijn	
de	PD(type=d-p,subtype=art,position=prenom)	de	
spyzen	NOU-C(number=pl)	spijs	
in	ADP(type=pre)	in	
een	PD(type=indef,subtype=art,position=prenom)	een	
welgeschikte	AA(degree=pos,position=prenom)	welgeschikt	
order	NOU-C(number=sg)	order	
op	VRB(finiteness=inf)	opdissen	mw_2
te	ADP(type=pre)	te	
disschen	VRB(finiteness=inf)	opdissen	mw_2
,	PC	,	
maar	CONJ(type=coor)	maar	
dat	CONJ(type=sub)	dat	
het	PD(type=d-p,subtype=art,position=prenom)	het	
cierlyk	AA(degree=pos,position=free)	sierlijk	
dekken	NOU-C(number=sg)	dekken	
der	PD(type=d-p,subtype=art,position=prenom)	de	
Tafels	NOU-C(number=pl)	tafel	
een	PD(type=indef,subtype=art,position=prenom)	een	
zeer	AA(degree=pos,position=free)	zeer	
bevallige	AA(degree=pos,position=prenom)	bevallig	
zaak	NOU-C(number=sg)	zaak	
is	VRB(finiteness=fin,tense=pres)	zijn	
,	PC	,	
die	PD(type=d-p,position=free)	die	
de	PD(type=d-p,subtype=art,position=prenom)	de	
Gasten	NOU-C(number=pl)	gast	
een	PD(type=indef,subtype=art,position=prenom)	een	
verheven	AA(degree=pos,position=prenom)	verheven	
denkbeeld	NOU-C(number=sg)	denkbeeld	
geeft	VRB(finiteness=fin,tense=pres)	geven	
van	ADP(type=pre)	van	
de	PD(type=d-p,subtype=art,position=prenom)	de	
bekwaamheid	NOU-C(number=sg)	bekwaamheid	
dier	PD(type=d-p,position=free)	die	
geener	PD(type=d-p,position=free)	gene	
aan	ADP(type=pre)	aan	
wien	PD(type=w-p,position=free)	wie	
de	PD(type=d-p,subtype=art,position=prenom)	de	
zorge	NOU-C(number=sg)	zorg	
daar	ADV(type=pron)	daarvan	mw_38
van	ADV(type=pron)	daarvan	mw_38
is	VRB(finiteness=fin,tense=pres)	zijn	
toevertrouwt	VRB(finiteness=pastpart)	toevertrouwen	
;	PC	;	
dat	CONJ(type=sub)	dat	
het	PD(type=pers,position=free)	het	
dierhalven	ADV(type=reg)	derhalve	
noodig	AA(degree=pos,position=free)	nodig	
was	VRB(finiteness=fin,tense=past)	zijn	
,	PC	,	
de	PD(type=d-p,subtype=art,position=prenom)	de	
Wyze	NOU-C(number=sg)	wijze	
hoe	ADV(type=reg)	hoe	
men	PD(type=pers,position=free)	men	
allerhande	PD(type=indef,subtype=oth,position=prenom)	allerhande	
Tafelgoed	NOU-C(number=sg)	tafelgoed	
cierlyk	AA(degree=pos,position=free)	sierlijk	
kan	VRB(finiteness=fin,tense=pres)	kunnen	
vouwen	VRB(finiteness=inf)	vouwen	
,	PC	,	
hierby	ADV(type=pron)	hierbij	
te	ADP(type=pre)	te	
voegen	VRB(finiteness=inf)	voegen	
:	PC	:	
eindelyk	ADV(type=reg)	eindelijk	
wierden	VRB(finiteness=fin,tense=past)	worden	
ons	PD(type=pers,position=free)	wij	
ook	ADV(type=reg)	ook	
nog	ADV(type=reg)	nog	
eenige	PD(type=indef,subtype=oth,position=prenom)	enig	
beproefde	AA(degree=pos,position=prenom)	beproefd	
Huismiddelen	NOU-C(number=pl)	huismiddel	
ter	ADP(type=pre)+PD(type=d-p,subtype=art,position=prenom)	te+de	
hand	NOU-C(number=sg)	hand	
gesteld	VRB(finiteness=pastpart)	stellen	
,	PC	,	
dien	PD(type=d-p,position=free)	die	
wy	PD(type=pers,position=free)	wij	
om	ADP(type=pre)	om	
derzelver	PD(type=d-p,subtype=oth,position=prenom)	dezelve	
nuttigheid	NOU-C(number=sg)	nuttigheid	
noodig	AA(degree=pos,position=free)	nodig	
oordeelden	VRB(finiteness=fin,tense=past)	oordelen	
daar	ADV(type=pron)	daarbij	mw_13
by	ADV(type=pron)	daarbij	mw_13
te	ADP(type=pre)	te	
voegen	VRB(finiteness=inf)	voegen	
;	PC	;	
schoon	CONJ(type=sub)	schoon	
wy	PD(type=pers,position=free)	wij	
dit	PD(type=d-p,position=free)	dit	
zeer	AA(degree=pos,position=free)	zeer	
spaarzaam	AA(degree=pos,position=free)	spaarzaam	
gedaan	VRB(finiteness=pastpart)	doen	
hebben	VRB(finiteness=fin,tense=pres)	hebben	
,	PC	,	
gebruikende	VRB(finiteness=prespart)	gebruiken	
alleen	AA(degree=pos,position=free)	alleen	
zodanige	PD(type=d-p,subtype=oth,position=prenom)	zodanig	
middelen	NOU-C(number=pl)	middel	
die	PD(type=d-p,position=free)	die	
beproefd	VRB(finiteness=pastpart)	beproeven	
,	PC	,	
en	CONJ(type=coor)	en	
volmaakt	AA(degree=pos,position=free)	volmaakt	
goed	AA(degree=pos,position=free)	goed	
bevonden	VRB(finiteness=pastpart)	bevinden	
zyn	VRB(finiteness=fin,tense=pres)	zijn	
;	PC	;	
die	PD(type=d-p,position=free)	die	
ligt	AA(degree=pos,position=free)	licht	
toebereid	VRB(finiteness=pastpart)	toebereiden	
konnen	VRB(finiteness=fin,tense=pres)	kunnen	
worden	VRB(finiteness=inf)	worden	
,	PC	,	
en	CONJ(type=coor)	en	
die	PD(type=d-p,position=free)	die	
tegens	ADP(type=pre)	tegens	
de	PD(type=d-p,subtype=art,position=prenom)	de	
gemeenste	AA(degree=sup,position=prenom)	gemeen	
quaalen	NOU-C(number=pl)	kwaal	
van	ADP(type=pre)	van	
een	PD(type=indef,subtype=art,position=prenom)	een	
algemeen	AA(degree=pos,position=prenom)	algemeen	
gebruik	NOU-C(number=sg)	gebruik	
zyn	VRB(finiteness=fin,tense=pres)	zijn	
,	PC	,	
dewyl	CONJ(type=sub)	dewijl	
men	PD(type=pers,position=free)	men	
zoude	VRB(finiteness=fin,tense=past)	zullen	
konnen	VRB(finiteness=inf)	kunnen	
zeggen	VRB(finiteness=inf)	zeggen	
,	PC	,	
de	PD(type=d-p,subtype=art,position=prenom)	de	
Huismiddelen	NOU-C(number=pl)	huismiddel	
behooren	VRB(finiteness=fin,tense=pres)	behoren	
niet	ADV(type=reg)	niet	
tot	ADP(type=pre)	tot	
de	PD(type=d-p,subtype=art,position=prenom)	de	
Kook-Kunst	NOU-C(number=sg)	kookkunst	
of	CONJ(type=coor)	of	
het	PD(type=d-p,subtype=art,position=prenom)	het	
tracteeren	NOU-C(number=sg)	trakteren	
der	PD(type=d-p,subtype=art,position=prenom)	de	
Gasten	NOU-C(number=pl)	gast	
.	PC	.	

Wy	PD(type=pers,position=free)	wij	
bekennen	VRB(finiteness=fin,tense=pres)	bekennen	
het	PD(type=pers,position=free)	het	
,	PC	,	
dog	CONJ(type=coor)	doch	
zy	PD(type=pers,position=free)	zij	
zyn	VRB(finiteness=fin,tense=pres)	zijn	
daarom	ADV(type=pron)	daarom	
niet	ADV(type=reg)	niet	
minder	ADV(type=reg)	minder	
van	ADP(type=pre)	van	
een	PD(type=indef,subtype=art,position=prenom)	een	
nuttig	AA(degree=pos,position=prenom)	nuttig	
gebruik	NOU-C(number=sg)	gebruik	
,	PC	,	
zo	ADV(type=reg)	zo	
niet	ADV(type=reg)	niet	
volstrekt	AA(degree=pos,position=free)	volstrekt	
nootzakelyk	AA(degree=pos,position=free)	noodzakelijk	
in	ADP(type=pre)	in	
een	PD(type=indef,subtype=art,position=prenom)	een	
Huishouden	NOU-C(number=sg)	huishouden	
,	PC	,	
en	CONJ(type=coor)	en	
daarom	ADV(type=pron)	daarom	
zyn	VRB(finiteness=fin,tense=pres)	zijn	
ze	PD(type=pers,position=free)	zij	
hier	ADV(type=reg)	hier	
ingevoegd	VRB(finiteness=pastpart)	invoegen	
.	PC	.	

Wy	PD(type=pers,position=free)	wij	
zeggen	VRB(finiteness=fin,tense=pres)	dankzeggen	mw_39
UWE	PD(type=pers,position=free,WF=abbr)	U Ed.	
,	PC	,	
niet	ADV(type=reg)	niet	
alleen	AA(degree=pos,position=free)	alleen	
dank	VRB(finiteness=fin,tense=pres)	dankzeggen	mw_39
wegens	ADP(type=pre)	wegens	
de	PD(type=d-p,subtype=art,position=prenom)	de	
achting	NOU-C(number=sg)	achting	
die	PD(type=d-p,position=free)	die	
gy	PD(type=pers,position=free)	gij	
tot	ADP(type=pre)	tot	
nu	ADV(type=reg)	nu	
toe	ADV(type=reg)	toe	
voor	ADP(type=pre)	voor	
ons	PD(type=poss,position=prenom)	ons	
Werk	NOU-C(number=sg)	werk	
betoond	VRB(finiteness=pastpart)	betonen	
hebt	VRB(finiteness=fin,tense=pres)	hebben	
;	PC	;	
maar	CONJ(type=coor)	maar	
wy	PD(type=pers,position=free)	wij	
betuigen	VRB(finiteness=fin,tense=pres)	betuigen	
in	ADP(type=pre)	in	
't	PD(type=d-p,subtype=art,position=prenom)	het	
openbaar	NOU-C(number=sg)	openbaar	
dat	CONJ(type=sub)	dat	
wy	PD(type=pers,position=free)	wij	
dit	PD(type=d-p,subtype=oth,position=prenom)	dit	
Aanhangzel	NOU-C(number=sg)	aanhangsel	
,	PC	,	
meestendeelen	ADV(type=reg)	meestendeel	
verpligt	VRB(finiteness=pastpart)	verplichten	
zyn	VRB(finiteness=fin,tense=pres)	zijn	
,	PC	,	
aan	ADP(type=pre)	aan	
die	PD(type=d-p,subtype=oth,position=prenom)	die	
Mevrouwen	NOU-C(number=pl)	mevrouw	
en	CONJ(type=coor)	en	
Juffrouwen	NOU-C(number=pl)	juffrouw	
,	PC	,	
die	PD(type=d-p,position=free)	die	
ons	PD(type=pers,position=free)	wij	
haare	PD(type=poss,position=prenom)	haar	
Handschriften	NOU-C(number=pl)	handschrift	
hebben	VRB(finiteness=fin,tense=pres)	hebben	
gelieven	VRB(finiteness=inf)	gelieven	
toe	VRB(finiteness=inf)	toevertrouwen	mw_297
te	ADP(type=pre)	te	
vertrouwen	VRB(finiteness=inf)	toevertrouwen	mw_297
.	PC	.	

Wy	PD(type=pers,position=free)	wij	
bedanken	VRB(finiteness=fin,tense=pres)	bedanken	
Haar	PD(type=poss,position=prenom)	haar	
E.	NOU-C(number=sg,WF=abbr)	edelheid	
met	ADP(type=pre)	met	
een	PD(type=indef,subtype=art,position=prenom)	een	
opregte	AA(degree=pos,position=prenom)	oprecht	
erkentenisse	NOU-C(number=sg)	erkentenis	
;	PC	;	
en	CONJ(type=coor)	en	
alle	PD(type=indef,position=free)	al	
,	PC	,	
die	PD(type=d-p,position=free)	die	
hier	ADV(type=pron)	hieruit	mw_204
uit	ADV(type=pron)	hieruit	mw_204
eenig	PD(type=indef,subtype=oth,position=prenom)	enig	
nut	NOU-C(number=sg)	nut	
komen	VRB(finiteness=fin,tense=pres)	komen	
te	ADP(type=pre)	te	
trekken	VRB(finiteness=inf)	trekken	
,	PC	,	
zyn	VRB(finiteness=fin,tense=pres)	zijn	
meer	ADV(type=reg)	meer	
aan	ADP(type=pre)	aan	
Haar	PD(type=poss,position=prenom)	haar	
E.	NOU-C(number=sg,WF=abbr)	edelheid	
dan	CONJ(type=sub)	dan	
aan	ADP(type=pre)	aan	
ons	PD(type=pers,position=free)	wij	
verpligt	VRB(finiteness=pastpart)	verplichten	
;	PC	;	
waarom	ADV(type=pron)	waarom	
wy	PD(type=pers,position=free)	wij	
haar	PD(type=poss,position=prenom)	haar	
E.	NOU-C(number=sg,WF=abbr)	edelheid	
van	ADP(type=pre)	van	
herte	NOU-C(number=sg)	hart	
voor	ADP(type=pre)	voor	
derzelver	PD(type=d-p,subtype=oth,position=prenom)	dezelve	
goedheid	NOU-C(number=sg)	goedheid	
bedanken	VRB(finiteness=fin,tense=pres)	bedanken	
:	PC	:	
Die	PD(type=d-p,subtype=oth,position=prenom)	die	
menschen	NOU-C(number=pl)	mens	
welke	PD(type=w-p,position=free)	welk	
ons	PD(type=pers,position=free)	wij	
wilde	VRB(finiteness=fin,tense=past)	willen	
doen	VRB(finiteness=inf)	doen	
besluiten	VRB(finiteness=inf)	besluiten	
om	ADP(type=pre)	om	
een	PD(type=indef,subtype=art,position=prenom)	een	
reeks	NOU-C(number=sg)	reeks	
van	ADP(type=pre)	van	
beproefde	AA(degree=pos,position=prenom)	beproefd	
Geneesmiddelen	NOU-C(number=pl)	geneesmiddel	
,	PC	,	
tegens	ADP(type=pre)	tegens	
alle	PD(type=indef,subtype=oth,position=prenom)	al	
bekende	AA(degree=pos,position=prenom)	bekend	
quaalen	NOU-C(number=pl)	kwaal	
,	PC	,	
hier	ADV(type=reg)	hier	
in	VRB(finiteness=inf)	invoegen	mw_209
te	ADP(type=pre)	te	
voegen	VRB(finiteness=inf)	invoegen	mw_209
,	PC	,	
zullen	VRB(finiteness=fin,tense=pres)	zullen	
het	PD(type=pers,position=free)	het	
dan	ADV(type=reg)	dan	
niet	ADV(type=reg)	niet	
qualyk	AA(degree=pos,position=free)	kwalijk	
neemen	VRB(finiteness=inf)	nemen	
dat	CONJ(type=sub)	dat	
wy	PD(type=pers,position=free)	wij	
hun	PD(type=poss,position=prenom)	hun	
verzoek	NOU-C(number=sg)	verzoek	
en	CONJ(type=coor)	en	
raad	NOU-C(number=sg)	raad	
,	PC	,	
om	ADP(type=pre)	om	
deeze	PD(type=d-p,subtype=oth,position=prenom)	deze	
redenen	NOU-C(number=pl)	reden	
hebben	VRB(finiteness=fin,tense=pres)	hebben	
van	ADP(type=pre)	van	
de	PD(type=d-p,subtype=art,position=prenom)	de	
hand	NOU-C(number=sg)	hand	
gewezen	VRB(finiteness=pastpart)	wijzen	
,	PC	,	
als	CONJ(type=sub)	als	
niet	ADV(type=reg)	niet	
volstrekt	AA(degree=pos,position=free)	volstrekt	
tot	ADP(type=pre)	tot	
ons	PD(type=poss,position=prenom)	ons	
onderwerp	NOU-C(number=sg)	onderwerp	
behoorende	VRB(finiteness=prespart)	behoren	
,	PC	,	
dewyl	CONJ(type=sub)	dewijl	
dit	PD(type=d-p,position=free)	dit	
beeter	AA(degree=comp,position=free)	beter	
in	ADP(type=pre)	in	
een	PD(type=indef,subtype=art,position=prenom)	een	
Huis-Apotheek	NOU-C(number=sg)	huisapotheek	
zoude	VRB(finiteness=fin,tense=past)	zullen	
voegen	VRB(finiteness=inf)	voegen	
;	PC	;	
en	CONJ(type=coor)	en	
het	PD(type=pers,position=free)	het	
is	VRB(finiteness=fin,tense=pres)	zijn	
genoeg	PD(type=indef,position=free)	genoeg	
volgens	ADP(type=pre)	volgens	
ons	PD(type=poss,position=prenom)	ons	
oogwit	NOU-C(number=sg)	oogwit	
,	PC	,	
het	PD(type=d-p,subtype=art,position=prenom)	het	
noodigste	NOU-C(number=sg)	nodigste	
aan	VRB(finiteness=inf)	aanhalen	mw_65
te	ADP(type=pre)	te	
haalen	VRB(finiteness=inf)	aanhalen	mw_65
,	PC	,	
gelyk	CONJ(type=sub)	gelijk	
geschied	VRB(finiteness=pastpart)	geschieden	
is	VRB(finiteness=fin,tense=pres)	zijn	
.	PC	.	

Neemt	VRB(finiteness=fin,tense=pres)	nemen	
25	NUM(type=card,position=prenom,representation=dig)	vijfentwintig	
ponden	NOU-C(number=pl)	pond	
varkens-vleesch	NOU-C(number=sg)	varkensvlees	
,	PC	,	
half	AA(degree=pos,position=free)	half	
mager	AA(degree=pos,position=free)	mager	
en	CONJ(type=coor)	en	
half	AA(degree=pos,position=free)	half	
vet	AA(degree=pos,position=free)	vet	
;	PC	;	
kapt	VRB(finiteness=fin,tense=pres)	kappen	
die	PD(type=d-p,position=free)	die	
ter	ADV(type=reg)	terdege	mw_55
degen	ADV(type=reg)	terdege	mw_55
klein	AA(degree=pos,position=free)	klein	
:	PC	:	
doet	VRB(finiteness=fin,tense=pres)	doen	
daar	ADV(type=pron)	daarbij	mw_11
by	ADV(type=pron)	daarbij	mw_11
een	PD(type=indef,subtype=art,position=prenom)	een	
pond	NOU-C(number=sg)	pond	
zout	NOU-C(number=sg)	zout	
,	PC	,	
en	CONJ(type=coor)	en	
omtrent	ADV(type=reg)	omtrent	
vier	NUM(type=card,position=prenom,representation=let)	vier	
oncen	NOU-C(number=pl)	once	
heele	AA(degree=pos,position=prenom)	heel	
peper	NOU-C(number=sg)	peper	
,	PC	,	
met	ADP(type=pre)	met	
een	PD(type=indef,subtype=art,position=prenom)	een	
pond	NOU-C(number=sg)	pond	
varkens	NOU-C(number=sg)	varkensbloed	mw_103
bloed	NOU-C(number=sg)	varkensbloed	mw_103
en	CONJ(type=coor)	en	
een	PD(type=indef,subtype=art,position=prenom)	een	
pintje	NOU-C(number=sg)	pintje	
witte	AA(degree=pos,position=prenom)	wit	
wyn	NOU-C(number=sg)	wijn	
,	PC	,	
en	CONJ(type=coor)	en	
dit	PD(type=d-p,position=free)	dit	
moet	VRB(finiteness=fin,tense=pres)	moeten	
men	PD(type=pers,position=free)	men	
wel	ADV(type=reg)	wel	
een	PD(type=indef,subtype=art,position=prenom)	een	
quartier	NOU-C(number=sg)	kwartier	
uurs	NOU-C(number=sg)	uur	
door	VRB(finiteness=inf)	dooreenkneden	mw_89
een	VRB(finiteness=inf)	dooreenkneden	mw_89
kneeden	VRB(finiteness=inf)	dooreenkneden	mw_89
;	PC	;	
dan	ADV(type=reg)	dan	
stopt	VRB(finiteness=fin,tense=pres)	stoppen	
men	PD(type=pers,position=free)	men	
dit	PD(type=d-p,position=free)	dit	
in	ADP(type=pre)	in	
wyde	AA(degree=pos,position=prenom)	wijd	
osse-darmen	NOU-C(number=pl)	ossendarm	
;	PC	;	
dog	CONJ(type=coor)	doch	
dewyl	CONJ(type=sub)	dewijl	
men	PD(type=pers,position=free)	men	
dezelve	PD(type=d-p,position=free)	dezelve	
zo	ADV(type=reg)	zo	
styf	AA(degree=pos,position=free)	stijf	
moet	VRB(finiteness=fin,tense=pres)	moeten	
stoppen	VRB(finiteness=inf)	stoppen	
als	CONJ(type=sub)	als	
het	PD(type=pers,position=free)	het	
maar	ADV(type=reg)	maar	
doenlyk	AA(degree=pos,position=free)	doenlijk	
is	VRB(finiteness=fin,tense=pres)	zijn	
,	PC	,	
en	CONJ(type=coor)	en	
de	PD(type=d-p,subtype=art,position=prenom)	de	
darmen	NOU-C(number=pl)	darm	
,	PC	,	
daar	ADV(type=pron)	daardoor	mw_15
door	ADV(type=pron)	daardoor	mw_15
ligt	AA(degree=pos,position=free)	licht	
komen	VRB(finiteness=fin,tense=pres)	komen	
te	ADP(type=pre)	te	
barsten	VRB(finiteness=inf)	barsten	
,	PC	,	
zo	ADV(type=reg)	zo	
bewind	VRB(finiteness=fin,tense=pres)	bewinden	
men	PD(type=pers,position=free)	men	
die	PD(type=d-p,position=free)	die	
met	ADP(type=pre)	met	
een	PD(type=indef,subtype=art,position=prenom)	een	
schoon	AA(degree=pos,position=prenom)	schoon	
servet	NOU-C(number=sg)	servet	
,	PC	,	
om	ADP(type=pre)	om	
zulks	PD(type=d-p,position=free)	zulks	
te	ADP(type=pre)	te	
beletten	VRB(finiteness=inf)	beletten	
:	PC	:	
als	CONJ(type=sub)	als	
men	PD(type=pers,position=free)	men	
die	PD(type=d-p,position=free)	die	
gestopt	VRB(finiteness=pastpart)	stoppen	
heeft	VRB(finiteness=fin,tense=pres)	hebben	
bind	VRB(finiteness=fin,tense=pres)	afbinden	mw_75
men	PD(type=pers,position=free)	men	
ze	PD(type=pers,position=free)	zij	
zo	ADV(type=reg)	zolang	mw_421
lang	ADV(type=reg)	zolang	mw_421
af	VRB(finiteness=fin,tense=pres)	afbinden	mw_75
,	PC	,	
als	CONJ(type=sub)	als	
de	PD(type=d-p,subtype=art,position=prenom)	de	
Saucysen	NOU-C(number=pl)	saucijs	
die	PD(type=d-p,position=free)	die	
van	ADP(type=pre)	van	
Boulogne	NOU-P	Boulogne	
komen	VRB(finiteness=fin,tense=pres)	komen	
gemeenlyk	AA(degree=pos,position=free)	gemeenlijk	
zyn	VRB(finiteness=fin,tense=pres)	zijn	
:	PC	:	
Hangt	VRB(finiteness=fin,tense=pres)	hangen	
ze	PD(type=pers,position=free)	zij	
dan	ADV(type=reg)	dan	
in	ADP(type=pre)	in	
de	PD(type=d-p,subtype=art,position=prenom)	de	
lucht	NOU-C(number=sg)	lucht	
te	ADP(type=pre)	te	
droogen	VRB(finiteness=inf)	drogen	
,	PC	,	
of	CONJ(type=coor)	of	
in	ADP(type=pre)	in	
de	PD(type=d-p,subtype=art,position=prenom)	de	
schoorsteen	NOU-C(number=sg)	schoorsteen	
te	ADP(type=pre)	te	
rooken	VRB(finiteness=inf)	roken	
,	PC	,	
maar	CONJ(type=coor)	maar	
ze	PD(type=pers,position=free)	zij	
moeten	VRB(finiteness=fin,tense=pres)	moeten	
niet	ADV(type=reg)	niet	
te	ADV(type=reg)	te	
warm	AA(degree=pos,position=free)	warm	
hangen	VRB(finiteness=inf)	hangen	
,	PC	,	
nog	ADV(type=reg)	nog	
mogen	VRB(finiteness=fin,tense=pres)	mogen	
malkanderen	PD(type=recip,position=free)	malkander	
niet	ADV(type=reg)	niet	
raaken	VRB(finiteness=inf)	raken	
:	PC	:	
als	CONJ(type=sub)	als	
ze	PD(type=pers,position=free)	zij	
zo	ADV(type=reg)	zo	
genoeg	ADV(type=reg)	genoeg	
gedroogt	VRB(finiteness=pastpart)	drogen	
of	CONJ(type=coor)	of	
gerookt	VRB(finiteness=pastpart)	roken	
zyn	VRB(finiteness=fin,tense=pres)	zijn	
,	PC	,	
doet	VRB(finiteness=fin,tense=pres)	doen	
men	PD(type=pers,position=free)	men	
'	PC	'	
er	ADV(type=pron)	eraf	mw_149
het	PD(type=d-p,subtype=art,position=prenom)	het	
stof	NOU-C(number=sg)	stof	
schoon	AA(degree=pos,position=free)	schoon	
af	ADV(type=pron)	eraf	mw_149
,	PC	,	
en	CONJ(type=coor)	en	
men	PD(type=pers,position=free)	men	
bestrykt	VRB(finiteness=fin,tense=pres)	bestrijken	
ze	PD(type=pers,position=free)	zij	
met	ADP(type=pre)	met	
wat	PD(type=indef,subtype=oth,position=prenom)	wat	
oly	NOU-C(number=sg)	olie	
van	ADP(type=pre)	van	
Olyven	NOU-C(number=pl)	olijf	
,	PC	,	
en	CONJ(type=coor)	en	
men	PD(type=pers,position=free)	men	
legt	VRB(finiteness=fin,tense=pres)	leggen	
ze	PD(type=pers,position=free)	zij	
in	ADP(type=pre)	in	
een	PD(type=indef,subtype=art,position=prenom)	een	
verglaasde	AA(degree=pos,position=prenom)	verglaasd	
pot	NOU-C(number=sg)	pot	
,	PC	,	
met	ADP(type=pre)	met	
een	PD(type=indef,subtype=art,position=prenom)	een	
dekzel	NOU-C(number=sg)	deksel	
daar	ADV(type=pron)	daarop	mw_32
op	ADV(type=pron)	daarop	mw_32
,	PC	,	
wanneer	CONJ(type=sub)	wanneer	
men	PD(type=pers,position=free)	men	
die	PD(type=d-p,position=free)	die	
zeer	AA(degree=pos,position=free)	zeer	
lang	AA(degree=pos,position=free)	lang	
kan	VRB(finiteness=fin,tense=pres)	kunnen	
bewaaren	VRB(finiteness=inf)	bewaren	
,	PC	,	
is	VRB(finiteness=fin,tense=pres)	zijn	
een	PD(type=indef,subtype=art,position=prenom)	een	
excellent	AA(degree=pos,position=prenom)	excellent	
eeten	NOU-C(number=sg)	eten	
.	PC	.	

III	NUM(type=ord,position=prenom,representation=rom)	derde	
.	PC	.	

Hoofdstuk	NOU-C(number=sg)	hoofdstuk	
.	PC	.	

Aanhangzel	NOU-C(number=sg)	aanhangsel	
.	PC	.	

Van	ADP(type=pre)	van	
het	PD(type=d-p,subtype=art,position=prenom)	het	
I.	NUM(type=ord,position=prenom,representation=rom)	eerste	
Stuk	NOU-C(number=sg)	stuk	
,	PC	,	
van	ADP(type=pre)	van	
Pag	NOU-C(number=sg,WF=abbr)	pagina	
.	PC	.	

49	NUM(type=card,position=postnom,representation=dig)	negenenveertig	
tot	ADP(type=pre)	tot	
63	NUM(type=card,position=postnom,representation=dig)	drieënzestig	
.	PC	.	

Braaden	NOU-C(number=sg)	braden	
aan	ADP(type=pre)	aan	
't	PD(type=d-p,subtype=art,position=prenom)	het	
spit	NOU-C(number=sg)	spit	
,	PC	,	
in	ADP(type=pre)	in	
de	PD(type=d-p,subtype=art,position=prenom)	de	
pot	NOU-C(number=sg)	pot	
,	PC	,	
in	ADP(type=pre)	in	
den	PD(type=d-p,subtype=art,position=prenom)	de	
Oven	NOU-C(number=sg)	oven	
en	CONJ(type=coor)	en	
op	ADP(type=pre)	op	
de	PD(type=d-p,subtype=art,position=prenom)	de	
Rooster	NOU-C(number=sg)	rooster	
van	ADP(type=pre)	van	
allerhande	PD(type=indef,subtype=oth,position=prenom)	allerhande	
vleesch	NOU-C(number=sg)	vlees	
,	PC	,	
gevogelten	NOU-C(number=pl)	gevogelte	
,	PC	,	
vis	NOU-C(number=sg)	vis	
&c.	ADV(type=reg,WF=abbr)	et cetera	
met	ADP(type=pre)	met	
de	PD(type=d-p,subtype=art,position=prenom)	de	
byzondere	AA(degree=pos,position=prenom)	bijzonder	
sausen	NOU-C(number=pl)	saus	
die	PD(type=d-p,position=free)	die	
daar	ADV(type=pron)	daartoe	mw_34
toe	ADV(type=pron)	daartoe	mw_34
gebruikt	VRB(finiteness=pastpart)	gebruiken	
konnen	VRB(finiteness=fin,tense=pres)	kunnen	
worden	VRB(finiteness=inf)	worden	
.	PC	.	

Raspt	VRB(finiteness=fin,tense=pres)	raspen	
uwe	PD(type=poss,position=prenom)	uw	
Citroenen	NOU-C(number=pl)	citroen	
fyn	AA(degree=pos,position=free)	fijn	
;	PC	;	
en	CONJ(type=coor)	en	
legt	VRB(finiteness=fin,tense=pres)	leggen	
het	PD(type=pers,position=free)	het	
wat	ADV(type=reg)	wat	
op	ADP(type=pre)	op	
een	PD(type=indef,subtype=art,position=prenom)	een	
Tafelbord	NOU-C(number=sg)	tafelbord	
te	ADP(type=pre)	te	
droogen	VRB(finiteness=inf)	drogen	
.	PC	.	

Handelt	VRB(finiteness=fin,tense=pres)	handelen	
ondertusschen	ADV(type=reg)	ondertussen	
met	ADP(type=pre)	met	
de	PD(type=d-p,subtype=art,position=prenom)	de	
zuiker	NOU-C(number=sg)	suiker	
gelyk	CONJ(type=sub)	gelijk	
wy	PD(type=pers,position=free)	wij	
gezegt	VRB(finiteness=pastpart)	zeggen	
hebben	VRB(finiteness=fin,tense=pres)	hebben	
,	PC	,	
dog	CONJ(type=coor)	doch	
de	PD(type=d-p,subtype=art,position=prenom)	de	
Syroop	NOU-C(number=sg)	siroop	
laat	VRB(finiteness=fin,tense=pres)	laten	
men	PD(type=pers,position=free)	men	
niet	ADV(type=reg)	niet	
volkomen	AA(degree=pos,position=free)	volkomen	
zo	ADV(type=reg)	zo	
dik	AA(degree=pos,position=free)	dik	
worden	VRB(finiteness=inf)	worden	
;	PC	;	
roert	VRB(finiteness=fin,tense=pres)	omroeren	mw_236
om	VRB(finiteness=fin,tense=pres)	omroeren	mw_236
de	PD(type=d-p,subtype=art,position=prenom)	de	
zuiker	NOU-C(number=sg)	suiker	mw_213
dan	ADV(type=reg)	dan	
ter	ADV(type=reg)	terdege	mw_56
degen	ADV(type=reg)	terdege	mw_56
,	PC	,	
en	CONJ(type=coor)	en	
doet	VRB(finiteness=fin,tense=pres)	doen	
'	PC	'	
er	ADV(type=pron)	erin	mw_132
in	ADV(type=pron)	erin	mw_132
de	PD(type=d-p,subtype=art,position=prenom)	de	
geraspte	AA(degree=pos,position=prenom)	geraspt	
Citroenen	NOU-C(number=pl)	citroen	
al	ADV(type=reg)	al	
roerende	VRB(finiteness=prespart)	roeren	
,	PC	,	
en	CONJ(type=coor)	en	
handelt	VRB(finiteness=fin,tense=pres)	handelen	
'	PC	'	
er	ADV(type=pron)	ermede	mw_392
mede	ADV(type=pron)	ermede	mw_392
verder	AA(degree=comp,position=free)	ver	
gelyk	CONJ(type=sub)	gelijk	
wy	PD(type=pers,position=free)	wij	
hier	ADV(type=pron)	hierboven	mw_104
booven	ADV(type=pron)	hierboven	mw_104
geleerd	VRB(finiteness=pastpart)	leren	
hebben	VRB(finiteness=fin,tense=pres)	hebben	
.	PC	.	

Neemt	VRB(finiteness=fin,tense=pres)	nemen	
Osse-Karbonade	NOU-C(number=sg)	ossenkarbonade	
,	PC	,	
die	PD(type=d-p,position=free)	die	
niet	ADV(type=reg)	niet	
te	ADV(type=reg)	te	
dik	AA(degree=pos,position=free)	dik	
zyn	VRB(finiteness=fin,tense=pres)	zijn	
,	PC	,	
klopt	VRB(finiteness=fin,tense=pres)	kloppen	
ze	PD(type=pers,position=free)	zij	
ter	ADV(type=reg)	terdege	mw_50
degen	ADV(type=reg)	terdege	mw_50
,	PC	,	
en	CONJ(type=coor)	en	
fruit	VRB(finiteness=fin,tense=pres)	fruiten	
ze	PD(type=pers,position=free)	zij	
in	ADP(type=pre)	in	
goede	AA(degree=pos,position=prenom)	goed	
booter	NOU-C(number=sg)	boter	
op	ADP(type=pre)	op	
een	PD(type=indef,subtype=art,position=prenom)	een	
goed	AA(degree=pos,position=prenom)	goed	
vuur	NOU-C(number=sg)	vuur	
,	PC	,	
dog	CONJ(type=coor)	doch	
men	PD(type=pers,position=free)	men	
moet	VRB(finiteness=fin,tense=pres)	moeten	
niet	ADV(type=reg)	niet	
te	ADV(type=reg)	te	
weinig	PD(type=indef,subtype=oth,position=prenom)	weinig	
booter	NOU-C(number=sg)	boter	
neemen	VRB(finiteness=inf)	nemen	
om	ADP(type=pre)	om	
niet	ADV(type=reg)	niet	
uittedrogen	VRB(finiteness=inf)+ADP(type=pre)	uitdrogen+te	
,	PC	,	
als	CONJ(type=sub)	als	
ze	PD(type=pers,position=free)	zij	
gaar	AA(degree=pos,position=free)	gaar	
zyn	VRB(finiteness=fin,tense=pres)	zijn	
eet	VRB(finiteness=fin,tense=pres)	eten	
men	PD(type=pers,position=free)	men	
die	PD(type=d-p,position=free)	die	
met	ADP(type=pre)	met	
sap	NOU-C(number=sg)	sap	
van	ADP(type=pre)	van	
Limoenen	NOU-C(number=pl)	limoen	
in	ADP(type=pre)	in	
de	PD(type=d-p,subtype=art,position=prenom)	de	
gefruite	AA(degree=pos,position=prenom)	gefruit	
booter	NOU-C(number=sg)	boter	
geroert	VRB(finiteness=pastpart)	roeren	
,	PC	,	
of	CONJ(type=coor)	of	
met	ADP(type=pre)	met	
een	PD(type=indef,subtype=art,position=prenom)	een	
Chalotte	NOU-C(number=sg)	sjalottensaus	mw_8
saus	NOU-C(number=sg)	sjalottensaus	mw_8
,	PC	,	
is	VRB(finiteness=fin,tense=pres)	zijn	
goed	AA(degree=pos,position=free)	goed	
.	PC	.	

Neemt	VRB(finiteness=fin,tense=pres)	nemen	
het	PD(type=d-p,subtype=art,position=prenom)	het	
wit	NOU-C(number=sg)	wit	
van	ADP(type=pre)	van	
een	PD(type=indef,subtype=art,position=prenom)	een	
Ey	NOU-C(number=sg)	ei	
en	CONJ(type=coor)	en	
doet	VRB(finiteness=fin,tense=pres)	doen	
'	PC	'	
er	ADV(type=pron)	erbij	mw_120
de	PD(type=d-p,subtype=art,position=prenom)	de	
groote	NOU-C(number=sg)	grootte	
van	ADP(type=pre)	van	
een	PD(type=indef,subtype=art,position=prenom)	een	
Noot	NOU-C(number=sg)	noot	
ongebluste	AA(degree=pos,position=prenom)	ongeblust	
kalk	NOU-C(number=sg)	kalk	
by	ADV(type=pron)	erbij	mw_120
,	PC	,	
wryft	VRB(finiteness=fin,tense=pres)	wrijven	
dit	PD(type=d-p,position=free)	dit	
daar	ADV(type=pron)	daarmede	mw_21
mede	ADV(type=pron)	daarmede	mw_21
dat	CONJ(type=sub)	dat	
het	PD(type=pers,position=free)	het	
zo	ADV(type=reg)	zo	
fyn	AA(degree=pos,position=free)	fijn	
als	CONJ(type=sub)	als	
water	NOU-C(number=sg)	water	
is	VRB(finiteness=fin,tense=pres)	zijn	
,	PC	,	
ook	ADV(type=reg)	ook	
kan	VRB(finiteness=fin,tense=pres)	kunnen	
men	PD(type=pers,position=free)	men	
het	PD(type=pers,position=free)	het	
fyn	AA(degree=pos,position=free)	fijn	
kloppen	VRB(finiteness=inf)	kloppen	
;	PC	;	
neemt	VRB(finiteness=fin,tense=pres)	nemen	
dan	ADV(type=reg)	dan	
uw	PD(type=poss,position=prenom)	uw	
gebroken	AA(degree=pos,position=prenom)	gebroken	
porcelyn	NOU-C(number=sg)	porselein	
en	CONJ(type=coor)	en	
lymt	VRB(finiteness=fin,tense=pres)	lijmen	
daar	ADV(type=pron)	daarmede	mw_364
de	PD(type=d-p,subtype=art,position=prenom)	de	
stukken	NOU-C(number=pl)	stuk	
mede	ADV(type=pron)	daarmede	mw_364
aan	ADP(type=pre)	aan	
malkanderen	PD(type=recip,position=free)	malkander	
;	PC	;	
maar	CONJ(type=coor)	maar	
het	PD(type=pers,position=free)	het	
moet	VRB(finiteness=fin,tense=pres)	moeten	
voorzigtig	AA(degree=pos,position=free)	voorzichtig	
geschieden	VRB(finiteness=inf)	geschieden	
dat	CONJ(type=sub)	dat	
men	PD(type=pers,position=free)	men	
niet	ADV(type=reg)	niet	
te	ADV(type=reg)	te	
veel	PD(type=indef,position=free)	veel	
of	CONJ(type=coor)	of	
te	ADV(type=reg)	te	
weinig	PD(type=indef,position=free)	weinig	
van	ADP(type=pre)	van	
dit	PD(type=d-p,subtype=oth,position=prenom)	dit	
lymsel	NOU-C(number=sg)	lijmsel	
gebruikt	VRB(finiteness=fin,tense=pres)	gebruiken	
,	PC	,	
anders	ADV(type=reg)	anders	
staat	VRB(finiteness=fin,tense=pres)	staan	
het	PD(type=pers,position=free)	het	
lelyk	AA(degree=pos,position=free)	lelijk	
,	PC	,	
of	CONJ(type=coor)	of	
het	PD(type=d-p,subtype=art,position=prenom)	het	
hout	VRB(finiteness=fin,tense=pres)	houden	
niet	ADV(type=reg)	niet	
vast	AA(degree=pos,position=free)	vast	
genoeg	ADV(type=reg)	genoeg	
,	PC	,	
en	CONJ(type=coor)	en	
kan	VRB(finiteness=fin,tense=pres)	kunnen	
het	PD(type=pers,position=free)	het	
zyn	VRB(finiteness=inf)	zijn	
zo	ADV(type=reg)	zo	
bind	VRB(finiteness=fin,tense=pres)	vastbinden	mw_337
men	PD(type=pers,position=free)	men	
het	PD(type=d-p,subtype=art,position=prenom)	het	
gelymde	AA(degree=pos,position=prenom)	gelijmd	
stukje	NOU-C(number=sg)	stukje	
met	ADP(type=pre)	met	
een	PD(type=indef,subtype=art,position=prenom)	een	
draadje	NOU-C(number=sg)	draadje	
vast	VRB(finiteness=fin,tense=pres)	vastbinden	mw_337
,	PC	,	
laat	VRB(finiteness=fin,tense=pres)	laten	
het	PD(type=pers,position=free)	het	
dan	ADV(type=reg)	dan	
zo	ADV(type=reg)	zo	
een	PD(type=indef,subtype=art,position=prenom)	een	
dag	NOU-C(number=sg)	dag	
staan	VRB(finiteness=inf)	staan	
droogen	VRB(finiteness=inf)	drogen	
,	PC	,	
dan	ADV(type=reg)	dan	
zal	VRB(finiteness=fin,tense=pres)	zullen	
het	PD(type=pers,position=free)	het	
zo	ADV(type=reg)	zo	
sterk	AA(degree=pos,position=free)	sterk	
houden	VRB(finiteness=inf)	houden	
of	CONJ(type=sub)	of	
het	PD(type=pers,position=free)	het	
nooit	ADV(type=reg)	nooit	
gebroken	VRB(finiteness=pastpart)	breken	
is	VRB(finiteness=fin,tense=pres)	zijn	
geweest	VRB(finiteness=pastpart)	zijn	
.	PC	.	

Doet	VRB(finiteness=fin,tense=pres)	doen	
men	PD(type=pers,position=free)	men	
dit	PD(type=d-p,position=free)	dit	
aan	ADP(type=pre)	aan	
grof	AA(degree=pos,position=prenom)	grof	
aardewerk	NOU-C(number=sg)	aardewerk	
,	PC	,	
zo	ADV(type=reg)	zo	
neemt	VRB(finiteness=fin,tense=pres)	nemen	
men	PD(type=pers,position=free)	men	
wat	ADV(type=reg)	wat	
meer	PD(type=indef,subtype=oth,position=prenom)	meer	
ongebluste	AA(degree=pos,position=prenom)	ongeblust	
kalk	NOU-C(number=sg)	kalk	
,	PC	,	
en	CONJ(type=coor)	en	
men	PD(type=pers,position=free)	men	
maakt	VRB(finiteness=fin,tense=pres)	maken	
de	PD(type=d-p,subtype=art,position=prenom)	de	
lym	NOU-C(number=sg)	lijm	
wat	ADV(type=reg)	wat	
dikker	AA(degree=comp,position=free)	dik	
,	PC	,	
dan	ADV(type=reg)	dan	
kan	VRB(finiteness=fin,tense=pres)	kunnen	
men	PD(type=pers,position=free)	men	
'	PC	'	
er	ADV(type=pron)	erin	mw_328
wederom	ADV(type=reg)	wederom	
in	ADV(type=pron)	erin	mw_328
kooken	VRB(finiteness=inf)	koken	
.	PC	.	

Snyd	VRB(finiteness=fin,tense=pres)	afsnijden	mw_301
uwe	PD(type=poss,position=prenom)	uw	
druiven	NOU-C(number=pl)	druif	
in	ADP(type=pre)	in	
schoon	AA(degree=pos,position=prenom)	schoon	
droog	AA(degree=pos,position=prenom)	droog	
weer	NOU-C(number=sg)	weder	
af	VRB(finiteness=fin,tense=pres)	afsnijden	mw_301
,	PC	,	
des	PD(type=d-p,subtype=art,position=prenom)	de	
morgens	NOU-C(number=sg)	morgen	
omtrent	ADP(type=pre)	omtrent	
9	NUM(type=card,position=prenom,representation=dig)	negen	
uuren	NOU-C(number=pl)	uur	
,	PC	,	
als	CONJ(type=sub)	als	
den	PD(type=d-p,subtype=art,position=prenom)	de	
daauw	NOU-C(number=sg)	dauw	
verdwenen	VRB(finiteness=pastpart)	verdwijnen	
is	VRB(finiteness=fin,tense=pres)	zijn	
;	PC	;	
steekt	VRB(finiteness=fin,tense=pres)	steken	
ze	PD(type=pers,position=free)	zij	
in	ADP(type=pre)	in	
zout-water	NOU-C(number=sg)	zoutwater	
of	CONJ(type=coor)	of	
pekel	NOU-C(number=sg)	pekel	
,	PC	,	
en	CONJ(type=coor)	en	
legt	VRB(finiteness=fin,tense=pres)	leggen	
ze	PD(type=pers,position=free)	zij	
op	ADP(type=pre)	op	
rogge	NOU-C(number=sg)	roggestro	mw_249
stroo	NOU-C(number=sg)	roggestro	mw_249
te	ADP(type=pre)	te	
droogen	VRB(finiteness=inf)	drogen	
;	PC	;	
dan	ADV(type=reg)	dan	
kan	VRB(finiteness=fin,tense=pres)	kunnen	
men	PD(type=pers,position=free)	men	
ze	PD(type=pers,position=free)	zij	
des	PD(type=d-p,subtype=art,position=prenom)	de	
Winters	NOU-C(number=sg)	winter	
bewaaren	VRB(finiteness=inf)	bewaren	
,	PC	,	
mits	ADP(type=pre)	mits	
dat	CONJ(type=sub)	dat	
'	PC	'	
er	ADV(type=pron)	erop	mw_142
geen	PD(type=indef,subtype=oth,position=prenom)	geen	
stof	NOU-C(number=sg)	stof	
op	ADV(type=pron)	erop	mw_142
komt	VRB(finiteness=fin,tense=pres)	komen	
,	PC	,	
daar	ADV(type=pron)	daarvoor	mw_310075
men	PD(type=pers,position=free)	men	
wel	ADV(type=reg)	wel	
zorg	NOU-C(number=sg)	zorg	
voor	ADV(type=pron)	daarvoor	mw_310075
moet	VRB(finiteness=fin,tense=pres)	moeten	
dragen	VRB(finiteness=inf)	dragen	
,	PC	,	
want	CONJ(type=coor)	want	
de	PD(type=d-p,subtype=art,position=prenom)	de	
stof	NOU-C(number=sg)	stof	
doet	VRB(finiteness=fin,tense=pres)	doen	
ze	PD(type=pers,position=free)	zij	
verrotten	VRB(finiteness=inf)	verrotten	
:	PC	:	
Men	PD(type=pers,position=free)	men	
hangt	VRB(finiteness=fin,tense=pres)	ophangen	mw_261
ze	PD(type=pers,position=free)	zij	
op	VRB(finiteness=fin,tense=pres)	ophangen	mw_261
in	ADP(type=pre)	in	
een	PD(type=indef,subtype=art,position=prenom)	een	
drooge	AA(degree=pos,position=prenom)	droog	
en	CONJ(type=coor)	en	
lugtige	AA(degree=pos,position=prenom)	luchtig	
plaats	NOU-C(number=sg)	plaats	
;	PC	;	
en	CONJ(type=coor)	en	
eenige	PD(type=indef,position=free)	enig	
maaken	VRB(finiteness=fin,tense=pres)	maken	
daar	ADV(type=pron)	daarover	mw_273
een	PD(type=indef,subtype=art,position=prenom)	een	
papiere	AA(degree=pos,position=prenom)	papieren	
deksel	NOU-C(number=sg)	deksel	
over	ADV(type=pron)	daarover	mw_273
,	PC	,	
maar	CONJ(type=coor)	maar	
die	PD(type=d-p,position=free)	die	
moet	VRB(finiteness=fin,tense=pres)	moeten	
de	PD(type=d-p,subtype=art,position=prenom)	de	
druiven	NOU-C(number=pl)	druif	
niet	ADV(type=reg)	niet	
raaken	VRB(finiteness=inf)	raken	
.	PC	.	

Neemt	VRB(finiteness=fin,tense=pres)	nemen	
osse-vleesch	NOU-C(number=sg)	ossenvlees	
,	PC	,	
laat	VRB(finiteness=fin,tense=pres)	laten	
het	PD(type=pers,position=free)	het	
tot	ADP(type=pre)	tot	
huspot	NOU-C(number=sg)	hutspot	
kappen	VRB(finiteness=inf)	kappen	
,	PC	,	
besprengt	VRB(finiteness=fin,tense=pres)	besprengen	
het	PD(type=pers,position=free)	het	
een	PD(type=indef,subtype=art,position=prenom)	een	
nacht	NOU-C(number=sg)	nacht	
met	ADP(type=pre)	met	
zout	NOU-C(number=sg)	zout	
;	PC	;	
hangt	VRB(finiteness=fin,tense=pres)	hangen	
het	PD(type=pers,position=free)	het	
in	ADP(type=pre)	in	
water	NOU-C(number=sg)	water	
te	ADP(type=pre)	te	
kooken	VRB(finiteness=inf)	koken	
,	PC	,	
en	CONJ(type=coor)	en	
doet	VRB(finiteness=fin,tense=pres)	doen	
'	PC	'	
er	ADV(type=pron)	erbij	mw_116
op	ADP(type=pre)	op	
zyn	PD(type=poss,position=prenom)	zijn	
tyd	NOU-C(number=sg)	tijd	
worteltjes	NOU-C(number=pl)	worteltje	
by	ADV(type=pron)	erbij	mw_116
;	PC	;	
als	CONJ(type=sub)	als	
het	PD(type=pers,position=free)	het	
gaar	AA(degree=pos,position=free)	gaar	
genoeg	ADV(type=reg)	genoeg	
is	VRB(finiteness=fin,tense=pres)	zijn	
zo	ADV(type=reg)	zo	
giet	VRB(finiteness=fin,tense=pres)	gieten	
men	PD(type=pers,position=free)	men	
het	PD(type=d-p,subtype=art,position=prenom)	het	
meeste	PD(type=indef,subtype=oth,position=prenom)	meest	
water	NOU-C(number=sg)	water	
uit	ADP(type=pre)	uit	
de	PD(type=d-p,subtype=art,position=prenom)	de	
keetel	NOU-C(number=sg)	ketel	
,	PC	,	
en	CONJ(type=coor)	en	
men	PD(type=pers,position=free)	men	
doet	VRB(finiteness=fin,tense=pres)	doen	
'	PC	'	
er	ADV(type=pron)	erbij	mw_118
gesnedene	AA(degree=pos,position=prenom)	gesneden	
uijen	NOU-C(number=pl)	ui	
en	CONJ(type=coor)	en	
wat	PD(type=indef,subtype=oth,position=prenom)	wat	
booter	NOU-C(number=sg)	boter	
en	CONJ(type=coor)	en	
gekapte	AA(degree=pos,position=prenom)	gekapt	
petercelie	NOU-C(number=sg)	peterselie	
by	ADV(type=pron)	erbij	mw_118
,	PC	,	
en	CONJ(type=coor)	en	
men	PD(type=pers,position=free)	men	
laat	VRB(finiteness=fin,tense=pres)	laten	
het	PD(type=pers,position=free)	het	
zoo	ADV(type=reg)	zo	
in	ADP(type=pre)	in	
de	PD(type=d-p,subtype=art,position=prenom)	de	
keetel	NOU-C(number=sg)	ketel	
stooven	VRB(finiteness=inf)	stoven	
,	PC	,	
dog	CONJ(type=coor)	doch	
men	PD(type=pers,position=free)	men	
moet	VRB(finiteness=fin,tense=pres)	moeten	
het	PD(type=pers,position=free)	het	
geduurig	AA(degree=pos,position=free)	gedurig	
omschudden	VRB(finiteness=inf)	omschudden	
,	PC	,	
is	VRB(finiteness=fin,tense=pres)	zijn	
zeer	AA(degree=pos,position=free)	zeer	
goed	AA(degree=pos,position=free)	goed	
.	PC	.	

Neemt	VRB(finiteness=fin,tense=pres)	nemen	
schoon	AA(degree=pos,position=prenom)	schoongewassen	mw_280
gewassen	AA(degree=pos,position=prenom)	schoongewassen	mw_280
kroppen	NOU-C(number=pl)	krop	
en	CONJ(type=coor)	en	
laat	VRB(finiteness=fin,tense=pres)	laten	
ze	PD(type=pers,position=free)	zij	
verzygen	VRB(finiteness=inf)	verzijgen	
,	PC	,	
en	CONJ(type=coor)	en	
doet	VRB(finiteness=fin,tense=pres)	doen	
ze	PD(type=pers,position=free)	zij	
met	ADP(type=pre)	met	
sap	NOU-C(number=sg)	sap	
,	PC	,	
booter	NOU-C(number=sg)	boter	
,	PC	,	
foelie	NOU-C(number=sg)	foelie	
en	CONJ(type=coor)	en	
wat	PD(type=indef,subtype=oth,position=prenom)	wat	
zout	NOU-C(number=sg)	zout	
in	ADP(type=pre)	in	
een	PD(type=indef,subtype=art,position=prenom)	een	
bekken	NOU-C(number=sg)	bekken	
en	CONJ(type=coor)	en	
laat	VRB(finiteness=fin,tense=pres)	laten	
het	PD(type=pers,position=free)	het	
eens	ADV(type=reg)	eens	
opkooken	VRB(finiteness=inf)	opkoken	
,	PC	,	
en	CONJ(type=coor)	en	
doet	VRB(finiteness=fin,tense=pres)	doen	
'	PC	'	
er	ADV(type=pron)	erin	mw_134
de	PD(type=d-p,subtype=art,position=prenom)	de	
kroppen	NOU-C(number=pl)	krop	
in	ADV(type=pron)	erin	mw_134
om	ADP(type=pre)	om	
gaar	AA(degree=pos,position=free)	gaar	
te	ADP(type=pre)	te	
stooven	VRB(finiteness=inf)	stoven	
:	PC	:	
als	CONJ(type=sub)	als	
men	PD(type=pers,position=free)	men	
ze	PD(type=pers,position=free)	zij	
opdoen	VRB(finiteness=inf)	opdoen	
zal	VRB(finiteness=fin,tense=pres)	zullen	
,	PC	,	
doet	VRB(finiteness=fin,tense=pres)	doen	
men	PD(type=pers,position=free)	men	
'	PC	'	
er	ADV(type=pron)	erin	mw_156
nog	ADV(type=reg)	nog	
wat	PD(type=indef,subtype=oth,position=prenom)	wat	
koude	AA(degree=pos,position=prenom)	koud	
booter	NOU-C(number=sg)	boter	
in	ADV(type=pron)	erin	mw_156
en	CONJ(type=coor)	en	
men	PD(type=pers,position=free)	men	
schud	VRB(finiteness=fin,tense=pres)	omschudden	mw_233
het	PD(type=pers,position=free)	het	
om	VRB(finiteness=fin,tense=pres)	omschudden	mw_233
,	PC	,	
dan	ADV(type=reg)	dan	
bind	VRB(finiteness=fin,tense=pres)	binden	
de	PD(type=d-p,subtype=art,position=prenom)	de	
saus	NOU-C(number=sg)	saus	
,	PC	,	
is	VRB(finiteness=fin,tense=pres)	zijn	
fris	AA(degree=pos,position=free)	fris	
en	CONJ(type=coor)	en	
smakelyk	AA(degree=pos,position=free)	smakelijk	
.	PC	.	

Doet	VRB(finiteness=fin,tense=pres)	doen	
'	PC	'	
er	ADV(type=pron)	eraf	mw_130
de	PD(type=d-p,subtype=art,position=prenom)	de	
baarden	NOU-C(number=pl)	baard	
af	ADV(type=pron)	eraf	mw_130
,	PC	,	
zo	CONJ(type=sub)	zoals	mw_371
als	CONJ(type=sub)	zoals	mw_371
ze	PD(type=pers,position=free)	zij	
uit	ADP(type=pre)	uit	
de	PD(type=d-p,subtype=art,position=prenom)	de	
pan	NOU-C(number=sg)	pan	
komen	VRB(finiteness=fin,tense=pres)	komen	
;	PC	;	
legtze	VRB(finiteness=fin,tense=pres)+PD(type=pers,position=free)	leggen+zij	
in	ADP(type=pre)	in	
een	PD(type=indef,subtype=art,position=prenom)	een	
assiet	NOU-C(number=sg)	assiette	
,	PC	,	
doet	VRB(finiteness=fin,tense=pres)	doen	
'	PC	'	
er	ADV(type=pron)	erover	mw_274
booter	NOU-C(number=sg)	boter	
,	PC	,	
limoensap	NOU-C(number=sg)	limoensap	
,	PC	,	
gestoote	AA(degree=pos,position=prenom)	gestoten	
beschuit	NOU-C(number=sg)	beschuit	
,	PC	,	
foelie	NOU-C(number=sg)	foelie	
,	PC	,	
en	CONJ(type=coor)	en	
notemuscaat	NOU-C(number=sg)	nootmuskaat	
over	ADV(type=pron)	erover	mw_274
,	PC	,	
zet	VRB(finiteness=fin,tense=pres)	zetten	
het	PD(type=pers,position=free)	het	
op	ADP(type=pre)	op	
een	PD(type=indef,subtype=art,position=prenom)	een	
weinigje	NOU-C(number=sg)	weinigje	
vuur	NOU-C(number=sg)	vuur	
,	PC	,	
en	CONJ(type=coor)	en	
een	PD(type=indef,subtype=art,position=prenom)	een	
Taarte	NOU-C(number=sg)	taartdeksel	mw_276
dekzel	NOU-C(number=sg)	taartdeksel	mw_276
met	ADP(type=pre)	met	
vuur	NOU-C(number=sg)	vuur	
'	PC	'	
er	ADV(type=pron)	eroverheen	mw_160
over	ADV(type=pron)	eroverheen	mw_160
heen	ADV(type=pron)	eroverheen	mw_160
:	PC	:	
als	CONJ(type=sub)	als	
ze	PD(type=pers,position=free)	zij	
omtrent	ADV(type=reg)	omtrent	
gaar	AA(degree=pos,position=free)	gaar	
zyn	VRB(finiteness=fin,tense=pres)	zijn	
,	PC	,	
zo	ADV(type=reg)	zo	
roert	VRB(finiteness=fin,tense=pres)	omroeren	mw_234
men	PD(type=pers,position=free)	men	
die	PD(type=d-p,position=free)	die	
om	VRB(finiteness=fin,tense=pres)	omroeren	mw_234
,	PC	,	
en	CONJ(type=coor)	en	
men	PD(type=pers,position=free)	men	
doet	VRB(finiteness=fin,tense=pres)	doen	
'	PC	'	
er	ADV(type=pron)	erbij	mw_155
nog	ADV(type=reg)	nog	
wat	PD(type=indef,subtype=oth,position=prenom)	wat	
booter	NOU-C(number=sg)	boter	
by	ADV(type=pron)	erbij	mw_155
,	PC	,	
en	CONJ(type=coor)	en	
bedekt	VRB(finiteness=fin,tense=pres)	bedekken	
ze	PD(type=pers,position=free)	zij	
verder	AA(degree=comp,position=free)	ver	
met	ADP(type=pre)	met	
fyn	AA(degree=pos,position=free)	fijn	
gestoote	AA(degree=pos,position=prenom)	gestoten	
beschuit	NOU-C(number=sg)	beschuit	
,	PC	,	
daar	ADV(type=pron)	daarbovenop	mw_111
men	PD(type=pers,position=free)	men	
kleine	AA(degree=pos,position=prenom)	klein	
stukjes	NOU-C(number=pl)	stukje	
booter	NOU-C(number=sg)	boter	
boven	ADV(type=pron)	daarbovenop	mw_111
op	ADV(type=pron)	daarbovenop	mw_111
legt	VRB(finiteness=fin,tense=pres)	leggen	
,	PC	,	
en	CONJ(type=coor)	en	
het	PD(type=pers,position=free)	het	
braaf	AA(degree=pos,position=free)	braaf	
met	ADP(type=pre)	met	
limoensap	NOU-C(number=sg)	limoensap	
nat	AA(degree=pos,position=free)	nat	
maakt	VRB(finiteness=fin,tense=pres)	maken	
:	PC	:	
dekt	VRB(finiteness=fin,tense=pres)	toedekken	mw_57
met	ADP(type=pre)	met	
de	PD(type=d-p,subtype=art,position=prenom)	de	
Taarte	NOU-C(number=sg)	taartdeksel	mw_58
dekzel	NOU-C(number=sg)	taartdeksel	mw_58
alles	PD(type=indef,position=free)	alles	
wel	ADV(type=reg)	wel	
toe	VRB(finiteness=fin,tense=pres)	toedekken	mw_57
en	CONJ(type=coor)	en	
doet	VRB(finiteness=fin,tense=pres)	doen	
'	PC	'	
er	ADV(type=pron)	erbovenop	mw_112
braaf	AA(degree=pos,position=free)	braaf	
vuur	NOU-C(number=sg)	vuur	
boven	ADV(type=pron)	erbovenop	mw_112
op	CONJ(type=sub)	opdat	mw_352
dat	CONJ(type=sub)	opdat	mw_352
ze	PD(type=pers,position=free)	zij	
een	PD(type=indef,subtype=art,position=prenom)	een	
schoone	AA(degree=pos,position=prenom)	schoon	
couleur	NOU-C(number=sg)	kleur	
krygen	VRB(finiteness=fin,tense=pres)	krijgen	
,	PC	,	
dan	ADV(type=reg)	dan	
afneemen	VRB(finiteness=inf)	afnemen	
,	PC	,	
en	CONJ(type=coor)	en	
nog	ADV(type=reg)	nog	
een	PD(type=indef,subtype=art,position=prenom)	een	
weinig	NOU-C(number=sg)	weinig	
limoensap	NOU-C(number=sg)	limoensap	
'	PC	'	
er	ADV(type=pron)	erop	mw_159
op	ADV(type=pron)	erop	mw_159
gedaan	VRB(finiteness=pastpart)	doen	
,	PC	,	
is	VRB(finiteness=fin,tense=pres)	zijn	
goed	AA(degree=pos,position=free)	goed	
.	PC	.	

Neemt	VRB(finiteness=fin,tense=pres)	nemen	
een	PD(type=indef,subtype=art,position=prenom)	een	
pond	NOU-C(number=sg)	pond	
Amandel-pas	NOU-C(number=sg)	amandelpas	
,	PC	,	
doet	VRB(finiteness=fin,tense=pres)	doen	
'	PC	'	
er	ADV(type=pron)	erbij	mw_122
by	ADV(type=pron)	erbij	mw_122
12	NUM(type=card,position=prenom,representation=dig)	twaalf	
eijeren	NOU-C(number=pl)	ei	
,	PC	,	
anderhalve	NUM(type=card,position=prenom,representation=let)	anderhalf	
beschuit	NOU-C(number=sg)	beschuit	
,	PC	,	
12	NUM(type=card,position=prenom,representation=dig)	twaalf	
lepels	NOU-C(number=pl)	lepel	
booter	NOU-C(number=sg)	boter	
zonder	ADP(type=pre)	zonder	
zout	NOU-C(number=sg)	zout	
;	PC	;	
dit	PD(type=d-p,position=free)	dit	
wel	ADV(type=reg)	wel	
te	ADV(type=reg)	samen	mw_287
zamen	ADV(type=reg)	samen	mw_287
geklopt	VRB(finiteness=pastpart)	kloppen	
zynde	VRB(finiteness=prespart)	zijn	
,	PC	,	
laat	VRB(finiteness=fin,tense=pres)	laten	
men	PD(type=pers,position=free)	men	
als	CONJ(type=sub)	als	
een	PD(type=indef,subtype=art,position=prenom)	een	
vlade	NOU-C(number=sg)	vlade	
styven	VRB(finiteness=inf)	stijven	
,	PC	,	
is	VRB(finiteness=fin,tense=pres)	zijn	
zeer	AA(degree=pos,position=free)	zeer	
lekker	AA(degree=pos,position=free)	lekker	
.	PC	.	

Neemt	VRB(finiteness=fin,tense=pres)	nemen	
allerhande	PD(type=indef,subtype=oth,position=prenom)	allerhande	
gevogelte	NOU-C(number=sg)	gevogelte	
en	CONJ(type=coor)	en	
wat	PD(type=indef,subtype=oth,position=prenom)	wat	
vleesch	NOU-C(number=sg)	vlees	
zo	CONJ(type=sub)	zo	
gy	PD(type=pers,position=free)	gij	
wildt	VRB(finiteness=fin,tense=pres)	willen	
;	PC	;	
kookt	VRB(finiteness=fin,tense=pres)	koken	
ieder	PD(type=indef,position=free)	ieder	
apart	AA(degree=pos,position=free)	apart	
genoegzaam	AA(degree=pos,position=free)	genoegzaam	
gaar	AA(degree=pos,position=free)	gaar	
;	PC	;	
snyd	VRB(finiteness=fin,tense=pres)	snijden	
dan	ADV(type=reg)	dan	
alles	PD(type=indef,position=free)	alles	
in	ADP(type=pre)	in	
stukkent	NOU-C(number=pl)	stuk	
en	CONJ(type=coor)	en	
mengt	VRB(finiteness=fin,tense=pres)	mengen	
het	PD(type=pers,position=free)	het	
onder	ADP(type=pre)	onder	
malkanderen	PD(type=recip,position=free)	malkander	
;	PC	;	
doet	VRB(finiteness=fin,tense=pres)	doen	
het	PD(type=pers,position=free)	het	
in	ADP(type=pre)	in	
de	PD(type=d-p,subtype=art,position=prenom)	de	
stoofpan	NOU-C(number=sg)	stoofpan	
of	CONJ(type=coor)	of	
Casserol	NOU-C(number=sg)	casserole	
met	ADP(type=pre)	met	
goed	AA(degree=pos,position=free)	goed	
sterk	AA(degree=pos,position=prenom)	sterk	
vleeschnat	NOU-C(number=sg)	vleesnat	
,	PC	,	
en	CONJ(type=coor)	en	
wat	PD(type=indef,subtype=oth,position=prenom)	wat	
wyn	NOU-C(number=sg)	wijn	
;	PC	;	
dog	CONJ(type=coor)	doch	
men	PD(type=pers,position=free)	men	
moet	VRB(finiteness=fin,tense=pres)	moeten	
nooit	ADV(type=reg)	nooit	
te	ADV(type=reg)	te	
veel	PD(type=indef,subtype=oth,position=prenom)	veel	
wyn	NOU-C(number=sg)	wijn	
gebruiken	VRB(finiteness=inf)	gebruiken	
,	PC	,	
want	CONJ(type=coor)	want	
dat	PD(type=d-p,position=free)	dat	
maakt	VRB(finiteness=fin,tense=pres)	maken	
het	PD(type=d-p,subtype=art,position=prenom)	het	
vleesch	NOU-C(number=sg)	vlees	
maar	ADV(type=reg)	maar	
hart	AA(degree=pos,position=free)	hard	
;	PC	;	
doet	VRB(finiteness=fin,tense=pres)	doen	
'	PC	'	
er	ADV(type=pron)	erbij	mw_115
dan	ADV(type=reg)	dan	
behoorlyk	AA(degree=pos,position=free)	behoorlijk	
zout	NOU-C(number=sg)	zout	
by	ADV(type=pron)	erbij	mw_115
,	PC	,	
met	ADP(type=pre)	met	
wat	PD(type=indef,subtype=oth,position=prenom)	wat	
gewreven	AA(degree=pos,position=prenom)	gewreven	
kruim	NOU-C(number=sg)	kruim	
van	ADP(type=pre)	van	
witte-brood	NOU-C(number=sg)	wittebrood	
,	PC	,	
en	CONJ(type=coor)	en	
klein	AA(degree=pos,position=free)	klein	
gesnede	AA(degree=pos,position=prenom)	gesneden	
Oranje	NOU-C(number=sg,WF=trunc)+NOU-C(number=sg)	oranjeschil+limoenschil	mw_619636
of	CONJ(type=coor)	of	
Limoenschil	NOU-C(number=sg,WF=trunc)+NOU-C(number=sg)	oranjeschil+limoenschil	mw_619636
en	CONJ(type=coor)	en	
wat	PD(type=indef,subtype=oth,position=prenom)	wat	
kruidnagelen	NOU-C(number=pl)	kruidnagel	
;	PC	;	
als	CONJ(type=sub)	als	
het	PD(type=pers,position=free)	het	
omtrent	ADV(type=reg)	omtrent	
gaar	AA(degree=pos,position=free)	gaar	
is	VRB(finiteness=fin,tense=pres)	zijn	
zo	ADV(type=reg)	zo	
bind	VRB(finiteness=fin,tense=pres)	binden	
men	PD(type=pers,position=free)	men	
de	PD(type=d-p,subtype=art,position=prenom)	de	
saus	NOU-C(number=sg)	saus	
met	ADP(type=pre)	met	
wat	PD(type=indef,subtype=oth,position=prenom)	wat	
gestoote	AA(degree=pos,position=prenom)	gestoten	
beschuit	NOU-C(number=sg)	beschuit	
en	CONJ(type=coor)	en	
Limoensap	NOU-C(number=sg)	limoensap	
,	PC	,	
is	VRB(finiteness=fin,tense=pres)	zijn	
excellent	AA(degree=pos,position=free)	excellent	
.	PC	.	

1	NUM(type=card,position=free,representation=dig)	een	
.	PC	.	

2	NUM(type=card,position=free,representation=dig)	twee	
.	PC	.	

Breekt	VRB(finiteness=fin,tense=pres)	afbreken	mw_113
de	PD(type=d-p,subtype=art,position=prenom)	de	
regter	NOU-C(number=sg,WF=trunc)+NOU-C(number=sg)	rechterschaar+linkerschaar	mw_408
en	CONJ(type=coor)	en	
linker	NOU-C(number=sg,WF=trunc)+NOU-C(number=sg)	rechterschaar+linkerschaar	mw_408
schaar	NOU-C(number=sg,WF=trunc)+NOU-C(number=sg)	rechterschaar+linkerschaar	mw_408
af	VRB(finiteness=fin,tense=pres)	afbreken	mw_113
;	PC	;	
legt	VRB(finiteness=fin,tense=pres)	leggen	
die	PD(type=d-p,position=free)	die	
een	NUM(type=card,position=free,representation=let)	een	
voor	ADP(type=pre)	voor	
een	NUM(type=card,position=free,representation=let)	een	
op	ADP(type=pre)	op	
uw	PD(type=poss,position=prenom)	uw	
hand	NOU-C(number=sg)	hand	
,	PC	,	
die	PD(type=d-p,position=free)	die	
wat	ADV(type=reg)	wat	
hol	AA(degree=pos,position=free)	hol	
houdende	VRB(finiteness=prespart)	houden	
,	PC	,	
en	CONJ(type=coor)	en	
slaat	VRB(finiteness=fin,tense=pres)	openslaan	mw_267
die	PD(type=d-p,position=free)	die	
met	ADP(type=pre)	met	
de	PD(type=d-p,subtype=art,position=prenom)	de	
rug	NOU-C(number=sg)	rug	
van	ADP(type=pre)	van	
het	PD(type=d-p,subtype=art,position=prenom)	het	
mes	NOU-C(number=sg)	mes	
open	VRB(finiteness=fin,tense=pres)	openslaan	mw_267
.	PC	.	

3	NUM(type=card,position=free,representation=dig)	drie	
.	PC	.	

Snyd	VRB(finiteness=fin,tense=pres)	afsnijden	mw_81
het	PD(type=d-p,subtype=art,position=prenom)	het	
agterste	NOU-C(number=sg)	achterste	
van	ADP(type=pre)	van	
de	PD(type=d-p,subtype=art,position=prenom)	de	
staart	NOU-C(number=sg)	staart	
af	VRB(finiteness=fin,tense=pres)	afsnijden	mw_81
.	PC	.	

4	NUM(type=card,position=free,representation=dig)	vier	
.	PC	.	

5	NUM(type=card,position=free,representation=dig)	vijf	
.	PC	.	

Geeft	VRB(finiteness=fin,tense=pres)	geven	
aan	ADP(type=pre)	aan	
wederzyde	NOU-C(number=sg)	wederzijde	
van	ADP(type=pre)	van	
de	PD(type=d-p,subtype=art,position=prenom)	de	
staart	NOU-C(number=sg)	staart	
een	PD(type=indef,subtype=art,position=prenom)	een	
snede	NOU-C(number=sg)	snede	
,	PC	,	
en	CONJ(type=coor)	en	
ligt	VRB(finiteness=fin,tense=pres)	lichten	
'	PC	'	
er	ADV(type=pron)	eraf	mw_147
het	PD(type=d-p,subtype=art,position=prenom)	het	
middelste	AA(degree=sup,position=prenom)	middelst	
stuk	NOU-C(number=sg)	stuk	
schil	NOU-C(number=sg)	schil	
af	ADV(type=pron)	eraf	mw_147
.	PC	.	

6	NUM(type=card,position=free,representation=dig)	zes	
.	PC	.	

7	NUM(type=card,position=free,representation=dig)	zeven	
.	PC	.	

Breekt	VRB(finiteness=fin,tense=pres)	afbreken	mw_82
de	PD(type=d-p,subtype=art,position=prenom)	de	
zyd-pooten	NOU-C(number=pl)	zijpoot	
aan	ADP(type=pre)	aan	
weerskanten	NOU-C(number=pl)	wederkant	
af	VRB(finiteness=fin,tense=pres)	afbreken	mw_82
.	PC	.	

8	NUM(type=card,position=free,representation=dig)	acht	
.	PC	.	

Ligt	VRB(finiteness=fin,tense=pres)	oplichten	mw_222
dan	ADV(type=reg)	dan	
de	PD(type=d-p,subtype=art,position=prenom)	de	
bovenste	AA(degree=sup,position=prenom)	bovenst	
schaal	NOU-C(number=sg)	schaal	
geheel	AA(degree=pos,position=free)	geheel	
behendig	AA(degree=pos,position=free)	behendig	
op	VRB(finiteness=fin,tense=pres)	oplichten	mw_222
,	PC	,	
zonder	ADP(type=pre)	zonder	
het	PD(type=d-p,subtype=art,position=prenom)	het	
binnenste	NOU-C(number=sg)	binnenste	
te	ADP(type=pre)	te	
schenden	VRB(finiteness=inf)	schenden	
.	PC	.	

9	NUM(type=card,position=free,representation=dig)	negen	
.	PC	.	

Snyd	VRB(finiteness=fin,tense=pres)	wegsnijden	mw_300
het	PD(type=d-p,subtype=art,position=prenom)	het	
bovenste	NOU-C(number=sg)	bovenste	
van	ADP(type=pre)	van	
de	PD(type=d-p,subtype=art,position=prenom)	de	
kop	NOU-C(number=sg)	kop	
weg	VRB(finiteness=fin,tense=pres)	wegsnijden	mw_300
.	PC	.	

Vouwt	VRB(finiteness=fin,tense=pres)	vouwen	
'	PC	'	
er	ADV(type=pron)	erin	mw_140
dan	ADV(type=reg)	dan	
een	PD(type=indef,subtype=art,position=prenom)	een	
kruis	NOU-C(number=sg)	kruis	
in	ADV(type=pron)	erin	mw_140
a	NOU-C(number=sg)	a	
,	PC	,	
b	NOU-C(number=sg)	b	
,	PC	,	
c	NOU-C(number=sg)	c	
,	PC	,	
d	NOU-C(number=sg)	d	
.	PC	.	

Neemt	VRB(finiteness=fin,tense=pres)	nemen	
dan	ADV(type=reg)	dan	
de	PD(type=d-p,subtype=art,position=prenom)	de	
hoek	NOU-C(number=sg)	hoek	
e	NOU-C(number=sg)	e	
.	PC	.	

en	CONJ(type=coor)	en	
vouwt	VRB(finiteness=fin,tense=pres)	vouwen	
ze	PD(type=pers,position=free)	zij	
na	ADP(type=pre)	na	
g	NOU-C(number=sg)	g	
.	PC	.	

zo	CONJ(type=sub)	zodat	mw_353
dat	CONJ(type=sub)	zodat	mw_353
het	PD(type=d-p,subtype=art,position=prenom)	het	
punt	NOU-C(number=sg)	punt	
e	NOU-C(number=sg)	e	
,	PC	,	
tegen	ADP(type=pre)	tegen	
het	PD(type=d-p,subtype=art,position=prenom)	het	
midden	NOU-C(number=sg)	midden	
van	ADP(type=pre)	van	
de	PD(type=d-p,subtype=art,position=prenom)	de	
vouw	NOU-C(number=sg)	vouw	
of	CONJ(type=coor)	of	
boven	ADP(type=pre)	boven	
verbeelde	AA(degree=pos,position=prenom)	verbeeld	
streep	NOU-C(number=sg)	streep	
g	NOU-C(number=sg)	g	
,	PC	,	
aankomt	VRB(finiteness=fin,tense=pres)	aankomen	
.	PC	.	

Neemt	VRB(finiteness=fin,tense=pres)	nemen	
dan	ADV(type=reg)	dan	
de	PD(type=d-p,subtype=art,position=prenom)	de	
hoek	NOU-C(number=sg)	hoek	
h	NOU-C(number=sg)	h	
,	PC	,	
en	CONJ(type=coor)	en	
vouwt	VRB(finiteness=fin,tense=pres)	vouwen	
ze	PD(type=pers,position=free)	zij	
na	ADP(type=pre)	na	
i	NOU-C(number=sg)	i	
,	PC	,	
zo	CONJ(type=sub)	zodat	mw_354
dat	CONJ(type=sub)	zodat	mw_354
het	PD(type=d-p,subtype=art,position=prenom)	het	
punt	NOU-C(number=sg)	punt	
e	NOU-C(number=sg)	e	
.	PC	.	

tegen	ADP(type=pre)	tegen	
het	PD(type=d-p,subtype=art,position=prenom)	het	
midden	NOU-C(number=sg)	midden	
van	ADP(type=pre)	van	
de	PD(type=d-p,subtype=art,position=prenom)	de	
vouw	NOU-C(number=sg)	vouw	
of	CONJ(type=coor)	of	
boven	ADP(type=pre)	boven	
verbeelde	AA(degree=pos,position=prenom)	verbeeld	
streep	NOU-C(number=sg)	streep	
i	NOU-C(number=sg)	i	
,	PC	,	
aankomt	VRB(finiteness=fin,tense=pres)	aankomen	
,	PC	,	
zo	ADV(type=reg)	zo	
bekomt	VRB(finiteness=fin,tense=pres)	bekomen	
gy	PD(type=pers,position=free)	gij	
boven	ADP(type=pre)	boven	
een	PD(type=indef,subtype=art,position=prenom)	een	
punt	NOU-C(number=sg)	punt	
a.	NOU-C(number=sg)	a	
Vouwt	VRB(finiteness=fin,tense=pres)	vouwen	
dan	ADV(type=reg)	dan	
het	PD(type=d-p,subtype=art,position=prenom)	het	
punt	NOU-C(number=sg)	punt	
a	NOU-C(number=sg)	a	
,	PC	,	
tegens	ADP(type=pre)	tegens	
b	NOU-C(number=sg)	b	
,	PC	,	
het	PD(type=d-p,subtype=art,position=prenom)	het	
middelste	NOU-C(number=sg)	middelste	
van	ADP(type=pre)	van	
de	PD(type=d-p,subtype=art,position=prenom)	de	
onderste	AA(degree=sup,position=prenom)	onderst	
linie	NOU-C(number=sg)	linie	
dan	ADV(type=reg)	dan	
is	VRB(finiteness=fin,tense=pres)	zijn	
het	PD(type=d-p,subtype=art,position=prenom)	het	
Servet	NOU-C(number=sg)	servet	
half	AA(degree=pos,position=free)	half	
toegeslagen	VRB(finiteness=pastpart)	toeslaan	
.	PC	.	

Neemt	VRB(finiteness=fin,tense=pres)	nemen	
dan	ADV(type=reg)	dan	
de	PD(type=d-p,subtype=art,position=prenom)	de	
hoek	NOU-C(number=sg)	hoek	
c	NOU-C(number=sg)	c	
,	PC	,	
en	CONJ(type=coor)	en	
vouwt	VRB(finiteness=fin,tense=pres)	achteromvouwen	mw_84
die	PD(type=d-p,position=free)	die	
agter	VRB(finiteness=fin,tense=pres)	achteromvouwen	mw_84
om	VRB(finiteness=fin,tense=pres)	achteromvouwen	mw_84
tegens	ADP(type=pre)	tegens	
k	NOU-C(number=sg)	k	
.	PC	.	

Neemt	VRB(finiteness=fin,tense=pres)	nemen	
dan	ADV(type=reg)	dan	
de	PD(type=d-p,subtype=art,position=prenom)	de	
hoek	NOU-C(number=sg)	hoek	
d	NOU-C(number=sg)	d	
,	PC	,	
en	CONJ(type=coor)	en	
vouwt	VRB(finiteness=fin,tense=pres)	achteromvouwen	mw_85
die	PD(type=d-p,position=free)	die	
agter	VRB(finiteness=fin,tense=pres)	achteromvouwen	mw_85
om	VRB(finiteness=fin,tense=pres)	achteromvouwen	mw_85
tegens	ADP(type=pre)	tegens	
m	NOU-C(number=sg)	m	
,	PC	,	
zo	ADV(type=reg)	zo	
bekomt	VRB(finiteness=fin,tense=pres)	bekomen	
gy	PD(type=pers,position=free)	gij	
een	PD(type=indef,subtype=art,position=prenom)	een	
vierkante	AA(degree=pos,position=prenom)	vierkant	
ruit	NOU-C(number=sg)	ruit	
n	NOU-C(number=sg)	n	
,	PC	,	
n	NOU-C(number=sg)	n	
,	PC	,	
n	NOU-C(number=sg)	n	
,	PC	,	
b	NOU-C(number=sg)	b	
.	PC	.	

want	CONJ(type=coor)	want	
de	PD(type=d-p,subtype=art,position=prenom)	de	
middelste	AA(degree=sup,position=prenom)	middelst	
n	NOU-C(number=sg)	n	
,	PC	,	
moet	VRB(finiteness=fin,tense=pres)	moeten	
men	PD(type=pers,position=free)	men	
zig	PD(type=refl,position=free)	zich	
verbeelden	VRB(finiteness=inf)	verbeelden	
dat	CONJ(type=sub)	dat	
in	ADP(type=pre)	in	
het	PD(type=d-p,subtype=art,position=prenom)	het	
middelpunt	NOU-C(number=sg)	middelpunt	
van	ADP(type=pre)	van	
het	PD(type=d-p,subtype=art,position=prenom)	het	
kruys	NOU-C(number=sg)	kruis	
staat	VRB(finiteness=fin,tense=pres)	staan	
,	PC	,	
het	PD(type=d-p,position=free)	hetgeen	mw_180
geen	PD(type=d-p,position=free)	hetgeen	mw_180
alhier	ADV(type=reg)	alhier	
niet	ADV(type=reg)	niet	
netter	AA(degree=comp,position=free)	net	
heeft	VRB(finiteness=fin,tense=pres)	hebben	
konnen	VRB(finiteness=inf)	kunnen	
verbeeld	VRB(finiteness=pastpart)	verbeelden	
worden	VRB(finiteness=inf)	worden	
,	PC	,	
en	CONJ(type=coor)	en	
de	PD(type=d-p,subtype=art,position=prenom)	de	
aan	ADP(type=pre)	aan	
wederzyden	NOU-C(number=pl)	wederzijde	
van	ADP(type=pre)	van	
onderen	ADV(type=reg)	onderen	
uitstekende	AA(degree=pos,position=prenom)	uitstekend	
hoeken	NOU-C(number=pl)	hoek	
o	NOU-C(number=sg)	o	
,	PC	,	
o	NOU-C(number=sg)	o	
,	PC	,	
vouwt	VRB(finiteness=fin,tense=pres)	achteromvouwen	mw_86
men	PD(type=pers,position=free)	men	
mede	ADV(type=reg)	mede	
agter	VRB(finiteness=fin,tense=pres)	achteromvouwen	mw_86
om	VRB(finiteness=fin,tense=pres)	achteromvouwen	mw_86
,	PC	,	
gelyk	CONJ(type=sub)	gelijk	
in	ADP(type=pre)	in	
deeze	PD(type=d-p,subtype=oth,position=prenom)	deze	
Figuur	NOU-C(number=sg)	figuur	
verbeeld	VRB(finiteness=pastpart)	verbeelden	
staat	VRB(finiteness=fin,tense=pres)	staan	
;	PC	;	
als	CONJ(type=sub)	als	
het	PD(type=d-p,subtype=art,position=prenom)	het	
servet	NOU-C(number=sg)	servet	
aldus	ADV(type=reg)	aldus	
gevouwen	VRB(finiteness=pastpart)	vouwen	
is	VRB(finiteness=fin,tense=pres)	zijn	
zo	ADV(type=reg)	zo	
zet	VRB(finiteness=fin,tense=pres)	zetten	
men	PD(type=pers,position=free)	men	
het	PD(type=pers,position=free)	het	
in	ADP(type=pre)	in	
de	PD(type=d-p,subtype=art,position=prenom)	de	
pars	NOU-C(number=sg)	pers	
niet	ADV(type=reg)	niet	
alleen	AA(degree=pos,position=free)	alleen	
op	CONJ(type=sub)	opdat	mw_355
dat	CONJ(type=sub)	opdat	mw_355
het	PD(type=d-p,subtype=art,position=prenom)	het	
servet	NOU-C(number=sg)	servet	
vlak	AA(degree=pos,position=free)	vlak	
op	ADP(type=pre)	op	
het	PD(type=d-p,subtype=art,position=prenom)	het	
bord	NOU-C(number=sg)	bord	
zoude	VRB(finiteness=fin,tense=past)	zullen	
leggen	VRB(finiteness=inf)	liggen	
,	PC	,	
maar	CONJ(type=coor)	maar	
ook	ADV(type=reg)	ook	
op	CONJ(type=sub)	opdat	mw_263
dat	CONJ(type=sub)	opdat	mw_263
de	PD(type=d-p,subtype=art,position=prenom)	de	
vouwen	NOU-C(number=pl)	vouw	
daar	ADV(type=pron)	daarin	mw_406
zeer	AA(degree=pos,position=free)	zeer	
scherp	AA(degree=pos,position=free)	scherp	
in	ADV(type=pron)	daarin	mw_406
zouden	VRB(finiteness=fin,tense=past)	zullen	
staan	VRB(finiteness=inf)	staan	
,	PC	,	
het	PD(type=d-p,position=free)	hetgeen	mw_181
geen	PD(type=d-p,position=free)	hetgeen	mw_181
cierlyk	AA(degree=pos,position=free)	sierlijk	
is	VRB(finiteness=fin,tense=pres)	zijn	
.	PC	.	

1	NUM(type=card,position=free,representation=dig)	een	
.	PC	.	

Om	ADP(type=pre)	om	
hier	ADV(type=pron)	hieromtrent	mw_202
omtrent	ADV(type=pron)	hieromtrent	mw_202
wel	ADV(type=reg)	wel	
te	ADP(type=pre)	te	
slagen	VRB(finiteness=inf)	slagen	
zo	ADV(type=reg)	zo	
moet	VRB(finiteness=fin,tense=pres)	moeten	
men	PD(type=pers,position=free)	men	
eerst	ADV(type=reg)	eerst	
de	PD(type=d-p,subtype=art,position=prenom)	de	
grondbeginzelen	NOU-C(number=pl)	grondbeginsel	
,	PC	,	
volgens	ADP(type=pre)	volgens	
Fig.	NOU-C(number=sg,WF=abbr)	figuur	

5	NUM(type=card,position=postnom,representation=dig)	vijf	
.	PC	.	

Fig.	NOU-C(number=sg,WF=abbr)	figuur	

6	NUM(type=card,position=postnom,representation=dig)	zes	
.	PC	.	

en	CONJ(type=coor)	en	
Fig.	NOU-C(number=sg,WF=abbr)	figuur	

7	NUM(type=card,position=postnom,representation=dig)	zeven	
.	PC	.	

volgens	ADP(type=pre)	volgens	
het	PD(type=d-p,position=free)	hetgeen	mw_182
geen	PD(type=d-p,position=free)	hetgeen	mw_182
wy	PD(type=pers,position=free)	wij	
daar	ADV(type=pron)	daarvan	mw_37
van	ADV(type=pron)	daarvan	mw_37
gezegt	VRB(finiteness=pastpart)	zeggen	
hebben	VRB(finiteness=fin,tense=pres)	hebben	
,	PC	,	
de	PD(type=d-p,subtype=art,position=prenom)	de	
Servetten	NOU-C(number=pl)	servet	
zo	ADV(type=reg)	zo	
net	AA(degree=pos,position=free)	net	
weeten	VRB(finiteness=inf)	weten	
te	ADP(type=pre)	te	
vouwen	VRB(finiteness=inf)	vouwen	
dat	CONJ(type=sub)	dat	
de	PD(type=d-p,subtype=art,position=prenom)	de	
plooijen	NOU-C(number=pl)	plooi	
volmaakt	AA(degree=pos,position=free)	volmaakt	
in	ADP(type=pre)	in	
malkanderen	PD(type=recip,position=free)	malkander	
passen	VRB(finiteness=fin,tense=pres)	passen	
.	PC	.	

3	NUM(type=card,position=free,representation=dig)	drie	
.	PC	.	

Eindelyk	ADV(type=reg)	eindelijk	
moet	VRB(finiteness=fin,tense=pres)	moeten	
men	PD(type=pers,position=free)	men	
een	PD(type=indef,subtype=art,position=prenom)	een	
goede	AA(degree=pos,position=prenom)	goed	
aftekening	NOU-C(number=sg)	aftekening	
van	ADP(type=pre)	van	
de	PD(type=d-p,subtype=art,position=prenom)	de	
figuur	NOU-C(number=sg)	figuur	
die	PD(type=d-p,position=free)	die	
men	PD(type=pers,position=free)	men	
maaken	VRB(finiteness=inf)	maken	
wil	VRB(finiteness=fin,tense=pres)	willen	
voor	ADP(type=pre)	voor	
zig	PD(type=refl,position=free)	zich	
hebben	VRB(finiteness=inf)	hebben	
;	PC	;	
en	CONJ(type=coor)	en	
dan	ADV(type=reg)	dan	
verder	AA(degree=comp,position=free)	ver	
hier	ADV(type=pron)	hiermede	mw_200
mede	ADV(type=pron)	hiermede	mw_200
handelen	VRB(finiteness=inf)	handelen	
gelyk	CONJ(type=sub)	gelijk	
wy	PD(type=pers,position=free)	wij	
nu	ADV(type=reg)	nu	
zeggen	VRB(finiteness=inf)	zeggen	
zullen	VRB(finiteness=fin,tense=pres)	zullen	
.	PC	.	

Steekt	VRB(finiteness=fin,tense=pres)	steken	
dan	ADV(type=reg)	dan	
het	PD(type=d-p,subtype=art,position=prenom)	het	
blikke	AA(degree=pos,position=prenom)	blikken	
worst-hoorntje	NOU-C(number=sg)	worsthoorntje	
van	ADP(type=pre)	van	
onderen	ADV(type=reg)	onderen	
door	ADP(type=circ)	doorheen	mw_196
het	PD(type=d-p,subtype=art,position=prenom)	het	
gat	NOU-C(number=sg)	gat	
heen	ADP(type=circ)	doorheen	mw_196
,	PC	,	
zo	CONJ(type=sub)	zodat	mw_356
dat	CONJ(type=sub)	zodat	mw_356
het	PD(type=d-p,subtype=art,position=prenom)	het	
dunste	AA(degree=sup,position=prenom)	dun	
eind	NOU-C(number=sg)	einde	
van	ADP(type=pre)	van	
onderen	ADV(type=reg)	onderen	
genoeg	ADV(type=reg)	genoeg	
uitsteekt	VRB(finiteness=fin,tense=pres)	uitsteken	
,	PC	,	
daar	ADV(type=reg)	daar	
gy	PD(type=pers,position=free)	gij	
een	PD(type=indef,subtype=art,position=prenom)	een	
eind	NOU-C(number=sg)	einde	
darm	NOU-C(number=sg)	darm	
zo	ADV(type=reg)	zo	
lang	AA(degree=pos,position=free)	lang	
het	PD(type=pers,position=free)	het	
u	PD(type=pers,position=free)	u	
behaagd	VRB(finiteness=fin,tense=pres)	behagen	
,	PC	,	
die	PD(type=d-p,position=free)	die	
van	ADP(type=pre)	van	
onderen	ADV(type=reg)	onderen	
toegebonden	VRB(finiteness=pastpart)	toebinden	
is	VRB(finiteness=fin,tense=pres)	zijn	
,	PC	,	
opschuift	VRB(finiteness=fin,tense=pres)	opschuiven	
;	PC	;	
gelyk	CONJ(type=sub)	gelijk	
men	PD(type=pers,position=free)	men	
in	ADP(type=pre)	in	
het	PD(type=d-p,subtype=art,position=prenom)	het	
gemeen	AA(degree=pos,position=prenom)	gemeen	
worststoppen	NOU-C(number=sg)+NOU-C(number=sg)	worst+stoppen	
gewoon	AA(degree=pos,position=free)	gewoon	
is	VRB(finiteness=fin,tense=pres)	zijn	
.	PC	.	



