Walvisch	NOU-C(number=sg)	walvis	
van	ADP(type=pre)	van	
Berckhey	NOU-P	Berkheide	
,	PC	,	
Dat	PD(type=d-p,position=free)	dat	
is	VRB(finiteness=fin,tense=pres)	zijn	
:	PC	:	
Eene	PD(type=indef,subtype=art,position=prenom)	een	
beschrijvinghe	NOU-C(number=sg)	beschrijving	
des	PD(type=d-p,subtype=art,position=prenom)	de	
grooten	AA(degree=pos,position=prenom)	groot	
Vissches	NOU-C(number=sg)	vis	
,	PC	,	
die	PD(type=d-p,position=free)	die	
in	ADP(type=pre)	in	
het	PD(type=d-p,subtype=art,position=prenom)	het	
Iaer	NOU-C(number=sg)	jaar	
1598	NUM(type=card,position=postnom,representation=dig)	1598	
.	PC	.	

den	PD(type=d-p,subtype=art,position=prenom)	de	
derden	NUM(type=ord,position=prenom,representation=let)	derde	
Februarij	NOU-C(number=sg)	februarius	
,	PC	,	
te	ADP(type=pre)	te	
Berckhey	NOU-P	Berkheide	
ghestrandet	VRB(finiteness=pastpart)	stranden	
is	VRB(finiteness=fin,tense=pres)	zijn	
,	PC	,	
met	ADP(type=pre)	met	
een	PD(type=indef,subtype=art,position=prenom)	een	
cort	AA(degree=pos,position=prenom)	kort	
verhael	NOU-C(number=sg)	verhaal	
der	PD(type=d-p,subtype=art,position=prenom)	de	
dinghen	NOU-C(number=pl)	ding	
die	PD(type=d-p,position=free)	die	
daer	ADV(type=pron)	daarop	mw_156
op	ADV(type=pron)	daarop	mw_156
ghevolght	VRB(finiteness=pastpart)	volgen	
zijn	VRB(finiteness=fin,tense=pres)	zijn	
.	PC	.	

DOn	NOU-C(number=sg)	don	
Francisco	NOU-P	Francisco	
de	NOU-P	De Mendoza	mw_195
Mendossa	NOU-P	De Mendoza	mw_195
,	PC	,	
Admirante	NOU-C(number=sg)	admirant	
de	RES(type=for)	de	
Arragon	NOU-P	Aragón	
,	PC	,	
etc.	ADV(type=reg,WF=abbr)	et cetera	
Generael	NOU-C(number=sg)	generaal	
met	ADP(type=pre)	met	
Grave	NOU-C(number=sg)	graaf	
Frederick	NOU-P	Frederik	
van	NOU-P	Van den Bergh	mw_226
den	NOU-P	Van den Bergh	mw_226
Berghe	NOU-P	Van den Bergh	mw_226
,	PC	,	
als	CONJ(type=sub)	als	
Veldt-Marschalck	NOU-C(number=sg)	veldmaarschalk	
van	ADP(type=pre)	van	
den	PD(type=d-p,subtype=art,position=prenom)	het	
Legher	NOU-C(number=sg)	leger	
of	CONJ(type=coor)	of	
Krijchsheyr	NOU-C(number=sg)	krijgsheer	
des	PD(type=d-p,subtype=art,position=prenom)	de	
Cardinaels	NOU-C(number=sg)	kardinaal	
Albert	NOU-P	Albert	
,	PC	,	
is	VRB(finiteness=fin,tense=pres)	zijn	
int	ADP(type=pre)+PD(type=d-p,subtype=art,position=prenom)	in+het	
beginsel	NOU-C(number=sg)	beginsel	
van	ADP(type=pre)	van	
September	NOU-C(number=sg)	september	
aen	ADP(type=pre)	aan	
den	PD(type=d-p,subtype=art,position=prenom)	de	
Rhijn	NOU-P	Rijn	
ghecomen	VRB(finiteness=pastpart)	komen	
tot	ADP(type=pre)	tot	
Orsoy	NOU-P	Orsoy	
met	ADP(type=pre)	met	
62	NUM(type=card,position=prenom,representation=dig)	tweeënzestig	
Vendelen	NOU-C(number=pl)	vendel	
Spagnaerden	NOU-C(number=pl)	Spanjaard	
,	PC	,	
19	NUM(type=card,position=prenom,representation=dig)	negentien	
Vendelen	NOU-C(number=pl)	vendel	
Italianen	NOU-C(number=pl)	Italiaan	
,	PC	,	
2	NUM(type=card,position=prenom,representation=dig)	twee	
Vendelen	NOU-C(number=pl)	vendel	
Yrische	NOU-C(number=pl)	Iers	
,	PC	,	
4	NUM(type=card,position=prenom,representation=dig)	vier	
Walsche	AA(degree=pos,position=prenom)	Waals	
Regimenten	NOU-C(number=pl)	regiment	
43	NUM(type=card,position=prenom,representation=dig)	drieënveertig	
Vendelen	NOU-C(number=pl)	vendel	
sterck	AA(degree=pos,position=free)	sterk	
,	PC	,	
vier	NUM(type=card,position=prenom,representation=let)	vier	
Duytsche	AA(degree=pos,position=prenom)	Duits	
Regimenten	NOU-C(number=pl)	regiment	
van	ADP(type=pre)	van	
42	NUM(type=card,position=prenom,representation=dig)	tweeënveertig	
Vendelen	NOU-C(number=pl)	vendel	
,	PC	,	
t'samen	ADV(type=reg)	samen	
168	NUM(type=card,position=prenom,representation=dig)	168	
Vendelen	NOU-C(number=pl)	vendel	
voetvolcx	NOU-C(number=sg)	voetvolk	
,	PC	,	
die	PD(type=d-p,position=free)	die	
men	PD(type=pers,position=free)	men	
achtet	VRB(finiteness=fin,tense=pres)	achten	
in	ADV(type=reg)	in	
als	CONJ(type=sub)	als	
te	ADP(type=pre)	te	
zijn	VRB(finiteness=inf)	zijn	
tweeentwintich	NUM(type=card,position=prenom,representation=let)	tweeëntwintigduizend	mw_90
duysent	NUM(type=card,position=prenom,representation=let)	tweeëntwintigduizend	mw_90
voetvolcx	NOU-C(number=sg)	voetvolk	
,	PC	,	
met	ADP(type=pre)	met	
twee	NUM(type=card,position=prenom,representation=let)	tweeduizend	mw_89
duysent	NUM(type=card,position=prenom,representation=let)	tweeduizend	mw_89
Ruyteren	NOU-C(number=pl)	ruiter	
,	PC	,	
ende	CONJ(type=coor)	en	
die	PD(type=d-p,subtype=art,position=prenom)	de	
Ruyterije	NOU-C(number=sg)	ruiterij	
bestondt	VRB(finiteness=fin,tense=past)	bestaan	
in	ADP(type=pre)	in	
28	NUM(type=card,position=prenom,representation=dig)	achtentwintig	
Vanen	NOU-C(number=pl)	vaan	
,	PC	,	
so	ADV(type=reg)	zo	
Spaensche	NOU-C(number=pl)	Spaans	
,	PC	,	
Italiaensche	NOU-C(number=pl)	Italiaans	
,	PC	,	
Nederlanders	NOU-C(number=pl)	Nederlander	
ende	CONJ(type=coor)	en	
Albanoisen	NOU-C(number=pl)	Albanoos	
.	PC	.	

Ende	CONJ(type=coor)	en	
met	ADP(type=pre)	met	
dese	PD(type=d-p,subtype=oth,position=prenom)	deze	
hoopen	NOU-C(number=pl)	hoop	
begheerde	VRB(finiteness=fin,tense=past)	begeren	
den	PD(type=d-p,subtype=art,position=prenom)	de	
Admirant	NOU-C(number=sg)	admirant	
voorghenoemt	AA(degree=pos,position=postnom)	voorgenoemd	
inghelaten	VRB(finiteness=pastpart)	inlaten	
te	ADP(type=pre)	te	
worden	VRB(finiteness=inf)	worden	
in	ADP(type=pre)	in	
het	PD(type=d-p,subtype=art,position=prenom)	het	
stedeken	NOU-C(number=sg)	stedetje	
Orsoy	NOU-P	Orsoy	
,	PC	,	
gheleghen	AA(degree=pos,position=free)	gelegen	
aen	ADP(type=pre)	aan	
den	PD(type=d-p,subtype=art,position=prenom)	de	
Rhijn	NOU-P	Rijn	
,	PC	,	
een	NUM(type=card,position=prenom,representation=let)	een	
mijl	NOU-C(number=sg)	mijl	
boven	ADP(type=pre)	boven	
Berck	NOU-P	Berg	
,	PC	,	
waer	ADV(type=pron)	waartegen	mw_25
tegen	ADV(type=pron)	waartegen	mw_25
den	PD(type=d-p,subtype=art,position=prenom)	de	
Marschalck	NOU-C(number=sg)	maarschalk	
van	ADP(type=pre)	van	
Cleve	NOU-P	Kleef	
met	ADP(type=pre)	met	
den	PD(type=d-p,subtype=art,position=prenom)	de	
Landtschrijver	NOU-C(number=sg)	landschrijver	
waren	VRB(finiteness=fin,tense=past)	zijn	
,	PC	,	
ende	CONJ(type=coor)	en	
protesteerden	VRB(finiteness=fin,tense=past)	protesteren	
als	CONJ(type=sub)	als	
neutrale	NOU-C(number=pl)	neutrale	
.	PC	.	

Maer	CONJ(type=coor)	maar	
Admirante	NOU-C(number=sg)	admirant	
bestondt	VRB(finiteness=fin,tense=past)	bestaan	
de	PD(type=d-p,subtype=art,position=prenom)	de	
Stadt	NOU-C(number=sg)	stad	
te	ADP(type=pre)	te	
beclimmen	VRB(finiteness=inf)	beklimmen	
,	PC	,	
t'welck	PD(type=w-p,position=free)	hetwelk	
de	PD(type=d-p,subtype=art,position=prenom)	de	
Borghers	NOU-C(number=pl)	burger	
siende	VRB(finiteness=prespart)	zien	
,	PC	,	
vervaert	AA(degree=pos,position=free)	vervaard	
wierden	VRB(finiteness=fin,tense=past)	worden	
,	PC	,	
ende	CONJ(type=coor)	en	
lieten	VRB(finiteness=fin,tense=past)	inlaten	mw_740211
sijn	PD(type=poss,position=prenom)	zijn	
volck	NOU-C(number=sg)	volk	
in	VRB(finiteness=fin,tense=past)	inlaten	mw_740211
,	PC	,	
op	ADP(type=pre)	op	
belofte	NOU-C(number=sg)	belofte	
van	ADP(type=pre)	van	
alleenlijck	ADV(type=reg)	alleenlijk	
den	PD(type=d-p,subtype=art,position=prenom)	de	
Rhijn	NOU-P	Rijn	
te	ADP(type=pre)	te	
passeren	VRB(finiteness=inf)	passeren	
.	PC	.	

Maer	CONJ(type=coor)	maar	
hy	PD(type=pers,position=free)	hij	
gheen	PD(type=indef,subtype=oth,position=prenom)	geen	
belofte	NOU-C(number=sg)	belofte	
houdende	VRB(finiteness=prespart)	houden	
,	PC	,	
bestondt	VRB(finiteness=fin,tense=past)	bestaan	
in	ADP(type=pre)	in	
haest	NOU-C(number=sg)	haast	
met	ADP(type=pre)	met	
grooter	AA(degree=pos,position=prenom)	groot	
vlijt	NOU-C(number=sg)	vlijt	
het	PD(type=d-p,subtype=art,position=prenom)	het	
Stedeken	NOU-C(number=sg)	stedetje	
te	ADP(type=pre)	te	
stercken	VRB(finiteness=inf)	sterken	
,	PC	,	
ende	CONJ(type=coor)	en	
liet	VRB(finiteness=fin,tense=past)	laten	
over	ADP(type=pre)	over	
den	PD(type=d-p,subtype=art,position=prenom)	de	
Rhijn	NOU-P	Rijn	
trecken	VRB(finiteness=inf)	trekken	
thien	NUM(type=card,position=prenom,representation=let)	tien	
Vendelen	NOU-C(number=pl)	vendel	mw_125
Walen	NOU-C(number=pl)	Waal	
,	PC	,	
ende	CONJ(type=coor)	en	
drie	NUM(type=card,position=prenom,representation=let)	drie	
Spaensche	AA(degree=pos,position=prenom)	Spaans	
Regimenten	NOU-C(number=pl)	regiment	
,	PC	,	
met	ADP(type=pre)	met	
12	NUM(type=card,position=prenom,representation=dig)	twaalf	
vanen	NOU-C(number=pl)	vaan	
Ruyteren	NOU-C(number=pl)	ruiter	
,	PC	,	
ende	CONJ(type=coor)	en	
dede	VRB(finiteness=fin,tense=past)	doen	
teghen	ADP(type=pre)	tegenover	mw_166
over	ADP(type=pre)	tegenover	mw_166
Orsoy	NOU-P	Orsoy	
een	PD(type=indef,subtype=art,position=prenom)	een	
Schansse	NOU-C(number=sg)	schans	
maken	VRB(finiteness=inf)	maken	
tot	ADP(type=pre)	tot	
Walsem	NOU-P	Walsum	
.	PC	.	

Op't	ADP(type=pre)+PD(type=d-p,subtype=art,position=prenom)	op+het	
Casteel	NOU-C(number=sg)	kasteel	
te	ADP(type=pre)	te	
Orsoy	NOU-P	Orsoy	
laghen	VRB(finiteness=fin,tense=past)	liggen	
eenighe	PD(type=indef,subtype=oth,position=prenom)	enig	
Soldaten	NOU-C(number=pl)	soldaat	
van	ADP(type=pre)	van	
de	PD(type=d-p,subtype=art,position=prenom)	de	
Vorst	NOU-C(number=sg)	vorst	
van	ADP(type=pre)	van	
Cleve	NOU-P	Kleef	
:	PC	:	
Soo	ADV(type=reg)	zo	
is	VRB(finiteness=fin,tense=pres)	zijn	
Admirante	NOU-C(number=sg)	admirant	
selfs	PD(type=d-p,position=postnom)	zelf	
tot	ADP(type=pre)	tot	
voor't	ADP(type=pre)+PD(type=d-p,subtype=art,position=prenom)	voor+het	
Casteel	NOU-C(number=sg)	kasteel	
gegaen	VRB(finiteness=pastpart)	gaan	
met	ADP(type=pre)	met	
drye	NUM(type=card,position=prenom,representation=let)	drie	
Monicken	NOU-C(number=pl)	monnik	
ende	CONJ(type=coor)	en	
een	PD(type=indef,subtype=art,position=prenom)	een	
Beul	NOU-C(number=sg)	beul	
aen	ADP(type=pre)	aan	
sijn	PD(type=poss,position=prenom)	zijn	
zijde	NOU-C(number=sg)	zijde	
,	PC	,	
hebbende	VRB(finiteness=prespart)	hebben	
veel	PD(type=indef,subtype=oth,position=prenom)	veel	
stroppen	NOU-C(number=pl)	strop	
in	ADP(type=pre)	in	
de	PD(type=d-p,subtype=art,position=prenom)	de	
handt	NOU-C(number=sg)	hand	
,	PC	,	
dreygende	VRB(finiteness=prespart)	dreigen	
de	PD(type=d-p,subtype=art,position=prenom)	de	
voornoemde	AA(degree=pos,position=prenom)	voornoemd	
Soldaten	NOU-C(number=pl)	soldaat	
,	PC	,	
wilden	VRB(finiteness=fin,tense=past)	willen	
sy't	PD(type=pers,position=free)+PD(type=pers,position=free)	zij+het	
niet	ADV(type=reg)	niet	
stracx	ADV(type=reg)	straks	
verlaten	VRB(finiteness=inf)	verlaten	
ende	CONJ(type=coor)	en	
hen	PD(type=pers,position=free)	zij	
overleveren	VRB(finiteness=inf)	overleveren	
,	PC	,	
soo	ADV(type=reg)	zo	
mochten	VRB(finiteness=fin,tense=past)	mogen	
sy	PD(type=pers,position=free)	zij	
haer	PD(type=refl,position=free)	haar	
biechten	VRB(finiteness=inf)	biechten	
ende	CONJ(type=coor)	en	
haer	PD(type=refl,position=free)	haar	
bereyden	VRB(finiteness=inf)	bereiden	
te	ADP(type=pre)	te	
hanghen	VRB(finiteness=inf)	hangen	
,	PC	,	
den	PD(type=d-p,subtype=art,position=prenom)	de	
Beul	NOU-C(number=sg)	beul	
was	VRB(finiteness=fin,tense=past)	zijn	
daer	ADV(type=pron)	daartoe	mw_82
toe	ADV(type=pron)	daartoe	mw_82
veerdich	AA(degree=pos,position=free)	vaardig	
.	PC	.	

Alsoo	ADV(type=reg)	alzo	
moesten	VRB(finiteness=fin,tense=past)	moeten	
dese	PD(type=d-p,subtype=oth,position=prenom)	deze	
Soldaten	NOU-C(number=pl)	soldaat	
het	PD(type=d-p,subtype=art,position=prenom)	het	
Casteel	NOU-C(number=sg)	kasteel	
hem	PD(type=pers,position=free)	hij	
overleveren	VRB(finiteness=inf)	overleveren	
,	PC	,	
dat	CONJ(type=sub)	dat	
hy	PD(type=pers,position=free)	hij	
daer	ADV(type=reg)	daar	
logeren	VRB(finiteness=inf)	logeren	
mochte	VRB(finiteness=fin,tense=past)	mogen	
.	PC	.	

Voorts	ADV(type=reg)	voorts	
andere	PD(type=indef,subtype=oth,position=prenom)	ander	
Steden	NOU-C(number=pl)	stad	
ende	CONJ(type=coor)	en	
Sloten	NOU-C(number=pl)	slot	
rondtom	ADV(type=reg)	rondom	
gelegen	AA(degree=pos,position=free)	gelegen	
liet	VRB(finiteness=fin,tense=past)	laten	
hy	PD(type=pers,position=free)	hij	
opeysschen	VRB(finiteness=inf)	opeisen	
,	PC	,	
afloopen	VRB(finiteness=inf)	aflopen	
ende	CONJ(type=coor)	en	
brandtschatten	VRB(finiteness=inf)	brandschatten	
,	PC	,	
daer	ADV(type=pron)	daarin	mw_255
in	ADV(type=pron)	daarin	mw_255
niet	ADV(type=reg)	niet	
verschoont	VRB(finiteness=pastpart)	verschonen	
en	ADV(type=reg)	ne	
zijn	VRB(finiteness=fin,tense=pres)	zijn	
de	PD(type=d-p,subtype=art,position=prenom)	de	
Steden	NOU-C(number=pl)	stad	
Meurs	NOU-P	Meurs	
ende	CONJ(type=coor)	en	
Alpen	NOU-P	Alpen	
,	PC	,	
niet	ADP(type=pre)	niettegenstaande	mw_79
teghenstaende	ADP(type=pre)	niettegenstaande	mw_79
datse	CONJ(type=sub)+PD(type=pers,position=free)	dat+zij	
vercreghen	VRB(finiteness=pastpart)	verkrijgen	
hadden	VRB(finiteness=fin,tense=past)	hebben	
van	ADP(type=pre)	van	
den	PD(type=d-p,subtype=art,position=prenom)	de	
Cardinael	NOU-C(number=sg)	kardinaal	
Albertus	NOU-P	Albertus	
om	ADP(type=pre)	om	
te	ADP(type=pre)	te	
moghen	VRB(finiteness=inf)	mogen	
blijven	VRB(finiteness=inf)	blijven	
neutrael	AA(degree=pos,position=free)	neutraal	
.	PC	.	

Men	PD(type=pers,position=free)	men	
heeft	VRB(finiteness=fin,tense=pres)	hebben	
uyt	ADP(type=pre)	uit	
sekere	PD(type=indef,subtype=oth,position=prenom)	zeker	
Brieven	NOU-C(number=pl)	brief	
verstaen	VRB(finiteness=pastpart)	verstaan	
,	PC	,	
die	PD(type=d-p,position=free)	die	
uyt	ADP(type=pre)	uit	
den	PD(type=d-p,subtype=art,position=prenom)	het	
Legher	NOU-C(number=sg)	leger	
geschreven	VRB(finiteness=pastpart)	schrijven	
waren	VRB(finiteness=fin,tense=past)	zijn	
in	ADP(type=pre)	in	
date	NOU-C(number=sg)	daat	
x	NUM(type=card,position=prenom,representation=rom)	tien	
.	PC	.	

Septembris	NOU-C(number=sg)	september	
,	PC	,	
dat	CONJ(type=sub)	dat	
Admirante	NOU-C(number=sg)	admirant	
Orsoy	NOU-P	Orsoy	
ingenomen	VRB(finiteness=pastpart)	innemen	
hadde	VRB(finiteness=fin,tense=past)	hebben	
,	PC	,	
met	ADP(type=pre)	met	
meyninghe	NOU-C(number=sg)	mening	
daer	ADV(type=reg)	daar	
te	ADP(type=pre)	te	
blijven	VRB(finiteness=inf)	blijven	
,	PC	,	
ende	CONJ(type=coor)	en	
dat	PD(type=d-p,position=free)	dat	
te	ADP(type=pre)	te	
stercken	VRB(finiteness=inf)	sterken	
op	ADP(type=pre)	op	
beyde	PD(type=indef,subtype=oth,position=prenom)	beide	
zijden	NOU-C(number=pl)	zijde	
des	PD(type=d-p,subtype=art,position=prenom)	de	
Rijns	NOU-P	Rijn	
,	PC	,	
eer	CONJ(type=sub)	eer	
hy	PD(type=pers,position=free)	hij	
voorder	AA(degree=comp,position=free)	voorder	
yet	PD(type=indef,position=free)	iet	
wilde	VRB(finiteness=fin,tense=past)	willen	
voornemen	VRB(finiteness=inf)	voornemen	
,	PC	,	
dat	CONJ(type=sub)	dat	
het	PD(type=pers,position=free)	het	
op	ADP(type=pre)	op	
Vrieslandt	NOU-P	Friesland	
voorghenomen	VRB(finiteness=pastpart)	voornemen	
was	VRB(finiteness=fin,tense=past)	zijn	
.	PC	.	

Den	PD(type=d-p,subtype=art,position=prenom)	het	
Legher	NOU-C(number=sg)	leger	
en	ADV(type=reg)	ne	
was	VRB(finiteness=fin,tense=past)	zijn	
anders	ADV(type=reg)	anders	
niet	ADV(type=reg)	niet	
uytrechtende	VRB(finiteness=prespart)	uitrechten	
,	PC	,	
dan	CONJ(type=sub)	dan	
het	PD(type=d-p,subtype=art,position=prenom)	het	
landt	NOU-C(number=sg)	land	
van	ADP(type=pre)	van	
Cleef	NOU-P	Kleef	
rondtomme	ADV(type=reg)	rondom	
als	CONJ(type=sub)	als	
vyanden-lande	NOU-C(number=pl)+NOU-C(number=pl)	vijand+land	
afloopende	VRB(finiteness=prespart)	aflopen	
ende	CONJ(type=coor)	en	
beroovende	VRB(finiteness=prespart)	beroven	
.	PC	.	

Men	PD(type=pers,position=free)	men	
verstondt	VRB(finiteness=fin,tense=past)	verstaan	
oock	ADV(type=reg)	ook	
uyt	ADP(type=pre)	uit	
eenighe	PD(type=indef,subtype=oth,position=prenom)	enig	
gevangene	NOU-C(number=pl)	gevangene	
,	PC	,	
dat	CONJ(type=sub)	dat	
sy	PD(type=pers,position=free)	zij	
in	ADP(type=pre)	in	
de	PD(type=d-p,subtype=art,position=prenom)	de	
neutrale	AA(degree=pos,position=prenom)	neutraal	
Landen	NOU-C(number=pl)	land	
meynden	VRB(finiteness=fin,tense=past)	menen	
te	ADP(type=pre)	te	
winteren	VRB(finiteness=inf)	winteren	
,	PC	,	
om	ADP(type=pre)	om	
de	PD(type=d-p,subtype=art,position=prenom)	de	
Vlaminghen	NOU-C(number=pl)	Vlaming	
ende	CONJ(type=coor)	en	
Brabanders	NOU-C(number=pl)	Brabander	
wat	ADV(type=reg)	wat	
te	ADP(type=pre)	te	
sparen	VRB(finiteness=inf)	sparen	
,	PC	,	
nae	ADP(type=pre)	na	
de	PD(type=d-p,subtype=art,position=prenom)	de	
toesegginghe	NOU-C(number=sg)	toezegging	
van	ADP(type=pre)	van	
den	PD(type=d-p,subtype=art,position=prenom)	de	
Cardinael	NOU-C(number=sg)	kardinaal	
Albert	NOU-P	Albert	
,	PC	,	
dat	CONJ(type=sub)	dat	
by	ADP(type=pre)	bij	
ghebreck	NOU-C(number=sg)	gebrek	
van	ADP(type=pre)	van	
ghelt	NOU-C(number=sg)	geld	
t'volck	PD(type=d-p,subtype=art,position=prenom)+NOU-C(number=sg)	het+volk	
seer	AA(degree=pos,position=free)	zeer	
verliep	VRB(finiteness=fin,tense=past)	verlopen	
,	PC	,	
dat	CONJ(type=sub)	dat	
de	PD(type=d-p,subtype=art,position=prenom)	de	
Hoofden	NOU-C(number=pl)	hoofd	
in	ADP(type=pre)	in	
den	PD(type=d-p,subtype=art,position=prenom)	het	
Legher	NOU-C(number=sg)	leger	
oneenich	AA(degree=pos,position=free)	onenig	
waren	VRB(finiteness=fin,tense=past)	zijn	
.	PC	.	

Grave	NOU-C(number=sg)	graaf	
Frederick	NOU-P	Frederik	
riet	VRB(finiteness=fin,tense=past)	raden	
nae	ADP(type=pre)	na	
Overijsel	NOU-P	Overijssel	
te	ADP(type=pre)	te	
trecken	VRB(finiteness=inf)	trekken	
,	PC	,	
maer	CONJ(type=coor)	maar	
Admirante	NOU-C(number=sg)	admirant	
wilde	VRB(finiteness=fin,tense=past)	willen	
den	PD(type=d-p,subtype=art,position=prenom)	de	
Rhijn	NOU-P	Rijn	
langs	ADP(type=post)	langs	
af	VRB(finiteness=inf)	aftrekken	mw_84
trecken	VRB(finiteness=inf)	aftrekken	mw_84
.	PC	.	

De	PD(type=d-p,subtype=art,position=prenom)	de	
Borgherije	NOU-C(number=sg)	burgerij	
van	ADP(type=pre)	van	
Orsoy	NOU-P	Orsoy	
dede	VRB(finiteness=fin,tense=past)	doen	
jammerlijck	AA(degree=pos,position=free)	jammerlijk	
versoeck	NOU-C(number=sg)	verzoek	
aen	ADP(type=pre)	aan	
den	PD(type=d-p,subtype=art,position=prenom)	de	
Vorst	NOU-C(number=sg)	vorst	
haren	PD(type=poss,position=prenom)	haar	
Heere	NOU-C(number=sg)	heer	
,	PC	,	
te	ADP(type=pre)	te	
willen	VRB(finiteness=inf)	willen	
aen	ADP(type=pre)	aan	
Admirante	NOU-C(number=sg)	admirant	
verwerven	VRB(finiteness=inf)	verwerven	
te	ADP(type=pre)	te	
moghen	VRB(finiteness=inf)	mogen	
met	ADP(type=pre)	met	
Wijf	NOU-C(number=sg)	wijf	
ende	CONJ(type=coor)	en	
kinderen	NOU-C(number=pl)	kind	
wech	VRB(finiteness=inf)	wegtrekken	mw_29
trecken	VRB(finiteness=inf)	wegtrekken	mw_29
vry	AA(degree=pos,position=free)	vrij	
ende	CONJ(type=coor)	en	
in	ADP(type=pre)	in	
vrede	NOU-C(number=sg)	vrede	
,	PC	,	
achterlatende	VRB(finiteness=prespart)	achterlaten	
huys	NOU-C(number=sg)	huis	
ende	CONJ(type=coor)	en	
hof	NOU-C(number=sg)	hof	
,	PC	,	
want	CONJ(type=sub)	want	
sy	PD(type=pers,position=free)	zij	
van	ADP(type=pre)	van	
den	PD(type=d-p,subtype=art,position=prenom)	de	
Spagnaerden	NOU-C(number=pl)	Spanjaard	
worden	VRB(finiteness=fin,tense=pres)	worden	
ghedwongen	VRB(finiteness=pastpart)	dwingen	
te	ADP(type=pre)	te	
wercken	VRB(finiteness=inf)	werken	
als	CONJ(type=sub)	als	
slaven	NOU-C(number=pl)	slaaf	
.	PC	.	

Den	PD(type=d-p,subtype=art,position=prenom)	de	
xxv	NUM(type=ord,position=prenom,representation=rom)	vijfentwintigste	
.	PC	.	

Septembris	NOU-C(number=sg)	september	
besloten	VRB(finiteness=fin,tense=past)	besluiten	
de	PD(type=d-p,subtype=art,position=prenom)	de	
Ridderschap	NOU-C(number=sg)	ridderschap	
ende	CONJ(type=coor)	en	
Steden	NOU-C(number=pl)	stad	
op	ADP(type=pre)	op	
den	PD(type=d-p,subtype=art,position=prenom)	de	
Landtdach	NOU-C(number=sg)	landdag	
te	ADP(type=pre)	te	
Cleef	NOU-P	Kleef	
,	PC	,	
dat	CONJ(type=sub)	dat	
men	PD(type=pers,position=free)	men	
alle	PD(type=indef,subtype=oth,position=prenom)	al	
moghelijcke	AA(degree=pos,position=prenom)	mogelijk	
vlijte	NOU-C(number=sg)	vlijt	
soude	VRB(finiteness=fin,tense=past)	zullen	
voorwenden	VRB(finiteness=inf)	voorwenden	
,	PC	,	
dat	CONJ(type=sub)	dat	
Orsoy	NOU-P	Orsoy	
mochte	VRB(finiteness=fin,tense=past)	mogen	
weder	ADV(type=reg)	weder	
overghegheven	VRB(finiteness=pastpart)	overgeven	
worden	VRB(finiteness=inf)	worden	
,	PC	,	
ende	CONJ(type=coor)	en	
of	CONJ(type=coor)	of	
t'selve	PD(type=d-p,position=free)	hetzelve	
gheweyghert	VRB(finiteness=pastpart)	weigeren	
wierde	VRB(finiteness=fin,tense=past)	worden	
by	ADP(type=pre)	bij	
den	PD(type=d-p,subtype=art,position=prenom)	de	
Admirante	NOU-C(number=sg)	admirant	
,	PC	,	
dat	CONJ(type=sub)	dat	
dan	ADV(type=reg)	dan	
daer	ADV(type=pron)	daarop	mw_157
op	ADV(type=pron)	daarop	mw_157
voorsien	VRB(finiteness=pastpart)	voorzien	
soude	VRB(finiteness=fin,tense=past)	zullen	
werden	VRB(finiteness=inf)	worden	
,	PC	,	
om	ADP(type=pre)	om	
alle	PD(type=indef,subtype=oth,position=prenom)	al	
middelen	NOU-C(number=pl)	middel	
tot	ADP(type=pre)	tot	
Krijchsvolck	NOU-C(number=sg)	krijgsvolk	
te	ADP(type=pre)	te	
verschaffen	VRB(finiteness=inf)	verschaffen	
,	PC	,	
tot	ADP(type=pre)	tot	
bewaringh	NOU-C(number=sg)	bewaring	
des	PD(type=d-p,subtype=art,position=prenom)	het	
Landts	NOU-C(number=sg)	land	
,	PC	,	
t'welck	PD(type=w-p,position=free)	hetwelk	
van	ADP(type=pre)	van	
velen	PD(type=indef,position=free)	veel	
luttel	PD(type=indef,position=free)	luttel	
gheacht	VRB(finiteness=pastpart)	achten	
wierdt	VRB(finiteness=fin,tense=past)	worden	
.	PC	.	

In	ADP(type=pre)	in	
October	NOU-C(number=sg)	oktober	
den	PD(type=d-p,subtype=art,position=prenom)	de	
sesten	NUM(type=ord,position=prenom,representation=let)	zesde	
dach	NOU-C(number=sg)	dag	
,	PC	,	
treckt	VRB(finiteness=fin,tense=pres)	trekken	
een	PD(type=indef,subtype=art,position=prenom)	een	
deel	NOU-C(number=sg)	deel	
van	ADP(type=pre)	van	
den	PD(type=d-p,subtype=art,position=prenom)	het	
Legher	NOU-C(number=sg)	leger	
nae't	ADP(type=pre)+PD(type=d-p,subtype=art,position=prenom)	na+het	
Slot	NOU-C(number=sg)	slot	
van	ADP(type=pre)	van	
den	PD(type=d-p,subtype=art,position=prenom)	de	
Graef	NOU-C(number=sg)	graaf	
van	NOU-P	Van den Broek	mw_121
den	NOU-P	Van den Broek	mw_121
Broecke	NOU-P	Van den Broek	mw_121
,	PC	,	
gheleghen	AA(degree=pos,position=free)	gelegen	
op	ADP(type=pre)	op	
de	PD(type=d-p,subtype=art,position=prenom)	de	
Roer	NOU-P	Roer	
,	PC	,	
de	PD(type=w-p,position=free)	dewelke	mw_109
welcke	PD(type=w-p,position=free)	dewelke	mw_109
niet	ADP(type=pre)	niettegenstaande	mw_77
tegenstaende	ADP(type=pre)	niettegenstaande	mw_77
dat	CONJ(type=sub)	dat	
hy	PD(type=pers,position=free)	hij	
alle	PD(type=indef,subtype=oth,position=prenom)	al	
goede	AA(degree=pos,position=prenom)	goed	
Neutraliteyt	NOU-C(number=sg)	neutraliteit	
,	PC	,	
ende	CONJ(type=coor)	en	
dat	CONJ(type=sub)	dat	
hy	PD(type=pers,position=free)	hij	
sijn	PD(type=poss,position=prenom)	zijn	
vrijheyt	NOU-C(number=sg)	vrijheid	
wilde	VRB(finiteness=fin,tense=past)	willen	
voorstaen	VRB(finiteness=inf)	voorstaan	
,	PC	,	
hebben	VRB(finiteness=fin,tense=pres)	hebben	
hem	PD(type=pers,position=free)	hij	
sijn	PD(type=poss,position=prenom)	zijn	
Casteel	NOU-C(number=sg)	kasteel	
ende	CONJ(type=coor)	en	
residentie-huys	NOU-C(number=sg)	residentiehuis	
ofte	CONJ(type=coor)	of	
woonplaetse	NOU-C(number=sg)	woonplaats	
,	PC	,	
een	PD(type=indef,subtype=art,position=prenom)	een	
Vorstelijck	AA(degree=pos,position=prenom)	vorstelijk	
Berghs-leen	AA(degree=pos,position=prenom)+NOU-C(number=sg)	Bergs+leen	
zijnde	VRB(finiteness=prespart)	zijn	
,	PC	,	
belegert	VRB(finiteness=pastpart)	belegeren	
,	PC	,	
beschoten	VRB(finiteness=pastpart)	beschieten	
,	PC	,	
vyandtlijck	AA(degree=pos,position=free)	vijandelijk	
inghenomen	VRB(finiteness=pastpart)	innemen	
,	PC	,	
t'huys	PD(type=d-p,subtype=art,position=prenom)+NOU-C(number=sg)	het+huis	
gheplondert	VRB(finiteness=pastpart)	plunderen	
,	PC	,	
Wijf	NOU-C(number=sg)	wijf	
ende	CONJ(type=coor)	en	
kinderen	NOU-C(number=pl)	kind	
gevanckelijck	AA(degree=pos,position=free)	gevankelijk	
in	ADP(type=pre)	in	
een	PD(type=indef,subtype=art,position=prenom)	een	
Clooster	NOU-C(number=sg)	klooster	
ghevoert	VRB(finiteness=pastpart)	voeren	
,	PC	,	
de	PD(type=d-p,subtype=art,position=prenom)	de	
Bergsche	AA(degree=pos,position=prenom)	Bergs	
ende	CONJ(type=coor)	en	
Cleefsche	AA(degree=pos,position=prenom)	Kleefs	
Soldaten	NOU-C(number=pl)	soldaat	
met	ADP(type=pre)	met	
de	PD(type=d-p,subtype=art,position=prenom)	de	
ghevluchte	AA(degree=pos,position=prenom)	gevlucht	
Huyslieden	NOU-C(number=pl)	huislieden	
,	PC	,	
contrarie	ADP(type=pre)	contrarie	
haer	PD(type=poss,position=prenom)	haar	
belofte	NOU-C(number=sg)	belofte	
,	PC	,	
buyten	ADV(type=reg)	buiten	
op't	ADP(type=pre)+PD(type=d-p,subtype=art,position=prenom)	op+het	
veldt	NOU-C(number=sg)	veld	
doot	VRB(finiteness=pastpart)	doodsmijten	mw_251
ghesmeten	VRB(finiteness=pastpart)	doodsmijten	mw_251
.	PC	.	

Den	PD(type=d-p,subtype=art,position=prenom)	de	
Grave	NOU-C(number=sg)	graaf	
als	CONJ(type=sub)	als	
een	PD(type=indef,subtype=art,position=prenom)	een	
crimineel	NOU-C(number=sg)	crimineel	
gevanghen	VRB(finiteness=pastpart)	vangen	
,	PC	,	
ghehandelt	VRB(finiteness=pastpart)	handelen	
,	PC	,	
niet	ADP(type=pre)	niettegenstaande	mw_78
tegenstaende	ADP(type=pre)	niettegenstaande	mw_78
dat	CONJ(type=sub)	dat	
hy	PD(type=pers,position=free)	hij	
hem	PD(type=pers,position=free)	hij	
als	CONJ(type=sub)	als	
een	PD(type=indef,subtype=art,position=prenom)	een	
Rijcxverwante	NOU-C(number=sg)	rijksverwant	
verantwoorde	VRB(finiteness=fin,tense=past)	verantwoorden	
,	PC	,	
ende	CONJ(type=coor)	en	
hy	PD(type=pers,position=free)	hij	
daer	ADV(type=pron)	daarop	mw_158
op	ADV(type=pron)	daarop	mw_158
beriep	VRB(finiteness=fin,tense=past)	beroepen	
,	PC	,	
ende	CONJ(type=coor)	en	
dat	CONJ(type=sub)	dat	
hy	PD(type=pers,position=free)	hij	
onder	ADP(type=pre)	onder	
ghelofte	NOU-C(number=sg)	gelofte	
ende	CONJ(type=coor)	en	
conditie	NOU-C(number=sg)	conditie	
aller	PD(type=indef,subtype=oth,position=prenom)	al	
vrijheyt	NOU-C(number=sg)	vrijheid	
aen	ADP(type=pre)	aan	
lijf	NOU-C(number=sg)	lijf	
,	PC	,	
have	NOU-C(number=sg)	have	
ende	CONJ(type=coor)	en	
goederen	NOU-C(number=pl)	goed	
voor	ADP(type=pre)	voor	
hem	PD(type=pers,position=free)	hij	
ende	CONJ(type=coor)	en	
die	PD(type=d-p,position=free)	die	
daer	ADV(type=pron)	daarop	mw_159
op	ADV(type=pron)	daarop	mw_159
laghen	VRB(finiteness=fin,tense=past)	liggen	
,	PC	,	
dat	PD(type=d-p,position=free)	dat	
opghegheven	VRB(finiteness=pastpart)	opgeven	
hadde	VRB(finiteness=fin,tense=past)	hebben	
,	PC	,	
hebben	VRB(finiteness=fin,tense=pres)	hebben	
hem	PD(type=pers,position=free)	hij	
willen	VRB(finiteness=inf)	willen	
dwinghen	VRB(finiteness=inf)	dwingen	
Misse	NOU-C(number=sg)	mis	
te	ADP(type=pre)	te	
hooren	VRB(finiteness=inf)	horen	
:	PC	:	
Ende	CONJ(type=coor)	en	
als	CONJ(type=sub)	als	
sy	PD(type=pers,position=free)	zij	
met	ADP(type=pre)	met	
hem	PD(type=pers,position=free)	hij	
hier	ADV(type=pron)	hierover	mw_164
over	ADV(type=pron)	hierover	mw_164
in	ADP(type=pre)	in	
disputatie	NOU-C(number=sg)	disputatie	
raeckten	VRB(finiteness=fin,tense=past)	raken	
,	PC	,	
soo	ADV(type=reg)	zo	
hebben	VRB(finiteness=fin,tense=pres)	hebben	
sy	PD(type=pers,position=free)	zij	
sijnen	PD(type=poss,position=prenom)	zijn	
Neve	NOU-C(number=sg)	neef	
den	PD(type=d-p,subtype=art,position=prenom)	de	
Heere	NOU-C(number=sg)	heer	
van	ADP(type=pre)	van	
Herdenbergh	NOU-P	Hardenberg	
met	ADP(type=pre)	met	
eenen	PD(type=indef,subtype=art,position=prenom)	een	
Predicant	NOU-C(number=sg)	predikant	
doorsteken	VRB(finiteness=pastpart)	doorsteken	
.	PC	.	

Den	PD(type=d-p,subtype=art,position=prenom)	de	
xj	NUM(type=ord,position=prenom,representation=rom)	elfde	
.	PC	.	

October	NOU-C(number=sg)	oktober	
,	PC	,	
als	CONJ(type=sub)	als	
dit	PD(type=d-p,position=free)	dit	
gheschiedden	VRB(finiteness=fin,tense=past)	geschieden	
,	PC	,	
heeft	VRB(finiteness=fin,tense=pres)	hebben	
den	PD(type=d-p,subtype=art,position=prenom)	de	
Admirant	NOU-C(number=sg)	admirant	
een	PD(type=indef,subtype=art,position=prenom)	een	
deel	NOU-C(number=sg)	deel	
volcx	NOU-C(number=sg)	volk	
naer	ADP(type=pre)	naar	
Burick	NOU-P	Büderich	
ghesonden	VRB(finiteness=pastpart)	zenden	
op	ADP(type=pre)	op	
den	PD(type=d-p,subtype=art,position=prenom)	de	
Rhijn	NOU-P	Rijn	
beneden	ADP(type=pre)	beneden	
Berck	NOU-P	Berg	
,	PC	,	
teghen	ADP(type=pre)	tegenover	mw_165
over	ADP(type=pre)	tegenover	mw_165
Wesel	NOU-P	Wezel	
gheleghen	AA(degree=pos,position=free)	gelegen	
.	PC	.	

Dese	PD(type=d-p,position=free)	deze	
,	PC	,	
alsoo	CONJ(type=sub)	alzo	
sy	PD(type=pers,position=free)	zij	
Neutrael	AA(degree=pos,position=free)	neutraal	
waren	VRB(finiteness=fin,tense=past)	zijn	
,	PC	,	
weygerden	VRB(finiteness=fin,tense=past)	weigeren	
hare	PD(type=poss,position=prenom)	haar	
Stadt	NOU-C(number=sg)	stad	
te	ADP(type=pre)	te	
openen	VRB(finiteness=inf)	openen	
,	PC	,	
maer	CONJ(type=coor)	maar	
siende	VRB(finiteness=prespart)	zien	
dat	CONJ(type=sub)	dat	
sy	PD(type=pers,position=free)	zij	
met	ADP(type=pre)	met	
geweldt	NOU-C(number=sg)	geweld	
haer	PD(type=pers,position=free)	zij	
wilden	VRB(finiteness=fin,tense=past)	willen	
overvallen	VRB(finiteness=inf)	overvallen	
,	PC	,	
soo	ADV(type=reg)	zo	
heeft	VRB(finiteness=fin,tense=pres)	hebben	
de	PD(type=d-p,subtype=art,position=prenom)	de	
Burgherije	NOU-C(number=sg)	burgerij	
uyt	ADP(type=pre)	uit	
vreese	NOU-C(number=sg)	vrees	
de	PD(type=d-p,subtype=art,position=prenom)	de	
Stadt	NOU-C(number=sg)	stad	
opghegheven	VRB(finiteness=pastpart)	opgeven	
,	PC	,	
ende	CONJ(type=coor)	en	
is	VRB(finiteness=fin,tense=pres)	zijn	
met	ADP(type=pre)	met	
groote	AA(degree=pos,position=prenom)	groot	
menichte	NOU-C(number=sg)	menigte	
overlast	VRB(finiteness=pastpart)	overlasten	
.	PC	.	

Op	ADP(type=pre)	op	
den	PD(type=d-p,subtype=art,position=prenom)	de	
selven	PD(type=d-p,subtype=oth,position=prenom)	zelf	
dach	NOU-C(number=sg)	dag	
is	VRB(finiteness=fin,tense=pres)	zijn	
de	PD(type=d-p,subtype=art,position=prenom)	de	
schandelijcke	AA(degree=pos,position=prenom)	schandelijk	
moort	NOU-C(number=sg)	moord	
gheschiet	VRB(finiteness=pastpart)	geschieden	
van	ADP(type=pre)	van	
den	PD(type=d-p,subtype=art,position=prenom)	de	
Graef	NOU-C(number=sg)	graaf	
van	NOU-P	Van den Broek	mw_122
den	NOU-P	Van den Broek	mw_122
Broeck	NOU-P	Van den Broek	mw_122
,	PC	,	
nae	CONJ(type=sub)	nadat	mw_171
dat	CONJ(type=sub)	nadat	mw_171
hy	PD(type=pers,position=free)	hij	
van	ADP(type=pre)	van	
de	PD(type=d-p,subtype=art,position=prenom)	de	
Tafel	NOU-C(number=sg)	tafel	
opgestaen	VRB(finiteness=pastpart)	opstaan	
was	VRB(finiteness=fin,tense=past)	zijn	
,	PC	,	
ende	CONJ(type=coor)	en	
op	ADP(type=pre)	op	
de	PD(type=d-p,subtype=art,position=prenom)	de	
plaetse	NOU-C(number=sg)	plaats	
ginck	VRB(finiteness=fin,tense=past)	gaan	
wandelen	VRB(finiteness=inf)	wandelen	
,	PC	,	
quamen	VRB(finiteness=fin,tense=past)	komen	
by	ADP(type=pre)	bij	
hem	PD(type=pers,position=free)	hij	
twee	NUM(type=card,position=prenom,representation=let)	twee	
Soldaten	NOU-C(number=pl)	soldaat	
,	PC	,	
vraghende	VRB(finiteness=prespart)	vragen	
of	CONJ(type=sub)	of	
hy	PD(type=pers,position=free)	hij	
begeerde	VRB(finiteness=fin,tense=past)	begeren	
in	ADP(type=pre)	in	
den	PD(type=d-p,subtype=art,position=prenom)	de	
Hof	NOU-C(number=sg)	hof	
buyten	VRB(finiteness=inf)	buitengaan	mw_245
te	ADP(type=pre)	te	
gaen	VRB(finiteness=inf)	buitengaan	mw_245
,	PC	,	
ende	CONJ(type=coor)	en	
de	PD(type=d-p,subtype=art,position=prenom)	de	
poorte	NOU-C(number=sg)	poort	
uytgegaen	VRB(finiteness=pastpart)	uitgaan	
zijnde	VRB(finiteness=prespart)	zijn	
nae	ADP(type=pre)	na	
de	PD(type=d-p,subtype=art,position=prenom)	de	
Watermolen	NOU-C(number=sg)	watermolen	
door	ADP(type=pre)	door	
den	PD(type=d-p,subtype=art,position=prenom)	de	
Cruythof	NOU-C(number=sg)	kruidhof	
,	PC	,	
soo	ADV(type=reg)	zo	
heeft	VRB(finiteness=fin,tense=pres)	hebben	
den	PD(type=d-p,subtype=art,position=prenom)	de	
eenen	NUM(type=card,position=prenom,representation=let)	een	
soldaet	NOU-C(number=sg)	soldaat	
onversien	AA(degree=pos,position=free)	onverzien	
den	PD(type=d-p,subtype=art,position=prenom)	de	
Graef	NOU-C(number=sg)	graaf	
eenen	PD(type=indef,subtype=art,position=prenom)	een	
stercken	AA(degree=pos,position=prenom)	sterk	
slach	NOU-C(number=sg)	slag	
int	ADP(type=pre)+PD(type=d-p,subtype=art,position=prenom)	in+het	
slaep	NOU-C(number=sg)	slaap	
van	ADP(type=pre)	van	
sijnen	PD(type=poss,position=prenom)	zijn	
hoofde	NOU-C(number=sg)	hoofd	
gegeven	VRB(finiteness=pastpart)	geven	
met	ADP(type=pre)	met	
t'gheveste	PD(type=d-p,subtype=art,position=prenom)+NOU-C(number=sg)	het+gevest	
van't	ADP(type=pre)+PD(type=d-p,subtype=art,position=prenom)	van+het	
rappier	NOU-C(number=sg)	rapier	
,	PC	,	
soo	CONJ(type=sub)	zodat	mw_135
dat	CONJ(type=sub)	zodat	mw_135
hy	PD(type=pers,position=free)	hij	
ter	ADP(type=pre)+PD(type=d-p,subtype=art,position=prenom)	te+de	
aerden	NOU-C(number=sg)	aarde	
viel	VRB(finiteness=fin,tense=past)	vallen	
,	PC	,	
roepende	VRB(finiteness=prespart)	roepen	
:	PC	:	
O	INT	o	
Iesu	NOU-P	Jezus	
.	PC	.	

Daer	ADV(type=pron)	daarover	mw_167
over	ADV(type=pron)	daarover	mw_167
den	PD(type=d-p,subtype=art,position=prenom)	de	
soldaet	NOU-C(number=sg)	soldaat	
sijn	PD(type=poss,position=prenom)	zijn	
zijdt-geweir	NOU-C(number=sg)	zijdgeweer	
uyt	VRB(finiteness=fin,tense=past)	uittrekken	mw_87
trock	VRB(finiteness=fin,tense=past)	uittrekken	mw_87
ende	CONJ(type=coor)	en	
hem	PD(type=pers,position=free)	hij	
eenen	PD(type=indef,subtype=art,position=prenom)	een	
steeck	NOU-C(number=sg)	steek	
gegeven	VRB(finiteness=pastpart)	geven	
heeft	VRB(finiteness=fin,tense=pres)	hebben	
,	PC	,	
daer	ADV(type=pron)	daarover	mw_168
over	ADV(type=pron)	daarover	mw_168
den	PD(type=d-p,subtype=art,position=prenom)	de	
Graef	NOU-C(number=sg)	graaf	
noch	ADV(type=reg)	nog	
eens	ADV(type=reg)	eens	
geroepen	VRB(finiteness=pastpart)	roepen	
heeft	VRB(finiteness=fin,tense=pres)	hebben	
,	PC	,	
o	INT	o	
Iesu	NOU-P	Jezus	
.	PC	.	

Den	PD(type=d-p,subtype=art,position=prenom)	de	
Dienaer	NOU-C(number=sg)	dienaar	
van	ADP(type=pre)	van	
den	PD(type=d-p,subtype=art,position=prenom)	de	
Grave	NOU-C(number=sg)	graaf	
is	VRB(finiteness=fin,tense=pres)	zijn	
ontloopen	VRB(finiteness=pastpart)	ontlopen	
achter	ADP(type=pre)	achter	
een	PD(type=indef,subtype=art,position=prenom)	een	
staket	NOU-C(number=sg)	staket	
aen	ADP(type=pre)	aan	
de	PD(type=d-p,subtype=art,position=prenom)	de	
Roer	NOU-P	Roer	
ende	CONJ(type=coor)	en	
Molen-gracht	NOU-P	Molengracht	
.	PC	.	

Den	PD(type=d-p,subtype=art,position=prenom)	de	
Vorst	NOU-C(number=sg)	vorst	
van	ADP(type=pre)	van	
Cleve	NOU-P	Kleef	
sendt	VRB(finiteness=fin,tense=pres)	zenden	
den	PD(type=d-p,subtype=art,position=prenom)	de	
xiiij	NUM(type=ord,position=prenom,representation=rom)	veertiende	
.	PC	.	

Octobris	NOU-C(number=sg)	oktober	
sijn	PD(type=poss,position=prenom)	zijn	
Gedeputeerde	NOU-C(number=sg)	gedeputeerde	
int	ADP(type=pre)+PD(type=d-p,subtype=art,position=prenom)	in+het	
Leger	NOU-C(number=sg)	leger	
van	ADP(type=pre)	van	
den	PD(type=d-p,subtype=art,position=prenom)	de	
Graef	NOU-C(number=sg)	graaf	
Mauritius	NOU-P	Mauritius	
,	PC	,	
Raden	NOU-C(number=pl)	raad	
van	ADP(type=pre)	van	
Staten	NOU-C(number=pl)	staat	
ende	CONJ(type=coor)	en	
Krijchs-raden	NOU-C(number=pl)	krijgsraad	
,	PC	,	
protesterende	VRB(finiteness=prespart)	protesteren	
dat	CONJ(type=sub)	dat	
al	PD(type=indef,position=free)	al	
het	PD(type=d-p,position=free)	hetgeen	mw_230
ghene	PD(type=d-p,position=free)	hetgeen	mw_230
den	PD(type=d-p,subtype=art,position=prenom)	de	
Admirant	NOU-C(number=sg)	admirant	
haer	PD(type=pers,position=free)	zij	
aendede	VRB(finiteness=fin,tense=past)	aandoen	
,	PC	,	
niet	ADV(type=reg)	niet	
en	ADV(type=reg)	ne	
geschiedde	VRB(finiteness=fin,tense=past)	geschieden	
by	ADP(type=pre)	bij	
ooghluyckinghe	NOU-C(number=sg)	oogluiking	
van't	ADP(type=pre)+PD(type=d-p,subtype=art,position=prenom)	van+het	
Landtschap	NOU-C(number=sg)	landschap	
,	PC	,	
maer	CONJ(type=coor)	maar	
by	ADP(type=pre)	bij	
louter	AA(degree=pos,position=prenom)	louter	
gheweldt	NOU-C(number=sg)	geweld	
ende	CONJ(type=coor)	en	
weder-wil	NOU-C(number=sg)	wederwil	
van	ADP(type=pre)	van	
den	PD(type=d-p,subtype=art,position=prenom)	de	
Vorst	NOU-C(number=sg)	vorst	
ende	CONJ(type=coor)	en	
Landtschap	NOU-C(number=sg)	landschap	
.	PC	.	

Des	ADV(type=reg)	desniettegenstaande	mw_80
niet	ADV(type=reg)	desniettegenstaande	mw_80
teghenstaende	ADV(type=reg)	desniettegenstaande	mw_80
soo	ADV(type=reg)	zo	
hadde	VRB(finiteness=fin,tense=past)	hebben	
men	PD(type=pers,position=free)	men	
in	ADP(type=pre)	in	
de	PD(type=d-p,subtype=art,position=prenom)	de	
vereenichde	AA(degree=pos,position=prenom)	verenigd	
Nederlanden	NOU-P	Nederland	
opinie	NOU-C(number=sg)	opinie	
,	PC	,	
dat	CONJ(type=sub)	dat	
den	PD(type=d-p,subtype=art,position=prenom)	de	
Spagnaert	NOU-C(number=sg)	Spanjaard	
desen	PD(type=d-p,subtype=oth,position=prenom)	deze	
grooten	AA(degree=pos,position=prenom)	groot	
inval	NOU-C(number=sg)	inval	
int	ADP(type=pre)+PD(type=d-p,subtype=art,position=prenom)	in+het	
landt	NOU-C(number=sg)	land	
van	ADP(type=pre)	van	
Cleef	NOU-P	Kleef	
niet	ADV(type=reg)	niet	
en	ADV(type=reg)	ne	
dede	VRB(finiteness=fin,tense=past)	doen	
,	PC	,	
dan	CONJ(type=sub)	dan	
onder	ADP(type=pre)	onder	
expres	AA(degree=pos,position=prenom)	expres	
consent	NOU-C(number=sg)	consent	
van	ADP(type=pre)	van	
den	PD(type=d-p,subtype=art,position=prenom)	de	
Keyser	NOU-C(number=sg)	keizer	
,	PC	,	
volgende	VRB(finiteness=prespart)	volgen	
des	PD(type=d-p,subtype=art,position=prenom)	de	
Admirante	NOU-C(number=sg)	admirant	
last	NOU-C(number=sg)	last	
van	ADP(type=pre)	van	
den	PD(type=d-p,subtype=art,position=prenom)	de	
Coninc	NOU-C(number=sg)	koning	
van	ADP(type=pre)	van	
Spagnen	NOU-P	Spanje	
ende	CONJ(type=coor)	en	
den	PD(type=d-p,subtype=art,position=prenom)	de	
Cardinael	NOU-C(number=sg)	kardinaal	
Albertus	NOU-P	Albertus	
,	PC	,	
hem	PD(type=pers,position=free)	hij	
ghegheven	VRB(finiteness=pastpart)	geven	
,	PC	,	
ende	CONJ(type=coor)	en	
by	ADP(type=pre)	bij	
hem	PD(type=pers,position=free)	hij	
anno	ADP(type=pre)	anno	
1596	NUM(type=card,position=free,representation=dig)	1596	
.	PC	.	

vervolght	VRB(finiteness=pastpart)	vervolgen	
by	ADP(type=pre)	bij	
den	PD(type=d-p,subtype=art,position=prenom)	de	
Keyser	NOU-C(number=sg)	keizer	
,	PC	,	
die	PD(type=d-p,position=free)	die	
hem	PD(type=pers,position=free)	hij	
doe	ADV(type=reg)	toen	
belaste	VRB(finiteness=fin,tense=past)	belasten	
tot	ADP(type=pre)	tot	
dien	PD(type=d-p,subtype=oth,position=prenom)	die	
eynde	NOU-C(number=sg)	einde	
sijn	PD(type=poss,position=prenom)	zijn	
fortsen	NOU-C(number=pl)	fors	
reede	AA(degree=pos,position=free)	reed	
te	ADP(type=pre)	te	
houden	VRB(finiteness=inf)	houden	
,	PC	,	
soo	CONJ(type=sub)	zodat	mw_134
dat	CONJ(type=sub)	zodat	mw_134
vele	PD(type=indef,position=free)	veel	
het	PD(type=pers,position=free)	het	
daer	ADV(type=pron)	daarvoren	mw_131
vooren	ADV(type=pron)	daarvoren	mw_131
hielden	VRB(finiteness=fin,tense=past)	houden	
,	PC	,	
dat	CONJ(type=sub)	dat	
sy	PD(type=pers,position=free)	zij	
wel	ADV(type=reg)	wel	
mochten	VRB(finiteness=fin,tense=past)	mogen	
het	PD(type=d-p,subtype=art,position=prenom)	het	
heele	AA(degree=pos,position=prenom)	heel	
landt	NOU-C(number=sg)	land	
van	ADP(type=pre)	van	
Cleve	NOU-P	Kleef	
soecken	VRB(finiteness=inf)	zoeken	
in	ADP(type=pre)	in	
handen	NOU-C(number=pl)	hand	
te	ADP(type=pre)	te	
crijghen	VRB(finiteness=inf)	krijgen	
ende	CONJ(type=coor)	en	
houdent	VRB(finiteness=inf)+PD(type=pers,position=free)	houden+het	
met	ADP(type=pre)	met	
den	PD(type=d-p,subtype=art,position=prenom)	de	
Vorst	NOU-C(number=sg)	vorst	
in	ADP(type=pre)	in	
Tutele	NOU-C(number=sg)	tutele	
of	CONJ(type=coor)	of	
Mombaerschap	NOU-C(number=sg)	momberschap	
,	PC	,	
ende	CONJ(type=coor)	en	
alsoo	ADV(type=reg)	alzo	
versekeren	VRB(finiteness=fin,tense=pres)	verzekeren	
die	PD(type=d-p,subtype=oth,position=prenom)	die	
Landen	NOU-C(number=pl)	land	
van	ADP(type=pre)	van	
te	ADP(type=pre)	te	
vallen	VRB(finiteness=inf)	vallen	
in	ADP(type=pre)	in	
de	PD(type=d-p,subtype=art,position=prenom)	de	
handen	NOU-C(number=pl)	hand	
van	ADP(type=pre)	van	
den	PD(type=d-p,subtype=art,position=prenom)	de	
Vorsten	NOU-C(number=pl)	vorst	
van	ADP(type=pre)	van	
Brandenborgh	NOU-P	Brandenburg	
ende	CONJ(type=coor)	en	
Sweybrugghe	NOU-P	Zweibrücken	
,	PC	,	
die	PD(type=d-p,position=free)	die	
van	ADP(type=pre)	vanwege	mw_30
wegen	ADP(type=pre)	vanwege	mw_30
hare	PD(type=poss,position=prenom)	haar	
Huysvrouwen	NOU-C(number=pl)	huisvrouw	
mochten	VRB(finiteness=fin,tense=past)	mogen	
pretenderen	VRB(finiteness=inf)	pretenderen	
de	PD(type=d-p,subtype=art,position=prenom)	de	
naeste	AA(degree=sup,position=prenom)	na	
erfghenamen	NOU-C(number=pl)	erfgenaam	
te	ADP(type=pre)	te	
wesen	VRB(finiteness=inf)	wezen	
,	PC	,	
dat	PD(type=w-p,position=free)	datwelk	mw_262
welcke	PD(type=w-p,position=free)	datwelk	mw_262
die	PD(type=d-p,position=free)	die	
van	ADP(type=pre)	van	
Spagnen	NOU-P	Spanje	
ende	CONJ(type=coor)	en	
Ostenrijck	NOU-P	Oostenrijk	
souden	VRB(finiteness=fin,tense=past)	zullen	
dencken	VRB(finiteness=inf)	denken	
te	ADP(type=pre)	te	
beletten	VRB(finiteness=inf)	beletten	
,	PC	,	
om	CONJ(type=sub)	omdat	mw_147
dat	CONJ(type=sub)	omdat	mw_147
sy	PD(type=pers,position=free)	zij	
van	ADP(type=pre)	van	
de	PD(type=d-p,subtype=art,position=prenom)	de	
ghereformeerde	AA(degree=pos,position=prenom)	gereformeerd	
Religie	NOU-C(number=sg)	religie	
zijn	VRB(finiteness=fin,tense=pres)	zijn	
,	PC	,	
ende	CONJ(type=coor)	en	
mochten	VRB(finiteness=fin,tense=past)	mogen	
met	ADP(type=pre)	met	
de	PD(type=d-p,subtype=art,position=prenom)	de	
vereenichde	AA(degree=pos,position=prenom)	verenigd	
Nederlanden	NOU-P	Nederland	
aenspannen	VRB(finiteness=inf)	aanspannen	
.	PC	.	

Van	ADP(type=pre)	van	
dese	PD(type=d-p,subtype=oth,position=prenom)	deze	
ende	CONJ(type=coor)	en	
dierghelijcke	PD(type=d-p,subtype=oth,position=prenom)	dergelijk	
raetslaghen	NOU-C(number=pl)	raadslag	
hadden	VRB(finiteness=fin,tense=past)	hebben	
de	PD(type=d-p,subtype=art,position=prenom)	de	
vereenichde	AA(degree=pos,position=prenom)	verenigd	
Nederlanden	NOU-P	Nederland	
den	PD(type=d-p,subtype=art,position=prenom)	de	
Raet	NOU-C(number=sg)	raad	
van	ADP(type=pre)	van	
Cleve	NOU-P	Kleef	
meermalen	ADV(type=reg)	meermalen	
verwitticht	VRB(finiteness=pastpart)	verwittigen	
,	PC	,	
ende	CONJ(type=coor)	en	
om	ADP(type=pre)	om	
de	PD(type=d-p,subtype=oth,position=prenom)	dezelve	mw_101
selve	PD(type=d-p,subtype=oth,position=prenom)	dezelve	mw_101
raetslaghen	NOU-C(number=pl)	raadslag	
voor	VRB(finiteness=inf)	voorkomen	mw_128
te	ADP(type=pre)	te	
comen	VRB(finiteness=inf)	voorkomen	mw_128
,	PC	,	
hadden	VRB(finiteness=fin,tense=past)	hebben	
sy	PD(type=pers,position=free)	zij	
oock	ADV(type=reg)	ook	
aengeboden	VRB(finiteness=pastpart)	aanbieden	
eenige	PD(type=indef,subtype=oth,position=prenom)	enig	
verbontenisse	NOU-C(number=sg)	verbontenis	
te	ADP(type=pre)	te	
maken	VRB(finiteness=inf)	maken	
,	PC	,	
ende	CONJ(type=coor)	en	
Ramen	NOU-C(number=pl)	raam	
tot	ADP(type=pre)	tot	
bevrijdinghe	NOU-C(number=sg)	bevrijding	
van	ADP(type=pre)	van	
den	PD(type=d-p,subtype=art,position=prenom)	de	
Rhijnstroom	NOU-C(number=sg)	Rijnstroom	
,	PC	,	
om	ADP(type=pre)	om	
desen	PD(type=d-p,subtype=oth,position=prenom)	deze	
van	ADP(type=pre)	van	
alsdoe	ADV(type=reg)	alstoen	
ghepretendeerden	AA(degree=pos,position=prenom)	gepretendeerd	
invalle	NOU-C(number=sg)	inval	
te	ADP(type=pre)	te	
wederstaen	VRB(finiteness=inf)	wederstaan	
,	PC	,	
maer	CONJ(type=coor)	maar	
werdt	VRB(finiteness=fin,tense=past)	worden	
doe	ADV(type=reg)	toen	
niet	ADV(type=reg)	niet	
gheacht	VRB(finiteness=pastpart)	achten	
noch	CONJ(type=coor)	noch	
ghelooft	VRB(finiteness=pastpart)	geloven	
.	PC	.	

Hy	PD(type=pers,position=free)	hij	
versocht	VRB(finiteness=fin,tense=past)	verzoeken	
aen	ADP(type=pre)	aan	
die	PD(type=d-p,position=free)	die	
van	ADP(type=pre)	van	
Wesel	NOU-P	Wezel	
,	PC	,	
dat	CONJ(type=sub)	dat	
sy	PD(type=pers,position=free)	zij	
wilden	VRB(finiteness=fin,tense=past)	willen	
innemen	VRB(finiteness=inf)	innemen	
2000	NUM(type=card,position=prenom,representation=dig)	tweeduizend	
Man	NOU-C(number=sg)	man	
van	ADP(type=pre)	van	
sijn	PD(type=poss,position=prenom)	zijn	
voetvolck	NOU-C(number=sg)	voetvolk	
,	PC	,	
ende	CONJ(type=coor)	en	
duysent	NUM(type=card,position=prenom,representation=let)	duizend	
Ruyteren	NOU-C(number=pl)	ruiter	
:	PC	:	
Of	CONJ(type=coor)	of	
dat	CONJ(type=sub)	dat	
sy	PD(type=pers,position=free)	zij	
opbrenghen	VRB(finiteness=inf)	opbrengen	
wilden	VRB(finiteness=fin,tense=past)	willen	
200	NUM(type=card,position=prenom,representation=mix-dig)	tweehonderdduizend	mw_11
duysent	NUM(type=card,position=prenom,representation=mix-dig)	tweehonderdduizend	mw_11
Croonen	NOU-C(number=pl)	kroon	
,	PC	,	
ende	CONJ(type=coor)	en	
broot	NOU-C(number=sg)	brood	
voor	ADP(type=pre)	voor	
een	PD(type=indef,subtype=art,position=prenom)	een	
Maent	NOU-C(number=sg)	maand	
voor	ADP(type=pre)	voor	
sijnen	PD(type=poss,position=prenom)	zijn	
Legher	NOU-C(number=sg)	leger	
,	PC	,	
ende	CONJ(type=coor)	en	
Ostagiers	NOU-C(number=pl)	ostagier	
ghelevert	VRB(finiteness=pastpart)	leveren	
tot	ADP(type=pre)	tot	
Burick	NOU-P	Büderich	
,	PC	,	
tot	ADP(type=pre)	tot	
Borghe	NOU-C(number=sg)	borg	
,	PC	,	
dat	CONJ(type=sub)	dat	
Grave	NOU-C(number=sg)	graaf	
Maurits	NOU-P	Maurits	
ontrent	ADP(type=pre)	omtrent	
Wesel	NOU-P	Wezel	
ende	CONJ(type=coor)	en	
de	PD(type=d-p,subtype=art,position=prenom)	de	
Lippe	NOU-P	Lippe	
gheen	PD(type=indef,subtype=oth,position=prenom)	geen	
aenslaghen	NOU-C(number=pl)	aanslag	
soude	VRB(finiteness=fin,tense=past)	zullen	
doen	VRB(finiteness=inf)	doen	
,	PC	,	
met	ADP(type=pre)	met	
dierghelijcke	PD(type=d-p,subtype=oth,position=prenom)	dergelijk	
meer	PD(type=indef,subtype=oth,position=prenom)	meer	
soodanighe	PD(type=d-p,subtype=oth,position=prenom)	zodanig	
onbetamelijcke	AA(degree=pos,position=prenom)	onbetamelijk	
versoecken	NOU-C(number=pl)	verzoek	
ende	CONJ(type=coor)	en	
vreeslijcke	AA(degree=pos,position=prenom)	vreselijk	
dreyghementen	NOU-C(number=pl)	dreigement	
,	PC	,	
ende	CONJ(type=coor)	en	
beroemde	VRB(finiteness=fin,tense=past)	beroemen	
hem	PD(type=refl,position=free)	hem	
t'stuck	PD(type=d-p,subtype=art,position=prenom)+NOU-C(number=sg)	het+stuk	
van	ADP(type=pre)	van	
den	PD(type=d-p,subtype=art,position=prenom)	de	
Grave	NOU-C(number=sg)	graaf	
van	NOU-P	Van den Broek	mw_118
den	NOU-P	Van den Broek	mw_118
Broecke	NOU-P	Van den Broek	mw_118
,	PC	,	
hem	PD(type=refl,position=free)	hem	
vermetende	VRB(finiteness=prespart)	vermeten	
alle	PD(type=indef,subtype=oth,position=prenom)	al	
anderen	PD(type=indef,position=free)	ander	
van	ADP(type=pre)	van	
gelijcken	NOU-C(number=pl)	gelijk	
te	ADP(type=pre)	te	
doen	VRB(finiteness=inf)	doen	
,	PC	,	
jae	ADV(type=reg)	ja	
selfs	ADV(type=reg)	zelfs	
den	PD(type=d-p,subtype=art,position=prenom)	de	
Grave	NOU-C(number=sg)	graaf	
van	NOU-P	Van der Lippe	mw_119
der	NOU-P	Van der Lippe	mw_119
Lip	NOU-P	Van der Lippe	mw_119
min	ADV(type=reg)	min	
noch	CONJ(type=coor)	noch	
meer	ADV(type=reg)	meer	
te	ADP(type=pre)	te	
tracteren	VRB(finiteness=inf)	trakteren	
als	CONJ(type=sub)	als	
die	PD(type=d-p,position=free)	die	
van	ADP(type=pre)	van	
den	PD(type=d-p,subtype=art,position=prenom)	de	
Grave	NOU-C(number=sg)	graaf	
van	NOU-P	Van den Broek	mw_120
den	NOU-P	Van den Broek	mw_120
Broecke	NOU-P	Van den Broek	mw_120
,	PC	,	
dat	CONJ(type=sub)	dat	
sy	PD(type=pers,position=free)	zij	
daerom	ADV(type=pron)	daarom	
haer	PD(type=pers,position=free)	zij	
niet	ADV(type=reg)	niet	
en	ADV(type=reg)	ne	
dorsten	VRB(finiteness=fin,tense=past)	durven	
verlaten	VRB(finiteness=inf)	verlaten	
hulp	NOU-C(number=sg)	hulp	
van	ADP(type=pre)	van	
yemandt	PD(type=indef,position=free)	iemand	
te	ADP(type=pre)	te	
verwachten	VRB(finiteness=inf)	verwachten	
,	PC	,	
want	CONJ(type=coor)	want	
niemant	PD(type=indef,position=free)	niemand	
soude	VRB(finiteness=fin,tense=past)	zullen	
hem	PD(type=refl,position=free)	hem	
derren	VRB(finiteness=inf)	dorren	
roeren	VRB(finiteness=inf)	roeren	
int	ADP(type=pre)+PD(type=d-p,subtype=art,position=prenom)	in+het	
gantsche	AA(degree=pos,position=prenom)	gans	
Duytsche	AA(degree=pos,position=prenom)	Duits	
Nation	NOU-C(number=sg)	nation	
.	PC	.	

Waer	ADV(type=pron)	waarover	mw_26
over	ADV(type=pron)	waarover	mw_26
de	PD(type=d-p,subtype=art,position=prenom)	de	
Borgerije	NOU-C(number=sg)	burgerij	
in	ADP(type=pre)	in	
grooten	AA(degree=pos,position=prenom)	groot	
noot	NOU-C(number=sg)	nood	
zijnde	VRB(finiteness=prespart)	zijn	
,	PC	,	
ghedwonghen	VRB(finiteness=pastpart)	dwingen	
zijn	VRB(finiteness=fin,tense=pres)	zijn	
gheweest	VRB(finiteness=pastpart)	zijn	
op	ADP(type=pre)	op	
den	PD(type=d-p,subtype=art,position=prenom)	de	
xxij	NUM(type=ord,position=prenom,representation=rom)	tweeëntwintigste	
.	PC	.	

Octobris	NOU-C(number=sg)	oktober	
tot	ADP(type=pre)	tot	
een	PD(type=indef,subtype=art,position=prenom)	een	
accoort	NOU-C(number=sg)	akkoord	
te	ADP(type=pre)	te	
comen	VRB(finiteness=inf)	komen	
,	PC	,	
dat	CONJ(type=sub)	dat	
sy	PD(type=pers,position=free)	zij	
voor	ADP(type=pre)	voor	
haer	PD(type=pers,position=free)	zij	
ende	CONJ(type=coor)	en	
de	PD(type=d-p,subtype=art,position=prenom)	de	
stadt	NOU-C(number=sg)	stad	
Rees	NOU-P	Rees	
hondert	NUM(type=card,position=prenom,representation=let)	150000	mw_268
ende	NUM(type=card,position=prenom,representation=let)	150000	mw_268
vijftich	NUM(type=card,position=prenom,representation=let)	150000	mw_268
duysent	NUM(type=card,position=prenom,representation=let)	150000	mw_268
gulden	NOU-C(number=sg)	gulden	
gheven	VRB(finiteness=inf)	geven	
souden	VRB(finiteness=fin,tense=past)	zullen	
,	PC	,	
ende	CONJ(type=coor)	en	
duysent	NUM(type=card,position=prenom,representation=let)	duizend	
Malder	NOU-C(number=sg)	mouder	
Rogge	NOU-C(number=sg)	rogge	
,	PC	,	
ende	CONJ(type=coor)	en	
beloven	VRB(finiteness=fin,tense=pres)	beloven	
een	PD(type=indef,subtype=art,position=prenom)	een	
Brugghe	NOU-C(number=sg)	brug	
over	ADP(type=pre)	over	
de	PD(type=d-p,subtype=art,position=prenom)	de	
Lippe	NOU-P	Lippe	
te	ADP(type=pre)	te	
maken	VRB(finiteness=inf)	maken	
,	PC	,	
t'welck	PD(type=w-p,position=free)	hetwelk	
den	PD(type=d-p,subtype=art,position=prenom)	de	
xxiij	NUM(type=ord,position=prenom,representation=rom)	drieëntwintigste	
.	PC	.	

Octobris	NOU-C(number=sg)	oktober	
gheschiedde	VRB(finiteness=fin,tense=past)	geschieden	
.	PC	.	

Die	PD(type=d-p,position=free)	die	
van	ADP(type=pre)	van	
Santen	NOU-P	Santen	
beloefden	VRB(finiteness=fin,tense=past)	beloven	
18	NUM(type=card,position=prenom,representation=mix-dig)	achttienduizend	mw_10
duysent	NUM(type=card,position=prenom,representation=mix-dig)	achttienduizend	mw_10
gulden	NOU-C(number=sg)	gulden	
,	PC	,	
ende	CONJ(type=coor)	en	
andere	PD(type=indef,subtype=oth,position=prenom)	ander	
verscheyden	AA(degree=pos,position=prenom)	verscheiden	
plaetsen	NOU-C(number=pl)	plaats	
meer	PD(type=indef,position=free)	meer	
.	PC	.	

Met	ADP(type=pre)	met	
dit	PD(type=d-p,subtype=oth,position=prenom)	dit	
ghelt	NOU-C(number=sg)	geld	
betaelt	VRB(finiteness=fin,tense=pres)	betalen	
hy	PD(type=pers,position=free)	hij	
sijn	PD(type=poss,position=prenom)	zijn	
volck	NOU-C(number=sg)	volk	
dat	PD(type=d-p,position=free)	dat	
langhe	AA(degree=pos,position=free)	lang	
ghelt	NOU-C(number=sg)	geld	
gheroepen	VRB(finiteness=pastpart)	roepen	
hadde	VRB(finiteness=fin,tense=past)	hebben	
,	PC	,	
ende	CONJ(type=coor)	en	
passeerde	VRB(finiteness=fin,tense=past)	passeren	
de	PD(type=d-p,subtype=art,position=prenom)	de	
Lippe	NOU-P	Lippe	
,	PC	,	
ende	CONJ(type=coor)	en	
sonden	VRB(finiteness=fin,tense=past)	zenden	
alomme	ADV(type=reg)	alom	
aen	ADP(type=pre)	aan	
de	PD(type=d-p,subtype=art,position=prenom)	de	
Munstersche	AA(degree=pos,position=prenom)	Mün­sters	
steden	NOU-C(number=pl)	stad	
om	ADP(type=pre)	om	
ghelt	NOU-C(number=sg)	geld	
ende	CONJ(type=coor)	en	
brandtschatten	NOU-C(number=pl)	brandschat	
,	PC	,	
veel	PD(type=indef,subtype=oth,position=prenom)	veel	
Ionckheeren	NOU-C(number=pl)	jonkheer	
huysen	NOU-C(number=pl)	huis	
die	PD(type=d-p,position=free)	die	
sy	PD(type=pers,position=free)	zij	
veel	ADV(type=reg)	veel	
,	PC	,	
leelijcken	AA(degree=pos,position=free)	lelijk	
plonderden	VRB(finiteness=fin,tense=past)	plunderen	
,	PC	,	
ende	CONJ(type=coor)	en	
roofden	VRB(finiteness=fin,tense=past)	roven	
de	PD(type=d-p,subtype=art,position=prenom)	de	
Dorpen	NOU-C(number=pl)	dorp	
Winterswijck	NOU-P	Winterswijk	
ende	CONJ(type=coor)	en	
Aelten	NOU-P	Aalten	
,	PC	,	
etc.	ADV(type=reg,WF=abbr)	et cetera	
ende	CONJ(type=coor)	en	
begeert	VRB(finiteness=fin,tense=pres)	begeren	
dat	CONJ(type=sub)	dat	
die	PD(type=d-p,position=free)	die	
van	ADP(type=pre)	van	
Emmerick	NOU-P	Emmerik	
een	PD(type=indef,subtype=art,position=prenom)	een	
Brugge	NOU-C(number=sg)	brug	
over	ADP(type=pre)	over	
t'water	PD(type=d-p,subtype=art,position=prenom)+NOU-C(number=sg)	het+water	
van	ADP(type=pre)	van	
Hetter	NOU-P	Hetter	
maken	VRB(finiteness=inf)	maken	
souden	VRB(finiteness=fin,tense=past)	zullen	
.	PC	.	

Hy	PD(type=pers,position=free)	hij	
sondt	VRB(finiteness=fin,tense=past)	zenden	
oock	ADV(type=reg)	ook	
eenich	PD(type=indef,subtype=oth,position=prenom)	enig	
volck	NOU-C(number=sg)	volk	
met	ADP(type=pre)	met	
gheschut	NOU-C(number=sg)	geschut	
naer	ADP(type=pre)	naar	
Rees	NOU-P	Rees	
,	PC	,	
begheerende	VRB(finiteness=prespart)	begeren	
dat	CONJ(type=sub)	dat	
sy	PD(type=pers,position=free)	zij	
hem	PD(type=pers,position=free)	hij	
voor	ADP(type=pre)	voor	
een	PD(type=indef,subtype=art,position=prenom)	een	
tijdt	NOU-C(number=sg)	tijd	
de	PD(type=d-p,subtype=art,position=prenom)	de	
Stadt	NOU-C(number=sg)	stad	
leveren	VRB(finiteness=inf)	leveren	
souden	VRB(finiteness=fin,tense=past)	zullen	
,	PC	,	
om	ADP(type=pre)	om	
sijn	PD(type=poss,position=prenom)	zijn	
volck	NOU-C(number=sg)	volk	
in	VRB(finiteness=inf)	inleggen	mw_862617
te	ADP(type=pre)	te	
legghen	VRB(finiteness=inf)	inleggen	mw_862617
.	PC	.	

Doe	ADV(type=reg)	toen	
sy	PD(type=pers,position=free)	zij	
dit	PD(type=d-p,position=free)	dit	
weygherden	VRB(finiteness=fin,tense=past)	weigeren	
,	PC	,	
dede	VRB(finiteness=fin,tense=past)	doen	
hy	PD(type=pers,position=free)	hij	
noch	ADV(type=reg)	nog	
meer	PD(type=indef,subtype=oth,position=prenom)	meer	
gheschuts	NOU-C(number=sg)	geschut	
daer	ADV(type=pron)	daarvoor	mw_129
voor	ADV(type=pron)	daarvoor	mw_129
brenghen	VRB(finiteness=inf)	brengen	
,	PC	,	
ende	CONJ(type=coor)	en	
verschrickte	VRB(finiteness=fin,tense=past)	verschrikken	
de	PD(type=d-p,subtype=art,position=prenom)	de	
Stadt	NOU-C(number=sg)	stad	
alsoo	ADV(type=reg)	alzo	
,	PC	,	
dat	CONJ(type=sub)	dat	
sy	PD(type=pers,position=free)	zij	
hem	PD(type=pers,position=free)	hij	
inlaten	VRB(finiteness=inf)	inlaten	
moesten	VRB(finiteness=fin,tense=past)	moeten	
,	PC	,	
sonder	ADP(type=pre)	zonder	
respijt	NOU-C(number=sg)	respijt	
van	ADP(type=pre)	van	
een	PD(type=indef,subtype=art,position=prenom)	een	
ure	NOU-C(number=sg)	uur	
te	ADP(type=pre)	te	
mogen	VRB(finiteness=inf)	mogen	
hebben	VRB(finiteness=inf)	hebben	
om	ADP(type=pre)	om	
haer	PD(type=poss,position=prenom)	haar	
Borgherije	NOU-C(number=sg)	burgerij	
by	VRB(finiteness=inf)	bijeenvergaderen	mw_236
een	VRB(finiteness=inf)	bijeenvergaderen	mw_236
te	ADP(type=pre)	te	
vergaderen	VRB(finiteness=inf)	bijeenvergaderen	mw_236
:	PC	:	
Ende	CONJ(type=coor)	en	
leyde	VRB(finiteness=fin,tense=past)	leggen	
daer	ADV(type=pron)	daarin	mw_216
inne	ADV(type=pron)	daarin	mw_216
,	PC	,	
tot	ADP(type=pre)	tot	
laste	NOU-C(number=sg)	last	
van	ADP(type=pre)	van	
de	PD(type=d-p,subtype=art,position=prenom)	de	
Borgerije	NOU-C(number=sg)	burgerij	
,	PC	,	
acht	NUM(type=card,position=prenom,representation=let)	acht	
Vendelen	NOU-C(number=pl)	vendel	
.	PC	.	

Nam	VRB(finiteness=fin,tense=past)	innemen	mw_177
oock	ADV(type=reg)	ook	
in	VRB(finiteness=fin,tense=past)	innemen	mw_177
alle	PD(type=indef,position=free)	al	
de	PD(type=d-p,subtype=art,position=prenom)	de	
Casteelkens	NOU-C(number=pl)	kasteeltje	
daer	ADV(type=pron)	daaromtrent	mw_152
ontrent	ADV(type=pron)	daaromtrent	mw_152
.	PC	.	

Op	ADP(type=pre)	op	
den	PD(type=d-p,subtype=art,position=prenom)	de	
2	NUM(type=ord,position=prenom,representation=dig)	tweede	
Novembris	NOU-C(number=sg)	november	
versocht	VRB(finiteness=fin,tense=past)	verzoeken	
Admirante	NOU-C(number=sg)	admirant	
passagie	NOU-C(number=sg)	passage	
voor	ADP(type=pre)	voor	
sijn	PD(type=poss,position=prenom)	zijn	
gheschut	NOU-C(number=sg)	geschut	
door	ADP(type=pre)	door	
Emmerick	NOU-P	Emmerik	
,	PC	,	
ende	CONJ(type=coor)	en	
onder	ADP(type=pre)	onder	
dien	PD(type=d-p,position=free)	die	
maeckte	VRB(finiteness=fin,tense=past)	maken	
hy	PD(type=pers,position=free)	hij	
hem	PD(type=refl,position=free)	hem	
oock	ADV(type=reg)	ook	
meester	NOU-C(number=sg)	meester	
van	ADP(type=pre)	van	
de	PD(type=d-p,subtype=art,position=prenom)	de	
Stadt	NOU-C(number=sg)	stad	
,	PC	,	
ende	CONJ(type=coor)	en	
lieter	VRB(finiteness=fin,tense=past)+ADV(type=reg)	binnenlaten+er	mw_228
veel	PD(type=indef,position=free)	veel	
volcx	NOU-C(number=sg)	volk	
binnen	VRB(finiteness=fin,tense=past)+ADV(type=reg)	binnenlaten+er	mw_228
,	PC	,	
treckende	VRB(finiteness=prespart)	trekken	
met	ADP(type=pre)	met	
sijnen	PD(type=poss,position=prenom)	zijn	
Legher	NOU-C(number=sg)	leger	
nae	ADP(type=pre)	na	
Elten	NOU-P	Elten	
,	PC	,	
latende	VRB(finiteness=prespart)	laten	
alle	PD(type=indef,subtype=oth,position=prenom)	al	
voorraet	NOU-C(number=sg)	voorraad	
van	ADP(type=pre)	van	
sijnen	PD(type=poss,position=prenom)	zijn	
Legher	NOU-C(number=sg)	leger	
binnen	ADP(type=pre)	binnen	
Emmerick	NOU-P	Emmerik	
.	PC	.	

Hy	PD(type=pers,position=free)	hij	
nam	VRB(finiteness=fin,tense=past)	innemen	mw_178
oock	ADV(type=reg)	ook	
in	VRB(finiteness=fin,tense=past)	innemen	mw_178
Yselenborch	NOU-P	Isselburg	
,	PC	,	
daer	ADV(type=reg)	daar	
veel	PD(type=indef,subtype=oth,position=prenom)	veel	
Borghers	NOU-C(number=pl)	burger	
leelijcken	AA(degree=pos,position=free)	lelijk	
vermoordt	VRB(finiteness=pastpart)	vermoorden	
wierden	VRB(finiteness=fin,tense=past)	worden	
.	PC	.	

De	PD(type=d-p,subtype=art,position=prenom)	de	
Vorst	NOU-C(number=sg)	vorst	
van	ADP(type=pre)	van	
Cleef	NOU-P	Kleef	
had	VRB(finiteness=fin,tense=past)	hebben	
sijn	PD(type=poss,position=prenom)	zijn	
Ghesanten	NOU-C(number=pl)	gezant	
by	ADP(type=pre)	bij	
den	PD(type=d-p,subtype=art,position=prenom)	de	
Hertogh	NOU-C(number=sg)	hertog	
van	ADP(type=pre)	van	
Lotteringhen	NOU-P	Lotharingen	
,	PC	,	
die	PD(type=d-p,position=free)	die	
beweeghden	VRB(finiteness=fin,tense=past)	bewegen	
den	PD(type=d-p,subtype=art,position=prenom)	de	
Hertogh	NOU-C(number=sg)	hertog	
te	ADP(type=pre)	te	
schrijven	VRB(finiteness=inf)	schrijven	
aen	ADP(type=pre)	aan	
Admirante	NOU-C(number=sg)	admirant	
ende	CONJ(type=coor)	en	
den	PD(type=d-p,subtype=art,position=prenom)	de	
Regent	NOU-C(number=sg)	regent	
tot	ADP(type=pre)	tot	
Bruessel	NOU-P	Brussel	
,	PC	,	
versoeckende	VRB(finiteness=prespart)	verzoeken	
dat	CONJ(type=sub)	dat	
het	PD(type=d-p,subtype=art,position=prenom)	het	
landt	NOU-C(number=sg)	land	
mocht	VRB(finiteness=fin,tense=past)	mogen	
verlost	VRB(finiteness=pastpart)	verlossen	
worden	VRB(finiteness=inf)	worden	
van	ADP(type=pre)	van	
desen	PD(type=d-p,subtype=oth,position=prenom)	deze	
schrickelijcken	AA(degree=pos,position=prenom)	schrikkelijk	
overlast	NOU-C(number=sg)	overlast	
.	PC	.	

Ende	CONJ(type=coor)	en	
hy	PD(type=pers,position=free)	hij	
nam	VRB(finiteness=fin,tense=past)	aannemen	mw_106
oock	ADV(type=reg)	ook	
aen	VRB(finiteness=fin,tense=past)	aannemen	mw_106
,	PC	,	
den	PD(type=d-p,subtype=art,position=prenom)	de	
Coninck	NOU-C(number=sg)	koning	
van	ADP(type=pre)	van	
Vranckrijck	NOU-P	Frankrijk	
te	ADP(type=pre)	te	
beweghen	VRB(finiteness=inf)	bewegen	
,	PC	,	
(	PC	(	
naedien	CONJ(type=sub)	nadien	
t'landt	PD(type=d-p,subtype=art,position=prenom)+NOU-C(number=sg)	het+land	
van	ADP(type=pre)	van	
Cleef	NOU-P	Kleef	
mede	ADV(type=reg)	mede	
in	ADP(type=pre)	in	
den	PD(type=d-p,subtype=art,position=prenom)	de	
pays	NOU-C(number=sg)	pais	
begrepen	VRB(finiteness=pastpart)	begrijpen	
was	VRB(finiteness=fin,tense=past)	zijn	
)	PC	)	
dat	CONJ(type=sub)	dat	
hy	PD(type=pers,position=free)	hij	
tot	ADP(type=pre)	tot	
dien	PD(type=d-p,subtype=oth,position=prenom)	die	
eynde	NOU-C(number=sg)	einde	
naer	ADP(type=pre)	naar	
Brussel	NOU-P	Brussel	
soude	VRB(finiteness=fin,tense=past)	zullen	
senden	VRB(finiteness=inf)	zenden	
.	PC	.	

DOorluchtichste	AA(degree=sup,position=prenom)	doorluchtig	
ende	CONJ(type=coor)	en	
Weerdichste	AA(degree=sup,position=prenom)	waardig	
Prince	NOU-C(number=sg)	prins	
,	PC	,	
het	PD(type=pers,position=free)	het	
is	VRB(finiteness=fin,tense=pres)	zijn	
uwe	PD(type=poss,position=prenom)	uw	
Excelle.	NOU-C(number=sg,WF=abbr)	excellentie	

even	ADV(type=reg)	even	
soo	ADV(type=reg)	zowel	mw_108
wel	ADV(type=reg)	zowel	mw_108
als	CONJ(type=sub)	als	
my	PD(type=pers,position=free)	ik	
,	PC	,	
bekent	AA(degree=pos,position=free)	bekend	
,	PC	,	
wat	PD(type=w-p,position=free)	wat	
tot	ADP(type=pre)	tot	
twee	NUM(type=card,position=prenom,representation=let)	twee	
verscheyden	AA(degree=pos,position=prenom)	verscheiden	
stonden	NOU-C(number=pl)	stonde	
tusschen	ADP(type=pre)	tussen	
ons	PD(type=pers,position=free)	wij	
verhandelt	VRB(finiteness=pastpart)	verhandelen	
ende	CONJ(type=coor)	en	
verrichtet	VRB(finiteness=pastpart)	verrichten	
zy	VRB(finiteness=fin,tense=pres)	zijn	
,	PC	,	
eerst	ADV(type=reg)	eerst	
binnen	ADP(type=pre)	binnen	
de	PD(type=d-p,subtype=art,position=prenom)	de	
Stadt	NOU-C(number=sg)	stad	
Geldre	NOU-P	Geldern	
,	PC	,	
als	CONJ(type=sub)	als	
V.Excell.	PD(type=poss,position=prenom,WF=abbr)+NOU-C(number=sg,WF=abbr)	uw+excellentie	mw_269

eerst	ADV(type=reg)	eerst	
met	ADP(type=pre)	met	
den	PD(type=d-p,subtype=art,position=prenom)	het	
Legher	NOU-C(number=sg)	leger	
desen	PD(type=d-p,subtype=oth,position=prenom)	deze	
Landtschappe	NOU-C(number=sg)	landschap	
naederde	VRB(finiteness=fin,tense=past)	naderen	
:	PC	:	
Ten	ADP(type=pre)+PD(type=d-p,subtype=art,position=prenom)	te+de	
anderen	NUM(type=ord,position=prenom,representation=let)	ander	
male	NOU-C(number=sg)	maal	
als	CONJ(type=sub)	als	
ick	PD(type=pers,position=free)	ik	
uyt	ADP(type=pre)	uit	
last	NOU-C(number=sg)	last	
ende	CONJ(type=coor)	en	
bevel	NOU-C(number=sg)	bevel	
der	PD(type=d-p,subtype=art,position=prenom)	de	
Keyserlijcke	AA(degree=pos,position=prenom)	keizerlijk	
Majesteyt	NOU-C(number=sg)	majesteit	
gehandelt	VRB(finiteness=pastpart)	handelen	
hebbe	VRB(finiteness=fin,tense=pres)	hebben	
van	ADP(type=pre)	van	
het	PD(type=d-p,subtype=art,position=prenom)	het	
houwelijck	NOU-C(number=sg)	huwelijk	
des	PD(type=d-p,subtype=art,position=prenom)	de	
Doorluchtichsten	AA(degree=sup,position=prenom)	doorluchtig	
Vorsts	NOU-C(number=sg)	vorst	
van	ADP(type=pre)	van	
Cleve	NOU-P	Kleef	
,	PC	,	
Gulic	NOU-P	Gulik	
,	PC	,	
ende	CONJ(type=coor)	en	
Berghe	NOU-P	Berg	
,	PC	,	
met	ADP(type=pre)	met	
de	PD(type=d-p,subtype=art,position=prenom)	de	
Dochter	NOU-C(number=sg)	dochter	
van	ADP(type=pre)	van	
Latteringe	NOU-P	Lotharingen	
.	PC	.	

Ick	PD(type=pers,position=free)	ik	
hebbe	VRB(finiteness=fin,tense=pres)	hebben	
verclaert	VRB(finiteness=pastpart)	verklaren	
datter	CONJ(type=sub)+ADV(type=reg)	dat+er	
gantsch	AA(degree=pos,position=free)	gans	
onbehoorlijck	AA(degree=pos,position=free)	onbehoorlijk	
ghehandelt	VRB(finiteness=pastpart)	handelen	
werdt	VRB(finiteness=fin,tense=past)	worden	
met	ADP(type=pre)	met	
den	PD(type=d-p,subtype=art,position=prenom)	de	
voorghenoemden	AA(degree=pos,position=prenom)	voorgenoemd	
Doorluchtichsten	AA(degree=sup,position=prenom)	doorluchtig	
Vorst	NOU-C(number=sg)	vorst	
van	ADP(type=pre)	van	
Cleve	NOU-P	Kleef	
,	PC	,	
door	ADV(type=reg)	doordien	mw_265
dien	ADV(type=reg)	doordien	mw_265
de	PD(type=d-p,subtype=art,position=prenom)	de	
Stadt	NOU-C(number=sg)	stad	
Orsoy	NOU-P	Orsoy	
hem	PD(type=pers,position=free)	hij	
afgheweldicht	VRB(finiteness=pastpart)	afweldigen	
is	VRB(finiteness=fin,tense=pres)	zijn	
gheworden	VRB(finiteness=pastpart)	geworden	
,	PC	,	
ende	CONJ(type=coor)	en	
door	ADV(type=reg)	doordien	mw_266
dien	ADV(type=reg)	doordien	mw_266
des	PD(type=d-p,subtype=art,position=prenom)	de	
Conincx	NOU-C(number=sg)	koning	
soldaten	NOU-C(number=pl)	soldaat	
sonder	ADP(type=pre)	zonder	
toom	NOU-C(number=sg)	toom	
of	CONJ(type=coor)	of	
breydel	NOU-C(number=sg)	breidel	
alderhande	PD(type=indef,subtype=oth,position=prenom)	allerhande	
wreedtheyt	NOU-C(number=sg)	wreedheid	
ende	CONJ(type=coor)	en	
wrevelmoedicheyt	NOU-C(number=sg)	wrevelmoedigheid	
moordadichlijck	AA(degree=pos,position=free)	moorddadiglijk	
,	PC	,	
vyandelijck	AA(degree=pos,position=free)	vijandelijk	
,	PC	,	
ende	CONJ(type=coor)	en	
als	CONJ(type=sub)	als	
straetschenderen	NOU-C(number=pl)	straatschender	
zijn	VRB(finiteness=fin,tense=pres)	zijn	
bedrijvende	VRB(finiteness=prespart)	bedrijven	
,	PC	,	
noch	CONJ(type=coor)	noch	
het	PD(type=d-p,subtype=art,position=prenom)	het	
goet	NOU-C(number=sg)	goed	
noch	CONJ(type=coor)	noch	
het	PD(type=d-p,subtype=art,position=prenom)	het	
leven	NOU-C(number=sg)	leven	
veler	PD(type=indef,subtype=oth,position=prenom)	veel	
Menschen	NOU-C(number=pl)	mens	
verschoonende	VRB(finiteness=prespart)	verschonen	
.	PC	.	

Ende	CONJ(type=coor)	en	
of	CONJ(type=sub)	ofschoon	mw_92
ick	PD(type=pers,position=free)	ik	
schoon	CONJ(type=sub)	ofschoon	mw_92
des	ADV(type=reg)	desmaals	mw_185
maels	ADV(type=reg)	desmaals	mw_185
vastelijck	AA(degree=pos,position=free)	vastelijk	
geloofde	VRB(finiteness=fin,tense=past)	geloven	
,	PC	,	
dat	CONJ(type=sub)	dat	
seker	AA(degree=pos,position=free)	zeker	
ende	CONJ(type=coor)	en	
gewis	AA(degree=pos,position=free)	gewis	
soude	VRB(finiteness=fin,tense=past)	zullen	
zijn	VRB(finiteness=inf)	zijn	
t'gene	PD(type=d-p,position=free)	hetgeen	
daer	ADV(type=pron)	daartoe	mw_83
toe	ADV(type=pron)	daartoe	mw_83
eenen	PD(type=indef,subtype=art,position=prenom)	een	
Prince	NOU-C(number=sg)	prins	
(	PC	(	
welckes	PD(type=w-p,position=free)	welk	
woorden	NOU-C(number=pl)	woord	
standtvastich	AA(degree=pos,position=free)	standvastig	
behoorden	VRB(finiteness=fin,tense=past)	behoren	
te	ADP(type=pre)	te	
zijn	VRB(finiteness=inf)	zijn	
)	PC	)	
sich	PD(type=refl,position=free)	zich	
met	ADP(type=pre)	met	
soo	PD(type=indef,subtype=oth,position=prenom)	zoveel	mw_124
veel	PD(type=indef,subtype=oth,position=prenom)	zoveel	mw_124
veelvuldighe	AA(degree=pos,position=prenom)	veelvuldig	
beloften	NOU-C(number=pl)	belofte	
ende	CONJ(type=coor)	en	
statighe	AA(degree=pos,position=prenom)	statig	
toeseggingen	NOU-C(number=pl)	toezegging	
verplichtet	VRB(finiteness=pastpart)	verplichten	
ende	CONJ(type=coor)	en	
verbonden	VRB(finiteness=pastpart)	verbinden	
hadde	VRB(finiteness=fin,tense=past)	hebben	
,	PC	,	
als	CONJ(type=sub)	als	
dat	CONJ(type=sub)	dat	
men	PD(type=pers,position=free)	men	
de	PD(type=d-p,subtype=art,position=prenom)	de	
stadt	NOU-C(number=sg)	stad	
Orsoy	NOU-P	Orsoy	
nae	ADP(type=pre)	na	
thiene	NUM(type=card,position=prenom,representation=let)	tien	
,	PC	,	
of	CONJ(type=coor)	of	
ten	ADP(type=pre)+PD(type=d-p,subtype=art,position=prenom)	te+het	
alderhooghsten	NOU-C(number=sg)	allerhoogste	
nae	ADP(type=pre)	na	
twintich	NUM(type=card,position=prenom,representation=let)	twintig	
daghen	NOU-C(number=pl)	dag	
soude	VRB(finiteness=fin,tense=past)	zullen	
ruymen	VRB(finiteness=inf)	ruimen	
:	PC	:	
Item	ADV(type=reg)	item	
,	PC	,	
dat	CONJ(type=sub)	dat	
de	PD(type=d-p,subtype=art,position=prenom)	de	
Leger	NOU-C(number=sg)	leger	
uyt	ADP(type=pre)	uit	
dese	PD(type=d-p,subtype=oth,position=prenom)	deze	
neutrale	AA(degree=pos,position=prenom)	neutraal	
Landen	NOU-C(number=pl)	land	
soude	VRB(finiteness=fin,tense=past)	zullen	
genomen	VRB(finiteness=pastpart)	nemen	
worden	VRB(finiteness=inf)	worden	
soo	ADV(type=reg)	zo	
haest	ADV(type=reg)	haast	
als	CONJ(type=sub)	als	
men	PD(type=pers,position=free)	men	
Berck	NOU-P	Berg	
soude	VRB(finiteness=fin,tense=past)	zullen	
verovert	VRB(finiteness=pastpart)	veroveren	
hebben	VRB(finiteness=inf)	hebben	
.	PC	.	

Des	ADV(type=reg)	des	
te	ADV(type=reg)	te	
meer	ADV(type=reg)	meer	
hebbe	VRB(finiteness=fin,tense=pres)	hebben	
ick	PD(type=pers,position=free)	ik	
vastelijck	AA(degree=pos,position=free)	vastelijk	
ghehoept	VRB(finiteness=pastpart)	hopen	
ende	CONJ(type=coor)	en	
ghemeynt	VRB(finiteness=pastpart)	menen	
,	PC	,	
dat	CONJ(type=sub)	dat	
dit	PD(type=d-p,position=free)	dit	
alles	PD(type=indef,position=free)	alles	
volcomelijck	AA(degree=pos,position=free)	volkomenlijk	
soude	VRB(finiteness=fin,tense=past)	zullen	
naeghecomen	VRB(finiteness=pastpart)	nakomen	
ende	CONJ(type=coor)	en	
volbracht	VRB(finiteness=pastpart)	volbrengen	
worden	VRB(finiteness=inf)	worden	
,	PC	,	
om	CONJ(type=sub)	omdat	mw_148
dat	CONJ(type=sub)	omdat	mw_148
naederhandt	ADV(type=reg)	naderhand	
dit	PD(type=d-p,position=free)	dit	
al	ADV(type=reg)	altezamen	mw_111
t'samen	ADV(type=reg)	altezamen	mw_111
den	PD(type=d-p,subtype=art,position=prenom)	de	
Doorluchtichsten	AA(degree=sup,position=prenom)	doorluchtig	
Vorst	NOU-C(number=sg)	vorst	
van	ADP(type=pre)	van	
Cleve	NOU-P	Kleef	
ende	CONJ(type=coor)	en	
sijne	PD(type=poss,position=prenom)	zijn	
Suster	NOU-C(number=sg)	zuster	
tot	ADP(type=pre)	tot	
verscheyden	AA(degree=pos,position=prenom)	verscheiden	
stonden	NOU-C(number=pl)	stonde	
met	ADP(type=pre)	met	
handttastinghe	NOU-C(number=sg)	handtasting	
,	PC	,	
als	CONJ(type=sub)	als	
oock	ADV(type=reg)	ook	
met	ADP(type=pre)	met	
verseghelde	AA(degree=pos,position=prenom)	verzegeld	
Brieven	NOU-C(number=pl)	brief	
is	VRB(finiteness=fin,tense=pres)	zijn	
toegheseyt	VRB(finiteness=pastpart)	toezeggen	
ende	CONJ(type=coor)	en	
voor	ADV(type=reg)	voorzeker	mw_94
seker	ADV(type=reg)	voorzeker	mw_94
beloeft	VRB(finiteness=pastpart)	beloven	
gheworden	VRB(finiteness=pastpart)	geworden	
.	PC	.	

Doch	CONJ(type=coor)	doch	
nu	ADV(type=reg)	nu	
bevinde	VRB(finiteness=fin,tense=pres)	bevinden	
ick	PD(type=pers,position=free)	ik	
my	PD(type=refl,position=free)	mij	
seer	AA(degree=pos,position=free)	zeer	
bedroghen	VRB(finiteness=pastpart)	bedriegen	
,	PC	,	
dewijle	CONJ(type=sub)	dewijl	
ick	PD(type=pers,position=free)	ik	
niet	ADV(type=reg)	niet	
anders	ADV(type=reg)	anders	
en	ADV(type=reg)	ne	
hoore	VRB(finiteness=fin,tense=pres)	horen	
nochte	CONJ(type=coor)	noch	
sie	VRB(finiteness=fin,tense=pres)	zien	
,	PC	,	
dan	CONJ(type=sub)	dan	
verbrekinghen	NOU-C(number=pl)	verbreking	
der	PD(type=d-p,subtype=art,position=prenom)	de	
beloften	NOU-C(number=pl)	belofte	
ende	CONJ(type=coor)	en	
ijdele	AA(degree=pos,position=prenom)	ijdel	
nietige	AA(degree=pos,position=prenom)	nietig	
toesegginghe	NOU-C(number=sg)	toezegging	
,	PC	,	
jae	ADV(type=reg)	ja	
daer	ADV(type=reg)	daar	
en	ADV(type=reg)	ne	
is	VRB(finiteness=fin,tense=pres)	zijn	
op	ADP(type=pre)	op	
de	PD(type=d-p,subtype=art,position=prenom)	de	
beloftenissen	NOU-C(number=pl)	beloftenis	
niet	ADV(type=reg)	niet	
anders	ADV(type=reg)	anders	
ghevolght	VRB(finiteness=pastpart)	volgen	
,	PC	,	
dan	CONJ(type=sub)	dan	
vyandelijcke	AA(degree=pos,position=prenom)	vijandelijk	
aenslaghen	NOU-C(number=pl)	aanslag	
ende	CONJ(type=coor)	en	
gantschelijck	ADV(type=reg)	ganselijk	
het	PD(type=d-p,subtype=art,position=prenom)	het	
teghen-deel	NOU-C(number=sg)	tegendeel	
der	PD(type=d-p,subtype=art,position=prenom)	de	
beloften	NOU-C(number=pl)	belofte	
.	PC	.	

Want	CONJ(type=coor)	want	
ick	PD(type=pers,position=free)	ik	
hebbe	VRB(finiteness=fin,tense=pres)	hebben	
,	PC	,	
noch	ADV(type=reg)	nog	
afwesende	AA(degree=pos,position=free)	afwezend	
,	PC	,	
verstaen	VRB(finiteness=pastpart)	verstaan	
,	PC	,	
dat	CONJ(type=sub)	dat	
de	PD(type=d-p,subtype=art,position=prenom)	de	
eene	NUM(type=card,position=prenom,representation=let)	een	
Stadt	NOU-C(number=sg)	stad	
nae	ADP(type=pre)	na	
d'ander	PD(type=d-p,subtype=art,position=prenom)+NUM(type=ord,position=free,representation=let)	de+ander	
met	ADP(type=pre)	met	
geweldt	NOU-C(number=sg)	geweld	
is	VRB(finiteness=fin,tense=pres)	zijn	
ingenomen	VRB(finiteness=pastpart)	innemen	
worden	VRB(finiteness=pastpart)	worden	
,	PC	,	
eenige	PD(type=indef,position=free)	enig	
heeft	VRB(finiteness=fin,tense=pres)	hebben	
men	PD(type=pers,position=free)	men	
koorn	NOU-C(number=sg)	koren	
ende	CONJ(type=coor)	en	
seer	AA(degree=pos,position=free)	zeer	
groote	AA(degree=pos,position=prenom)	groot	
sommen	NOU-C(number=pl)	som	
van	ADP(type=pre)	van	
penninghen	NOU-C(number=pl)	penning	
afghedwonghen	VRB(finiteness=pastpart)	afdwingen	
,	PC	,	
d'welck	PD(type=w-p,position=free)	hetwelk	
alles	PD(type=indef,position=free)	alles	
ick	PD(type=pers,position=free)	ik	
,	PC	,	
te	ADP(type=pre)	te	
Hove	NOU-C(number=sg)	hof	
ghecomen	VRB(finiteness=pastpart)	komen	
zijnde	VRB(finiteness=prespart)	zijn	
,	PC	,	
bevonden	VRB(finiteness=pastpart)	bevinden	
hebbe	VRB(finiteness=fin,tense=pres)	hebben	
warachtich	AA(degree=pos,position=free)	waarachtig	
te	ADP(type=pre)	te	
zijn	VRB(finiteness=inf)	zijn	
,	PC	,	
ende	CONJ(type=coor)	en	
noch	ADV(type=reg)	nog	
daerenboven	ADV(type=reg)	daarenboven	
hoore	VRB(finiteness=fin,tense=pres)	horen	
ende	CONJ(type=coor)	en	
sie	VRB(finiteness=fin,tense=pres)	zien	
ick	PD(type=pers,position=free)	ik	
,	PC	,	
dat	CONJ(type=sub)	dat	
nu	ADV(type=reg)	nu	
noch	ADV(type=reg)	nog	
eenighe	PD(type=indef,subtype=oth,position=prenom)	enig	
Steden	NOU-C(number=pl)	stad	
inghenomen	VRB(finiteness=pastpart)	innemen	
,	PC	,	
ende	CONJ(type=coor)	en	
andere	PD(type=indef,position=free)	ander	
met	ADP(type=pre)	met	
vyandelijcke	AA(degree=pos,position=prenom)	vijandelijk	
wreedtheyt	NOU-C(number=sg)	wreedheid	
ghedwonghen	VRB(finiteness=pastpart)	dwingen	
worden	VRB(finiteness=fin,tense=pres)	worden	
sware	AA(degree=pos,position=prenom)	zwaar	
schattinghen	NOU-C(number=pl)	schatting	
op	VRB(finiteness=inf)	opbrengen	mw_160
te	ADP(type=pre)	te	
brengen	VRB(finiteness=inf)	opbrengen	mw_160
.	PC	.	

Een	PD(type=indef,position=free)	eenieder	mw_16
yeder	PD(type=indef,position=free)	eenieder	mw_16
die	PD(type=d-p,position=free)	die	
geern	ADV(type=reg)	gaarne	
sijn	PD(type=poss,position=prenom)	zijn	
Landt	NOU-C(number=sg)	land	
ende	CONJ(type=coor)	en	
Heerschappije	NOU-C(number=sg)	heerschappij	
van	ADP(type=pre)	van	
dusdanighe	PD(type=d-p,subtype=oth,position=prenom)	dusdanig	
lagen	NOU-C(number=pl)	laag	
ende	CONJ(type=coor)	en	
gheweldighe	AA(degree=pos,position=prenom)	geweldig	
stormen	NOU-C(number=pl)	storm	
woude	VRB(finiteness=fin,tense=past)	willen	
bevrijdt	VRB(finiteness=pastpart)	bevrijden	
sien	VRB(finiteness=inf)	zien	
,	PC	,	
can	VRB(finiteness=fin,tense=pres)	kunnen	
lichtelijck	AA(degree=pos,position=free)	lichtelijk	
verstaen	VRB(finiteness=pastpart)	verstaan	
,	PC	,	
hoe	ADV(type=reg)	hoezeer	mw_93
seer	ADV(type=reg)	hoezeer	mw_93
dat	CONJ(type=sub)	dat	
dese	PD(type=d-p,subtype=oth,position=prenom)	deze	
dinghen	NOU-C(number=pl)	ding	
beweghen	VRB(finiteness=inf)	bewegen	
sullen	VRB(finiteness=fin,tense=pres)	zullen	
t'gemoet	PD(type=d-p,subtype=art,position=prenom)+NOU-C(number=sg)	het+gemoed	
van	ADP(type=pre)	van	
sijne	PD(type=poss,position=prenom)	zijn	
Keyserlijcke	AA(degree=pos,position=prenom)	keizerlijk	
Majesteyt	NOU-C(number=sg)	majesteit	
(	PC	(	
van	ADP(type=pre)	van	
wiens	PD(type=w-p,position=free)	wie	
weghe	NOU-C(number=sg)	weg	
ick	PD(type=pers,position=free)	ik	
hier	ADV(type=reg)	hier	
ben	VRB(finiteness=fin,tense=pres)	zijn	
residerende	VRB(finiteness=prespart)	resideren	
om	ADP(type=pre)	om	
sorghe	NOU-C(number=sg)	zorg	
over	ADP(type=pre)	over	
dit	PD(type=d-p,subtype=oth,position=prenom)	dit	
Landt	NOU-C(number=sg)	land	
,	PC	,	
ende	CONJ(type=coor)	en	
over	ADP(type=pre)	over	
desen	PD(type=d-p,subtype=oth,position=prenom)	deze	
Prince	NOU-C(number=sg)	prins	
te	ADP(type=pre)	te	
draghen	VRB(finiteness=inf)	dragen	
)	PC	)	
als	CONJ(type=sub)	als	
oock	ADV(type=reg)	ook	
der	PD(type=d-p,subtype=art,position=prenom)	de	
Duytscher	AA(degree=pos,position=prenom)	Duits	
Vorsten	NOU-C(number=pl)	vorst	
,	PC	,	
jae	ADV(type=reg)	ja	
oock	ADV(type=reg)	ook	
wel	ADV(type=reg)	wel	
aller	PD(type=indef,subtype=oth,position=prenom)	al	
Princen	NOU-C(number=pl)	prins	
die	PD(type=d-p,position=free)	die	
in	ADP(type=pre)	in	
Europa	NOU-P	Europa	
zijn	VRB(finiteness=fin,tense=pres)	zijn	
,	PC	,	
want	CONJ(type=coor)	want	
dit	PD(type=d-p,position=free)	dit	
is	VRB(finiteness=fin,tense=pres)	zijn	
een	PD(type=indef,subtype=art,position=prenom)	een	
sake	NOU-C(number=sg)	zaak	
die	PD(type=d-p,position=free)	die	
haer	PD(type=pers,position=free)	zij	
al	ADV(type=reg)	altezamen	mw_112
t'samen	ADV(type=reg)	altezamen	mw_112
ghelijckelijck	ADV(type=reg)	gelijkelijk	
aengaet	VRB(finiteness=fin,tense=pres)	aangaan	
.	PC	.	

Het	PD(type=d-p,subtype=art,position=prenom)	het	
huys	NOU-C(number=sg)	huis	
van	ADP(type=pre)	van	
Lotteringhe	NOU-P	Lotharingen	
wordt	VRB(finiteness=fin,tense=pres)	worden	
door	ADP(type=pre)	door	
dit	PD(type=d-p,subtype=oth,position=prenom)	dit	
Houwelijck	NOU-C(number=sg)	huwelijk	
verbonden	VRB(finiteness=pastpart)	verbinden	
met	ADP(type=pre)	met	
het	PD(type=d-p,subtype=art,position=prenom)	het	
Cleefsche	AA(degree=pos,position=prenom)	Kleefs	
:	PC	:	
Oock	ADV(type=reg)	ook	
wordt	VRB(finiteness=fin,tense=pres)	worden	
het	PD(type=d-p,subtype=art,position=prenom)	het	
huys	NOU-C(number=sg)	huis	
van	ADP(type=pre)	van	
Lotteringhe	NOU-P	Lotharingen	
door	ADP(type=pre)	door	
eene	PD(type=indef,subtype=art,position=prenom)	een	
nieuwe	AA(degree=pos,position=prenom)	nieuw	
Swagherschap	NOU-C(number=sg)	zwagerschap	
verknoopt	VRB(finiteness=pastpart)	verknopen	
aen	ADP(type=pre)	aan	
den	PD(type=d-p,subtype=art,position=prenom)	de	
Coninck	NOU-C(number=sg)	koning	
van	ADP(type=pre)	van	
Vranckrijck	NOU-P	Frankrijk	
,	PC	,	
ende	CONJ(type=coor)	en	
vele	PD(type=indef,subtype=oth,position=prenom)	veel	
Princen	NOU-C(number=pl)	prins	
ghehooren	VRB(finiteness=fin,tense=pres)	gehoren	
,	PC	,	
soo	ADV(type=reg)	zo	
door	ADP(type=pre)	door	
bloet	NOU-C(number=sg)	bloed	
als	CONJ(type=sub)	als	
Swagherschap	NOU-C(number=sg)	zwagerschap	
,	PC	,	
tot	ADP(type=pre)	tot	
dit	PD(type=d-p,subtype=oth,position=prenom)	dit	
huys	NOU-C(number=sg)	huis	
.	PC	.	

Men	PD(type=pers,position=free)	men	
moet	VRB(finiteness=fin,tense=pres)	moeten	
wel	ADV(type=reg)	wel	
neerstelijck	ADV(type=reg)	naarstelijk	
toesien	VRB(finiteness=inf)	toezien	
ende	CONJ(type=coor)	en	
sich	PD(type=refl,position=free)	zich	
wachten	VRB(finiteness=inf)	wachten	
,	PC	,	
dat	CONJ(type=sub)	dat	
dese	PD(type=d-p,position=free)	deze	
al	ADV(type=reg)	altezamen	mw_75
te	ADV(type=reg)	altezamen	mw_75
samen	ADV(type=reg)	altezamen	mw_75
,	PC	,	
door	ADP(type=pre)	door	
de	PD(type=d-p,subtype=art,position=prenom)	de	
groote	AA(degree=pos,position=prenom)	groot	
oneere	NOU-C(number=sg)	oneer	
ende	CONJ(type=coor)	en	
schande	NOU-C(number=sg)	schande	
die	PD(type=d-p,position=free)	die	
haer	PD(type=pers,position=free)	zij	
aenghedaen	VRB(finiteness=pastpart)	aandoen	
wordt	VRB(finiteness=fin,tense=pres)	worden	
,	PC	,	
niet	ADV(type=reg)	niet	
verbittert	VRB(finiteness=pastpart)	verbitteren	
ende	CONJ(type=coor)	en	
gheterghet	VRB(finiteness=pastpart)	tergen	
,	PC	,	
ende	CONJ(type=coor)	en	
alsoo	ADV(type=reg)	alzo	
de	PD(type=d-p,subtype=art,position=prenom)	de	
oude	AA(degree=pos,position=prenom)	oud	
wonde	NOU-C(number=sg)	wond	
,	PC	,	
die	PD(type=d-p,position=free)	die	
noch	ADV(type=reg)	nog	
nau	AA(degree=pos,position=free)	nauw	
ghenesen	VRB(finiteness=pastpart)	genezen	
en	ADV(type=reg)	ne	
is	VRB(finiteness=fin,tense=pres)	zijn	
,	PC	,	
wederom	ADV(type=reg)	wederom	
open	VRB(finiteness=pastpart)	openschrappen	mw_162
gheschrapt	VRB(finiteness=pastpart)	openschrappen	mw_162
ende	CONJ(type=coor)	en	
ververschet	VRB(finiteness=pastpart)	verversen	
en	ADV(type=reg)	ne	
worde	VRB(finiteness=fin,tense=pres)	worden	
,	PC	,	
(	PC	(	
d'welck	PD(type=w-p,position=free)	hetwelk	
ick	PD(type=pers,position=free)	ik	
,	PC	,	
als	CONJ(type=sub)	als	
eener	NUM(type=card,position=free,representation=let)	een	
die	PD(type=d-p,position=free)	die	
den	PD(type=d-p,subtype=art,position=prenom)	de	
Catholijcken	AA(degree=pos,position=prenom)	katholiek	
Coninck	NOU-C(number=sg)	koning	
gantschelijck	ADV(type=reg)	ganselijk	
toegheneyght	AA(degree=pos,position=free)	toegeneigd	
ben	VRB(finiteness=fin,tense=pres)	zijn	
,	PC	,	
wel	ADV(type=reg)	wel	
wensche	VRB(finiteness=fin,tense=pres)	wensen	
aenghemerckt	VRB(finiteness=pastpart)	aanmerken	
te	ADP(type=pre)	te	
moghen	VRB(finiteness=inf)	mogen	
werden	VRB(finiteness=inf)	worden	
.	PC	.	
)	PC	)	
Waer	ADV(type=reg)	waar	
vindt	VRB(finiteness=fin,tense=pres)	vinden	
men	PD(type=pers,position=free)	men	
yemandt	PD(type=indef,position=free)	iemand	
die	PD(type=d-p,position=free)	die	
soo	ADV(type=reg)	zo	
onverstandich	AA(degree=pos,position=free)	onverstandig	
ende	CONJ(type=coor)	en	
soo	ADV(type=reg)	zo	
onervaren	AA(degree=pos,position=free)	onervaren	
is	VRB(finiteness=fin,tense=pres)	zijn	
,	PC	,	
dat	CONJ(type=sub)	dat	
hy	PD(type=pers,position=free)	hij	
niet	ADV(type=reg)	niet	
en	ADV(type=reg)	ne	
soude	VRB(finiteness=fin,tense=past)	zullen	
verstaen	VRB(finiteness=pastpart)	verstaan	
,	PC	,	
dat	CONJ(type=sub)	dat	
het	PD(type=pers,position=free)	het	
grootelijcx	ADV(type=reg)	grotelijks	
ghereykende	VRB(finiteness=prespart)	gereiken	
ende	CONJ(type=coor)	en	
ghedijende	VRB(finiteness=prespart)	gedijen	
is	VRB(finiteness=fin,tense=pres)	zijn	
tot	ADP(type=pre)	tot	
verachtinghe	NOU-C(number=sg)	verachting	
ende	CONJ(type=coor)	en	
verachteringhe	NOU-C(number=sg)	verachtering	
des	PD(type=d-p,subtype=art,position=prenom)	de	
Godsdienstes	NOU-C(number=sg)	godsdienst	
,	PC	,	
dat	CONJ(type=sub)	dat	
eenen	PD(type=indef,subtype=art,position=prenom)	een	
Catholijcken	AA(degree=pos,position=prenom)	katholiek	
Prince	NOU-C(number=sg)	prins	
,	PC	,	
die	PD(type=d-p,position=free)	die	
de	PD(type=d-p,subtype=art,position=prenom)	de	
Catholijcke	AA(degree=pos,position=prenom)	katholiek	
Religie	NOU-C(number=sg)	religie	
met	ADP(type=pre)	met	
sulcker	PD(type=d-p,subtype=oth,position=prenom)	zulk	
vlijt	NOU-C(number=sg)	vlijt	
,	PC	,	
ende	CONJ(type=coor)	en	
groote	AA(degree=pos,position=prenom)	groot	
oncosten	NOU-C(number=pl)	onkost	
in	ADP(type=pre)	in	
het	PD(type=d-p,subtype=art,position=prenom)	het	
midden	NOU-C(number=sg)	midden	
van	ADP(type=pre)	van	
de	PD(type=d-p,subtype=art,position=prenom)	de	
Kettersche	AA(degree=pos,position=prenom)	ketters	
stroomen	NOU-C(number=pl)	stroom	
ende	CONJ(type=coor)	en	
stormen	NOU-C(number=pl)	storm	
heeft	VRB(finiteness=fin,tense=pres)	hebben	
voorghestanden	VRB(finiteness=pastpart)	voorstanden	
ende	CONJ(type=coor)	en	
behouden	VRB(finiteness=pastpart)	behouden	
,	PC	,	
dus	ADV(type=reg)	dus	
schandelijck	AA(degree=pos,position=free)	schandelijk	
wordt	VRB(finiteness=fin,tense=pres)	worden	
onderdruckt	VRB(finiteness=pastpart)	onderdrukken	
ende	CONJ(type=coor)	en	
bedorven	VRB(finiteness=pastpart)	bederven	
:	PC	:	
Dat	CONJ(type=sub)	dat	
de	PD(type=d-p,subtype=art,position=prenom)	de	
bloetverwantschap	NOU-C(number=sg)	bloedverwantschap	
versmaedt	VRB(finiteness=pastpart)	versmaden	
wordt	VRB(finiteness=fin,tense=pres)	worden	
:	PC	:	
Dat	CONJ(type=sub)	dat	
men	PD(type=pers,position=free)	men	
de	PD(type=d-p,subtype=art,position=prenom)	de	
vyanden	NOU-C(number=pl)	vijand	
onbevochten	AA(degree=pos,position=free)	onbevochten	
ende	CONJ(type=coor)	en	
onbestreden	AA(degree=pos,position=free)	onbestreden	
latende	VRB(finiteness=prespart)	laten	
,	PC	,	
de	PD(type=d-p,subtype=art,position=prenom)	de	
gantsche	AA(degree=pos,position=prenom)	gans	
macht	NOU-C(number=sg)	macht	
der	PD(type=d-p,subtype=art,position=prenom)	de	
oorloghe	NOU-C(number=sg)	oorlog	
met	ADP(type=pre)	met	
den	PD(type=d-p,subtype=art,position=prenom)	de	
gheweldighen	AA(degree=pos,position=prenom)	geweldig	
hoop	NOU-C(number=sg)	hoop	
des	PD(type=d-p,subtype=art,position=prenom)	het	
alderslimsten	AA(degree=sup,position=prenom)	allerslimst	
ghespuys	NOU-C(number=sg)	gespuis	
dat	PD(type=d-p,position=free)	dat	
erghens	ADV(type=reg)	ergens	
in	ADP(type=pre)	in	
der	PD(type=d-p,subtype=art,position=prenom)	de	
Weerelt	NOU-C(number=sg)	wereld	
soude	VRB(finiteness=fin,tense=past)	zullen	
connen	VRB(finiteness=inf)	kunnen	
gevonden	VRB(finiteness=pastpart)	vinden	
wesen	VRB(finiteness=inf)	wezen	
,	PC	,	
is	VRB(finiteness=fin,tense=pres)	zijn	
wendende	VRB(finiteness=prespart)	wenden	
ende	CONJ(type=coor)	en	
voerende	VRB(finiteness=prespart)	voeren	
tegen	ADP(type=pre)	tegen	
de	PD(type=d-p,subtype=art,position=prenom)	de	
Neven	NOU-C(number=pl)	neef	
ende	CONJ(type=coor)	en	
bloetverwanten	NOU-C(number=pl)	bloedverwant	
des	PD(type=d-p,subtype=art,position=prenom)	de	
Conincx	NOU-C(number=sg)	koning	
:	PC	:	
Dat	CONJ(type=sub)	dat	
de	PD(type=d-p,subtype=art,position=prenom)	de	
Kercken	NOU-C(number=pl)	kerk	
geplundert	VRB(finiteness=pastpart)	plunderen	
ende	CONJ(type=coor)	en	
de	PD(type=d-p,subtype=art,position=prenom)	de	
Cloosteren	NOU-C(number=pl)	klooster	
berooft	VRB(finiteness=pastpart)	beroven	
worden	VRB(finiteness=fin,tense=pres)	worden	
:	PC	:	
Dat	CONJ(type=sub)	dat	
de	PD(type=d-p,subtype=art,position=prenom)	de	
Gheestelijcke	AA(degree=pos,position=prenom)	geestelijk	
Mannen	NOU-C(number=pl)	man	
ghestooten	VRB(finiteness=pastpart)	stoten	
ende	CONJ(type=coor)	en	
gheslagen	VRB(finiteness=pastpart)	slaan	
:	PC	:	
de	PD(type=d-p,subtype=art,position=prenom)	de	
jonge	AA(degree=pos,position=prenom)	jong	
Maeghden	NOU-C(number=pl)	maagd	
die	PD(type=d-p,position=free)	die	
Gode	NOU-P	God	
gheeygent	VRB(finiteness=pastpart)	eigenen	
zijn	VRB(finiteness=fin,tense=pres)	zijn	
,	PC	,	
gheschoffiert	VRB(finiteness=pastpart)	schofferen	
,	PC	,	
ende	CONJ(type=coor)	en	
alle	PD(type=indef,subtype=oth,position=prenom)	al	
Heylichdom	NOU-C(number=sg)	heiligdom	
met	ADP(type=pre)	met	
voeten	NOU-C(number=pl)	voet	
ghetreden	VRB(finiteness=pastpart)	treden	
wordt	VRB(finiteness=fin,tense=pres)	worden	
:	PC	:	
Dat	CONJ(type=sub)	dat	
oock	ADV(type=reg)	ook	
de	PD(type=d-p,subtype=art,position=prenom)	de	
Ghesanten	NOU-C(number=pl)	gezant	
,	PC	,	
die	PD(type=d-p,position=free)	die	
selfs	ADV(type=reg)	zelfs	
onder	ADP(type=pre)	onder	
de	PD(type=d-p,subtype=art,position=prenom)	de	
Heydenen	NOU-C(number=pl)	heiden	
vry	AA(degree=pos,position=free)	vrij	
zijn	VRB(finiteness=fin,tense=pres)	zijn	
,	PC	,	
met	ADP(type=pre)	met	
openbaer	AA(degree=pos,position=prenom)	openbaar	
geweldt	NOU-C(number=sg)	geweld	
aenghetast	VRB(finiteness=pastpart)	aantasten	
worden	VRB(finiteness=fin,tense=pres)	worden	
,	PC	,	
ghelijck	CONJ(type=sub)	gelijk	
voor	ADP(type=pre)	voor	
weynich	PD(type=indef,subtype=oth,position=prenom)	weinig	
daghen	NOU-C(number=pl)	dag	
my	PD(type=pers,position=free)	ik	
in	ADP(type=pre)	in	
eygener	AA(degree=pos,position=prenom)	eigen	
persoon	NOU-C(number=sg)	persoon	
ende	CONJ(type=coor)	en	
anderen	PD(type=indef,subtype=oth,position=prenom)	ander	
Ghesanten	NOU-C(number=pl)	gezant	
der	PD(type=d-p,subtype=art,position=prenom)	de	
Princen	NOU-C(number=pl)	prins	
wedervaren	VRB(finiteness=pastpart)	wedervaren	
is	VRB(finiteness=fin,tense=pres)	zijn	
,	PC	,	
als	CONJ(type=sub)	als	
ick	PD(type=pers,position=free)	ik	
voor	ADP(type=pre)	voor	
stroom	NOU-C(number=sg)	stroom	
te	ADP(type=pre)	te	
water	NOU-C(number=sg)	water	
nae	ADP(type=pre)	na	
Cleven	NOU-P	Kleef	
quam	VRB(finiteness=fin,tense=past)	komen	
:	PC	:	
Waer	ADV(type=reg)	waar	
vindt	VRB(finiteness=fin,tense=pres)	vinden	
men	PD(type=pers,position=free)	men	
,	PC	,	
seg	VRB(finiteness=fin,tense=pres)	zeggen	
ick	PD(type=pers,position=free)	ik	
,	PC	,	
yemant	PD(type=indef,position=free)	iemand	
soo	ADV(type=reg)	zo	
onverstandich	AA(degree=pos,position=free)	onverstandig	
,	PC	,	
die	PD(type=d-p,position=free)	die	
niet	ADV(type=reg)	niet	
en	ADV(type=reg)	ne	
merckt	VRB(finiteness=fin,tense=pres)	merken	
,	PC	,	
dat	CONJ(type=sub)	dat	
dit	PD(type=d-p,position=free)	dit	
alles	PD(type=indef,position=free)	alles	
grootelijcx	ADV(type=reg)	grotelijks	
is	VRB(finiteness=fin,tense=pres)	zijn	
streckende	VRB(finiteness=prespart)	strekken	
tot	ADP(type=pre)	tot	
verachtinghe	NOU-C(number=sg)	verachting	
ende	CONJ(type=coor)	en	
verachteringhe	NOU-C(number=sg)	verachtering	
der	PD(type=d-p,subtype=art,position=prenom)	de	
Religie	NOU-C(number=sg)	religie	
?	PC	?	

Noch	CONJ(type=coor)	noch	
verswijge	VRB(finiteness=fin,tense=pres)	verzwijgen	
ick	PD(type=pers,position=free)	ik	
,	PC	,	
dat	CONJ(type=sub)	dat	
grootelijcx	ADV(type=reg)	grotelijks	
te	ADP(type=pre)	te	
beduchten	VRB(finiteness=inf)	beduchten	
staet	VRB(finiteness=fin,tense=pres)	staan	
,	PC	,	
dat	CONJ(type=sub)	dat	
eenichsins	ADV(type=reg)	enigszins	
besoetelt	VRB(finiteness=pastpart)	bezoedelen	
,	PC	,	
jae	ADV(type=reg)	ja	
by	ADP(type=pre)	bij	
alle	PD(type=indef,position=free)	alleman	mw_272714
Man	PD(type=indef,position=free)	alleman	mw_272714
sal	VRB(finiteness=fin,tense=pres)	zullen	
ghehaet	VRB(finiteness=pastpart)	haten	
ende	CONJ(type=coor)	en	
versmaedt	VRB(finiteness=pastpart)	versmaden	
worden	VRB(finiteness=inf)	worden	
de	PD(type=d-p,subtype=art,position=prenom)	de	
wijdtberoemde	AA(degree=pos,position=prenom)	wijdberoemd	
eere	NOU-C(number=sg)	eer	
des	PD(type=d-p,subtype=art,position=prenom)	het	
huys	NOU-C(number=sg)	huis	
van	ADP(type=pre)	van	
Oostenrijck	NOU-P	Oostenrijk	
,	PC	,	
d'welck	PD(type=w-p,position=free)	hetwelk	
tot	ADP(type=pre)	tot	
noch	ADV(type=reg)	nog	
toe	ADV(type=reg)	toe	
,	PC	,	
van	ADP(type=pre)	vanwege	mw_31
weghen	ADP(type=pre)	vanwege	mw_31
sijne	PD(type=poss,position=prenom)	zijn	
gherechticheyt	NOU-C(number=sg)	gerechtigheid	
,	PC	,	
sachtmoedicheyt	NOU-C(number=sg)	zachtmoedigheid	
,	PC	,	
eenvuldicheyt	NOU-C(number=sg)	eenvoudigheid	
sijner	PD(type=poss,position=prenom)	zijn	
raetslaghen	NOU-C(number=pl)	raadslag	
ende	CONJ(type=coor)	en	
eerlijcke	AA(degree=pos,position=prenom)	eerlijk	
daden	NOU-C(number=pl)	daad	
over	ADV(type=reg)	overal	mw_113
al	ADV(type=reg)	overal	mw_113
gheroemt	VRB(finiteness=pastpart)	roemen	
wordt	VRB(finiteness=fin,tense=pres)	worden	
,	PC	,	
als	CONJ(type=sub)	als	
oock	ADV(type=reg)	ook	
om	CONJ(type=sub)	omdat	mw_149
dat	CONJ(type=sub)	omdat	mw_149
het	PD(type=pers,position=free)	het	
altijdt	ADV(type=reg)	altijd	
seer	AA(degree=pos,position=free)	zeer	
wijselijck	AA(degree=pos,position=free)	wijselijk	
vermijdt	VRB(finiteness=pastpart)	vermijden	
heeft	VRB(finiteness=fin,tense=pres)	hebben	
in	ADP(type=pre)	in	
verdachtsaemheyt	NOU-C(number=sg)	verdachtzaamheid	
te	ADP(type=pre)	te	
comen	VRB(finiteness=inf)	komen	
,	PC	,	
by	ADP(type=pre)	bij	
vrienden	NOU-C(number=pl)	vriend	
ofte	CONJ(type=coor)	of	
vyanden	NOU-C(number=pl)	vijand	
,	PC	,	
van	ADP(type=pre)	van	
onrechtveerdige	AA(degree=pos,position=prenom)	onrechtvaardig	
oorloghen	NOU-C(number=pl)	oorlog	
te	ADP(type=pre)	te	
voeren	VRB(finiteness=inf)	voeren	
:	PC	:	
Iae	ADV(type=reg)	ja	
het	PD(type=pers,position=free)	het	
staet	VRB(finiteness=fin,tense=pres)	staan	
oock	ADV(type=reg)	ook	
wel	ADV(type=reg)	wel	
te	ADP(type=pre)	te	
vermoeden	VRB(finiteness=inf)	vermoeden	
,	PC	,	
dat	CONJ(type=sub)	dat	
selfs	ADV(type=reg)	zelfs	
de	PD(type=d-p,subtype=art,position=prenom)	de	
Catholijcke	AA(degree=pos,position=prenom)	katholiek	
Coninck	NOU-C(number=sg)	koning	
,	PC	,	
als	CONJ(type=sub)	als	
oock	ADV(type=reg)	ook	
de	PD(type=d-p,subtype=art,position=prenom)	de	
stichters	NOU-C(number=pl)	stichter	
aller	PD(type=indef,subtype=oth,position=prenom)	al	
deser	PD(type=d-p,subtype=oth,position=prenom)	deze	
wreeder	AA(degree=pos,position=prenom)	wreed	
ellenden	NOU-C(number=pl)	ellende	
ende	CONJ(type=coor)	en	
jammeren	NOU-C(number=pl)	jammer	
,	PC	,	
van	ADP(type=pre)	van	
Godt	NOU-P	God	
den	PD(type=d-p,subtype=art,position=prenom)	de	
Heere	NOU-P	Heer	
rechtvaerdichlijck	ADV(type=reg)	rechtvaardiglijk	
sullen	VRB(finiteness=fin,tense=pres)	zullen	
ghestraft	VRB(finiteness=pastpart)	straffen	
,	PC	,	
ende	CONJ(type=coor)	en	
dat	CONJ(type=sub)	dat	
het	PD(type=d-p,subtype=art,position=prenom)	het	
onnoosel	AA(degree=pos,position=prenom)	onnozel	
bloet	NOU-C(number=sg)	bloed	
d'welck	PD(type=w-p,position=free)	hetwelk	
sy	PD(type=pers,position=free)	zij	
vergieten	VRB(finiteness=fin,tense=pres)	vergieten	
,	PC	,	
sal	VRB(finiteness=fin,tense=pres)	zullen	
gewroken	VRB(finiteness=pastpart)	wreken	
worden	VRB(finiteness=inf)	worden	
.	PC	.	

Want	CONJ(type=coor)	want	
,	PC	,	
ah	INT	ah	
liever	ADV(type=reg)	liever	
,	PC	,	
wat	PD(type=w-p,position=prenom)	wat	
gheluck	NOU-C(number=sg)	geluk	
,	PC	,	
wat	PD(type=w-p,position=prenom)	wat	
voorspoet	NOU-C(number=sg)	voorspoed	
hebben	VRB(finiteness=fin,tense=pres)	hebben	
die	PD(type=d-p,position=free)	die	
te	ADP(type=pre)	te	
verwachten	VRB(finiteness=inf)	verwachten	
,	PC	,	
die	PD(type=d-p,position=free)	die	
gheen	PD(type=indef,subtype=oth,position=prenom)	geen	
dinck	NOU-C(number=sg)	ding	
ongheschonden	AA(degree=pos,position=free)	ongeschonden	
en	ADV(type=reg)	ne	
laten	VRB(finiteness=fin,tense=pres)	laten	
?	PC	?	

Die	PD(type=d-p,position=free)	die	
hare	PD(type=poss,position=prenom)	haar	
bloetverwanten	NOU-C(number=pl)	bloedverwant	
als	CONJ(type=sub)	als	
vreemdelinghen	NOU-C(number=pl)	vreemdeling	
,	PC	,	
de	PD(type=d-p,subtype=art,position=prenom)	de	
vrienden	NOU-C(number=pl)	vriend	
als	CONJ(type=sub)	als	
vyanden	NOU-C(number=pl)	vijand	
,	PC	,	
de	PD(type=d-p,subtype=art,position=prenom)	de	
vrome	NOU-C(number=pl)	vrome	
als	CONJ(type=sub)	als	
misdadighers	NOU-C(number=pl)	misdadiger	
,	PC	,	
de	PD(type=d-p,subtype=art,position=prenom)	de	
onnoosele	NOU-C(number=pl)	onnozele	
als	CONJ(type=sub)	als	
schuldighe	NOU-C(number=pl)	schuldige	
aentasten	VRB(finiteness=fin,tense=pres)	aantasten	
ende	CONJ(type=coor)	en	
quellen	VRB(finiteness=fin,tense=pres)	kwellen	
?	PC	?	

Ick	PD(type=pers,position=free)	ik	
ben	VRB(finiteness=fin,tense=pres)	zijn	
ghenootsaeckt	VRB(finiteness=pastpart)	noodzaken	
,	PC	,	
ten	ADP(type=pre)+PD(type=d-p,subtype=art,position=prenom)	te+het	
aensiene	NOU-C(number=sg)	aanzien	
mijnes	PD(type=poss,position=prenom)	mijn	
ampts	NOU-C(number=sg)	ambt	
,	PC	,	
dese	PD(type=d-p,subtype=oth,position=prenom)	deze	
bloedighe	AA(degree=pos,position=prenom)	bloedig	
,	PC	,	
ende	CONJ(type=coor)	en	
voor	ADP(type=pre)	voor	
het	PD(type=d-p,subtype=art,position=prenom)	het	
gantsche	AA(degree=pos,position=prenom)	gans	
Rijck	NOU-C(number=sg)	rijk	
schadelijcke	AA(degree=pos,position=prenom)	schadelijk	
handelinghen	NOU-C(number=pl)	handeling	
,	PC	,	
sijne	PD(type=poss,position=prenom)	zijn	
Keyserlijcke	AA(degree=pos,position=prenom)	keizerlijk	
Majesteyt	NOU-C(number=sg)	majesteit	
op	ADP(type=pre)	op	
de	PD(type=d-p,subtype=art,position=prenom)	de	
rijghe	NOU-C(number=sg)	rij	
,	PC	,	
ghelijck	CONJ(type=sub)	gelijk	
sy	PD(type=pers,position=free)	zij	
gheschiet	VRB(finiteness=pastpart)	geschieden	
zijn	VRB(finiteness=fin,tense=pres)	zijn	
,	PC	,	
te	ADP(type=pre)	te	
boodtschappen	VRB(finiteness=inf)	boodschappen	
ende	CONJ(type=coor)	en	
te	ADP(type=pre)	te	
verwittighen	VRB(finiteness=inf)	verwittigen	
.	PC	.	

Ick	PD(type=pers,position=free)	ik	
vermane	VRB(finiteness=fin,tense=pres)	vermanen	
ende	CONJ(type=coor)	en	
bidde	VRB(finiteness=fin,tense=pres)	bidden	
ernstlijck	AA(degree=pos,position=free)	ernstelijk	
,	PC	,	
dat	CONJ(type=sub)	dat	
V.E.	PD(type=pers,position=free,WF=abbr)	U Ed.	
haer	PD(type=refl,position=free)	haar	
wachte	VRB(finiteness=fin,tense=pres)	wachten	
van	ADP(type=pre)	van	
voortaen	ADV(type=reg)	voortaan	
gheweldt	NOU-C(number=sg)	geweld	
te	ADP(type=pre)	te	
drijven	VRB(finiteness=inf)	drijven	
,	PC	,	
maer	CONJ(type=coor)	maar	
dat	CONJ(type=sub)	dat	
sy	PD(type=pers,position=free)	zij	
ter	ADP(type=pre)+PD(type=d-p,subtype=art,position=prenom)	te+de	
contrarie	NOU-C(number=sg)	contrarie	
den	PD(type=d-p,subtype=art,position=prenom)	de	
Doorluchtichsten	AA(degree=sup,position=prenom)	doorluchtig	
Vorst	NOU-C(number=sg)	vorst	
van	ADP(type=pre)	van	
Cleve	NOU-P	Kleef	
sijne	PD(type=poss,position=prenom)	zijn	
afgenomene	AA(degree=pos,position=prenom)	afgenomen	
Steden	NOU-C(number=pl)	stad	
,	PC	,	
Casteelen	NOU-C(number=pl)	kasteel	
ende	CONJ(type=coor)	en	
Vasticheden	NOU-C(number=pl)	vastigheid	
weder	ADV(type=reg)	weder	
in	ADP(type=pre)	in	
handen	NOU-C(number=pl)	hand	
stelle	VRB(finiteness=fin,tense=pres)	stellen	
,	PC	,	
het	PD(type=d-p,subtype=art,position=prenom)	het	
Krijchsvolck	NOU-C(number=sg)	krijgsvolk	
van	ADP(type=pre)	van	
hier	ADV(type=reg)	hier	
neme	VRB(finiteness=fin,tense=pres)	nemen	
,	PC	,	
ende	CONJ(type=coor)	en	
nae	ADP(type=pre)	na	
een	PD(type=indef,subtype=art,position=prenom)	een	
ander	PD(type=indef,subtype=oth,position=prenom)	ander	
plaetse	NOU-C(number=sg)	plaats	
schicke	VRB(finiteness=fin,tense=pres)	schikken	
:	PC	:	
de	PD(type=d-p,subtype=art,position=prenom)	de	
ghedane	AA(degree=pos,position=prenom)	gedaan	
schade	NOU-C(number=sg)	schade	
weder	VRB(finiteness=fin,tense=pres)	wederoprichten	mw_163
oprichte	VRB(finiteness=fin,tense=pres)	wederoprichten	mw_163
:	PC	:	
ende	CONJ(type=coor)	en	
gheen	PD(type=indef,subtype=oth,position=prenom)	geen	
oorsake	NOU-C(number=sg)	oorzaak	
en	ADV(type=reg)	ne	
gheve	VRB(finiteness=fin,tense=pres)	geven	
van	ADP(type=pre)	van	
meerder	AA(degree=comp,position=prenom)	meerder	
onghemack	NOU-C(number=sg)	ongemak	
.	PC	.	

D'welck	PD(type=w-p,position=free)	hetwelk	
alles	PD(type=indef,position=free)	alles	
,	PC	,	
of	CONJ(type=sub)	of	
het	PD(type=pers,position=free)	het	
schoon	AA(degree=pos,position=free)	schoon	
billick	AA(degree=pos,position=free)	billijk	
recht	AA(degree=pos,position=free)	recht	
,	PC	,	
prijselijck	AA(degree=pos,position=free)	prijselijk	
,	PC	,	
ende	CONJ(type=coor)	en	
eenen	PD(type=indef,subtype=art,position=prenom)	een	
Prince	NOU-C(number=sg)	prins	
betamelijck	AA(degree=pos,position=free)	betamelijk	
zy	VRB(finiteness=fin,tense=pres)	zijn	
,	PC	,	
nochtans	ADV(type=reg)	nochtans	
so	ADV(type=reg)	zo	
sal	VRB(finiteness=fin,tense=pres)	zullen	
ick	PD(type=pers,position=free)	ik	
door	ADP(type=pre)	door	
den	PD(type=d-p,subtype=art,position=prenom)	de	
brenger	NOU-C(number=sg)	brenger	
deses	PD(type=d-p,position=free)	deze	
verwachten	VRB(finiteness=inf)	verwachten	
eene	PD(type=indef,subtype=art,position=prenom)	een	
redelijcke	AA(degree=pos,position=prenom)	redelijk	
ende	CONJ(type=coor)	en	
bescheydene	AA(degree=pos,position=prenom)	bescheiden	
antwoorde	NOU-C(number=sg)	antwoord	
.	PC	.	

Ick	PD(type=pers,position=free)	ik	
bevele	VRB(finiteness=fin,tense=pres)	bevelen	
V.E.	PD(type=pers,position=free,WF=abbr)	U Ed.	
in	ADP(type=pre)	in	
de	PD(type=d-p,subtype=art,position=prenom)	de	
bescherminghe	NOU-C(number=sg)	bescherming	
Godes	NOU-P	God	
.	PC	.	

Wt	ADP(type=pre)	uit	
Cleve	NOU-P	Kleef	
,	PC	,	
desen	PD(type=d-p,subtype=oth,position=prenom)	deze	
laetsten	AA(degree=sup,position=prenom)	laat	
dach	NOU-C(number=sg)	dag	
Octobris	NOU-C(number=sg)	oktober	
,	PC	,	
1598	NUM(type=card,position=free,representation=dig)	1598	
.	PC	.	

ICk	PD(type=pers,position=free)	ik	
wil	VRB(finiteness=fin,tense=pres)	willen	
wel	ADV(type=reg)	wel	
ghelooven	VRB(finiteness=inf)	geloven	
dat	CONJ(type=sub)	dat	
desen	PD(type=d-p,subtype=oth,position=prenom)	deze	
Ghesant	NOU-C(number=sg)	gezant	
de	PD(type=d-p,subtype=art,position=prenom)	de	
sake	NOU-C(number=sg)	zaak	
wel	ADV(type=reg)	wel	
meynt	VRB(finiteness=fin,tense=pres)	menen	
,	PC	,	
ende	CONJ(type=coor)	en	
gheern	ADV(type=reg)	gaarne	
saghe	VRB(finiteness=fin,tense=past)	zien	
dat	CONJ(type=sub)	dat	
de	PD(type=d-p,subtype=art,position=prenom)	de	
waghen	NOU-C(number=sg)	wagen	
recht	AA(degree=pos,position=free)	recht	
ginghe	VRB(finiteness=fin,tense=past)	gaan	
,	PC	,	
maer	CONJ(type=coor)	maar	
sijnen	PD(type=poss,position=prenom)	zijn	
Heere	NOU-C(number=sg)	heer	
ende	CONJ(type=coor)	en	
Meester	NOU-C(number=sg)	meester	
en	ADV(type=reg)	ne	
ist	VRB(finiteness=fin,tense=pres)+PD(type=pers,position=free)	zijn+het	
gheen	PD(type=indef,subtype=oth,position=prenom)	geen	
ernst	NOU-C(number=sg)	ernst	
.	PC	.	

Want	CONJ(type=coor)	want	
meynt	VRB(finiteness=fin,tense=pres)	menen	
hy	PD(type=pers,position=free)	hij	
't	PD(type=pers,position=free)	het	
,	PC	,	
ende	CONJ(type=coor)	en	
neemt	VRB(finiteness=fin,tense=pres)	nemen	
hy	PD(type=pers,position=free)	hij	
de	PD(type=d-p,subtype=art,position=prenom)	de	
Cleefsche	AA(degree=pos,position=prenom)	Kleefs	
sake	NOU-C(number=sg)	zaak	
ter	ADP(type=pre)+PD(type=d-p,subtype=art,position=prenom)	te+de	
herten	NOU-C(number=sg)	hart	
,	PC	,	
waerom	ADV(type=pron)	waarom	
en	ADV(type=reg)	ne	
handelt	VRB(finiteness=fin,tense=pres)	handelen	
hy	PD(type=pers,position=free)	hij	
niet	ADV(type=reg)	niet	
ernsthaftich	AA(degree=pos,position=free)	ernsthaftig	
met	ADP(type=pre)	met	
sijnen	PD(type=poss,position=prenom)	zijn	
broeder	NOU-C(number=sg)	broeder	
Alberto	NOU-P	Albertus	
?	PC	?	

die	PD(type=d-p,position=free)	die	
bekennen	VRB(finiteness=inf)	bekennen	
moet	VRB(finiteness=fin,tense=pres)	moeten	
dat	CONJ(type=sub)	dat	
hy	PD(type=pers,position=free)	hij	
sijnen	PD(type=poss,position=prenom)	zijn	
Stadthouder	NOU-C(number=sg)	stadhouder	
den	PD(type=d-p,subtype=art,position=prenom)	de	
Admirant	NOU-C(number=sg)	admirant	
last	NOU-C(number=sg)	last	
ende	CONJ(type=coor)	en	
commissie	NOU-C(number=sg)	commissie	
ghegheven	VRB(finiteness=pastpart)	geven	
heeft	VRB(finiteness=fin,tense=pres)	hebben	
om	ADP(type=pre)	om	
de	PD(type=d-p,subtype=art,position=prenom)	de	
Cleefsche	AA(degree=pos,position=prenom)	Kleefs	
Steden	NOU-C(number=pl)	stad	
in	VRB(finiteness=inf)	innemen	mw_179
te	ADP(type=pre)	te	
nemen	VRB(finiteness=inf)	innemen	mw_179
,	PC	,	
die	PD(type=d-p,position=free)	die	
te	ADP(type=pre)	te	
berooven	VRB(finiteness=inf)	beroven	
,	PC	,	
de	PD(type=d-p,subtype=art,position=prenom)	de	
Menschen	NOU-C(number=pl)	mens	
by	ADP(type=pre)	bij	
menichten	NOU-C(number=pl)	menigte	
om	ADP(type=pre)	om	
den	PD(type=d-p,subtype=art,position=prenom)	de	
hals	NOU-C(number=sg)	hals	
te	ADP(type=pre)	te	
brengen	VRB(finiteness=inf)	brengen	
,	PC	,	
etc.	ADV(type=reg,WF=abbr)	et cetera	
of	CONJ(type=sub)	of	
hy	PD(type=pers,position=free)	hij	
moet	VRB(finiteness=fin,tense=pres)	moeten	
seggen	VRB(finiteness=inf)	zeggen	
,	PC	,	
dat	CONJ(type=sub)	dat	
den	PD(type=d-p,subtype=art,position=prenom)	de	
Admirant	NOU-C(number=sg)	admirant	
boven	ADP(type=pre)	boven	
sijn	PD(type=poss,position=prenom)	zijn	
bevel	NOU-C(number=sg)	bevel	
propria	RES(type=for)	propria	
authoritate	RES(type=for)	authoritate	
dit	PD(type=d-p,position=free)	dit	
alles	PD(type=indef,position=free)	alles	
is	VRB(finiteness=fin,tense=pres)	zijn	
doende	VRB(finiteness=prespart)	doen	
.	PC	.	

Heeft	VRB(finiteness=fin,tense=pres)	hebben	
hy	PD(type=pers,position=free)	hij	
dit	PD(type=d-p,position=free)	dit	
sonder	ADP(type=pre)	zonder	
last	NOU-C(number=sg)	last	
ghedaen	VRB(finiteness=pastpart)	doen	
,	PC	,	
soo	ADV(type=reg)	zo	
behoorde	VRB(finiteness=fin,tense=past)	behoren	
hy	PD(type=pers,position=free)	hij	
hem	PD(type=pers,position=free)	hij	
daer	ADV(type=pron)	daarover	mw_169
over	ADV(type=pron)	daarover	mw_169
te	ADP(type=pre)	te	
straffen	VRB(finiteness=inf)	straffen	
,	PC	,	
ende	CONJ(type=coor)	en	
de	PD(type=d-p,subtype=art,position=prenom)	de	
Cleefsche	AA(degree=pos,position=prenom)	Kleefs	
,	PC	,	
midtsgaders	ADP(type=pre)	mitsgaders	
de	PD(type=d-p,subtype=art,position=prenom)	de	
Munstersche	AA(degree=pos,position=prenom)	Mün­sters	
Steden	NOU-C(number=pl)	stad	
wederom	ADV(type=reg)	wederom	
in	ADP(type=pre)	in	
vrijdom	NOU-C(number=sg)	vrijdom	
te	ADP(type=pre)	te	
stellen	VRB(finiteness=inf)	stellen	
,	PC	,	
ende	CONJ(type=coor)	en	
hare	PD(type=poss,position=prenom)	haar	
schade	NOU-C(number=sg)	schade	
te	ADP(type=pre)	te	
vergoeden	VRB(finiteness=inf)	vergoeden	
:	PC	:	
Doch	CONJ(type=coor)	doch	
het	PD(type=pers,position=free)	het	
blijckt	VRB(finiteness=fin,tense=pres)	blijken	
daghelijcx	ADV(type=reg)	dagelijks	
meer	ADV(type=reg)	meer	
ende	CONJ(type=coor)	en	
meer	ADV(type=reg)	meer	
,	PC	,	
dat	CONJ(type=sub)	dat	
het	PD(type=d-p,subtype=art,position=prenom)	het	
Hof	NOU-C(number=sg)	hof	
van	ADP(type=pre)	van	
Spagnen	NOU-P	Spanje	
,	PC	,	
de	PD(type=d-p,subtype=art,position=prenom)	de	
Keyser	NOU-C(number=sg)	keizer	
met	ADP(type=pre)	met	
sijne	PD(type=poss,position=prenom)	zijn	
Broeders	NOU-C(number=pl)	broeder	
,	PC	,	
als	CONJ(type=sub)	als	
oock	ADV(type=reg)	ook	
de	PD(type=d-p,subtype=art,position=prenom)	de	
Paus	NOU-C(number=sg)	paus	
,	PC	,	
de	PD(type=d-p,subtype=art,position=prenom)	de	
sake	NOU-C(number=sg)	zaak	
wel	ADV(type=reg)	wel	
eens	AA(degree=pos,position=free)	eens	
zijn	VRB(finiteness=fin,tense=pres)	zijn	
,	PC	,	
ende	CONJ(type=coor)	en	
dat	CONJ(type=sub)	dat	
het	PD(type=pers,position=free)	het	
maer	ADV(type=reg)	maar	
spiegelvechten	NOU-C(number=sg)	spiegelvechten	
en	ADV(type=reg)	ne	
is	VRB(finiteness=fin,tense=pres)	zijn	
als	CONJ(type=sub)	als	
sy	PD(type=pers,position=free)	zij	
protesteren	VRB(finiteness=fin,tense=pres)	protesteren	
ende	CONJ(type=coor)	en	
sich	PD(type=refl,position=free)	zich	
veynsen	VRB(finiteness=fin,tense=pres)	veinzen	
bedroeft	AA(degree=pos,position=free)	bedroefd	
te	ADP(type=pre)	te	
zijn	VRB(finiteness=inf)	zijn	
over	ADP(type=pre)	over	
den	PD(type=d-p,subtype=art,position=prenom)	de	
onderganck	NOU-C(number=sg)	ondergang	
van	ADP(type=pre)	van	
landen	NOU-C(number=pl)	land	
ende	CONJ(type=coor)	en	
lieden	NOU-C(number=pl)	lieden	
,	PC	,	
insonderheyt	ADV(type=reg)	inzonderheid	
soodaniger	PD(type=d-p,position=free)	zodanig	
by	ADP(type=pre)	bij	
de	PD(type=w-p,position=free)	dewelke	mw_110
welcke	PD(type=w-p,position=free)	dewelke	mw_110
de	PD(type=d-p,subtype=art,position=prenom)	de	
rechte	AA(degree=pos,position=prenom)	recht	
leere	NOU-C(number=sg)	leer	
ende	CONJ(type=coor)	en	
Godsdienst	NOU-C(number=sg)	godsdienst	
plaetse	NOU-C(number=sg)	plaats	
heeft	VRB(finiteness=fin,tense=pres)	hebben	
.	PC	.	

Doch	CONJ(type=coor)	doch	
ick	PD(type=pers,position=free)	ik	
wil	VRB(finiteness=fin,tense=pres)	willen	
den	PD(type=d-p,subtype=art,position=prenom)	het	
Vaderlandt	AA(degree=pos,position=prenom)	vaderlandlievend	mw_199
lievenden	AA(degree=pos,position=prenom)	vaderlandlievend	mw_199
Leser	NOU-C(number=sg)	lezer	
,	PC	,	
ten	ADP(type=pre)+PD(type=d-p,subtype=art,position=prenom)	te+de	
dienste	NOU-C(number=sg)	dienst	
de	PD(type=d-p,subtype=art,position=prenom)	de	
sijne	PD(type=poss,position=prenom)	zijn	
bescheydene	AA(degree=pos,position=prenom)	bescheiden	
antwoorde	NOU-C(number=sg)	antwoord	
des	PD(type=d-p,subtype=art,position=prenom)	de	
Admirants	NOU-C(number=sg)	admirant	
op	ADP(type=pre)	op	
den	PD(type=d-p,subtype=art,position=prenom)	de	
voorschreven	AA(degree=pos,position=prenom)	voorschreven	
Brief	NOU-C(number=sg)	brief	
,	PC	,	
hier	ADV(type=reg)	hier	
oock	ADV(type=reg)	ook	
by	VRB(finiteness=inf)	bijvoegen	mw_237
voeghen	VRB(finiteness=inf)	bijvoegen	mw_237
.	PC	.	

EDele	AA(degree=pos,position=prenom)	edel	
ende	CONJ(type=coor)	en	
Achtbare	AA(degree=pos,position=prenom)	achtbaar	
Heere	NOU-C(number=sg)	heer	
,	PC	,	
wy	PD(type=pers,position=free)	wij	
hebben	VRB(finiteness=fin,tense=pres)	hebben	
den	PD(type=d-p,subtype=art,position=prenom)	de	
sevenden	NUM(type=ord,position=prenom,representation=let)	zevende	
dach	NOU-C(number=sg)	dag	
Novembris	NOU-C(number=sg)	november	
den	PD(type=d-p,subtype=art,position=prenom)	de	
Brief	NOU-C(number=sg)	brief	
van	ADP(type=pre)	van	
V.R.	AA(degree=pos,position=prenom,WF=abbr)+NOU-C(number=sg,WF=abbr)	vorstelijk+raad	
gheschreven	VRB(finiteness=pastpart)	schrijven	
den	PD(type=d-p,subtype=art,position=prenom)	de	
laetsten	AA(degree=sup,position=prenom)	laat	
der	PD(type=d-p,subtype=art,position=prenom)	de	
voorgaender	AA(degree=pos,position=prenom)	voorgaand	
Maendt	NOU-C(number=sg)	maand	
,	PC	,	
ontfanghen	VRB(finiteness=pastpart)	ontvangen	
met	ADP(type=pre)	met	
behoorlijcke	AA(degree=pos,position=prenom)	behoorlijk	
eerbiedinghe	NOU-C(number=sg)	eerbieding	
teghen	ADP(type=pre)	tegen	
de	PD(type=d-p,subtype=art,position=prenom)	de	
heylighe	AA(degree=pos,position=prenom)	heilig	
Keyserlijcke	AA(degree=pos,position=prenom)	keizerlijk	
Majesteyt	NOU-C(number=sg)	majesteit	
,	PC	,	
(	PC	(	
wiens	PD(type=w-p,position=free)	wie	
Ghesant	NOU-C(number=sg)	gezant	
V.R.	AA(degree=pos,position=prenom,WF=abbr)+NOU-C(number=sg,WF=abbr)	vorstelijk+raad	
is	VRB(finiteness=fin,tense=pres)	zijn	
by	ADP(type=pre)	bij	
den	PD(type=d-p,subtype=art,position=prenom)	de	
Doorluchtichsten	AA(degree=sup,position=prenom)	doorluchtig	
Vorst	NOU-C(number=sg)	vorst	
van	ADP(type=pre)	van	
Cleve	NOU-P	Kleef	
)	PC	)	
als	CONJ(type=sub)	als	
oock	ADV(type=reg)	ook	
met	ADP(type=pre)	met	
behoorlijcke	AA(degree=pos,position=prenom)	behoorlijk	
beleeftheyt	NOU-C(number=sg)	beleefdheid	
teghen	ADP(type=pre)	tegen	
V.R.	AA(degree=pos,position=prenom,WF=abbr)+NOU-C(number=sg,WF=abbr)	vorstelijk+raad	
Wy	PD(type=pers,position=free)	wij	
hebben	VRB(finiteness=fin,tense=pres)	hebben	
oock	ADV(type=reg)	ook	
yeder	PD(type=indef,subtype=oth,position=prenom)	ieder	
punct	NOU-C(number=sg)	punt	
des	PD(type=d-p,position=free)	die	
selfden	PD(type=d-p,position=free)	zelfde	
wel	ADV(type=reg)	wel	
verstaen	VRB(finiteness=pastpart)	verstaan	
.	PC	.	

Wy	PD(type=pers,position=free)	wij	
loven	VRB(finiteness=fin,tense=pres)	loven	
ende	CONJ(type=coor)	en	
prijsen	VRB(finiteness=fin,tense=pres)	prijzen	
voor	ADV(type=reg)	vooreerst	mw_130
eerst	ADV(type=reg)	vooreerst	mw_130
V.R.	AA(degree=pos,position=prenom,WF=abbr)+NOU-C(number=sg,WF=abbr)	vorstelijk+raad	
dienst	NOU-C(number=sg)	dienst	
ende	CONJ(type=coor)	en	
sorghvuldicheyt	NOU-C(number=sg)	zorgvuldigheid	
in	ADP(type=pre)	in	
het	PD(type=d-p,subtype=art,position=prenom)	het	
uytvoeren	NOU-C(number=sg)	uitvoeren	
der	PD(type=d-p,subtype=art,position=prenom)	de	
gheboden	NOU-C(number=pl)	gebod	
sijner	PD(type=poss,position=prenom)	zijn	
K.M.	AA(degree=pos,position=prenom,WF=abbr)+NOU-C(number=sg,WF=abbr)	keizerlijk+majesteit	
aengaende	ADP(type=pre)	aangaande	
de	PD(type=d-p,subtype=art,position=prenom)	de	
vermeerderinghe	NOU-C(number=sg)	vermeerdering	
van	ADP(type=pre)	van	
de	PD(type=d-p,subtype=art,position=prenom)	de	
eere	NOU-C(number=sg)	eer	
ende	CONJ(type=coor)	en	
welvaert	NOU-C(number=sg)	welvaart	
des	PD(type=d-p,subtype=art,position=prenom)	de	
Doorluchtighen	AA(degree=pos,position=prenom)	doorluchtig	
Vorstes	NOU-C(number=sg)	vorst	
van	ADP(type=pre)	van	
Cleve	NOU-P	Kleef	
,	PC	,	
ende	CONJ(type=coor)	en	
de	PD(type=d-p,subtype=art,position=prenom)	de	
bescherminghe	NOU-C(number=sg)	bescherming	
ende	CONJ(type=coor)	en	
beschuttinghe	NOU-C(number=sg)	beschutting	
sijner	PD(type=poss,position=prenom)	zijn	
Landtschappen	NOU-C(number=pl)	landschap	
ende	CONJ(type=coor)	en	
Ondersaten	NOU-C(number=pl)	onderzaat	
.	PC	.	

V.	AA(degree=pos,position=prenom,WF=abbr)	vorstelijk	
R.	NOU-C(number=sg,WF=abbr)	raad	
wordt	VRB(finiteness=fin,tense=pres)	worden	
teghenwoordelijck	AA(degree=pos,position=free)	tegenwoordelijk	
ten	ADP(type=pre)+PD(type=d-p,subtype=art,position=prenom)	te+het	
rechten	NOU-C(number=pl)	recht	
verstoort	VRB(finiteness=pastpart)	verstoren	
door	ADP(type=pre)	door	
vele	PD(type=indef,subtype=oth,position=prenom)	veel	
fauten	NOU-C(number=pl)	fout	
ende	CONJ(type=coor)	en	
mishandelinghen	NOU-C(number=pl)	mishandeling	
,	PC	,	
welcke	PD(type=w-p,position=free)	welk	
,	PC	,	
eerst	ADV(type=reg)	eerst	
aenghesien	VRB(finiteness=pastpart)	aanzien	
ende	CONJ(type=coor)	en	
niet	ADV(type=reg)	niet	
genoechsaem	AA(degree=pos,position=free)	genoegzaam	
doorgrondet	VRB(finiteness=pastpart)	doorgronden	
wesende	VRB(finiteness=prespart)	wezen	
,	PC	,	
den	PD(type=d-p,subtype=art,position=prenom)	het	
Leger	NOU-C(number=sg)	leger	
des	PD(type=d-p,subtype=art,position=prenom)	de	
Conincx	NOU-C(number=sg)	koning	
,	PC	,	
ende	CONJ(type=coor)	en	
ons	PD(type=pers,position=free)	wij	
grootelijcx	ADV(type=reg)	grotelijks	
souden	VRB(finiteness=fin,tense=past)	zullen	
beswaren	VRB(finiteness=inf)	bezwaren	
,	PC	,	
ten	CONJ(type=sub)	tenware	mw_27
ware	CONJ(type=sub)	tenware	mw_27
dat	CONJ(type=sub)	dat	
uyt	ADP(type=pre)	uit	
het	PD(type=d-p,subtype=art,position=prenom)	het	
beginsel	NOU-C(number=sg)	beginsel	
ende	CONJ(type=coor)	en	
eersten	NUM(type=ord,position=prenom,representation=let)	eerste	
aenvanck	NOU-C(number=sg)	aanvang	
der	PD(type=d-p,subtype=art,position=prenom)	de	
sake	NOU-C(number=sg)	zaak	
conde	VRB(finiteness=fin,tense=past)	kunnen	
bewesen	VRB(finiteness=pastpart)	bewijzen	
worden	VRB(finiteness=inf)	worden	
,	PC	,	
dat	CONJ(type=sub)	dat	
die	PD(type=d-p,position=free)	die	
de	PD(type=d-p,subtype=art,position=prenom)	de	
schult	NOU-C(number=sg)	schuld	
hebben	VRB(finiteness=fin,tense=pres)	hebben	
,	PC	,	
die	PD(type=d-p,position=free)	die	
ellende	NOU-C(number=sg)	ellende	
ende	CONJ(type=coor)	en	
jammer	NOU-C(number=sg)	jammer	
in	ADP(type=pre)	in	
de	PD(type=d-p,subtype=art,position=prenom)	de	
plaetse	NOU-C(number=sg)	plaats	
van	ADP(type=pre)	van	
hulpe	NOU-C(number=sg)	hulp	
ende	CONJ(type=coor)	en	
raedt	NOU-C(number=sg)	raad	
ghesocht	VRB(finiteness=pastpart)	zoeken	
ende	CONJ(type=coor)	en	
begheert	VRB(finiteness=pastpart)	begeren	
hebben	VRB(finiteness=fin,tense=pres)	hebben	
.	PC	.	

Soo	CONJ(type=sub)	zodat	mw_133
dat	CONJ(type=sub)	zodat	mw_133
dese	PD(type=d-p,subtype=oth,position=prenom)	deze	
swaricheyt	NOU-C(number=sg)	zwarigheid	
,	PC	,	
nae	ADP(type=pre)	na	
gheleghentheyt	NOU-C(number=sg)	gelegenheid	
der	PD(type=d-p,subtype=art,position=prenom)	de	
saken	NOU-C(number=pl)	zaak	
,	PC	,	
des	PD(type=d-p,subtype=art,position=prenom)	de	
tijdts	NOU-C(number=sg)	tijd	
,	PC	,	
der	PD(type=d-p,subtype=art,position=prenom)	de	
plaetsen	NOU-C(number=pl)	plaats	
,	PC	,	
ende	CONJ(type=coor)	en	
der	PD(type=d-p,subtype=art,position=prenom)	de	
nootwendicheyt	NOU-C(number=sg)	noodwendigheid	
,	PC	,	
matelijck	AA(degree=pos,position=free)	matelijk	
moet	VRB(finiteness=fin,tense=pres)	moeten	
aenghenomen	VRB(finiteness=pastpart)	aannemen	
worden	VRB(finiteness=inf)	worden	
.	PC	.	

Het	PD(type=pers,position=free)	het	
ware	VRB(finiteness=fin,tense=past)	zijn	
wel	ADV(type=reg)	wel	
te	ADP(type=pre)	te	
wenschen	VRB(finiteness=inf)	wensen	
,	PC	,	
dat	CONJ(type=sub)	dat	
V.R.	AA(degree=pos,position=prenom,WF=abbr)+NOU-C(number=sg,WF=abbr)	vorstelijk+raad	
wel	ADV(type=reg)	wel	
gheinformeert	VRB(finiteness=pastpart)	informeren	
ware	VRB(finiteness=fin,tense=past)	zijn	
van	ADP(type=pre)	van	
den	PD(type=d-p,subtype=art,position=prenom)	de	
stant	NOU-C(number=sg)	stand	
deser	PD(type=d-p,subtype=oth,position=prenom)	deze	
saken	NOU-C(number=pl)	zaak	
,	PC	,	
ende	CONJ(type=coor)	en	
van	ADP(type=pre)	van	
de	PD(type=d-p,subtype=art,position=prenom)	de	
gherechticheyt	NOU-C(number=sg)	gerechtigheid	
die	PD(type=d-p,position=free)	die	
de	PD(type=d-p,subtype=art,position=prenom)	de	
Conincklijcke	AA(degree=pos,position=prenom)	koninklijk	
Majesteyt	NOU-C(number=sg)	majesteit	
tot	ADP(type=pre)	tot	
dese	PD(type=d-p,subtype=oth,position=prenom)	deze	
Oorloghe	NOU-C(number=sg)	oorlog	
heeft	VRB(finiteness=fin,tense=pres)	hebben	
,	PC	,	
ende	CONJ(type=coor)	en	
van	ADP(type=pre)	van	
de	PD(type=d-p,subtype=art,position=prenom)	de	
sachtmoedicheyt	NOU-C(number=sg)	zachtmoedigheid	
die	PD(type=d-p,position=free)	die	
daer	ADV(type=pron)	daarin	mw_256
in	ADV(type=pron)	daarin	mw_256
ghebruyckt	VRB(finiteness=pastpart)	gebruiken	
wort	VRB(finiteness=fin,tense=pres)	worden	
:	PC	:	
als	CONJ(type=sub)	als	
oock	ADV(type=reg)	ook	
van	ADP(type=pre)	van	
de	PD(type=d-p,subtype=art,position=prenom)	de	
goede	AA(degree=pos,position=prenom)	goed	
gheneghentheyt	NOU-C(number=sg)	genegenheid	
ende	CONJ(type=coor)	en	
diensten	NOU-C(number=pl)	dienst	
der	PD(type=d-p,subtype=art,position=prenom)	de	
K.M.	AA(degree=pos,position=prenom,WF=abbr)+NOU-C(number=sg,WF=abbr)	keizerlijk+majesteit	
ende	CONJ(type=coor)	en	
der	PD(type=d-p,subtype=art,position=prenom)	de	
Standen	NOU-C(number=pl)	stand	
des	PD(type=d-p,subtype=art,position=prenom)	het	
Rijcx	NOU-C(number=sg)	rijk	
:	PC	:	
midtsgaders	ADV(type=reg)	mitsgaders	
van	ADP(type=pre)	van	
der	PD(type=d-p,position=free)	die	
selfder	PD(type=d-p,subtype=oth,position=prenom)	zelfde	
Ghesanten	NOU-C(number=pl)	gezant	
oordeel	NOU-C(number=sg)	oordeel	
,	PC	,	
belanghende	ADP(type=pre)	belangende	
de	PD(type=d-p,subtype=art,position=prenom)	de	
wrevelmoedicheyt	NOU-C(number=sg)	wrevelmoedigheid	
ende	CONJ(type=coor)	en	
wreetheyt	NOU-C(number=sg)	wreedheid	
der	PD(type=d-p,subtype=art,position=prenom)	de	
wederspannighen	NOU-C(number=pl)	wederspannige	
:	PC	:	
Item	ADV(type=reg)	item	
van	ADP(type=pre)	van	
de	PD(type=d-p,subtype=art,position=prenom)	de	
nootwendicheyt	NOU-C(number=sg)	noodwendigheid	
deses	PD(type=d-p,subtype=oth,position=prenom)	deze	
tochts	NOU-C(number=sg)	tocht	
ende	CONJ(type=coor)	en	
der	PD(type=d-p,subtype=art,position=prenom)	de	
dinghen	NOU-C(number=pl)	ding	
die	PD(type=d-p,position=free)	die	
daer	ADV(type=pron)	daartussen	mw_88
tusschen	ADV(type=pron)	daartussen	mw_88
ghecomen	VRB(finiteness=pastpart)	komen	
zijn	VRB(finiteness=fin,tense=pres)	zijn	
,	PC	,	
als	CONJ(type=sub)	als	
van	ADP(type=pre)	van	
nootwendich	AA(degree=pos,position=prenom)	noodwendig	
onderhoudt	NOU-C(number=sg)	onderhoud	
,	PC	,	
de	PD(type=d-p,subtype=art,position=prenom)	de	
ghelegentheyt	NOU-C(number=sg)	gelegenheid	
der	PD(type=d-p,subtype=art,position=prenom)	de	
plaetsen	NOU-C(number=pl)	plaats	
des	PD(type=d-p,subtype=art,position=prenom)	de	
Doorluchtichsten	AA(degree=sup,position=prenom)	doorluchtig	
Vorsts	NOU-C(number=sg)	vorst	
van	ADP(type=pre)	van	
Gulick	NOU-P	Gulik	
,	PC	,	
de	PD(type=d-p,subtype=art,position=prenom)	de	
nootwendicheyt	NOU-C(number=sg)	noodwendigheid	
int	ADP(type=pre)+PD(type=d-p,subtype=art,position=prenom)	in+het	
veranderen	NOU-C(number=sg)	veranderen	
der	PD(type=d-p,subtype=art,position=prenom)	de	
Raedtslaghen	NOU-C(number=pl)	raadslag	
nae	ADP(type=pre)	na	
ghelegentheyt	NOU-C(number=sg)	gelegenheid	
der	PD(type=d-p,subtype=art,position=prenom)	de	
Oorloghe	NOU-C(number=sg)	oorlog	
:	PC	:	
Item	ADV(type=reg)	item	
van	ADP(type=pre)	van	
de	PD(type=d-p,subtype=art,position=prenom)	de	
weldaden	NOU-C(number=pl)	weldaad	
der	PD(type=d-p,subtype=art,position=prenom)	de	
C.M.	AA(degree=pos,position=prenom,WF=abbr)+NOU-C(number=sg)	koninklijk+majesteit	
ende	CONJ(type=coor)	en	
van	ADP(type=pre)	van	
de	PD(type=d-p,subtype=art,position=prenom)	de	
oprechte	AA(degree=pos,position=prenom)	oprecht	
gheneghentheyt	NOU-C(number=sg)	genegenheid	
der	PD(type=d-p,position=free)	die	
selfder	PD(type=d-p,position=free)	zelfde	
,	PC	,	
als	CONJ(type=sub)	als	
oock	ADV(type=reg)	ook	
van	ADP(type=pre)	van	
des	PD(type=d-p,subtype=art,position=prenom)	de	
alder-Doorluchtichsten	AA(degree=sup,position=prenom)	allerdoorluchtigst	
Arts-Hertoghen	NOU-C(number=sg)	aartshertog	
Alberti	NOU-P	Albertus	
teghen	ADP(type=pre)	tegen	
de	PD(type=d-p,subtype=art,position=prenom)	de	
D.	AA(degree=pos,position=prenom,WF=abbr)	doorluchtig	
Vorst	NOU-C(number=sg)	vorst	
van	ADP(type=pre)	van	
Gulick	NOU-P	Gulik	
ende	CONJ(type=coor)	en	
het	PD(type=d-p,subtype=art,position=prenom)	het	
gantsche	AA(degree=pos,position=prenom)	gans	
Rijck	NOU-C(number=sg)	rijk	
.	PC	.	

Van	ADP(type=pre)	van	
welcke	PD(type=w-p,position=prenom)	welk	
dinghen	NOU-C(number=pl)	ding	
al	ADV(type=reg)	altezamen	mw_114
t'samen	ADV(type=reg)	altezamen	mw_114
ende	CONJ(type=coor)	en	
noch	ADV(type=reg)	nog	
meer	PD(type=indef,subtype=oth,position=prenom)	meer	
andere	PD(type=indef,position=free)	ander	
,	PC	,	
indien	CONJ(type=sub)	indien	
V.R.	AA(degree=pos,position=prenom,WF=abbr)+NOU-C(number=sg,WF=abbr)	vorstelijk+raad	
volcomelijck	AA(degree=pos,position=free)	volkomenlijk	
berichtet	VRB(finiteness=pastpart)	berichten	
ware	VRB(finiteness=fin,tense=past)	zijn	
(	PC	(	
d'welck	PD(type=w-p,position=free)	hetwelk	
wy	PD(type=pers,position=free)	wij	
hopen	VRB(finiteness=fin,tense=pres)	hopen	
dat	CONJ(type=sub)	dat	
haest	ADV(type=reg)	haast	
gheschieden	VRB(finiteness=inf)	geschieden	
sal	VRB(finiteness=fin,tense=pres)	zullen	
)	PC	)	
soo	ADV(type=reg)	zo	
en	ADV(type=reg)	ne	
twijffelen	VRB(finiteness=fin,tense=pres)	twijfelen	
wy	PD(type=pers,position=free)	wij	
in	ADP(type=pre)	in	
het	PD(type=d-p,subtype=art,position=prenom)	het	
minste	NOU-C(number=sg)	minste	
niet	ADV(type=reg)	niet	
,	PC	,	
of	CONJ(type=sub)	of	
V.R.	AA(degree=pos,position=prenom,WF=abbr)+NOU-C(number=sg,WF=abbr)	vorstelijk+raad	
en	ADV(type=reg)	ne	
soude	VRB(finiteness=fin,tense=past)	zullen	
even	ADV(type=reg)	even	
soo	ADV(type=reg)	zo	
vrymoedelijck	ADV(type=reg)	vrijmoedelijk	
ende	CONJ(type=coor)	en	
rijpelijck	AA(degree=pos,position=free)	rijpelijk	
als	CONJ(type=sub)	als	
andere	PD(type=indef,position=free)	ander	
,	PC	,	
die	PD(type=d-p,position=free)	die	
volcomen	AA(degree=pos,position=prenom)	volkomen	
bescheyt	NOU-C(number=sg)	bescheid	
daer	ADV(type=pron)	daarvan	mw_257
van	ADV(type=pron)	daarvan	mw_257
weten	VRB(finiteness=fin,tense=pres)	weten	
,	PC	,	
alle	PD(type=indef,position=free)	al	
de	PD(type=d-p,subtype=art,position=prenom)	de	
schult	NOU-C(number=sg)	schuld	
deses	PD(type=d-p,subtype=oth,position=prenom)	deze	
onghemacks	NOU-C(number=sg)	ongemak	
op	ADP(type=pre)	op	
de	PD(type=d-p,subtype=art,position=prenom)	de	
Autheuren	NOU-C(number=pl)	auteur	
des	PD(type=d-p,position=free)	die	
selfden	PD(type=d-p,position=free)	zelfde	
legghen	VRB(finiteness=inf)	leggen	
,	PC	,	
de	PD(type=d-p,subtype=art,position=prenom)	de	
C.M.	AA(degree=pos,position=prenom,WF=abbr)+NOU-C(number=sg)	koninklijk+majesteit	
geheelijck	ADV(type=reg)	geheellijk	
voor	ADP(type=pre)	voor	
onschuldich	AA(degree=pos,position=free)	onschuldig	
houden	VRB(finiteness=inf)	houden	
,	PC	,	
jae	ADV(type=reg)	ja	
medelijden	NOU-C(number=sg)	medelijden	
met	ADP(type=pre)	met	
de	PD(type=d-p,position=free)	dezelfde	mw_95
selfde	PD(type=d-p,position=free)	dezelfde	mw_95
crijghen	VRB(finiteness=inf)	krijgen	
,	PC	,	
dewijle	CONJ(type=sub)	dewijl	
sy	PD(type=pers,position=free)	zij	
voor	ADP(type=pre)	voor	
groote	AA(degree=pos,position=prenom)	groot	
weldaden	NOU-C(number=pl)	weldaad	
onbehoorlijck	AA(degree=pos,position=free)	onbehoorlijk	
ende	CONJ(type=coor)	en	
sonder	ADP(type=pre)	zonder	
reden	NOU-C(number=sg)	reden	
dus	ADV(type=reg)	dus	
valschelijck	ADV(type=reg)	valselijk	
beloghen	VRB(finiteness=pastpart)	beliegen	
ende	CONJ(type=coor)	en	
ghelastert	VRB(finiteness=pastpart)	lasteren	
wordt	VRB(finiteness=fin,tense=pres)	worden	
:	PC	:	
V.R.	AA(degree=pos,position=prenom,WF=abbr)+NOU-C(number=sg,WF=abbr)	vorstelijk+raad	
soude	VRB(finiteness=fin,tense=past)	zullen	
oock	ADV(type=reg)	ook	
onse	PD(type=poss,position=prenom)	ons	
daden	NOU-C(number=pl)	daad	
,	PC	,	
ghenegentheyt	NOU-C(number=sg)	genegenheid	
,	PC	,	
ende	CONJ(type=coor)	en	
sorghvuldicheyt	NOU-C(number=sg)	zorgvuldigheid	
in	ADP(type=pre)	in	
het	PD(type=d-p,subtype=art,position=prenom)	het	
bevoorderen	NOU-C(number=sg)	bevorderen	
der	PD(type=d-p,subtype=art,position=prenom)	de	
disciplijne	NOU-C(number=sg)	discipline	
,	PC	,	
ende	CONJ(type=coor)	en	
lijdtsaemheyt	NOU-C(number=sg)	lijdzaamheid	
in	ADP(type=pre)	in	
het	PD(type=d-p,subtype=art,position=prenom)	het	
dulden	NOU-C(number=sg)	dulden	
des	PD(type=d-p,subtype=art,position=prenom)	het	
onghemacks	NOU-C(number=sg)	ongemak	
dwelck	PD(type=w-p,position=free)	hetwelk	
wy	PD(type=pers,position=free)	wij	
te	ADP(type=pre)	te	
draghen	VRB(finiteness=inf)	dragen	
hebben	VRB(finiteness=fin,tense=pres)	hebben	
,	PC	,	
ten	ADP(type=pre)+PD(type=d-p,subtype=art,position=prenom)	te+het	
aensiene	NOU-C(number=sg)	aanzien	
van	ADP(type=pre)	van	
de	PD(type=d-p,subtype=art,position=prenom)	de	
grootheyt	NOU-C(number=sg)	grootheid	
des	PD(type=d-p,subtype=art,position=prenom)	de	
Leghers	NOU-C(number=sg)	leger	
,	PC	,	
ende	CONJ(type=coor)	en	
t'verschil	PD(type=d-p,subtype=art,position=prenom)+NOU-C(number=sg)	het+verschil	
der	PD(type=d-p,subtype=art,position=prenom)	de	
gagien	NOU-C(number=pl)	gage	
,	PC	,	
ten	ADP(type=pre)+PD(type=d-p,subtype=art,position=prenom)	te+het	
besten	NOU-C(number=sg)	best	
duyden	VRB(finiteness=inf)	duiden	
,	PC	,	
ende	CONJ(type=coor)	en	
oock	ADV(type=reg)	ook	
meesten	ADV(type=reg)	meestendeels	mw_192
deels	ADV(type=reg)	meestendeels	mw_192
verdedighen	VRB(finiteness=inf)	verdedigen	
by	ADP(type=pre)	bij	
den	PD(type=d-p,subtype=art,position=prenom)	de	
D.	AA(degree=pos,position=prenom,WF=abbr)	doorluchtig	
Vorst	NOU-C(number=sg)	vorst	
ende	CONJ(type=coor)	en	
sijne	PD(type=poss,position=prenom)	zijn	
Ondersaten	NOU-C(number=pl)	onderzaat	
:	PC	:	
Oock	ADV(type=reg)	ook	
soude	VRB(finiteness=fin,tense=past)	zullen	
V.R.	AA(degree=pos,position=prenom,WF=abbr)+NOU-C(number=sg,WF=abbr)	vorstelijk+raad	
den	PD(type=d-p,subtype=art,position=prenom)	de	
dienst	NOU-C(number=sg)	dienst	
bewesen	VRB(finiteness=pastpart)	bewijzen	
aen	ADP(type=pre)	aan	
den	PD(type=d-p,subtype=art,position=prenom)	de	
D.	AA(degree=pos,position=prenom,WF=abbr)	doorluchtig	
Hertoghe	NOU-C(number=sg)	hertog	
van	ADP(type=pre)	van	
Lotteringhe	NOU-P	Lotharingen	
ende	CONJ(type=coor)	en	
andere	PD(type=indef,subtype=oth,position=prenom)	ander	
Princen	NOU-C(number=pl)	prins	
connen	VRB(finiteness=inf)	kunnen	
verdobbelen	VRB(finiteness=inf)	verdubbelen	
,	PC	,	
ende	CONJ(type=coor)	en	
daghelijcx	ADV(type=reg)	dagelijks	
met	ADP(type=pre)	met	
allen	PD(type=indef,subtype=oth,position=prenom)	al	
vlijt	NOU-C(number=sg)	vlijt	
ende	CONJ(type=coor)	en	
neersticheyt	NOU-C(number=sg)	naarstigheid	
verhinderen	VRB(finiteness=fin,tense=pres)	verhinderen	
de	PD(type=d-p,subtype=art,position=prenom)	de	
vreese	NOU-C(number=sg)	vrees	
des	PD(type=d-p,subtype=art,position=prenom)	het	
onghemacks	NOU-C(number=sg)	ongemak	
van	ADP(type=pre)	van	
des	PD(type=d-p,subtype=art,position=prenom)	de	
Conincks	NOU-C(number=sg)	koning	
van	ADP(type=pre)	van	
Vranckrijcx	NOU-P	Frankrijk	
zijde	NOU-C(number=sg)	zijde	
,	PC	,	
die	PD(type=d-p,position=free)	die	
het	PD(type=d-p,subtype=art,position=prenom)	het	
Rijcke	NOU-C(number=sg)	rijk	
te	ADP(type=pre)	te	
vreesen	VRB(finiteness=inf)	vrezen	
staet	VRB(finiteness=fin,tense=pres)	staan	
,	PC	,	
ende	CONJ(type=coor)	en	
den	PD(type=d-p,subtype=art,position=prenom)	de	
Vorst	NOU-C(number=sg)	vorst	
van	ADP(type=pre)	van	
Cleve	NOU-P	Kleef	
niet	ADV(type=reg)	niet	
voorderlijck	AA(degree=pos,position=free)	vorderlijk	
zijn	VRB(finiteness=inf)	zijn	
en	ADV(type=reg)	ne	
soude	VRB(finiteness=fin,tense=past)	zullen	
:	PC	:	
V.R.	AA(degree=pos,position=prenom,WF=abbr)+NOU-C(number=sg,WF=abbr)	vorstelijk+raad	
soude	VRB(finiteness=fin,tense=past)	zullen	
oock	ADV(type=reg)	ook	
de	PD(type=d-p,subtype=art,position=prenom)	de	
K.M.	AA(degree=pos,position=prenom,WF=abbr)+NOU-C(number=sg,WF=abbr)	keizerlijk+majesteit	
ende	CONJ(type=coor)	en	
de	PD(type=d-p,subtype=art,position=prenom)	de	
Standen	NOU-C(number=pl)	stand	
des	PD(type=d-p,subtype=art,position=prenom)	het	
Rijcks	NOU-C(number=sg)	rijk	
aenporren	VRB(finiteness=inf)	aanporren	
tot	ADP(type=pre)	tot	
mede-aenvaerdinghe	NOU-C(number=sg)	medeaanvaarding	
der	PD(type=d-p,subtype=art,position=prenom)	de	
Oorloghe	NOU-C(number=sg)	oorlog	
,	PC	,	
teghen	ADP(type=pre)	tegen	
t'ghemeyn	PD(type=d-p,subtype=art,position=prenom)+AA(degree=pos,position=prenom)	het+gemeen	
perijckel	NOU-C(number=sg)	perikel	
van	ADP(type=pre)	van	
t'Christenrijck	PD(type=d-p,subtype=art,position=prenom)+NOU-C(number=sg)	het+christenrijk	
,	PC	,	
namelijck	AA(degree=pos,position=free)	namelijk	
,	PC	,	
teghen	ADP(type=pre)	tegen	
de	PD(type=d-p,position=free)	degene	mw_247
ghene	PD(type=d-p,position=free)	degene	mw_247
die	PD(type=d-p,position=free)	die	
oorsake	NOU-C(number=sg)	oorzaak	
zijn	VRB(finiteness=fin,tense=pres)	zijn	
van	ADP(type=pre)	van	
dit	PD(type=d-p,subtype=oth,position=prenom)	dit	
groot	AA(degree=pos,position=prenom)	groot	
quaet	NOU-C(number=sg)	kwaad	
.	PC	.	

Doch	CONJ(type=coor)	doch	
dit	PD(type=d-p,position=free)	dit	
al	ADV(type=reg)	altezamen	mw_115
t'samen	ADV(type=reg)	altezamen	mw_115
wort	VRB(finiteness=fin,tense=pres)	worden	
wijdtlustigher	AA(degree=comp,position=free)	wijdlustig	
door	ADP(type=pre)	door	
de	PD(type=d-p,subtype=art,position=prenom)	de	
daedt	NOU-C(number=sg)	daad	
ende	CONJ(type=coor)	en	
ervarentheyt	NOU-C(number=sg)	ervarenheid	
der	PD(type=d-p,subtype=art,position=prenom)	de	
sake	NOU-C(number=sg)	zaak	
,	PC	,	
als	CONJ(type=sub)	als	
ooc	ADV(type=reg)	ook	
der	PD(type=d-p,subtype=art,position=prenom)	de	
C.M.	AA(degree=pos,position=prenom,WF=abbr)+NOU-C(number=sg)	koninklijk+majesteit	
des	PD(type=d-p,subtype=art,position=prenom)	de	
Doorluchtichsten	AA(degree=sup,position=prenom)	doorluchtig	
Aerts	NOU-C(number=sg)	aartshertog	mw_107
Hertoghs	NOU-C(number=sg)	aartshertog	mw_107
Alberti	NOU-P	Albertus	
,	PC	,	
ende	CONJ(type=coor)	en	
onse	PD(type=poss,position=prenom)	ons	
sorghvuldicheyt	NOU-C(number=sg)	zorgvuldigheid	
,	PC	,	
als	CONJ(type=sub)	als	
oock	ADV(type=reg)	ook	
der	PD(type=d-p,subtype=art,position=prenom)	de	
Standen	NOU-C(number=pl)	stand	
des	PD(type=d-p,subtype=art,position=prenom)	het	
Rijcx	NOU-C(number=sg)	rijk	
ende	CONJ(type=coor)	en	
andere	PD(type=indef,subtype=oth,position=prenom)	ander	
Vorsten	NOU-C(number=pl)	vorst	
aen	ADP(type=pre)	aan	
den	PD(type=d-p,subtype=art,position=prenom)	de	
dach	NOU-C(number=sg)	dag	
ghebracht	VRB(finiteness=pastpart)	brengen	
.	PC	.	

Wy	PD(type=pers,position=free)	wij	
meynen	VRB(finiteness=fin,tense=pres)	menen	
nae	ADP(type=pre)	na	
gheleghenheyt	NOU-C(number=sg)	gelegenheid	
des	PD(type=d-p,subtype=art,position=prenom)	de	
tijdts	NOU-C(number=sg)	tijd	
den	PD(type=d-p,subtype=art,position=prenom)	de	
D.	AA(degree=pos,position=prenom,WF=abbr)	doorluchtig	
Vorst	NOU-C(number=sg)	vorst	
van	ADP(type=pre)	van	
Cleve	NOU-P	Kleef	
,	PC	,	
Gulic	NOU-P	Gulik	
,	PC	,	
etc.	ADV(type=reg,WF=abbr)	et cetera	
volcomelijck	AA(degree=pos,position=free)	volkomenlijk	
ende	CONJ(type=coor)	en	
genoechsaem	AA(degree=pos,position=free)	genoegzaam	
voldaen	VRB(finiteness=pastpart)	voldoen	
te	ADP(type=pre)	te	
hebben	VRB(finiteness=inf)	hebben	
door	ADP(type=pre)	door	
onse	PD(type=poss,position=prenom)	ons	
laetste	AA(degree=sup,position=prenom)	laat	
brieven	NOU-C(number=pl)	brief	
,	PC	,	
welcke	PD(type=w-p,position=free)	welk	
wy	PD(type=pers,position=free)	wij	
V.R.	AA(degree=pos,position=prenom,WF=abbr)+NOU-C(number=sg,WF=abbr)	vorstelijk+raad	
medeghedeylt	VRB(finiteness=pastpart)	mededelen	
hebben	VRB(finiteness=fin,tense=pres)	hebben	
,	PC	,	
ende	CONJ(type=coor)	en	
achten	VRB(finiteness=fin,tense=pres)	achten	
datse	CONJ(type=sub)+PD(type=pers,position=free)	dat+zij	
van	ADP(type=pre)	van	
de	PD(type=d-p,position=free)	dezelfde	mw_96
selfde	PD(type=d-p,position=free)	dezelfde	mw_96
behooren	VRB(finiteness=fin,tense=pres)	behoren	
goet	AA(degree=pos,position=free)	goed	
ghevonden	VRB(finiteness=pastpart)	vinden	
te	ADP(type=pre)	te	
wesen	VRB(finiteness=inf)	wezen	
.	PC	.	

Wat	PD(type=w-p,position=free)	wat	
de	PD(type=d-p,subtype=art,position=prenom)	de	
reste	NOU-C(number=sg)	rest	
aengaet	VRB(finiteness=fin,tense=pres)	aangaan	
,	PC	,	
wy	PD(type=pers,position=free)	wij	
bidden	VRB(finiteness=fin,tense=pres)	bidden	
seer	AA(degree=pos,position=free)	zeer	
vruntlijck	AA(degree=pos,position=free)	vriendelijk	
dat	CONJ(type=sub)	dat	
V.R.	AA(degree=pos,position=prenom,WF=abbr)+NOU-C(number=sg,WF=abbr)	vorstelijk+raad	
door	ADP(type=pre)	door	
de	PD(type=d-p,subtype=art,position=prenom)	de	
liefde	NOU-C(number=sg)	liefde	
ende	CONJ(type=coor)	en	
gunste	NOU-C(number=sg)	gunst	
welcke	PD(type=w-p,position=free)	welk	
sy	PD(type=pers,position=free)	zij	
toedragende	VRB(finiteness=prespart)	toedragen	
is	VRB(finiteness=fin,tense=pres)	zijn	
de	PD(type=d-p,subtype=art,position=prenom)	de	
K.M.	AA(degree=pos,position=prenom,WF=abbr)+NOU-C(number=sg,WF=abbr)	keizerlijk+majesteit	
Con	AA(degree=pos,position=prenom,WF=abbr)	koninklijk	
.	PC	.	

M.	NOU-C(number=sg,WF=abbr)	majesteit	
den	PD(type=d-p,subtype=art,position=prenom)	de	
D.	AA(degree=pos,position=prenom,WF=abbr)	doorluchtig	
Aerts-Hertoghe	NOU-C(number=sg)	aartshertog	
Alberto	NOU-P	Albertus	
,	PC	,	
den	PD(type=d-p,subtype=art,position=prenom)	de	
D.	AA(degree=pos,position=prenom,WF=abbr)	doorluchtig	
Vorst	NOU-C(number=sg)	vorst	
van	ADP(type=pre)	van	
Gulick	NOU-P	Gulik	
(	PC	(	
die	PD(type=d-p,position=free)	die	
door	ADP(type=pre)	door	
Swagherschap	NOU-C(number=sg)	zwagerschap	
aen	ADP(type=pre)	aan	
malcanderen	PD(type=recip,position=free)	malkander	
verbonden	VRB(finiteness=pastpart)	verbinden	
zijn	VRB(finiteness=fin,tense=pres)	zijn	
)	PC	)	
als	CONJ(type=sub)	als	
oock	ADV(type=reg)	ook	
door	ADP(type=pre)	door	
de	PD(type=d-p,subtype=art,position=prenom)	de	
liefde	NOU-C(number=sg)	liefde	
die	PD(type=d-p,position=free)	die	
V.R.	AA(degree=pos,position=prenom,WF=abbr)+NOU-C(number=sg,WF=abbr)	vorstelijk+raad	
is	VRB(finiteness=fin,tense=pres)	zijn	
toedraghende	VRB(finiteness=prespart)	toedragen	
de	PD(type=d-p,subtype=art,position=prenom)	de	
behoudenisse	NOU-C(number=sg)	behoudenis	
der	PD(type=d-p,subtype=art,position=prenom)	de	
Catholijcker	AA(degree=pos,position=prenom)	katholiek	
Religie	NOU-C(number=sg)	religie	
,	PC	,	
jae	ADV(type=reg)	ja	
der	PD(type=d-p,subtype=art,position=prenom)	de	
gantscher	AA(degree=pos,position=prenom)	gans	
Christenheyt	NOU-C(number=sg)	christenheid	
,	PC	,	
sich	PD(type=refl,position=free)	zich	
weerdige	VRB(finiteness=fin,tense=pres)	waardigen	
in	ADP(type=pre)	in	
sulcker	PD(type=d-p,subtype=oth,position=prenom)	zulk	
gheneghentheyt	NOU-C(number=sg)	genegenheid	
ende	CONJ(type=coor)	en	
redelijckheyt	NOU-C(number=sg)	redelijkheid	
als	CONJ(type=sub)	als	
sy	PD(type=pers,position=free)	zij	
alreedts	ADV(type=reg)	alreeds	
begonnen	VRB(finiteness=pastpart)	beginnen	
heeft	VRB(finiteness=fin,tense=pres)	hebben	
,	PC	,	
volstandich	AA(degree=pos,position=free)	volstandig	
te	ADP(type=pre)	te	
blijven	VRB(finiteness=inf)	blijven	
,	PC	,	
de	PD(type=d-p,subtype=art,position=prenom)	de	
ghemeyne	AA(degree=pos,position=prenom)	gemeen	
sake	NOU-C(number=sg)	zaak	
ende	CONJ(type=coor)	en	
oock	ADV(type=reg)	ook	
ons	PD(type=pers,position=free)	wij	
behulpich	AA(degree=pos,position=free)	behulpig	
zijnde	VRB(finiteness=prespart)	zijn	
met	ADP(type=pre)	met	
raedt	NOU-C(number=sg)	raad	
ende	CONJ(type=coor)	en	
daedt	NOU-C(number=sg)	daad	
,	PC	,	
ende	CONJ(type=coor)	en	
de	PD(type=d-p,subtype=art,position=prenom)	de	
saken	NOU-C(number=pl)	zaak	
by	ADP(type=pre)	bij	
den	PD(type=d-p,subtype=art,position=prenom)	de	
D.	AA(degree=pos,position=prenom,WF=abbr)	doorluchtig	
Vorst	NOU-C(number=sg)	vorst	
ende	CONJ(type=coor)	en	
sijne	PD(type=poss,position=prenom)	zijn	
Raeden	NOU-C(number=pl)	raad	
nae	ADP(type=pre)	na	
uwe	PD(type=poss,position=prenom)	uw	
wijsheyt	NOU-C(number=sg)	wijsheid	
bequamelijck	AA(degree=pos,position=free)	bekwamelijk	
stuerende	VRB(finiteness=prespart)	sturen	
.	PC	.	

Wy	PD(type=pers,position=free)	wij	
bidden	VRB(finiteness=fin,tense=pres)	bidden	
Godt	NOU-P	God	
,	PC	,	
dat	CONJ(type=sub)	dat	
hy	PD(type=pers,position=free)	hij	
V.	AA(degree=pos,position=prenom,WF=abbr)	vorstelijk	
R.	NOU-C(number=sg,WF=abbr)	raad	
wille	VRB(finiteness=fin,tense=pres)	willen	
verleenen	VRB(finiteness=inf)	verlenen	
ghesontheyt	NOU-C(number=sg)	gezondheid	
,	PC	,	
volstandicheyt	NOU-C(number=sg)	volstandigheid	
,	PC	,	
ghenade	NOU-C(number=sg)	genade	
,	PC	,	
ende	CONJ(type=coor)	en	
sterckte	NOU-C(number=sg)	sterkte	
om	ADP(type=pre)	om	
sulck	PD(type=d-p,position=free)	zulk	
een	PD(type=indef,subtype=art,position=prenom)	een	
heylich	AA(degree=pos,position=prenom)	heilig	
werck	NOU-C(number=sg)	werk	
te	ADP(type=pre)	te	
volvoeren	VRB(finiteness=inf)	volvoeren	
.	PC	.	

Wt	ADP(type=pre)	uit	
het	PD(type=d-p,subtype=art,position=prenom)	het	
Legher	NOU-C(number=sg)	leger	
voor	ADP(type=pre)	voor	
Deutecum	NOU-P	Deutekom	
,	PC	,	
desen	PD(type=d-p,subtype=oth,position=prenom)	deze	
12	NUM(type=ord,position=prenom,representation=dig)	twaalfde	
.	PC	.	

Novemb.	NOU-C(number=sg,WF=abbr)	november	

1598	NUM(type=card,position=free,representation=dig)	1598	
.	PC	.	

Don	NOU-C(number=sg)	don	
Franciscus	NOU-P	Francisco	
de	NOU-P	De Mendoza	mw_194
Mendosa	NOU-P	De Mendoza	mw_194
,	PC	,	
grooten	AA(degree=pos,position=prenom)	groot	
Admirant	NOU-C(number=sg)	admirant	
des	PD(type=d-p,subtype=art,position=prenom)	het	
Coninckrijcx	NOU-C(number=sg)	koninkrijk	
van	ADP(type=pre)	van	
Arragon	NOU-P	Aragón	
,	PC	,	
Marquis	NOU-C(number=sg)	markies	
van	ADP(type=pre)	van	
Quadereste	NOU-P	Guadalest	
,	PC	,	
de	PD(type=d-p,subtype=art,position=prenom)	de	
Valdepenas	NOU-P	Valdepeñas	
,	PC	,	
van	ADP(type=pre)	van	
de	PD(type=d-p,subtype=art,position=prenom)	de	
statighe	AA(degree=pos,position=prenom)	statig	
Orden	NOU-C(number=sg)	orde	
Calatravensis	AA(degree=pos,position=postnom)	Calatravensis	
,	PC	,	
Hofmeyster	NOU-C(number=sg)	hofmeester	
des	PD(type=d-p,subtype=art,position=prenom)	de	
Catholijcken	AA(degree=pos,position=prenom)	katholiek	
Conincx	NOU-C(number=sg)	koning	
,	PC	,	
als	CONJ(type=sub)	als	
ooc	ADV(type=reg)	ook	
Raedtsheere	NOU-C(number=sg)	raadsheer	
in	ADP(type=pre)	in	
Standes	NOU-C(number=pl,WF=trunc)+NOU-C(number=pl)	standszaak+oorlogszaak	mw_91
ende	CONJ(type=coor)	en	
Oorloghs	NOU-C(number=pl,WF=trunc)+NOU-C(number=pl)	standszaak+oorlogszaak	mw_91
saken	NOU-C(number=pl,WF=trunc)+NOU-C(number=pl)	standszaak+oorlogszaak	mw_91
,	PC	,	
ende	CONJ(type=coor)	en	
overste	AA(degree=sup,position=prenom)	overst	
Hofmeyster	NOU-C(number=sg)	hofmeester	
in	ADP(type=pre)	in	
het	PD(type=d-p,subtype=art,position=prenom)	het	
Hof	NOU-C(number=sg)	hof	
des	PD(type=d-p,subtype=art,position=prenom)	de	
Doorluchtichsten	AA(degree=sup,position=prenom)	doorluchtig	
Aerts-Hertoges	NOU-C(number=sg)	aartshertog	
Alberti	NOU-P	Albertus	
,	PC	,	
ende	CONJ(type=coor)	en	
Capiteyn	NOU-C(number=sg)	kapitein-generaal	mw_240
Generael	NOU-C(number=sg)	kapitein-generaal	mw_240
over	ADP(type=pre)	over	
de	PD(type=d-p,subtype=art,position=prenom)	de	
Carrabijnen	NOU-C(number=pl)	karabijn	
.	PC	.	

IS	VRB(finiteness=fin,tense=pres)	zijn	
dit	PD(type=d-p,position=free)	dit	
niet	ADV(type=reg)	niet	
eene	PD(type=indef,subtype=art,position=prenom)	een	
bescheydene	AA(degree=pos,position=prenom)	bescheiden	
ende	CONJ(type=coor)	en	
redelijcke	AA(degree=pos,position=prenom)	redelijk	
antwoorde	NOU-C(number=sg)	antwoord	
?	PC	?	

Ten	ADP(type=pre)+PD(type=d-p,subtype=art,position=prenom)	te+het	
rechten	NOU-C(number=pl)	recht	
soude	VRB(finiteness=fin,tense=past)	zullen	
men	PD(type=pers,position=free)	men	
ons	PD(type=pers,position=free)	wij	
over	ADV(type=reg)	overal	mw_116
al	ADV(type=reg)	overal	mw_116
moghen	VRB(finiteness=inf)	mogen	
uytroepen	VRB(finiteness=inf)	uitroepen	
ende	CONJ(type=coor)	en	
schelden	VRB(finiteness=inf)	schelden	
voor	ADP(type=pre)	voor	
onaerdige	NOU-C(number=pl)	onaardige	
ende	CONJ(type=coor)	en	
Baestaerden	NOU-C(number=pl)	bastaard	
,	PC	,	
niet	ADV(type=reg)	niet	
weerdich	AA(degree=pos,position=free)	waardig	
wesende	VRB(finiteness=prespart)	wezen	
te	ADP(type=pre)	te	
voeren	VRB(finiteness=inf)	voeren	
den	PD(type=d-p,subtype=art,position=prenom)	de	
Naem	NOU-C(number=sg)	naam	
van	ADP(type=pre)	van	
Nederlanders	NOU-C(number=pl)	Nederlander	
,	PC	,	
indien	CONJ(type=sub)	indien	
wy	PD(type=pers,position=free)	wij	
den	PD(type=d-p,subtype=art,position=prenom)	de	
Spaignaerden	NOU-C(number=pl)	Spanjaard	
(	PC	(	
die	PD(type=d-p,position=free)	die	
meesten	ADV(type=reg)	meestendeels	mw_193
deels	ADV(type=reg)	meestendeels	mw_193
niet	ADV(type=reg)	niet	
anders	ADV(type=reg)	anders	
en	ADV(type=reg)	ne	
zijn	VRB(finiteness=fin,tense=pres)	zijn	
,	PC	,	
dan	CONJ(type=sub)	dan	
ghedoopte	AA(degree=pos,position=prenom)	gedoopt	
Ioden	NOU-C(number=pl)	jood	
ende	CONJ(type=coor)	en	
Heydensche	AA(degree=pos,position=prenom)	heidens	
Christenen	NOU-C(number=pl)	christen	
)	PC	)	
overgaven	VRB(finiteness=fin,tense=past)	overgeven	
onse	PD(type=poss,position=prenom)	ons	
vrijheyt	NOU-C(number=sg)	vrijheid	
,	PC	,	
om	ADP(type=pre)	om	
welcke	PD(type=w-p,position=free)	welk	
te	ADP(type=pre)	te	
behouden	VRB(finiteness=inf)	behouden	
,	PC	,	
soo	ADV(type=reg)	zo	
menich	PD(type=indef,subtype=oth,position=prenom)	menig	
duysent	NUM(type=card,position=prenom,representation=let)	duizend	
vroom	AA(degree=pos,position=prenom)	vroom	
heldt	NOU-C(number=sg)	held	
sijn	PD(type=poss,position=prenom)	zijn	
leven	NOU-C(number=sg)	leven	
ghelaten	VRB(finiteness=pastpart)	laten	
,	PC	,	
ende	CONJ(type=coor)	en	
de	PD(type=d-p,subtype=art,position=prenom)	de	
aerde	NOU-C(number=sg)	aarde	
met	ADP(type=pre)	met	
sijnen	PD(type=poss,position=prenom)	zijn	
bloede	NOU-C(number=sg)	bloed	
geverwet	VRB(finiteness=pastpart)	verven	
heeft	VRB(finiteness=fin,tense=pres)	hebben	
,	PC	,	
hebben	VRB(finiteness=fin,tense=pres)	hebben	
wy	PD(type=pers,position=free)	wij	
gheen	PD(type=indef,subtype=oth,position=prenom)	geen	
medelijden	NOU-C(number=sg)	medelijden	
met	ADP(type=pre)	met	
ons	PD(type=refl,position=free)	ons	
selven	PD(type=d-p,position=free)	zelf	
,	PC	,	
soo	ADV(type=reg)	zo	
laet	VRB(finiteness=fin,tense=pres)	laten	
ons	PD(type=pers,position=free)	wij	
bedencken	VRB(finiteness=inf)	bedenken	
de	PD(type=d-p,subtype=art,position=prenom)	de	
ellende	NOU-C(number=sg)	ellende	
welcke	PD(type=w-p,position=free)	welk	
onse	PD(type=poss,position=prenom)	ons	
Vrouwen	NOU-C(number=pl)	vrouw	
ende	CONJ(type=coor)	en	
Kinderen	NOU-C(number=pl)	kind	
aenstaende	AA(degree=pos,position=free)	aanstaand	
is	VRB(finiteness=fin,tense=pres)	zijn	
,	PC	,	
indien	CONJ(type=sub)	indien	
wy	PD(type=pers,position=free)	wij	
van	ADP(type=pre)	van	
de	PD(type=d-p,subtype=art,position=prenom)	de	
Spaignaerden	NOU-C(number=pl)	Spanjaard	
overheert	VRB(finiteness=pastpart)	overheren	
werden	VRB(finiteness=fin,tense=past)	worden	
,	PC	,	
het	CONJ(type=coor)	hetzij	mw_15
zy	CONJ(type=coor)	hetzij	mw_15
met	ADP(type=pre)	met	
gheweldt	NOU-C(number=sg)	geweld	
ofte	CONJ(type=coor)	of	
door	ADP(type=pre)	door	
hare	PD(type=poss,position=prenom)	haar	
listighe	AA(degree=pos,position=prenom)	listig	
Vrede-handelinghen	NOU-C(number=pl)	vredehandeling	
.	PC	.	

Wy	PD(type=pers,position=free)	wij	
zijn	VRB(finiteness=fin,tense=pres)	zijn	
schuldich	AA(degree=pos,position=free)	schuldig	
voor	ADP(type=pre)	voor	
haer	PD(type=pers,position=free)	zij	
te	ADP(type=pre)	te	
sorghen	VRB(finiteness=inf)	zorgen	
,	PC	,	
dewijle	CONJ(type=sub)	dewijl	
sy	PD(type=pers,position=free)	zij	
het	PD(type=d-p,subtype=art,position=prenom)	het	
verstant	NOU-C(number=sg)	verstand	
niet	ADV(type=reg)	niet	
en	ADV(type=reg)	ne	
hebben	VRB(finiteness=fin,tense=pres)	hebben	
.	PC	.	

Laet	VRB(finiteness=fin,tense=pres)	laten	
ons	PD(type=pers,position=free)	wij	
dan	ADV(type=reg)	dan	
doen	VRB(finiteness=inf)	doen	
blijcken	VRB(finiteness=inf)	blijken	
,	PC	,	
datter	CONJ(type=sub)+ADV(type=reg)	dat+er	
noch	ADV(type=reg)	nog	
een	PD(type=indef,subtype=art,position=prenom)	een	
onvertsaecht	AA(degree=pos,position=prenom)	onversaagd	
Leeuwen	NOU-C(number=sg)	leeuwenhart	mw_198
Herte	NOU-C(number=sg)	leeuwenhart	mw_198
by	ADP(type=pre)	bij	
de	PD(type=d-p,subtype=art,position=prenom)	de	
Nederlanders	NOU-C(number=pl)	Nederlander	
is	VRB(finiteness=fin,tense=pres)	zijn	
,	PC	,	
tot	ADP(type=pre)	tot	
behoudinghe	NOU-C(number=sg)	behouding	
der	PD(type=d-p,subtype=art,position=prenom)	de	
warer	AA(degree=pos,position=prenom)	waar	
Catholijcker	AA(degree=pos,position=prenom)	katholiek	
Religie	NOU-C(number=sg)	religie	
,	PC	,	
onser	PD(type=poss,position=prenom)	ons	
Privilegien	NOU-C(number=pl)	privilege	
ende	CONJ(type=coor)	en	
vrijheden	NOU-C(number=pl)	vrijheid	
,	PC	,	
ende	CONJ(type=coor)	en	
tot	ADP(type=pre)	tot	
afkeeringhe	NOU-C(number=sg)	afkering	
der	PD(type=d-p,subtype=art,position=prenom)	de	
slavernije	NOU-C(number=sg)	slavernij	
ende	CONJ(type=coor)	en	
der	PD(type=d-p,subtype=art,position=prenom)	de	
dienstbaerheyt	NOU-C(number=sg)	dienstbaarheid	
.	PC	.	

Den	PD(type=d-p,subtype=art,position=prenom)	de	
7	NUM(type=ord,position=prenom,representation=dig)	zevende	
.	PC	.	

Novembris	NOU-C(number=sg)	november	
beschoot	VRB(finiteness=fin,tense=past)	beschieten	
Admirant	NOU-C(number=sg)	admirant	
dat	PD(type=d-p,subtype=oth,position=prenom)	dat	
stedeken	NOU-C(number=sg)	stedetje	
Deutecum	NOU-P	Deutekom	
,	PC	,	
in	ADP(type=pre)	in	
de	PD(type=d-p,subtype=art,position=prenom)	de	
Graefschap	NOU-C(number=sg)	graafschap	
Zutphen	NOU-P	Zutphen	
,	PC	,	
ende	CONJ(type=coor)	en	
nae	ADP(type=pre)	na	
appoinctemente	NOU-C(number=sg)	appointement	
trecken	VRB(finiteness=fin,tense=pres)	uittrekken	mw_85
de	PD(type=d-p,subtype=art,position=prenom)	de	
Soldaten	NOU-C(number=pl)	soldaat	
met	ADP(type=pre)	met	
haer	PD(type=poss,position=prenom)	haar	
wapenen	NOU-C(number=pl)	wapen	
uyt	VRB(finiteness=fin,tense=pres)	uittrekken	mw_85
:	PC	:	
Ende	CONJ(type=coor)	en	
hy	PD(type=pers,position=free)	hij	
treckt	VRB(finiteness=fin,tense=pres)	voorttrekken	mw_86
voort	VRB(finiteness=fin,tense=pres)	voorttrekken	mw_86
nae	ADP(type=pre)	na	
het	PD(type=d-p,subtype=art,position=prenom)	het	
Slot	NOU-C(number=sg)	slot	
Scuylenborch	NOU-P	Schuilenburg	
,	PC	,	
gheleghen	AA(degree=pos,position=free)	gelegen	
in	ADP(type=pre)	in	
een	PD(type=indef,subtype=art,position=prenom)	een	
Moras	NOU-C(number=sg)	moeras	
,	PC	,	
t'welck	PD(type=w-p,position=free)	hetwelk	
hy	PD(type=pers,position=free)	hij	
oock	ADV(type=reg)	ook	
inne	VRB(finiteness=fin,tense=past)	inkrijgen	mw_217
creegh	VRB(finiteness=fin,tense=past)	inkrijgen	mw_217
.	PC	.	

Den	PD(type=d-p,subtype=art,position=prenom)	de	
Admirant	NOU-C(number=sg)	admirant	
hebbende	VRB(finiteness=prespart)	hebben	
van	ADP(type=pre)	van	
alles	PD(type=indef,position=free)	alles	
ghebreck	NOU-C(number=sg)	gebrek	
,	PC	,	
dorste	VRB(finiteness=fin,tense=past)	durven	
niet	ADV(type=reg)	niet	
verder	AA(degree=comp,position=free)	ver	
hem	PD(type=refl,position=free)	hem	
avontueren	VRB(finiteness=inf)	avonturen	
,	PC	,	
want	CONJ(type=coor)	want	
alsoo	CONJ(type=sub)	alzo	
hy	PD(type=pers,position=free)	hij	
de	PD(type=d-p,subtype=art,position=prenom)	de	
Boeren	NOU-C(number=pl)	boer	
in	ADP(type=pre)	in	
de	PD(type=d-p,subtype=art,position=prenom)	de	
Graefschap	NOU-C(number=sg)	graafschap	
Zutphen	NOU-P	Zutphen	
geweygert	VRB(finiteness=pastpart)	weigeren	
hadde	VRB(finiteness=fin,tense=past)	hebben	
Sauve-garde	NOU-C(number=sg)	sauvegarde	
om	ADP(type=pre)	om	
te	ADP(type=pre)	te	
lande	NOU-C(number=sg)	land	
te	ADP(type=pre)	te	
moghen	VRB(finiteness=inf)	mogen	
blijven	VRB(finiteness=inf)	blijven	
sitten	VRB(finiteness=inf)	zitten	
,	PC	,	
maer	CONJ(type=coor)	maar	
haer	PD(type=pers,position=free)	zij	
vergunt	VRB(finiteness=pastpart)	vergunnen	
hadde	VRB(finiteness=fin,tense=past)	hebben	
ende	CONJ(type=coor)	en	
respijt	NOU-C(number=sg)	respijt	
gegeven	VRB(finiteness=pastpart)	geven	
om	ADP(type=pre)	om	
haer	PD(type=poss,position=prenom)	haar	
koren	NOU-C(number=sg)	koren	
ende	CONJ(type=coor)	en	
beesten	NOU-C(number=pl)	beest	
in	ADP(type=pre)	in	
de	PD(type=d-p,subtype=art,position=prenom)	de	
vaste	AA(degree=pos,position=prenom)	vast	
Steden	NOU-C(number=pl)	stad	
te	ADP(type=pre)	te	
vluchten	VRB(finiteness=inf)	vluchten	
,	PC	,	
soo	ADV(type=reg)	zo	
vandt	VRB(finiteness=fin,tense=past)	vinden	
hy	PD(type=pers,position=free)	hij	
voor	ADP(type=pre)	voor	
sijn	PD(type=poss,position=prenom)	zijn	
Legher	NOU-C(number=sg)	leger	
gheen	PD(type=indef,subtype=oth,position=prenom)	geen	
victualie	NOU-C(number=sg)	victualie	
,	PC	,	
ende	CONJ(type=coor)	en	
moesten	VRB(finiteness=fin,tense=past)	moeten	
,	PC	,	
honghers	ADV(type=reg)	hongershalve	mw_221
halven	ADV(type=reg)	hongershalve	mw_221
,	PC	,	
in	ADP(type=pre)	in	
plaetse	NOU-C(number=sg)	plaats	
van	ADP(type=pre)	van	
broot	NOU-C(number=sg)	brood	
eten	NOU-C(number=sg)	eten	
Coolstruycken	NOU-C(number=pl)	koolstruik	
,	PC	,	
ghestremt	AA(degree=pos,position=prenom)	gestremd	
bloet	NOU-C(number=sg)	bloed	
van	ADP(type=pre)	van	
beesten	NOU-C(number=pl)	beest	
,	PC	,	
wortelen	NOU-C(number=pl)	wortel	
,	PC	,	
ende	CONJ(type=coor)	en	
anders	ADV(type=reg)	anders	
wat	PD(type=w-p,position=free)	wat	
sy	PD(type=pers,position=free)	zij	
vinden	VRB(finiteness=inf)	vinden	
conden	VRB(finiteness=fin,tense=past)	kunnen	
,	PC	,	
soo	CONJ(type=sub)	zodat	mw_136
dat	CONJ(type=sub)	zodat	mw_136
sy	PD(type=pers,position=free)	zij	
veel	PD(type=indef,position=free)	veel	
verliepen	VRB(finiteness=fin,tense=past)	verlopen	
ende	CONJ(type=coor)	en	
storven	VRB(finiteness=fin,tense=past)	sterven	
van	ADP(type=pre)	van	
onghemack	NOU-C(number=sg)	ongemak	
.	PC	.	

Ontrent	ADP(type=pre)	omtrent	
dese	PD(type=d-p,subtype=oth,position=prenom)	deze	
tijdt	NOU-C(number=sg)	tijd	
isser	VRB(finiteness=fin,tense=pres)+ADV(type=reg)	zijn+er	
in	ADP(type=pre)	in	
de	PD(type=d-p,subtype=art,position=prenom)	de	
Rijcxstadt	NOU-C(number=sg)	rijksstad	
Dortmondt	NOU-P	Dortmund	
een	PD(type=indef,subtype=art,position=prenom)	een	
vergaderinghe	NOU-C(number=sg)	vergadering	
gheweest	VRB(finiteness=pastpart)	zijn	
van	ADP(type=pre)	van	
den	PD(type=d-p,subtype=art,position=prenom)	de	
ghedeputeerden	NOU-C(number=pl)	gedeputeerde	
der	PD(type=d-p,subtype=art,position=prenom)	de	
Vorsten	NOU-C(number=pl)	vorst	
ende	CONJ(type=coor)	en	
Heeren	NOU-C(number=pl)	heer	
behoorende	VRB(finiteness=prespart)	behoren	
onder	ADP(type=pre)	onder	
den	PD(type=d-p,subtype=art,position=prenom)	de	
nederen	AA(degree=pos,position=prenom)	neder	
Westphaelschen	AA(degree=pos,position=prenom)	Westfaals	
Creyts	NOU-C(number=sg)	kreits	
,	PC	,	
daer	ADV(type=pron)	daarvan	mw_258
van	ADV(type=pron)	daarvan	mw_258
dat	PD(type=d-p,subtype=oth,position=prenom)	dat	
Overste	NOU-C(number=sg)	overste	
is	VRB(finiteness=fin,tense=pres)	zijn	
de	PD(type=d-p,subtype=art,position=prenom)	de	
Grave	NOU-C(number=sg)	graaf	
van	NOU-P	Van der Lippe	mw_123
der	NOU-P	Van der Lippe	mw_123
Lippe	NOU-P	Van der Lippe	mw_123
,	PC	,	
alwaer	ADV(type=reg)	alwaar	
alle	PD(type=indef,subtype=oth,position=prenom)	al	
clachten	NOU-C(number=pl)	klacht	
der	PD(type=d-p,subtype=art,position=prenom)	de	
byligghender	AA(degree=pos,position=prenom)	bijliggend	
landen	NOU-C(number=pl)	land	
ghebrocht	VRB(finiteness=pastpart)	brengen	
zijn	VRB(finiteness=fin,tense=pres)	zijn	
.	PC	.	

Ende	CONJ(type=coor)	en	
resolveerden	VRB(finiteness=fin,tense=past)	resolveren	
den	PD(type=d-p,subtype=art,position=prenom)	de	
xiij	NUM(type=ord,position=prenom,representation=rom)	dertiende	
.	PC	.	

November	NOU-C(number=sg)	november	
Brieven	NOU-C(number=pl)	brief	
aen	ADP(type=pre)	aan	
den	PD(type=d-p,subtype=art,position=prenom)	de	
Keyser	NOU-C(number=sg)	keizer	
te	ADP(type=pre)	te	
schrijven	VRB(finiteness=inf)	schrijven	
,	PC	,	
ende	CONJ(type=coor)	en	
aen	ADP(type=pre)	aan	
de	PD(type=d-p,subtype=art,position=prenom)	de	
vier	NUM(type=card,position=prenom,representation=let)	vier	
Rhijnsche	AA(degree=pos,position=prenom)	Rijns	
Keurvorsten	NOU-C(number=pl)	keurvorst	
,	PC	,	
op	CONJ(type=sub)	opdat	mw_161
dat	CONJ(type=sub)	opdat	mw_161
sy	PD(type=pers,position=free)	zij	
voorder	AA(degree=comp,position=free)	voorder	
schreven	VRB(finiteness=fin,tense=past)	schrijven	
soo	ADV(type=reg)	zo	
aen	ADP(type=pre)	aan	
den	PD(type=d-p,subtype=art,position=prenom)	de	
Keyser	NOU-C(number=sg)	keizer	
als	CONJ(type=sub)	als	
Admirante	NOU-C(number=sg)	admirant	
,	PC	,	
ende	CONJ(type=coor)	en	
tot	ADP(type=pre)	tot	
Brussel	NOU-P	Brussel	
aen	ADP(type=pre)	aan	
den	PD(type=d-p,subtype=art,position=prenom)	de	
Cardinael	NOU-C(number=sg)	kardinaal	
Andream	NOU-P	Andreas	
van	ADP(type=pre)	van	
Oostenrijck	NOU-P	Oostenrijk	
,	PC	,	
Gouverneur	NOU-C(number=sg)	gouverneur	
van	ADP(type=pre)	van	
Nederlandt	NOU-P	Nederland	
,	PC	,	
besluytende	VRB(finiteness=prespart)	besluiten	
wederom	ADV(type=reg)	wederom	
in	ADP(type=pre)	in	
Ianuario	NOU-C(number=sg)	januarius	
tot	ADP(type=pre)	tot	
Ceulen	NOU-P	Keulen	
by	ADP(type=pre)	bij	
den	PD(type=d-p,subtype=art,position=prenom)	de	
anderen	NUM(type=ord,position=free,representation=let)	ander	
te	ADP(type=pre)	te	
comen	VRB(finiteness=inf)	komen	
.	PC	.	

Als	CONJ(type=sub)	als	
den	PD(type=d-p,subtype=art,position=prenom)	de	
Admirant	NOU-C(number=sg)	admirant	
,	PC	,	
door	ADP(type=pre)	door	
den	PD(type=d-p,subtype=art,position=prenom)	de	
wederstandt	NOU-C(number=sg)	wederstand	
van	ADP(type=pre)	van	
den	PD(type=d-p,subtype=art,position=prenom)	de	
Grave	NOU-C(number=sg)	graaf	
Maurits	NOU-P	Maurits	
,	PC	,	
ende	CONJ(type=coor)	en	
den	PD(type=d-p,subtype=art,position=prenom)	het	
Legher	NOU-C(number=sg)	leger	
der	PD(type=d-p,subtype=art,position=prenom)	de	
vereenichde	AA(degree=pos,position=prenom)	verenigd	
Nederlanden	NOU-P	Nederland	
,	PC	,	
ghedwonghen	VRB(finiteness=pastpart)	dwingen	
was	VRB(finiteness=fin,tense=past)	zijn	
te	VRB(finiteness=inf)	terugkeren	mw_76
rugghe	VRB(finiteness=inf)	terugkeren	mw_76
te	ADP(type=pre)	te	
keeren	VRB(finiteness=inf)	terugkeren	mw_76
,	PC	,	
vreesende	VRB(finiteness=prespart)	vrezen	
ghebreck	NOU-C(number=sg)	gebrek	
van	ADP(type=pre)	van	
nootdruft	NOU-C(number=sg)	nooddruft	
,	PC	,	
is	VRB(finiteness=fin,tense=pres)	zijn	
hy	PD(type=pers,position=free)	hij	
op	ADP(type=pre)	op	
den	PD(type=d-p,subtype=art,position=prenom)	de	
xvj	NUM(type=ord,position=prenom,representation=rom)	zestiende	
.	PC	.	

Novembris	NOU-C(number=sg)	november	
opgetrocken	VRB(finiteness=pastpart)	optrekken	
nae't	ADP(type=pre)+PD(type=d-p,subtype=art,position=prenom)	na+het	
Sticht	NOU-C(number=sg)	sticht	
van	ADP(type=pre)	van	
Munster	NOU-P	Münster	
,	PC	,	
latende	VRB(finiteness=prespart)	laten	
5	NUM(type=card,position=prenom,representation=dig)	vijf	
Vendelen	NOU-C(number=pl)	vendel	
in	ADP(type=pre)	in	
Deutecum	NOU-P	Deutekom	
,	PC	,	
met	ADP(type=pre)	met	
de	PD(type=d-p,subtype=art,position=prenom)	de	
Vane	NOU-C(number=sg)	vaan	
Ruyteren	NOU-C(number=pl)	ruiter	
van	ADP(type=pre)	van	
Mendo	NOU-P	Mendo	
Spagnart	NOU-C(number=sg)	Spanjaard	
.	PC	.	

Onlanghs	ADV(type=reg)	onlangs	
hier	ADV(type=pron)	hierna	mw_231
nae	ADV(type=pron)	hierna	mw_231
,	PC	,	
den	PD(type=d-p,subtype=art,position=prenom)	de	
x	NUM(type=ord,position=prenom,representation=rom)	tiende	
.	PC	.	

December	NOU-C(number=sg)	december	
,	PC	,	
wierden	VRB(finiteness=fin,tense=past)	worden	
de	PD(type=d-p,subtype=art,position=prenom)	de	
Spaensche	AA(degree=pos,position=prenom)	Spaans	
Garnisoenen	NOU-C(number=pl)	garnizoen	
ghedwonghen	VRB(finiteness=pastpart)	dwingen	
Emmerick	NOU-P	Emmerik	
te	ADP(type=pre)	te	
verlaten	VRB(finiteness=inf)	verlaten	
,	PC	,	
door	ADP(type=pre)	door	
den	PD(type=d-p,subtype=art,position=prenom)	de	
Grave	NOU-C(number=sg)	graaf	
Maurits	NOU-P	Maurits	
die	PD(type=d-p,position=free)	die	
de	PD(type=d-p,subtype=art,position=prenom)	de	
Stadt	NOU-C(number=sg)	stad	
verloste	VRB(finiteness=fin,tense=past)	verlossen	
met	ADP(type=pre)	met	
den	PD(type=d-p,subtype=art,position=prenom)	het	
Heyrlegher	NOU-C(number=sg)	heerleger	
der	PD(type=d-p,subtype=art,position=prenom)	de	
gheunieerde	AA(degree=pos,position=prenom)	geüni­eer­d	
Nederlanden	NOU-P	Nederland	
,	PC	,	
daer	ADV(type=reg)	daar	
den	PD(type=d-p,subtype=art,position=prenom)	de	
Admirant	NOU-C(number=sg)	admirant	
tot	ADP(type=pre)	tot	
Rees	NOU-P	Rees	
lach	VRB(finiteness=fin,tense=past)	liggen	
met	ADP(type=pre)	met	
drye	NUM(type=card,position=prenom,representation=let)	drieduizend	mw_264
duysent	NUM(type=card,position=prenom,representation=let)	drieduizend	mw_264
Man	NOU-C(number=sg)	man	
,	PC	,	
ende	CONJ(type=coor)	en	
la	NOU-P	La Barlotte	mw_197
Barlotte	NOU-P	La Barlotte	mw_197
te	ADP(type=pre)	te	
Doornick	NOU-P	Doornik	
,	PC	,	
ende	CONJ(type=coor)	en	
andere	PD(type=indef,position=free)	ander	
meer	ADV(type=reg)	meer	
daer	ADV(type=pron)	daaromtrent	mw_151
ontrent	ADV(type=pron)	daaromtrent	mw_151
,	PC	,	
ende	CONJ(type=coor)	en	
dat	PD(type=d-p,position=free)	dat	
niet	ADV(type=reg)	niet	
en	ADV(type=reg)	ne	
conde	VRB(finiteness=fin,tense=past)	kunnen	
beletten	VRB(finiteness=inf)	beletten	
,	PC	,	
want	CONJ(type=coor)	want	
op	ADP(type=pre)	op	
den	PD(type=d-p,subtype=art,position=prenom)	de	
4	NUM(type=ord,position=prenom,representation=dig)	vierde	
Decembris	NOU-C(number=sg)	december	
zijn	VRB(finiteness=fin,tense=pres)	zijn	
eenighe	PD(type=indef,position=free)	enig	
van	ADP(type=pre)	van	
des	PD(type=d-p,subtype=art,position=prenom)	de	
Graven	NOU-C(number=sg)	graaf	
Maurits	NOU-P	Maurits	
volck	NOU-C(number=sg)	volk	
getrocken	VRB(finiteness=pastpart)	trekken	
boven	ADP(type=pre)	boven	
Rees	NOU-P	Rees	
,	PC	,	
ende	CONJ(type=coor)	en	
hebben	VRB(finiteness=fin,tense=pres)	hebben	
den	PD(type=d-p,subtype=art,position=prenom)	de	
Dijck	NOU-C(number=sg)	dijk	
doorghesteken	VRB(finiteness=pastpart)	doorsteken	
,	PC	,	
die	PD(type=d-p,position=free)	die	
nochtans	ADV(type=reg)	nochtans	
van	ADP(type=pre)	van	
den	PD(type=d-p,subtype=art,position=prenom)	de	
vyandt	NOU-C(number=sg)	vijand	
bewaert	VRB(finiteness=pastpart)	bewaren	
wiert	VRB(finiteness=fin,tense=past)	worden	
met	ADP(type=pre)	met	
Krijchsvolck	NOU-C(number=sg)	krijgsvolk	
die	PD(type=d-p,position=free)	die	
haer	PD(type=pers,position=free)	zij	
selven	PD(type=d-p,position=free)	zelf	
qualijck	AA(degree=pos,position=free)	kwalijk	
conden	VRB(finiteness=fin,tense=past)	kunnen	
salveren	VRB(finiteness=inf)	salveren	
van't	ADP(type=pre)+PD(type=d-p,subtype=art,position=prenom)	van+het	
water	NOU-C(number=sg)	water	
,	PC	,	
ende	CONJ(type=coor)	en	
moesten	VRB(finiteness=fin,tense=past)	moeten	
met	ADP(type=pre)	met	
schuyten	NOU-C(number=pl)	schuit	
uyt	ADP(type=pre)	uit	
de	PD(type=d-p,subtype=art,position=prenom)	de	
huysen	NOU-C(number=pl)	huis	
ghehaelt	VRB(finiteness=pastpart)	halen	
werden	VRB(finiteness=inf)	worden	
,	PC	,	
daer	ADV(type=pron)	daarin	mw_259
sy	PD(type=pers,position=free)	zij	
haer	PD(type=pers,position=free)	zij	
in	ADV(type=pron)	daarin	mw_259
hadden	VRB(finiteness=fin,tense=past)	hebben	
gheborghen	VRB(finiteness=pastpart)	bergen	
,	PC	,	
ende	CONJ(type=coor)	en	
is	VRB(finiteness=fin,tense=pres)	zijn	
alsoo	ADV(type=reg)	alzo	
Emmerick	NOU-P	Emmerik	
in	ADP(type=pre)	in	
vrijheyt	NOU-C(number=sg)	vrijheid	
ghestelt	VRB(finiteness=pastpart)	stellen	
om	ADP(type=pre)	om	
haer	PD(type=pers,position=free)	zij	
Neutrael	AA(degree=pos,position=free)	neutraal	
te	ADP(type=pre)	te	
houden	VRB(finiteness=inf)	houden	
,	PC	,	
ende	CONJ(type=coor)	en	
heeft	VRB(finiteness=fin,tense=pres)	hebben	
haers	PD(type=poss,position=prenom)	haar	
Vorsten	NOU-C(number=pl)	vorst	
Krijchsvolck	NOU-C(number=sg)	krijgsvolk	
inghenomen	VRB(finiteness=pastpart)	innemen	
.	PC	.	

Den	PD(type=d-p,subtype=art,position=prenom)	het	
Spaenschen	AA(degree=pos,position=prenom)	Spaans	
Leger	NOU-C(number=sg)	leger	
aldus	ADV(type=reg)	aldus	
de	PD(type=d-p,subtype=art,position=prenom)	de	
Steden	NOU-C(number=pl)	stad	
des	PD(type=d-p,subtype=art,position=prenom)	het	
Stichts	NOU-C(number=sg)	sticht	
van	ADP(type=pre)	van	
Munster	NOU-P	Münster	
dwinghende	VRB(finiteness=prespart)	dwingen	
,	PC	,	
haer	PD(type=poss,position=prenom)	haar	
Garnisoenen	NOU-C(number=pl)	garnizoen	
in	VRB(finiteness=inf)	innemen	mw_180
te	ADP(type=pre)	te	
nemen	VRB(finiteness=inf)	innemen	mw_180
,	PC	,	
oock	ADV(type=reg)	ook	
het	PD(type=d-p,subtype=art,position=prenom)	het	
Sticht	NOU-C(number=sg)	sticht	
van	ADP(type=pre)	van	
Essen	NOU-P	Essen	
,	PC	,	
ende	CONJ(type=coor)	en	
werden	VRB(finiteness=fin,tense=past)	worden	
afloopende	VRB(finiteness=prespart)	aflopen	
de	PD(type=d-p,subtype=art,position=prenom)	de	
huysen	NOU-C(number=pl)	huis	
ende	CONJ(type=coor)	en	
Casteelen	NOU-C(number=pl)	kasteel	
,	PC	,	
toebehoorende	VRB(finiteness=prespart)	toebehoren	
den	PD(type=d-p,subtype=art,position=prenom)	de	
Grave	NOU-C(number=sg)	graaf	
van	ADP(type=pre)	van	
Benthem	NOU-P	Bentheim	
ende	CONJ(type=coor)	en	
Schouwenburch	NOU-P	Schauenburg	
,	PC	,	
innemende	VRB(finiteness=prespart)	innemen	
,	PC	,	
plunderende	VRB(finiteness=prespart)	plunderen	
Cloosters	NOU-C(number=pl)	klooster	
ende	CONJ(type=coor)	en	
Kercken	NOU-C(number=pl)	kerk	
,	PC	,	
beroovende	VRB(finiteness=prespart)	beroven	
het	PD(type=d-p,subtype=art,position=prenom)	het	
landtvolck	NOU-C(number=sg)	landvolk	
met	ADP(type=pre)	met	
sulcken	PD(type=d-p,subtype=oth,position=prenom)	zulk	
onghereghelden	AA(degree=pos,position=prenom)	ongeregeld	
hoop	NOU-C(number=sg)	hoop	
ende	CONJ(type=coor)	en	
menichte	NOU-C(number=sg)	menigte	
van	ADP(type=pre)	van	
krijchsvolck	NOU-C(number=sg)	krijgsvolk	
,	PC	,	
overvallende	VRB(finiteness=prespart)	overvallen	
ende	CONJ(type=coor)	en	
benauwende	VRB(finiteness=prespart)	benauwen	
,	PC	,	
vermoordende	VRB(finiteness=prespart)	vermoorden	
met	ADP(type=pre)	met	
aller	PD(type=indef,subtype=oth,position=prenom)	al	
wreedtheyt	NOU-C(number=sg)	wreedheid	
dat	CONJ(type=sub)	dat	
onmogelijck	AA(degree=pos,position=free)	onmogelijk	
is	VRB(finiteness=fin,tense=pres)	zijn	
te	ADP(type=pre)	te	
beschrijven	VRB(finiteness=inf)	beschrijven	
,	PC	,	
ende	CONJ(type=coor)	en	
dit	PD(type=d-p,position=free)	dit	
al	PD(type=indef,position=free)	al	
onder	ADP(type=pre)	onder	
pretexts	NOU-C(number=sg)	pretext	
van	ADP(type=pre)	van	
den	PD(type=d-p,subtype=art,position=prenom)	de	
dienst	NOU-C(number=sg)	dienst	
Gods	NOU-P	God	
ende	CONJ(type=coor)	en	
des	PD(type=d-p,subtype=art,position=prenom)	de	
Conincx	NOU-C(number=sg)	koning	
.	PC	.	

Soo	ADV(type=reg)	zo	
doen	VRB(finiteness=fin,tense=pres)	doen	
oock	ADV(type=reg)	ook	
die	PD(type=d-p,position=free)	die	
van	ADP(type=pre)	van	
Munster	NOU-P	Münster	
,	PC	,	
ende	CONJ(type=coor)	en	
nemen	VRB(finiteness=fin,tense=pres)	innemen	mw_181
Soldaten	NOU-C(number=pl)	soldaat	
in	VRB(finiteness=fin,tense=pres)	innemen	mw_181
soo	CONJ(type=sub)	zodat	mw_138
dat	CONJ(type=sub)	zodat	mw_138
den	PD(type=d-p,subtype=art,position=prenom)	de	
aenslach	NOU-C(number=sg)	aanslag	
die	PD(type=d-p,position=free)	die	
de	PD(type=d-p,subtype=art,position=prenom)	de	
Spaenschen	NOU-C(number=pl)	Spaans	
,	PC	,	
met	ADP(type=pre)	met	
wete	NOU-C(number=sg)	weet	
ende	CONJ(type=coor)	en	
oogluyckinghe	NOU-C(number=sg)	oogluiking	
van	ADP(type=pre)	van	
den	PD(type=d-p,subtype=art,position=prenom)	de	
Keurvorst	NOU-C(number=sg)	keurvorst	
van	ADP(type=pre)	van	
Ceulen	NOU-P	Keulen	
,	PC	,	
voorghenomen	VRB(finiteness=pastpart)	voornemen	
hadden	VRB(finiteness=fin,tense=past)	hebben	
,	PC	,	
haer	PD(type=pers,position=free)	zij	
ghefailleert	VRB(finiteness=pastpart)	failleren	
is	VRB(finiteness=fin,tense=pres)	zijn	
.	PC	.	

Men	PD(type=pers,position=free)	men	
siet	VRB(finiteness=fin,tense=pres)	zien	
datter	CONJ(type=sub)+ADV(type=reg)	dat+er	
wordt	VRB(finiteness=fin,tense=pres)	worden	
toegheleyt	VRB(finiteness=pastpart)	toeleggen	
om	ADP(type=pre)	om	
t'huys	PD(type=d-p,subtype=art,position=prenom)+NOU-C(number=sg)	het+huis	
van	ADP(type=pre)	van	
Oostenrijck	NOU-P	Oostenrijk	
groot	AA(degree=pos,position=free)	groot	
te	ADP(type=pre)	te	
maken	VRB(finiteness=inf)	maken	
,	PC	,	
ende	CONJ(type=coor)	en	
dat	CONJ(type=sub)	dat	
men	PD(type=pers,position=free)	men	
gheern	ADV(type=reg)	gaarne	
soude	VRB(finiteness=fin,tense=past)	zullen	
sien	VRB(finiteness=inf)	zien	
dat	CONJ(type=sub)	dat	
Nederlandt	NOU-P	Nederland	
,	PC	,	
Cleef	NOU-P	Kleef	
ende	CONJ(type=coor)	en	
Gulick	NOU-P	Gulik	
,	PC	,	
met	ADP(type=pre)	met	
ander	PD(type=indef,subtype=oth,position=prenom)	ander	
Naebueren	NOU-C(number=pl)	nabuur	
,	PC	,	
daer	ADV(type=pron)	daaronder	mw_150
onder	ADV(type=pron)	daaronder	mw_150
mochten	VRB(finiteness=fin,tense=past)	mogen	
vallen	VRB(finiteness=inf)	vallen	
,	PC	,	
liever	ADV(type=reg)	liever	
dan	CONJ(type=sub)	dan	
dat	CONJ(type=sub)	dat	
de	PD(type=d-p,position=free)	dezelve	mw_102
selve	PD(type=d-p,position=free)	dezelve	mw_102
souden	VRB(finiteness=fin,tense=past)	zullen	
erven	VRB(finiteness=inf)	erven	
aen	ADP(type=pre)	aan	
de	PD(type=d-p,subtype=art,position=prenom)	de	
Protestanten	NOU-C(number=pl)	protestant	
ende	CONJ(type=coor)	en	
haer	PD(type=pers,position=free)	zij	
toeghedanen	AA(degree=pos,position=prenom)	toegedaan	
Vorsten	NOU-C(number=pl)	vorst	
.	PC	.	

Hier	ADV(type=pron)	hierover	mw_170
over	ADV(type=pron)	hierover	mw_170
hadden	VRB(finiteness=fin,tense=past)	hebben	
de	PD(type=d-p,subtype=art,position=prenom)	de	
Vorsten	NOU-C(number=pl)	vorst	
te	ADP(type=pre)	te	
Ausborch	NOU-P	Augsburg	
nu	ADV(type=reg)	nu	
desen	PD(type=d-p,subtype=oth,position=prenom)	deze	
voorleden	AA(degree=pos,position=prenom)	voorleden	
Decembris	NOU-C(number=sg)	december	
t'samencomste	NOU-C(number=sg)	samenkomst	
verschreven	VRB(finiteness=pastpart)	verschrijven	
.	PC	.	

De	PD(type=d-p,subtype=art,position=prenom)	de	
Steden	NOU-C(number=pl)	stad	
int	ADP(type=pre)+PD(type=d-p,subtype=art,position=prenom)	in+het	
Vorstendom	NOU-C(number=sg)	vorstendom	
Cleef	NOU-P	Kleef	
lieten	VRB(finiteness=fin,tense=past)	laten	
hun	PD(type=pers,position=free)	zij	
duncken	VRB(finiteness=inf)	dunken	
,	PC	,	
dat	CONJ(type=sub)	dat	
de	PD(type=d-p,subtype=art,position=prenom)	de	
Spaenschen	NOU-C(number=pl)	Spaans	
gheen	PD(type=indef,subtype=oth,position=prenom)	geen	
belegheringhe	NOU-C(number=sg)	belegering	
meer	ADV(type=reg)	meer	
soude	VRB(finiteness=fin,tense=past)	zullen	
willen	VRB(finiteness=inf)	willen	
voornemen	VRB(finiteness=inf)	voornemen	
ende	CONJ(type=coor)	en	
met	ADP(type=pre)	met	
geweldt	NOU-C(number=sg)	geweld	
aenvallen	VRB(finiteness=inf)	aanvallen	
,	PC	,	
waerom	ADV(type=pron)	waarom	
die	PD(type=d-p,position=free)	die	
van	ADP(type=pre)	van	
Calcar	NOU-P	Kalkar	
,	PC	,	
Goch	NOU-P	Goch	
,	PC	,	
Cleef	NOU-P	Kleef	
,	PC	,	
ende	CONJ(type=coor)	en	
ander	PD(type=indef,position=free)	ander	
meer	ADV(type=reg)	meer	
,	PC	,	
haer	PD(type=refl,position=free)	haar	
resolveerden	VRB(finiteness=fin,tense=past)	resolveren	
tot	ADP(type=pre)	tot	
wederstandt	NOU-C(number=sg)	wederstand	
,	PC	,	
ende	CONJ(type=coor)	en	
malcanderen	PD(type=recip,position=free)	malkander	
verbonden	VRB(finiteness=fin,tense=past)	verbinden	
,	PC	,	
by	VRB(finiteness=inf)	bijstaan	mw_141
te	ADP(type=pre)	te	
staen	VRB(finiteness=inf)	bijstaan	mw_141
,	PC	,	
om	ADP(type=pre)	om	
haer	PD(type=pers,position=free)	zij	
met	ADP(type=pre)	met	
wapenen	NOU-C(number=pl)	wapen	
te	ADP(type=pre)	te	
defenderen	VRB(finiteness=inf)	defenderen	
,	PC	,	
ende	CONJ(type=coor)	en	
den	PD(type=d-p,subtype=art,position=prenom)	de	
vyandt	NOU-C(number=sg)	vijand	
niet	ADV(type=reg)	niet	
in	VRB(finiteness=inf)	inlaten	mw_534778
te	ADP(type=pre)	te	
laten	VRB(finiteness=inf)	inlaten	mw_534778
:	PC	:	
maer	CONJ(type=coor)	maar	
niet	ADP(type=pre)	niettegenstaande	mw_81
teghenstaende	ADP(type=pre)	niettegenstaande	mw_81
dat	CONJ(type=sub)	dat	
die	PD(type=d-p,position=free)	die	
van	ADP(type=pre)	van	
Calcar	NOU-P	Kalkar	
sonderlinghe	AA(degree=pos,position=free)	zonderling	
Catholijcx	AA(degree=pos,position=free)	katholieks	
zijn	VRB(finiteness=fin,tense=pres)	zijn	
,	PC	,	
ende	CONJ(type=coor)	en	
een	PD(type=indef,subtype=art,position=prenom)	een	
Burgherije	NOU-C(number=sg)	burgerij	
die	PD(type=d-p,position=free)	die	
seer	AA(degree=pos,position=free)	zeer	
ernstich	AA(degree=pos,position=free)	ernstig	
vermaert	AA(degree=pos,position=free)	vermaard	
is	VRB(finiteness=fin,tense=pres)	zijn	
tot	ADP(type=pre)	tot	
de	PD(type=d-p,subtype=art,position=prenom)	de	
oude	AA(degree=pos,position=prenom)	oud	
Religie	NOU-C(number=sg)	religie	
,	PC	,	
zijn	VRB(finiteness=fin,tense=pres)	zijn	
op't	ADP(type=pre)+PD(type=d-p,subtype=art,position=prenom)	op+het	
aldervreeslijcxste	NOU-C(number=sg)	allervreselijkste	
aengetast	VRB(finiteness=pastpart)	aantasten	
geworden	VRB(finiteness=pastpart)	worden	
van	ADP(type=pre)	van	
desen	PD(type=d-p,subtype=oth,position=prenom)	deze	
Catholijckschen	AA(degree=pos,position=prenom)	katholieks	
Spaenschen	AA(degree=pos,position=prenom)	Spaans	
Leger	NOU-C(number=sg)	leger	
,	PC	,	
want	CONJ(type=coor)	want	
nae	CONJ(type=sub)	nadat	mw_172
dat	CONJ(type=sub)	nadat	mw_172
de	PD(type=d-p,subtype=art,position=prenom)	de	
Burgerije	NOU-C(number=sg)	burgerij	
haer	PD(type=refl,position=free)	haar	
cloeckelijck	AA(degree=pos,position=free)	kloekelijk	
in	ADP(type=pre)	in	
de	PD(type=d-p,subtype=art,position=prenom)	de	
wapenen	NOU-C(number=pl)	wapen	
begaven	VRB(finiteness=fin,tense=past)	begeven	
tot	ADP(type=pre)	tot	
wederstandt	NOU-C(number=sg)	wederstand	
,	PC	,	
ende	CONJ(type=coor)	en	
haren	PD(type=poss,position=prenom)	haar	
vyandt	NOU-C(number=sg)	vijand	
afsloeghen	VRB(finiteness=fin,tense=past)	afslaan	
,	PC	,	
soo	ADV(type=reg)	zo	
en	ADV(type=reg)	ne	
heeft	VRB(finiteness=fin,tense=pres)	hebben	
haer	PD(type=pers,position=free)	zij	
niet	ADV(type=reg)	niet	
mogen	VRB(finiteness=inf)	mogen	
verschoonen	VRB(finiteness=inf)	verschonen	
,	PC	,	
men	PD(type=pers,position=free)	men	
heeft	VRB(finiteness=fin,tense=pres)	hebben	
de	PD(type=d-p,subtype=art,position=prenom)	de	
Stadt	NOU-C(number=sg)	stad	
op't	ADP(type=pre)+PD(type=d-p,subtype=art,position=prenom)	op+het	
alderswackste	NOU-C(number=sg)	allerzwakste	
soo	ADV(type=reg)	zo	
beschoten	VRB(finiteness=pastpart)	beschieten	
ende	CONJ(type=coor)	en	
vyandelijck	AA(degree=pos,position=free)	vijandelijk	
aengevallen	VRB(finiteness=pastpart)	aanvallen	
,	PC	,	
haer	PD(type=poss,position=prenom)	haar	
poort	NOU-C(number=sg)	poort	
nedergheworpen	VRB(finiteness=pastpart)	nederwerpen	
,	PC	,	
ende	CONJ(type=coor)	en	
daerop	ADV(type=pron)	daarop	
ghestormt	VRB(finiteness=pastpart)	stormen	
,	PC	,	
soo	CONJ(type=sub)+ADV(type=reg)	zodat+er	mw_137
datter	CONJ(type=sub)+ADV(type=reg)	zodat+er	mw_137
vele	PD(type=indef,position=free)	veel	
doot	AA(degree=pos,position=free)	dood	
bleven	VRB(finiteness=fin,tense=past)	blijven	
,	PC	,	
ende	CONJ(type=coor)	en	
moesten	VRB(finiteness=fin,tense=past)	moeten	
ten	ADP(type=pre)+PD(type=d-p,subtype=art,position=prenom)	te+het	
laetsten	NOU-C(number=sg)	laatste	
haer	PD(type=pers,position=free)	zij	
opgheven	VRB(finiteness=inf)	opgeven	
,	PC	,	
ende	CONJ(type=coor)	en	
den	PD(type=d-p,subtype=art,position=prenom)	de	
vyandt	NOU-C(number=sg)	vijand	
inlaten	VRB(finiteness=inf)	inlaten	
.	PC	.	

Soo	ADV(type=reg)	zo	
is	VRB(finiteness=fin,tense=pres)	zijn	
voorleden	AA(degree=pos,position=prenom)	voorleden	
Kers-avondt	NOU-C(number=sg)	kerstavond	
Calcar	NOU-P	Kalkar	
inghenomen	VRB(finiteness=pastpart)	innemen	
,	PC	,	
de	PD(type=d-p,subtype=art,position=prenom)	de	
Burgherije	NOU-C(number=sg)	burgerij	
moesten	VRB(finiteness=fin,tense=past)	moeten	
haer	PD(type=pers,position=free)	zij	
overgheven	VRB(finiteness=inf)	overgeven	
,	PC	,	
t'welck	PD(type=w-p,position=free)	hetwelk	
andere	PD(type=indef,subtype=oth,position=prenom)	ander	
Steden	NOU-C(number=pl)	stad	
soo	ADV(type=reg)	zo	
grooten	AA(degree=pos,position=prenom)	groot	
schrick	NOU-C(number=sg)	schrik	
ghemaeckt	VRB(finiteness=pastpart)	maken	
heeft	VRB(finiteness=fin,tense=pres)	hebben	
,	PC	,	
dat	CONJ(type=sub)	dat	
het	PD(type=d-p,subtype=art,position=prenom)	het	
volck	NOU-C(number=sg)	volk	
met	ADP(type=pre)	met	
grooten	AA(degree=pos,position=prenom)	groot	
hoopen	NOU-C(number=pl)	hoop	
wech	VRB(finiteness=pastpart)	wegvluchten	mw_28
ghevlucht	VRB(finiteness=pastpart)	wegvluchten	mw_28
is	VRB(finiteness=fin,tense=pres)	zijn	
,	PC	,	
ende	CONJ(type=coor)	en	
hebben	VRB(finiteness=fin,tense=pres)	hebben	
in	ADP(type=pre)	in	
den	PD(type=d-p,subtype=art,position=prenom)	de	
couden	AA(degree=pos,position=prenom)	koud	
winter	NOU-C(number=sg)	winter	
t'landt	PD(type=d-p,subtype=art,position=prenom)+NOU-C(number=sg)	het+land	
moeten	VRB(finiteness=inf)	moeten	
verlaten	VRB(finiteness=inf)	verlaten	
.	PC	.	



